side,station_id,alongshore_distance_m,normalized_along_gulf_coordinate,x_m,y_m,representation,common_scale_m,shoreline_curvature,channel_axis_orientation_deg,source_topo_id,native_resolution_m,effective_resolution_m,model_grid_spacing_m,raw_source_class_value,raw_source_id,raw_source_class,raw_source_native_resolution_m,raw_source_multibeam,raw_source_confidence,source_overlap_count,distance_to_raw_source_boundary_m,distance_to_raw_source_boundary_censored,multibeam_coverage,distance_to_resolution_boundary_m,depth_at_100m_offshore,depth_at_250m_offshore,depth_at_500m_offshore,depth_at_1000m_offshore,depth_at_2000m_offshore,distance_to_5m_isobath,distance_to_10m_isobath,distance_to_20m_isobath,distance_to_50m_isobath,distance_to_100m_isobath,mean_abs_slope_0_250m,slope_angle_0_250m_deg,mean_abs_slope_250_500m,slope_angle_250_500m_deg,mean_abs_slope_500_1000m,slope_angle_500_1000m_deg,mean_abs_slope_1000_2000m,slope_angle_1000_2000m_deg,isobath_spacing_5_10m,isobath_spacing_10_20m,isobath_spacing_20_50m,isobath_spacing_50_100m,channel_anomaly_100m,channel_anomaly_250m,channel_anomaly_500m,channel_anomaly_1000m,integrated_positive_channel_anomaly_0_1000m,max_positive_channel_anomaly_0_1000m,contiguous_positive_channel_run_length_m,channel_persistence_scale_count
east,east_0000,0,0,74081.9488967,3129012.6,native,0,0.00027102573544,41.043292764,topo-bathy.tt3,30,30,30,3,gmrt_shore_blend,blend to GMRT,54,unknown,mixed_blend,2,111.491657774,false,unknown,111.491657774,137.420316524,213.341378696,131.598500073,333.218459787,777.040191108,3.80323487881,7.7317714227,15.5888445105,39.1600637738,74.5868456738,0.852727609733,40.455143439,0.326971514492,18.1062702908,0.403239919429,21.9612595442,0.443821731321,23.9326884247,3.92853654389,7.85707308778,23.5712192633,35.4267819,101.634929768,139.985690333,-95.1143721111,-34.7498580481,35619.7577992,139.985690333,150,4
east,east_0001,500,0.00290230300142,74405.9600427,3129294.6887,native,0,0.000392577310493,48.8076081541,topo-bathy.tt3,30,30,30,3,gmrt_shore_blend,blend to GMRT,54,unknown,mixed_blend,2,69.1441909042,false,unknown,69.1441909042,35.7853867568,72.2726469058,226.712872184,377.51956107,759.869482198,11.0657120802,24.1668451931,50.4422572041,178.912338494,307.295955471,0.285983343364,15.9596472938,0.617760901112,31.7061509202,0.301613377772,16.7840136286,0.382349921128,20.924350779,13.1011331128,26.2754120111,128.47008129,128.383616977,-10.560973581,-16.7870121209,-1.86164619856,11.6000613091,2900.01532728,11.6000613091,0,4
east,east_0002,1000,0.00580460600284,74637.4290991,3129647.28996,native,0,0.000652796950203,63.5363157879,topo-bathy.tt3,30,30,30,1,copernicus_a2_land_core,land/a2 core,30,false,high,1,30.9222222222,false,false,30.9222222222,28.1638152034,73.3556883627,241.18847772,367.968317835,757.080188858,11.3947043717,24.8437782131,53.6747822169,190.840421736,298.779454983,0.290367718593,16.1915914024,0.671331157431,33.8746925486,0.25355968023,14.2280394291,0.389111871022,21.2616022663,13.4490738414,28.8310040038,137.165639519,107.939033247,-28.7435187154,-31.4079413281,10.7523131393,0,4032.11742724,10.7523131393,0,2
east,east_0003,1500,0.00870690900426,74796.7535983,3130079.74503,native,0,0.000417276245281,86.2101182798,topo-bathy.tt3,30,30,30,1,copernicus_a2_land_core,land/a2 core,30,false,high,1,30.9222222222,false,false,30.9222222222,56.9073339187,104.763629691,230.436164581,363.870681686,667.963982466,0,6.44827724587,20.410891268,78.0240488674,235.252482513,0.397527498781,21.6791814231,0.502690139561,26.6882253593,0.26686903421,14.9422416591,0.30409330078,16.9141651864,6.44827724587,13.9626140221,57.6131575994,157.228433646,15.5848602005,0,0,-13.6488793838,1168.86451504,15.5848602005,0,3
east,east_0004,2000,0.0116092120057,74693.2058748,3130489.29821,native,0,-8.49379239224e-05,87.4444835336,topo-bathy.tt3,30,30,30,3,gmrt_shore_blend,blend to GMRT,54,unknown,mixed_blend,2,69.1441909042,false,unknown,69.1441909042,105.666190659,186.751595296,277.655165749,482.395342987,825.88592504,8.6384616937,14.6447839079,26.6574283364,57.9779635262,95.7226304204,0.755770944208,37.0809286,0.36361428181,19.9819890786,0.409480354477,22.2681356875,0.343490582053,18.9571139286,6.00632221424,12.0126444285,31.3205351898,37.7446668942,48.7588567402,59.5968028456,47.2190011676,42.385891294,43879.873086,59.5968028456,900,4
east,east_0005,2500,0.0145115150071,74835.4879714,3130947.61039,native,0,-0.000198379324404,81.3435337184,topo-bathy.tt3,30,30,30,3,gmrt_shore_blend,blend to GMRT,54,unknown,mixed_blend,2,43.7306260454,false,unknown,43.7306260454,41.3224737182,127.154792451,205.250490593,440.009451693,903.090425898,14.743295034,30.6239756313,57.7303593565,117.825610299,208.688166885,0.507186755673,26.8935199331,0.312382792572,17.3479064048,0.469517922199,25.1508968328,0.463080974205,24.8479569624,15.8806805972,27.1063837252,60.0952509427,90.8625565859,-28.0671865847,-50.278783216,0,-30.4003745849,0,0,0,0
east,east_0006,3000,0.0174138180085,74838.0567315,3131440.73709,native,0,-0.000516734211133,76.0781855026,topo-bathy.tt3,30,30,30,3,gmrt_shore_blend,blend to GMRT,54,unknown,mixed_blend,2,61.8444444444,false,unknown,61.8444444444,85.4314932991,177.433575667,172.164058773,482.735195219,984.032300452,9.17370772753,16.7761207934,31.9809469252,66.9362765613,123.289618585,0.713867976141,35.5218260523,0.0210780675729,1.2075055079,0.621142272891,31.8461635737,0.501297105233,26.6244752484,7.60241306589,15.2048261318,34.9553296361,56.3533420241,16.0418329962,0,-33.0864318202,12.3253689409,4284.47970994,16.0418329962,0,4
east,east_0007,3500,0.0203161210099,75059.8774855,3131852.84823,native,0,1.58986701371e-05,51.7368442905,topo-bathy.tt3,30,30,30,3,gmrt_shore_blend,blend to GMRT,54,unknown,mixed_blend,2,69.1441909042,false,unknown,69.1441909042,69.3896603029,189.286546657,176.505156484,470.409826278,922.518205086,21.1019572952,43.9770364597,57.4763524867,83.3058361797,125.857977008,0.755595921505,37.0745455984,0.0511255606929,2.92673064266,0.587809339589,30.4474100284,0.452108378808,24.3281244007,22.8750791645,13.4993160269,25.8294836931,42.5521408282,0,11.8529709902,-28.7453341099,22.9889039939,8117.82019652,22.9889039939,0,4
east,east_0008,4000,0.0232184240114,75355.878764,3132097.28108,native,0,0.00077479029629,76.9891122013,topo-bathy.tt3,30,30,30,1,copernicus_a2_land_core,land/a2 core,30,false,high,1,30.9222222222,false,false,30.9222222222,24.2800211488,82.0651623627,225.8838828,358.540721835,898.71270921,16.1667556177,41.3410366707,82.9619944962,176.846474529,286.555133747,0.32110451624,17.8020589749,0.575274881751,29.9107366481,0.26531367807,14.859018885,0.540171987375,28.3766751583,25.174281053,41.6209578255,93.8844800327,109.708659218,-61.1514721502,-107.221384294,18.6376878397,-111.869104443,6989.1329399,18.6376878397,0,1
east,east_0009,4500,0.0261207270128,75200.1295983,3132459.82062,native,0,7.99096493219e-05,96.1290582756,topo-bathy.tt3,30,30,30,3,gmrt_shore_blend,blend to GMRT,54,unknown,mixed_blend,2,111.491657774,false,unknown,111.491657774,98.3310291163,195.243642544,207.246194961,447.420922284,966.629155437,6.83812221079,14.2035124818,28.9342930239,62.2594047348,102.641351054,0.779542825108,37.937941395,0.0480102096656,2.74867180584,0.480349454647,25.6572765872,0.519208233153,27.4387109086,7.36539027105,14.7307805421,33.3251117109,40.3819463187,0,0,-18.6376878397,-22.9889039939,0,0,0,2
east,east_0010,5000,0.0290230300142,75267.9162712,3132916.43483,native,0,-0.000381550776127,81.5675978498,topo-bathy.tt3,30,30,30,3,gmrt_shore_blend,blend to GMRT,54,unknown,mixed_blend,2,61.8444444444,false,unknown,61.8444444444,142.945415225,204.701382537,281.704172687,568.92549101,1028.54653598,3.95492651906,8.57767190824,17.8231626866,45.5596350217,75.638694264,0.815916256291,39.2115647195,0.308011160599,17.1194163836,0.574442636646,29.8748963831,0.459621044969,24.6845071116,4.62274538918,9.24549077836,27.7364723351,30.0790592423,39.1657900496,2.42658481041,25.573633242,22.6076044924,18664.7648047,39.1657900496,900,4
east,east_0011,5500,0.0319253330156,75335.5681004,3133373.43289,native,0,-0.000557516973658,74.2678091336,topo-bathy.tt3,30,30,30,3,gmrt_shore_blend,blend to GMRT,54,unknown,mixed_blend,2,61.8444444444,false,unknown,61.8444444444,160.210074072,239.115692117,270.792217477,606.544933894,1078.66449209,3.99084783566,7.89035889455,15.6893810124,39.0864473657,68.7111771239,0.956931220925,43.7392193747,0.126706101438,7.22124458077,0.671505432834,33.8815751153,0.472119558193,25.2729123595,3.8995110589,7.7990221178,23.3970663534,29.6247297581,56.4304488967,36.8408943904,14.6616780315,60.2270473759,32155.3536511,60.2270473759,900,4
east,east_0012,6000,0.034827636017,75517.4845118,3133802.39106,native,0,-0.000716951812081,49.6242282523,topo-bathy.tt3,30,30,30,3,gmrt_shore_blend,blend to GMRT,54,unknown,mixed_blend,2,69.1441909042,false,unknown,69.1441909042,103.779625175,202.274797727,256.130539445,546.317886518,1075.45298302,8.30940519683,16.7357507384,33.5884418216,63.6827252759,97.4476265797,0.808821632043,38.9666812753,0.215422966873,12.1570416408,0.580374694146,30.1297948855,0.529135096498,27.8848879792,8.42634554161,16.8526910832,30.0942834542,33.7649013038,0,0,0,0,0,0,0,3
east,east_0013,6500,0.0377299390185,75854.9155487,3133984.18715,native,0,0.000623660010687,33.1894961871,topo-bathy.tt3,30,30,30,1,copernicus_a2_land_core,land/a2 core,30,false,high,1,30.9222222222,false,false,30.9222222222,59.44772466,108.653998129,158.002021605,365.449606928,932.295535845,8.78704697577,18.9299710056,39.2158190654,86.1598625126,211.834901106,0.431942449759,23.3615656219,0.197392093904,11.1661856713,0.414895170646,22.5333260224,0.566845928917,29.5465561557,10.1429240299,20.2858480598,46.9440434472,125.675038594,-23.2388771985,-4.36563614864,0,0,0,0,0,0
east,east_0014,7000,0.0406322420199,76180.3024382,3134235.95343,native,0,0.00164723465599,85.3573147157,topo-bathy.tt3,30,30,30,3,gmrt_shore_blend,blend to GMRT,54,unknown,mixed_blend,2,197.998830586,false,unknown,197.998830586,21.8154456429,56.2385888363,114.131693617,330.058483293,883.730802047,23.0214015889,46.6236353035,91.8224508872,220.459821523,444.093255235,0.224462171315,12.6510496564,0.231572419122,13.0383015799,0.431853579352,23.3572742227,0.553672318755,28.9720851345,23.6022337146,45.1988155837,128.637370636,223.633433712,-60.8711562156,-56.7810454416,-43.8703279884,-35.3911236355,0,0,0,0
east,east_0015,7500,0.0435345450213,75887.3827122,3134383.98989,native,0,-0.000337460376947,127.569089843,topo-bathy.tt3,30,30,30,1,copernicus_a2_land_core,land/a2 core,30,false,high,1,30.9222222222,false,false,30.9222222222,82.6866018585,113.019634278,139.295316886,130.008453379,573.711670273,0,18.7001803035,52.7956650198,75.3862985431,188.01620903,0.427104252161,23.1275340485,0.105102730432,5.99991472145,0.0185737270141,1.06407381641,0.443703216894,23.9270152407,18.7001803035,34.0954847163,22.5906335233,112.629910487,0,0,-18.7067047192,-235.441153549,0,0,0,0
east,east_0016,8000,0.0464368480227,75826.3352813,3134696.10246,native,0,-0.00143790089786,66.0222593638,topo-bathy.tt3,30,30,30,3,gmrt_shore_blend,blend to GMRT,54,unknown,mixed_blend,2,30.9222222222,false,unknown,30.9222222222,134.825685944,150.763675366,342.437007072,702.598918032,1100.73154793,2.39181450377,6.28856484933,14.0820655405,37.4625676138,74.6680464184,0.595330645736,30.7666348442,0.766693326821,37.4771415944,0.720323821921,35.7661045757,0.398132629895,21.7091152862,3.89675034556,7.79350069112,23.3805020734,37.2054788046,36.9825608746,0,169.072943353,310.499563344,143800.936659,310.499563344,500,4
east,east_0017,8500,0.0493391510241,76177.8478293,3135037.06793,native,0,-0.000147563337177,45.1834370373,topo-bathy.tt3,30,30,30,1,copernicus_a2_land_core,land/a2 core,30,false,high,1,30.9222222222,false,false,30.9222222222,145.277816944,197.058828083,239.914100517,573.46671554,1021.13319165,1.71590359426,5.25320335338,12.3278028716,33.5516014263,68.5692426841,0.777937083235,37.8806703656,0.17142108974,9.72716211967,0.667105230045,33.7074601954,0.447666476115,24.1164623587,3.53729975912,7.07459951823,21.2237985547,35.0176412578,41.2894339736,8.31287607964,66.5500367986,39.758729029,39655.2288207,66.5500367986,900,4
east,east_0018,9000,0.0522414540256,76520.9673567,3135395.19668,native,0,0.000339078907206,57.5675029327,topo-bathy.tt3,30,30,30,3,gmrt_shore_blend,blend to GMRT,54,unknown,mixed_blend,2,69.1441909042,false,unknown,69.1441909042,97.843125069,188.745952003,173.364063719,392.099354689,1000.18768563,6.45287240214,12.099540788,23.3928775597,55.9318467738,103.409385275,0.757839311332,37.156279684,0.0615275531362,3.52083072905,0.43747058194,23.6279629749,0.608088330942,31.3032962494,5.64666838586,11.2933367717,32.5389692141,47.4775385011,-6.14525790167,0,-66.5500367986,-141.608631822,0,0,0,1
east,east_0019,9500,0.055143757027,76681.4540727,3135829.63042,native,0,-9.15595008588e-05,64.6112273421,topo-bathy.tt3,30,30,30,3,gmrt_shore_blend,blend to GMRT,54,unknown,mixed_blend,2,131.191878136,false,unknown,131.191878136,103.988382971,213.533295636,151.305440758,533.707986511,991.991696336,12.1478070624,20.1823360753,36.2513941011,64.2140781277,97.3563208688,0.864372184837,40.8392232212,0.248911419512,13.9775262675,0.764805091506,37.4089432562,0.458283709825,24.6212151103,8.03452901291,16.0690580258,27.9626840266,33.1422427411,6.14525790167,24.7873436331,-50.4066504456,65.2458782949,21729.832643,65.2458782949,150,4
east,east_0020,10000,0.0580460600284,76928.2418281,3136253.34867,native,0,-0.000252502850955,52.3215299591,topo-bathy.tt3,30,30,30,3,gmrt_shore_blend,blend to GMRT,54,unknown,mixed_blend,2,87.4612520908,false,unknown,87.4612520908,53.2537121394,136.682799442,240.568358798,468.462108216,776.385615958,17.5270882081,33.4411404589,56.3039001975,95.7245515996,183.125529678,0.548758382212,28.7561474821,0.415542237423,22.5649483246,0.455787498836,24.5029054742,0.307923507742,17.1148293015,15.9140522508,22.8627597386,39.4206514021,87.4009780784,0,0,67.2042950792,76.3627535275,44292.2990366,76.3627535275,500,4
east,east_0021,10500,0.0609483630298,77262.2648398,3136581.69563,native,0,0.000249176654792,50.1438796674,topo-bathy.tt3,30,30,30,3,gmrt_shore_blend,blend to GMRT,54,unknown,mixed_blend,2,87.4612520908,false,unknown,87.4612520908,36.8037581659,96.6808791496,201.712091204,315.67082109,589.771487108,9.0564993646,27.1944811743,59.0493494868,127.848515292,259.009807438,0.376709742695,20.6418805586,0.420124848216,22.7884861088,0.227917459773,12.8393872545,0.274100666018,15.3283350327,18.1379818097,31.8548683125,68.7991658048,131.161292146,-16.4499539735,0,50.4066504456,0,18902.4939171,50.4066504456,0,1
east,east_0022,11000,0.0638506660312,77500.9849258,3136939.40875,native,0,0.000368779390831,66.5983006319,topo-bathy.tt3,30,30,30,3,gmrt_shore_blend,blend to GMRT,54,unknown,mixed_blend,2,61.8444444444,false,unknown,61.8444444444,31.2976986362,60.7605836674,145.046179236,304.7633038,621.144199715,14.2505955089,29.6065258528,61.4608699642,200.047238148,386.303084969,0.241602715174,13.5825291949,0.337142382273,18.6311420478,0.319434249129,17.715262646,0.316380895915,17.5563763507,15.355930344,31.8543441114,138.586368184,186.255846821,-21.9560135032,-32.4402822037,0,0,0,0,0,0
east,east_0023,11500,0.0667529690327,77616.8994353,3137401.14115,native,0,1.38599503952e-05,71.2733823334,topo-bathy.tt3,30,30,30,3,gmrt_shore_blend,blend to GMRT,54,unknown,mixed_blend,2,157.673014515,false,unknown,157.673014515,55.6419416687,73.2377295471,131.134884147,223.212659466,597.025067685,9.41173880976,19.4963336153,39.6655232263,90.7563853211,409.588984595,0.291616494726,16.2575554039,0.231588618399,13.0391824874,0.184155550638,10.4344288253,0.373812408219,20.4963669294,10.0845948055,20.1691896111,51.0908620948,318.832599273,0,-19.963136324,-13.911295089,0,0,0,0,0
east,east_0024,12000,0.0696552720341,77810.0871259,3137851.21681,native,0,-4.68757395066e-05,67.3924172938,topo-bathy.tt3,30,30,30,3,gmrt_shore_blend,blend to GMRT,54,unknown,mixed_blend,2,127.495588401,false,unknown,127.495588401,66.4787624422,93.2008658711,143.142995698,185.398056501,608.453299417,9.97088675322,17.1427769787,31.4865574297,75.4574445505,292.286493833,0.380608927427,20.8372715399,0.199768519309,11.2971791501,0.0845101216051,4.83059514103,0.423055242916,22.9310468349,7.17189022549,14.343780451,43.9708871208,216.829049283,0,0,-1.9031835375,-37.8146029651,0,0,0,0
east,east_0025,12500,0.0725575750355,77986.4222124,3138288.53157,native,0,-4.83443480811e-05,68.5876002981,topo-bathy.tt3,30,30,30,3,gmrt_shore_blend,blend to GMRT,54,unknown,mixed_blend,2,87.4612520908,false,unknown,87.4612520908,71.6491531124,111.12136169,178.571937559,206.674121586,603.511431376,7.2566982334,14.0448149957,27.6210485203,69.2179608645,209.495522553,0.445866040191,24.0304692241,0.269802303478,15.099017065,0.0562043680535,3.21688861865,0.39683730979,21.6450248403,6.78811676232,13.5762335246,41.5969123442,140.277561688,0,0,7.29185578167,-16.5385378799,2734.44591813,7.29185578167,0,1
east,east_0026,13000,0.0754598780369,78159.956147,3138743.40891,native,0,-6.37462578798e-05,64.6224901854,topo-bathy.tt3,30,30,30,3,gmrt_shore_blend,blend to GMRT,54,unknown,mixed_blend,2,92.7666666667,false,unknown,92.7666666667,93.5430994553,153.160119731,238.333093697,243.776502524,584.981816381,5.59820455034,11.2210540678,22.4667531028,55.6223721797,118.411987785,0.612552818861,31.4896700062,0.340691895864,18.813560607,0.0108868176539,0.623744062042,0.341205313857,18.8399138347,5.62284951749,11.245699035,33.1556190768,62.7896156054,0,0,59.7611561379,0,22410.4335517,59.7611561379,0,1
east,east_0027,13500,0.0783621810384,78399.1837245,3139158.68664,native,0,7.8220746383e-05,64.9352087619,topo-bathy.tt3,30,30,30,3,gmrt_shore_blend,blend to GMRT,54,unknown,mixed_blend,2,154.611111111,false,unknown,154.611111111,105.559672984,168.571938041,171.280081777,290.464030073,538.017369069,3.29009655016,8.38772235119,18.5829739533,49.1687287594,94.922146425,0.66719610079,33.7110630922,0.0108325749457,0.620636550274,0.238367896591,13.4072809264,0.247553338996,13.9042304335,5.09762580103,10.1952516021,30.5857548062,45.7534176656,6.48636333089,0,-67.0530119196,0,486.477249817,6.48636333089,0,2
east,east_0028,14000,0.0812644840398,78571.5075771,3139623.38443,native,0,-1.93913512416e-05,69.1042088235,topo-bathy.tt3,30,30,30,3,gmrt_shore_blend,blend to GMRT,54,unknown,mixed_blend,2,92.7666666667,false,unknown,92.7666666667,99.073309653,175.252626493,299.952974562,337.17999181,591.977390047,1.67789769381,6.21057480013,15.2759290128,42.4719916507,101.986534373,0.688414067508,34.5440709063,0.498801392274,26.5100847094,0.074454034497,4.25804552045,0.254797398237,14.2946518312,4.53267710632,9.06535421264,27.1960626379,59.5145427219,0,6.68068845205,50.6908385686,0,20345.2021536,50.6908385686,250,4
east,east_0029,14500,0.0841667870412,78750.9724904,3140080.13345,native,0,-0.000275404964709,63.8241661767,topo-bathy.tt3,30,30,30,3,gmrt_shore_blend,blend to GMRT,54,unknown,mixed_blend,2,97.7846525361,false,unknown,97.7846525361,114.233503835,194.202089743,249.262135993,416.050452867,690.736094698,4.26327324471,8.17646787633,16.0028571396,39.4820249292,85.9890980546,0.778597580546,37.9042387207,0.220240185001,12.4205441408,0.333576633749,18.4474939853,0.27468564183,15.3595048516,3.91319463161,7.82638926323,23.4791677897,46.5070731254,15.1601941816,25.6301517017,0,78.8704610573,25980.6601683,78.8704610573,150,4
east,east_0030,15000,0.0870690900426,79002.8562153,3140500.93475,native,0,3.31505588437e-05,53.3246666887,topo-bathy.tt3,30,30,30,3,gmrt_shore_blend,blend to GMRT,54,unknown,mixed_blend,2,69.1441909042,false,unknown,69.1441909042,95.3890300494,163.819424058,292.288386259,391.087071002,588.756241827,6.29894867686,12.0773777424,23.6342358736,56.8340796464,110.351177683,0.657079291805,33.3080871464,0.513875848805,27.1975368904,0.197597369485,11.1775055724,0.197669170826,11.1814648414,5.77842906557,11.5568581311,33.1998437728,53.5170980367,-3.68427960364,-11.4332024352,6.82753756819,0,2560.32658807,6.82753756819,0,2
east,east_0031,15500,0.089971393044,79317.7740352,3140841.23967,native,0,0.000236248381222,65.7235532869,topo-bathy.tt3,30,30,30,3,gmrt_shore_blend,blend to GMRT,54,unknown,mixed_blend,2,92.7666666667,false,unknown,92.7666666667,59.0091540851,112.913306508,242.415407627,330.49226011,577.887550921,7.36450904261,15.3147314537,31.215176276,83.4360893525,217.287617975,0.450179774503,24.2363104966,0.518008404477,27.3845362999,0.176153704965,9.99037111084,0.247395290812,13.895697525,7.95022241112,15.9004448222,52.2209130765,133.851528622,-36.3798759642,-50.9061175499,-6.84672836567,-60.5948108922,0,0,0,0
east,east_0032,16000,0.0928736960455,79359.0699,3141290.72611,native,0,-0.000181671565724,66.8607018495,topo-bathy.tt3,30,30,30,3,gmrt_shore_blend,blend to GMRT,54,unknown,mixed_blend,2,69.1441909042,false,unknown,69.1441909042,122.587718887,198.160778384,285.460848691,431.70660829,738.035162999,4.7190019955,10.5270270342,22.1430771115,53.8283138579,85.6323757915,0.788893050354,38.269663034,0.349200281226,19.2492159909,0.292491519199,16.3037503852,0.306328554709,17.0313221634,5.80802503867,11.6160500773,31.6852367464,31.8040619336,44.3140741359,63.3117935465,28.3639086663,101.214348181,51925.9670645,101.214348181,900,4
east,east_0033,16500,0.0957759990469,79668.6079753,3141662.19758,native,0,0.000122259147856,55.3145393134,topo-bathy.tt3,30,30,30,3,gmrt_shore_blend,blend to GMRT,54,unknown,mixed_blend,2,69.1441909042,false,unknown,69.1441909042,78.2736447512,134.848984838,236.288433311,281.827185774,584.916302139,10.8361083378,20.4389598239,39.6446627963,73.2671518636,147.106471116,0.541964461531,28.4561188395,0.405757793894,22.0852378492,0.091077504926,5.20399908116,0.303089116365,16.8614850623,9.60285148618,19.2057029724,33.6224890673,73.8393192525,0,0,-20.8085067132,-48.6650743352,0,0,0,0
east,east_0034,17000,0.0986783020483,79898.4603436,3142070.12734,native,0,0.000406958112462,73.8656350286,topo-bathy.tt3,30,30,30,1,copernicus_a2_land_core,land/a2 core,30,false,high,1,30.9222222222,false,false,30.9222222222,75.094592586,129.999981029,257.096940025,277.811219295,556.460714927,5.89031565179,11.3605027328,22.3008768948,57.8615129742,175.777631055,0.521535990668,27.5436621398,0.508387835984,26.9482299099,0.0414285585401,2.37232494905,0.278649495632,15.5704685434,5.47018708099,10.940374162,35.5606360795,117.916118081,-17.1859978727,-21.0023229363,0,-74.6128953966,0,0,0,1
east,east_0035,17500,0.10158060505,79930.7223761,3142568.27419,native,0,-0.000331143533895,78.631521596,topo-bathy.tt3,30,30,30,3,gmrt_shore_blend,blend to GMRT,54,unknown,mixed_blend,2,111.491657774,false,unknown,111.491657774,111.190735508,193.942184654,305.015226659,384.22552613,666.807530524,6.04581015335,11.055248883,21.0741263424,50.9055196418,91.0214619905,0.779906413433,37.9508969043,0.44429216802,23.9552029081,0.158420598942,9.0020210259,0.282582004394,15.7793371109,5.00943872968,10.0188774594,29.8313932994,40.1159423488,32.9170907566,59.0931998165,68.7267933478,102.398340356,65659.5543645,102.398340356,900,4
east,east_0036,18000,0.104482908051,80089.2086541,3143018.82699,native,0,-0.00020686795912,54.8925081234,topo-bathy.tt3,30,30,30,1,copernicus_a2_land_core,land/a2 core,30,false,high,1,30.9222222222,false,false,30.9222222222,92.2805904587,151.002303965,180.82664737,352.424114691,757.118179816,2.62716911551,8.21578851726,19.3930273207,52.914091598,118.606186704,0.593411069615,30.6853627659,0.11929737362,6.80308407302,0.343194934642,18.941960885,0.404694065125,22.0328870974,5.58861940174,11.1772388035,33.5210642772,65.692095106,17.1859978727,21.0023229363,0,39.7724312843,15432.5222488,39.7724312843,150,4
east,east_0037,18500,0.107385211053,80445.4479659,3143300.4511,native,0,0.000585266264579,66.778860622,topo-bathy.tt3,30,30,30,1,copernicus_a2_land_core,land/a2 core,30,false,high,1,30.9222222222,false,false,30.9222222222,31.1082520686,57.0403359514,113.44418911,214.180944806,677.478969433,17.4528244631,34.8283596485,66.8260793907,206.143209698,438.315387105,0.22825030714,12.8575149596,0.225615412633,12.7139405611,0.201473511393,11.3910882535,0.463298024627,24.858196252,17.3755351854,31.9977197422,139.317130307,232.172177407,-15.3205723628,-25.7324077755,0,-98.4707386007,0,0,0,0
east,east_0038,19000,0.110287514054,80341.5907411,3143607.07901,native,0,-3.55497313184e-05,88.4257949751,topo-bathy.tt3,30,30,30,1,copernicus_a2_land_core,land/a2 core,30,false,high,1,61.8444444444,false,false,61.8444444444,42.8484121537,82.7727437269,112.214804566,312.651683407,707.083913031,26.7764905592,42.4544763405,62.4722284075,131.639015253,302.714830692,0.345249049717,19.0471850994,0.117768243355,6.7166852837,0.400873757682,21.8445539165,0.394432229624,21.5258742006,15.6779857813,20.017752067,69.1667868452,171.075815439,0,8.21142157453,0,72.8518443695,19855.2454073,72.8518443695,0,4
east,east_0039,19500,0.113189817055,80466.2668629,3144057.9984,native,0,-0.000359368684851,64.7420110546,topo-bathy.tt3,30,30,30,1,copernicus_a2_land_core,land/a2 core,30,false,high,1,30.9222222222,false,false,30.9222222222,46.4288244314,74.5613221524,74.7424912764,197.681702004,730.637748041,4.4354967219,11.6164222473,25.9782732981,121.081719272,768.306307024,0.290598840269,16.2038032562,0.000724676496024,0.0415208974662,0.245878421454,13.8137709001,0.532956046037,28.0556544787,7.18092552541,14.3618510508,95.1034459738,647.224587752,11.3083269682,13.7244503126,-11.6827217281,-16.4992428026,3593.01458513,13.7244503126,150,3
east,east_0040,20000,0.116092120057,80745.2192741,3144462.58476,native,0,0.00025878727957,67.835486044,topo-bathy.tt3,30,30,30,1,copernicus_a2_land_core,land/a2 core,30,false,high,1,61.8444444444,false,false,61.8444444444,33.8305086378,54.53904307,86.4252130045,239.799839037,699.883184487,22.2068185821,36.8818642193,64.2825013036,223.399676138,569.253447121,0.228420907574,12.8668052739,0.127544679738,7.26852744362,0.306749252066,17.0533559201,0.460083345449,24.7063714554,14.6750456372,27.4006370844,159.117174834,345.853770984,-9.01790351587,-20.0222790824,10.2075061578,16.3029404954,7903.54993304,16.3029404954,500,4
east,east_0041,20500,0.118994423058,80826.7705584,3144942.95208,native,0,0.000145337227398,79.5694299657,topo-bathy.tt3,30,30,30,1,copernicus_a2_land_core,land/a2 core,30,false,high,1,30.9222222222,false,false,30.9222222222,35.1204974632,60.8368718398,73.2994510457,139.386084185,742.596264778,5.00377514668,14.4494261873,33.3407282684,196.235128102,892.887320522,0.23394236351,13.1671109654,0.0498503168237,2.85385033511,0.132173266279,7.52932751911,0.603210180593,31.0988075144,9.44565104058,18.8913020812,162.894399834,696.65219242,-11.3083269682,-13.7244503126,-2.91825580087,-84.1108143567,0,0,0,0
east,east_0042,21000,0.12189672606,80923.3420222,3145430.19135,native,0,-0.00029841678706,76.16269578,topo-bathy.tt3,30,30,30,1,copernicus_a2_land_core,land/a2 core,30,false,high,1,30.9222222222,false,false,30.9222222222,62.812494671,98.6391167761,76.2177068466,223.496898542,862.9664205,6.1934378901,11.2359211409,21.3208876426,55.4348188431,254.478109614,0.399121498189,21.7580045821,0.0896856397181,5.12489726066,0.294558383391,16.4127793559,0.639469521958,32.5976756238,5.04248325083,10.0849665017,34.1139312005,199.043290771,0,0,0,-16.3029404954,0,0,0,0
east,east_0043,21500,0.124799029061,81063.2371725,3145902.97297,native,0,-0.000315033197524,62.4714075313,topo-bathy.tt3,30,30,30,1,copernicus_a2_land_core,land/a2 core,30,false,high,1,43.7306260454,false,false,43.7306260454,81.4446876319,131.311569067,81.6856889935,408.420539219,870.047966542,2.93360439283,7.84209967623,17.659090243,47.1100619435,155.115965233,0.517199448159,27.3479803593,0.198503520293,11.2274645947,0.65346970045,33.1633994447,0.461627427323,24.7793426437,4.90849528341,9.81699056681,29.4509717004,108.005903289,18.6321929609,32.6724522906,5.46798214688,98.7492638697,34669.7142027,98.7492638697,900,4
east,east_0044,22000,0.127701332062,81364.7511084,3146277.09816,native,0,0.000111323118629,58.1126231554,topo-bathy.tt3,30,30,30,1,copernicus_a2_land_core,land/a2 core,30,false,high,1,30.9222222222,false,false,30.9222222222,64.0203617314,114.157015307,62.1005284391,309.671275349,762.717831484,5.53935254016,13.1823227136,28.4682630603,76.5815118761,209.817069898,0.451123348829,24.2812472577,0.20822594747,11.7623919872,0.49514149382,26.3419211523,0.453046556135,24.3727396264,7.64297017339,15.2859403468,48.1132488157,133.235558022,0,0,-19.5851605544,-93.6108451182,0,0,0,2
east,east_0045,22500,0.130603635064,81574.4011911,3146724.59574,native,0,0.000165376901162,68.849752391,topo-bathy.tt3,30,30,30,1,copernicus_a2_land_core,land/a2 core,30,false,high,1,30.9222222222,false,false,30.9222222222,33.8139480911,97.3125447284,136.115697209,403.282120467,767.479946147,12.9656109982,26.6826766762,54.8993084638,141.634292869,256.840239492,0.3881545296,21.2139481247,0.155212609922,8.82262845636,0.534332846516,28.1170541556,0.36419782568,20.0115137917,13.717065678,28.2166317876,86.734984405,115.205946623,-34.2737915106,-28.4534744434,52.4339861074,0,19662.7447903,52.4339861074,0,4
east,east_0046,23000,0.133505938065,81713.0953996,3147177.5016,native,0,-2.14696134867e-05,67.588021621,topo-bathy.tt3,30,30,30,3,gmrt_shore_blend,blend to GMRT,54,unknown,mixed_blend,2,127.495588401,false,unknown,127.495588401,79.4267630632,125.766019172,83.6817111015,431.548080699,767.975279884,0,6.10199401949,18.4215393754,56.4614919485,144.976337796,0.482876476717,25.7748037276,0.168337232281,9.55542633437,0.695732739195,34.8275997284,0.336427199185,18.5943393816,6.10199401949,12.3195453559,38.0399525731,88.5148458477,11.3390234616,11.6090038651,-9.72166022102,28.7542083732,10360.7796259,28.7542083732,150,4
east,east_0047,23500,0.136408241067,81942.6296959,3147617.4552,native,0,0.000139706147688,67.6196341504,topo-bathy.tt3,30,30,30,3,gmrt_shore_blend,blend to GMRT,54,unknown,mixed_blend,2,97.7846525361,false,unknown,97.7846525361,68.0877396017,132.257822564,93.4033713226,381.577935752,738.612282506,14.4390123589,21.4591764392,35.4995045997,76.0490690651,174.871936796,0.550167116124,28.8181445091,0.155417804964,8.83410833913,0.576349128859,29.9569605135,0.357034346754,19.648309983,7.02016408027,14.0403281605,40.5495644654,98.8228677307,-11.3390234616,34.9452778353,-22.4441275939,-21.215936574,6989.05556706,34.9452778353,0,3
east,east_0048,24000,0.139310544068,82083.763589,3148077.68547,native,0,-2.85110307221e-05,75.5925942555,topo-bathy.tt3,30,30,30,3,gmrt_shore_blend,blend to GMRT,54,unknown,mixed_blend,2,138.288381808,false,unknown,138.288381808,97.3517719148,74.1151727369,115.847498916,402.793872326,724.238796111,1.86982141462,8.02510648925,20.3356766385,55.5425366062,105.362740072,0.282536189944,15.7769062179,0.166929304718,9.47696293193,0.573892746819,29.8512014806,0.321444923785,17.8197380967,6.15528507463,12.3105701493,35.2068599677,49.8202034654,17.9250088516,-14.9779425266,0,20.9738535424,6587.83904947,20.9738535424,0,4
east,east_0049,24500,0.14221284707,82181.9311136,3148548.97281,native,0,-0.000116258489104,65.9860724204,topo-bathy.tt3,30,30,30,3,gmrt_shore_blend,blend to GMRT,54,unknown,mixed_blend,2,97.7846525361,false,unknown,97.7846525361,117.721604848,89.0931152636,231.163689058,381.820018784,651.62801423,3.39358007259,7.06901148639,14.419874314,36.4724627969,82.033676813,0.354838756248,19.536657308,0.568282295177,29.6088025197,0.301312659451,16.7682191404,0.269807995446,15.0993210613,3.67543141381,7.35086282762,22.0525884828,45.5612140162,49.6338652466,5.0881140661,90.8521108916,0.242083031552,38870.2250489,90.8521108916,900,4
east,east_0050,25000,0.145115150071,82460.5820799,3148923.48028,native,0,0.000320910099499,68.9314734973,topo-bathy.tt3,30,30,30,3,gmrt_shore_blend,blend to GMRT,54,unknown,mixed_blend,2,87.4612520908,false,unknown,87.4612520908,21.8701598402,84.0050011975,140.311578166,355.964993828,631.270395946,25.4340420889,50.5351245645,92.2067415449,178.274553933,451.158839206,0.336194932641,18.582383734,0.225226307875,12.6927245817,0.431306831325,23.3308665926,0.275305402118,15.3925179642,25.1010824757,41.6716169803,86.0678123877,272.884285273,-55.679866839,7.24704261763,-10.288971956,-25.855024955,1449.40852353,7.24704261763,0,1
east,east_0051,25500,0.148017453072,82497.9049556,3149369.17937,native,0,-0.000118122969511,84.3728667249,topo-bathy.tt3,30,30,30,1,copernicus_a2_land_core,land/a2 core,30,false,high,1,30.9222222222,false,false,30.9222222222,44.3951759786,76.7579585798,150.600550122,378.555308658,634.39114869,39.6796840831,54.8051738555,67.9450473577,106.787482792,186.399711389,0.30768708096,17.102455399,0.295370366169,16.455578817,0.455909517071,24.508693802,0.255835840032,14.3505090206,15.1254897724,13.1398735022,38.842435434,79.6122285969,-33.1548507006,0,-9.74032455697,-3.26471012559,0,0,0,0
east,east_0052,26000,0.150919756074,82542.9118759,3149759.06978,native,0,-0.000508796516636,62.1635258807,topo-bathy.tt3,30,30,30,3,gmrt_shore_blend,blend to GMRT,54,unknown,mixed_blend,2,30.9222222222,false,unknown,30.9222222222,77.5500266792,57.9806142926,195.335385226,538.041144206,760.52552947,2.43567243426,5.94820117959,12.9732586703,34.0484311423,362.498759047,0.225790941165,12.7235101137,0.549419083733,28.7852335013,0.68541151796,34.4271883864,0.222484385265,12.5431208872,3.51252874534,7.02505749068,21.075172472,328.450327904,0,-16.1510556679,34.9945105467,106.53900063,39757.6916125,106.53900063,500,4
east,east_0053,26500,0.153822059075,82886.2484801,3150104.60323,native,0,6.22475833318e-05,55.2209736907,topo-bathy.tt3,30,30,30,3,gmrt_shore_blend,blend to GMRT,54,unknown,mixed_blend,2,87.4612520908,false,unknown,87.4612520908,100.993820886,56.730419097,160.340874679,436.2807184,843.021732252,4.07475253361,10.1350547962,22.2556593215,56.1181858416,99.144785335,0.22036903382,12.4275849164,0.414441822329,22.5111621537,0.551879687442,28.8934138333,0.406741013852,22.1335919151,6.06030226262,12.1206045252,33.8625265202,43.0265994934,0,-17.4012508635,-34.9945105467,0,0,0,0,0
east,east_0054,27000,0.156724362077,83084.6954823,3150539.20345,native,0,-0.00021288099351,65.7300496905,topo-bathy.tt3,30,30,30,3,gmrt_shore_blend,blend to GMRT,54,unknown,mixed_blend,2,30.9222222222,false,unknown,30.9222222222,117.282316906,74.1316699605,226.973293228,431.502143576,862.755230035,5.5731770617,11.1038245417,22.1651195016,53.3526845797,88.0180450824,0.296680475874,16.5245946382,0.61136649307,31.4402180401,0.409057700695,22.2473937139,0.43125308646,23.328270178,5.53064747998,11.06129496,31.187565078,34.6653605027,16.2884960199,0,18.476184018,-4.77857482424,8150.20620824,18.476184018,0,2
east,east_0055,27500,0.159626665078,83280.2250199,3150978.38613,native,0,-0.000527430664092,43.023791224,topo-bathy.tt3,30,30,30,3,gmrt_shore_blend,blend to GMRT,54,unknown,mixed_blend,2,87.4612520908,false,unknown,87.4612520908,194.259581651,132.035238053,333.328758339,507.100693515,927.53941227,2.80181936176,5.8214247564,11.8606355457,29.9782679135,57.5814991663,0.526698472123,27.7757077896,0.805174081142,38.8401166014,0.347543870353,19.1645820834,0.420438718755,22.8037698883,3.01960539464,6.03921078927,18.1176323678,27.6032312528,93.2657607641,37.7031152584,124.831649128,75.5985499393,80247.061017,124.831649128,900,4
east,east_0056,28000,0.16252896808,83709.318645,3151122.15907,native,0,0.000586722394259,35.5104986523,topo-bathy.tt3,30,30,30,1,copernicus_a2_land_core,land/a2 core,30,false,high,1,30.9222222222,false,false,30.9222222222,94.0599435526,157.935231846,208.49710921,411.799679452,748.537257108,0.211069376452,4.8469135656,14.1186019439,41.9336670788,114.00003727,0.612651524754,31.4937822054,0.202247509457,11.4336987941,0.406605140484,22.1269117331,0.336737577656,18.6103131288,4.63584418915,9.2716883783,27.8150651349,72.0663701907,-7.32899240966,63.6031090511,-18.476184018,-19.7024641236,12720.6218102,63.6031090511,0,3
east,east_0057,28500,0.165431271081,84018.2799267,3151505.03965,native,0,0.000981482533554,76.6405081609,topo-bathy.tt3,30,30,30,1,copernicus_a2_land_core,land/a2 core,30,false,high,1,30.9222222222,false,false,30.9222222222,31.4482745173,94.3321227946,161.180815573,409.013330533,785.786757932,17.3226198853,43.9616254159,71.8229662394,137.758241811,262.795669181,0.370333946555,20.3213016178,0.267394771114,14.9703578112,0.49566502992,26.3660064433,0.376773427398,20.6450758956,26.6390055307,27.8613408235,65.9352755719,125.03742737,-69.9406614449,0,-97.3687169118,-69.302480953,0,0,0,0
east,east_0058,29000,0.168333574082,83897.9957873,3151916.63395,native,0,-0.000284271476314,91.7453054908,topo-bathy.tt3,30,30,30,3,gmrt_shore_blend,blend to GMRT,54,unknown,mixed_blend,2,61.8444444444,false,unknown,61.8444444444,101.388935962,74.8353535491,258.549532485,478.315811486,818.708857511,6.99101482707,15.5434491926,32.6483179237,63.9348765777,99.025234791,0.295690010463,16.4724220316,0.734856715743,36.3105559401,0.439532558003,23.7270522442,0.340393046025,18.7982171416,8.55243436553,17.1048687311,31.2865586541,35.0903582133,7.32899240966,-19.4967692456,50.0524232748,11.2817526704,22139.7713264,50.0524232748,500,4
east,east_0059,29500,0.171235877084,83992.5636698,3152349.00492,native,0,-0.000505893550382,60.3529523321,topo-bathy.tt3,30,30,30,3,gmrt_shore_blend,blend to GMRT,54,unknown,mixed_blend,2,61.8444444444,false,unknown,61.8444444444,135.524973671,73.3135106367,271.67380563,590.404788082,928.652097086,3.54260410382,7.46172467586,15.2999658199,38.8146892522,75.0718712718,0.291332609096,16.2425636188,0.793441179973,38.4299321183,0.637461964904,32.5159610713,0.338247309004,18.6879692348,3.91912057204,7.83824114408,23.5147234322,36.2571820196,72.1264299888,-21.018612158,110.492990057,123.370729266,77687.035837,123.370729266,500,4
east,east_0060,30000,0.174138180085,84328.3726785,3152672.7879,native,0,0.000684539422697,62.759740171,topo-bathy.tt3,30,30,30,1,copernicus_a2_land_core,land/a2 core,30,false,high,1,30.9222222222,false,false,30.9222222222,57.2635838259,125.673806067,116.283432486,467.034058816,895.169384323,0.449497784541,8.93234777147,25.8980477453,84.2488423791,201.299589488,0.483755004379,25.8156080135,0.0375614943246,2.15110383768,0.701501252659,35.0497079768,0.428135325507,23.177477588,8.48284998693,16.9656999739,58.3507946338,117.050747109,-44.1253521363,4.75279500896,-142.266099999,-11.2817526704,950.559001793,4.75279500896,0,1
east,east_0061,30500,0.177040483087,84359.6678203,3153062.07945,native,0,0.000378302595519,99.5741721629,topo-bathy.tt3,30,30,30,1,copernicus_a2_land_core,land/a2 core,30,false,high,1,30.9222222222,false,false,30.9222222222,63.3985436819,120.921011058,154.759897643,425.450329464,853.470086241,0,2.79374915401,16.4023991151,64.1944091097,193.30065262,0.451895730659,24.3180075011,0.135355546338,7.70845350883,0.541380863642,28.4302664689,0.428019756776,23.171881477,2.79374915401,13.6086499611,47.7920099946,129.10624351,-38.5548466407,0,-23.7950924212,-164.954458618,0,0,0,0
east,east_0062,31000,0.179942786088,84191.4201394,3153484.72563,native,0,-0.000588370875307,84.4348822731,topo-bathy.tt3,30,30,30,1,copernicus_a2_land_core,land/a2 core,30,false,high,1,30.9222222222,false,false,30.9222222222,114.164964396,133.434511046,414.321928697,634.477832575,967.665298312,1.96659717559,4.74901393174,10.313847444,27.0083479809,69.0030838594,0.527873936453,27.8284053829,1.1235496706,48.3297566065,0.440311807756,23.7644603229,0.333187465737,18.4274266559,2.78241675615,5.5648335123,16.6945005369,41.9947358785,12.2115740736,12.5134999876,235.766938633,38.0498746428,101343.638701,235.766938633,900,4
east,east_0063,31500,0.182845089089,84435.3160404,3153838.46643,native,0,-0.000283034016964,65.8630042194,topo-bathy.tt3,30,30,30,1,copernicus_a2_land_core,land/a2 core,30,false,high,1,43.7306260454,false,false,43.7306260454,101.953390323,86.4645752103,178.554990064,596.427957932,994.386968114,3.53041991798,7.59714951834,15.7306087191,40.1309863212,97.5471965738,0.343220753057,18.9432842857,0.368361659415,20.2218630905,0.835745935735,39.8870538587,0.397959010182,21.700528158,4.06672960036,8.13345920072,24.4003776022,57.4162102526,0,-4.48042770497,0,0,0,0,0,1
east,east_0064,32000,0.185747392091,84550.7745778,3154286.68289,native,0,-0.000592067258738,68.2182276424,topo-bathy.tt3,30,30,30,3,gmrt_shore_blend,blend to GMRT,54,unknown,mixed_blend,2,61.8444444444,false,unknown,61.8444444444,165.405494708,90.9450029152,365.090669611,654.859645772,984.033033398,2.57536325664,5.59546225604,11.6356602548,29.7562542512,60.065252849,0.360834838388,19.8412099102,1.09658266678,47.6375633821,0.579537952322,30.093919704,0.329173387626,18.2201691874,3.0200989994,6.04019799879,18.1205939964,30.3089985978,63.4521043858,4.48042770497,186.535679547,58.4316878402,90213.7951601,186.535679547,900,4
east,east_0065,32500,0.188649695092,84737.7377523,3154595.27281,native,0,9.01323480055e-05,31.9400491058,topo-bathy.tt3,30,30,30,3,gmrt_shore_blend,blend to GMRT,54,unknown,mixed_blend,2,61.8444444444,false,unknown,61.8444444444,28.4095575677,-2.31277633536,-30.3968574831,-63.57350527,-83.3493252796,40.6213411041,58.0459161237,80.8352111527,nan,nan,0.00379318457789,0.217332424887,0.112336324591,6.40952585756,0.0663532955738,3.79619906823,0.0197758200097,1.13292334932,17.4245750196,22.789295029,nan,nan,-73.543832755,-58.0424128149,-208.951847547,-602.806788159,0,0,0,0
east,east_0066,33000,0.191551998094,85047.8913951,3154596.59318,native,0,0.0011012935837,73.3824307807,topo-bathy.tt3,30,30,30,1,copernicus_a2_land_core,land/a2 core,30,false,high,1,30.9222222222,false,false,30.9222222222,33.7887056456,55.7296364796,167.94144827,416.455230417,896.856978475,9.81054211315,23.1179761282,49.7328441583,159.679543388,436.663257379,0.217662999435,12.27963739,0.448847247161,24.1727961649,0.497027564295,26.4286428319,0.480401748058,25.6597110098,13.3074340151,26.6148680301,109.94669923,276.983713991,-97.8585954805,0,-36.2401393031,-122.778052471,0,0,0,0
east,east_0067,33500,0.194454301095,84860.9121465,3155007.99081,native,0,-0.00054744675296,95.0395234566,topo-bathy.tt3,30,30,30,1,copernicus_a2_land_core,land/a2 core,30,false,high,1,43.7306260454,false,false,43.7306260454,131.647301126,51.8595556397,204.181587573,539.233282889,921.077783237,6.35917765229,9.87065463536,16.8936086015,37.9624705,75.4698841926,0.223657612194,12.6071554309,0.609288127733,31.3534554793,0.670103390631,33.8261735353,0.381844500349,20.8990815637,3.51147698307,7.02295396615,21.0688618984,37.5074136926,60.0994192584,-3.87008083987,36.2401393031,102.949140687,43834.7938547,102.949140687,500,4
east,east_0068,34000,0.197356604097,84973.2362043,3155443.17941,native,0,-0.000742498735142,42.0160423279,topo-bathy.tt3,30,30,30,3,gmrt_shore_blend,blend to GMRT,54,unknown,mixed_blend,2,30.9222222222,false,unknown,30.9222222222,177.585409378,93.1099728358,405.280878635,616.475792295,971.130731134,4.22492876426,7.44870946571,13.8962708686,33.2389550773,61.8142444346,0.378650909744,20.7392169266,1.2486836232,51.3107395347,0.422389827321,22.8987012951,0.354654938838,19.5273025934,3.22378070144,6.44756140289,19.3426842087,28.5752893573,45.9381082514,0,201.099291062,77.2425094068,98168.2196188,201.099291062,500,4
east,east_0069,34500,0.200258907098,85448.3390242,3155537.21024,native,0,0.000697395795938,52.4974796391,topo-bathy.tt3,30,30,30,1,copernicus_a2_land_core,land/a2 core,30,false,high,1,43.7306260454,false,false,43.7306260454,71.5478818677,132.298483985,99.6035350239,436.284142202,888.651252033,3.28875443425,7.78122032803,16.7661521156,43.7209474783,181.180815745,0.523835135282,27.6471268397,0.130779795845,7.45084422457,0.673361214356,33.9547956782,0.452367109831,24.3404315506,4.49246589378,8.98493178757,26.9547953627,137.459868267,-66.4088043159,39.1885111494,-174.323974213,-151.094290945,7837.70222988,39.1885111494,0,1
east,east_0070,35000,0.203161210099,85312.2464068,3155884.94587,native,0,0.000271311904996,81.9738780854,topo-bathy.tt3,30,30,30,3,gmrt_shore_blend,blend to GMRT,54,unknown,mixed_blend,2,61.8444444444,false,unknown,61.8444444444,169.448443522,136.724852622,341.711123819,587.378433147,995.472066358,3.96085668234,6.65908818658,12.0555511951,28.2449402205,56.1202125188,0.556258319657,29.0853637756,0.819945084788,39.3498712016,0.491334618655,26.166484267,0.408093633211,22.2000585665,2.69823150425,5.39646300849,16.1893890255,27.8752722982,31.4917573388,43.6148797866,64.9318072529,-5.15264512023,35434.2854776,64.9318072529,400,4
east,east_0071,35500,0.206063513101,85552.1890104,3156273.70475,native,0,-0.000122031447677,68.042506727,topo-bathy.tt3,30,30,30,1,copernicus_a2_land_core,land/a2 core,30,false,high,1,43.7306260454,false,false,43.7306260454,137.956686184,86.5145719102,273.927509237,592.531078267,967.707035416,0,0,4.68831560772,22.5361443265,54.5900195342,0.297580210099,16.571963575,0.749651749308,36.8571254023,0.63720713806,32.5055780879,0.375175957148,20.564883373,0,4.68831560772,17.8478287187,32.0538752078,0,-17.0815853098,0,5.15264512023,1288.16128006,5.15264512023,0,4
east,east_0072,36000,0.208965816102,85637.0054091,3156690.47266,native,0,5.50003675444e-05,74.9819911656,topo-bathy.tt3,30,30,30,3,gmrt_shore_blend,blend to GMRT,54,unknown,mixed_blend,2,30.9222222222,false,unknown,30.9222222222,75.7111498115,57.7989122892,276.779316566,615.835728108,991.661599068,0,1.05275420481,23.8356273422,70.9326930391,114.42942577,0.19304397478,10.9262028828,0.875921617109,41.2158186365,0.678112823083,34.1416990011,0.37582587096,20.5975190323,1.05275420481,22.7828731373,47.0970656969,43.4967327312,-93.7372937109,-45.7972449308,2.85180732906,25.9712153068,7562.2315751,25.9712153068,500,4
east,east_0073,36500,0.211868119104,85781.3605135,3157127.9104,native,0,-0.000318856697067,71.193795659,topo-bathy.tt3,30,30,30,3,gmrt_shore_blend,blend to GMRT,54,unknown,mixed_blend,2,69.1441909042,false,unknown,69.1441909042,182.160400358,103.59615722,265.978620986,586.680464149,1040.08642313,1.15913161052,3.70581449772,8.7991802721,24.0792775953,49.5461064672,0.403487698731,21.9734696408,0.649529855064,33.0049268825,0.641403686326,32.6762621206,0.453405958978,24.3898227741,2.54668288719,5.09336577439,15.2800973232,25.4668288719,44.2037141741,0,0,-3.18404865211,3315.27856306,44.2037141741,0,4
east,east_0074,37000,0.214770422105,85944.776502,3157594.22351,native,0,-0.000295085817278,56.7128481542,topo-bathy.tt3,30,30,30,3,gmrt_shore_blend,blend to GMRT,54,unknown,mixed_blend,2,111.491657774,false,unknown,111.491657774,183.223749607,113.606659295,264.328964013,589.864512801,939.192004194,3.41174647153,7.06254418154,14.3641396015,36.2689258616,63.6317595581,0.453117053592,24.3760908779,0.602889218871,31.0853220184,0.651071097575,33.0669883555,0.349327491393,19.2557121597,3.65079771,7.30159542,21.90478626,27.3628336966,11.7905503625,0,-1.64965697261,3.18404865211,1680.30344022,11.7905503625,0,4
east,east_0075,37500,0.217672725107,86300.4622449,3157918.55358,native,0,-3.16887789323e-05,54.2866237348,topo-bathy.tt3,30,30,30,1,copernicus_a2_land_core,land/a2 core,30,false,high,1,43.7306260454,false,false,43.7306260454,133.799593505,196.117785673,199.23997953,507.796338894,834.774017292,1.62270303981,4.77465020675,11.0785445407,29.9902275423,67.5363949557,0.774767654366,37.767366354,0.0124887754268,0.715516925182,0.617112718728,31.679263173,0.326977678398,18.1065893456,3.15194716695,6.3038943339,18.9116830017,37.5461674133,-48.3608068529,82.511126378,-65.9119258692,-61.7949260629,16502.2252756,82.511126378,0,3
east,east_0076,38000,0.220575028108,86473.8442771,3158330.13662,native,0,-0.000269609651481,54.8972148634,topo-bathy.tt3,30,30,30,3,gmrt_shore_blend,blend to GMRT,54,unknown,mixed_blend,2,111.491657774,false,unknown,111.491657774,171.433199244,120.338368069,324.741135768,505.101288369,837.252409782,6.94917377357,11.7876680911,21.4646567262,50.209998215,70.7109823342,0.490078002336,26.1084578047,0.817611070797,39.2698129103,0.360720305202,19.8354034178,0.332151121412,18.373965039,4.83849431756,9.67698863511,28.7453414887,20.5009841192,0,6.73170877339,59.5892303689,-15.1325007837,23692.303143,59.5892303689,250,4
east,east_0077,38500,0.223477331109,86826.731614,3158667.28178,native,0,-0.00034431464501,38.839128589,topo-bathy.tt3,30,30,30,3,gmrt_shore_blend,blend to GMRT,54,unknown,mixed_blend,2,69.1441909042,false,unknown,69.1441909042,204.882369716,75.8293795513,265.151905399,569.591264957,704.149452848,3.33680063666,7.00055234136,14.3280557507,36.3105659789,61.4969578018,0.301532729855,16.7797780533,0.757290103392,37.1362865386,0.608878719116,31.3363455717,0.13455818789,7.66358543542,3.66375170469,7.32750340939,21.9825102282,25.1863918229,71.0827762112,-37.569789433,-36.3480034106,61.7949260629,20779.9397316,71.0827762112,0,4
east,east_0078,39000,0.226379634111,87085.9676288,3158822.98508,native,0,-0.00012599031582,35.1694388798,topo-bathy.tt3,30,30,30,1,copernicus_a2_land_core,land/a2 core,30,false,high,1,30.9222222222,false,false,30.9222222222,77.3814559612,105.10014781,301.49990881,520.233789153,675.411853455,1.8373959342,4.02258469665,8.39296222156,21.5040947963,43.3559824208,0.417217407852,22.6467469145,0.785599044001,38.153143831,0.437467760686,23.6278272952,0.155178064302,8.82069568992,2.18518876245,4.3703775249,13.1111325747,21.8518876245,-32.4753310777,-8.29902117454,0,15.1325007837,3783.12519593,15.1325007837,0,4
east,east_0079,39500,0.229281937112,87398.4633561,3159070.13762,native,0,1.61898850618e-05,31.620415233,topo-bathy.tt3,30,30,30,3,gmrt_shore_blend,blend to GMRT,54,unknown,mixed_blend,2,43.7306260454,false,unknown,43.7306260454,46.4320559972,113.399168984,311.876971917,447.608049872,656.158483365,55.0408163791,60.4664683941,71.3177724239,101.356683894,120.368808144,0.439852155491,23.7423972006,0.793911211731,38.4464548953,0.27146215591,15.1876294576,0.208550433493,11.7802099119,5.42565201494,10.8513040299,30.03891147,19.0121242501,-30.949399964,0,46.7250665178,0,17521.8999442,46.7250665178,0,4
east,east_0080,40000,0.232184240114,87790.4694823,3159256.74361,native,0,0.000466992639776,36.0970509646,topo-bathy.tt3,30,30,30,1,copernicus_a2_land_core,land/a2 core,30,false,high,1,30.9222222222,false,false,30.9222222222,109.856787039,188.401658962,183.637507086,384.737575574,629.28324615,4.17900030866,8.16691227547,16.1427362091,40.07020801,89.6040637955,0.754564973662,37.0369255658,0.019056607504,1.09173103901,0.402200136976,21.9099981486,0.244545670576,13.7417409905,3.98791196681,7.97582393363,23.9274718009,49.5338557855,63.4247310417,68.6032854882,0,0,18477.5119258,68.6032854882,150,3
east,east_0081,40500,0.235086543115,88072.5387368,3159561.6287,native,0,0.000935326670803,58.3771225558,topo-bathy.tt3,30,30,30,1,copernicus_a2_land_core,land/a2 core,30,false,high,1,43.7306260454,false,false,43.7306260454,42.3467608372,149.720219125,177.159428587,384.065666834,632.334140469,51.2290114997,57.7584918893,70.8174526685,105.882846276,144.31654834,0.586863689837,30.4071251342,0.109756837848,6.2635325248,0.413812476494,22.4803821112,0.248268473635,13.9428321729,6.5294803896,13.0589607792,35.0653936076,38.4337020639,-4.08529516,29.9218456507,-6.47807849941,-0.671908740679,5984.36913014,29.9218456507,0,1
east,east_0082,41000,0.237988846116,88184.9146842,3159897.33188,native,0,0.000482371208348,89.6873216676,topo-bathy.tt3,30,30,30,1,copernicus_a2_land_core,land/a2 core,30,false,high,1,30.9222222222,false,false,30.9222222222,8.4600044415,119.798373474,161.394112045,361.035454296,605.801984704,0,0,34.4879292825,171.783310226,221.974387676,0.436774493457,23.5944781863,0.166382954286,9.44650529716,0.399282684502,21.7659704228,0.244766530408,13.7536806586,0,34.4879292825,137.295380943,50.1910774501,-101.396782597,-21.86460354,-22.2433950407,-23.7021212778,0,0,0,0
east,east_0083,41500,0.240891149118,88076.9146172,3160363.46548,native,0,-0.000427204762851,86.0149569528,topo-bathy.tt3,30,30,30,3,gmrt_shore_blend,blend to GMRT,54,unknown,mixed_blend,2,61.8444444444,false,unknown,61.8444444444,193.555700026,97.296748545,284.625776832,481.808679295,663.558583588,1.75707894819,5.85175102505,14.0410951788,38.6091276399,63.9188747872,0.377769263603,20.6950238322,0.749316113147,36.8448117612,0.394365804926,21.5225806581,0.181749904293,10.3010595937,4.09467207686,8.18934415372,24.5680324612,25.3097471473,65.8421401567,-44.366228469,104.293510467,0,44048.226937,104.293510467,0,4
east,east_0084,42000,0.243793452119,88246.6608816,3160783.6686,native,0,-0.000455156081112,65.2102917684,topo-bathy.tt3,30,30,30,3,gmrt_shore_blend,blend to GMRT,54,unknown,mixed_blend,2,43.7306260454,false,unknown,43.7306260454,156.079883307,141.662977014,359.926149037,533.962129424,730.498789967,6.4327587345,10.8912905222,19.8083540976,46.5595448239,72.5694555008,0.575507859031,29.9207650932,0.873052688091,41.1226725019,0.348071960774,19.1915741908,0.196536660543,11.1190033876,4.45853178771,8.91706357543,26.7511907263,26.0099106769,28.3663234377,15.5611065051,156.059779749,52.1534501292,76800.4754969,156.059779749,900,4
east,east_0085,42500,0.246695755121,88473.9484739,3161223.13098,native,0,-0.000162698027207,59.9364344854,topo-bathy.tt3,30,30,30,3,gmrt_shore_blend,blend to GMRT,54,unknown,mixed_blend,2,87.4612520908,false,unknown,87.4612520908,127.71355987,189.576913142,180.332266364,514.638155697,667.242916608,4.25556040949,9.671718276,20.504034009,51.7210863175,82.7831775172,0.754021967084,37.0170958618,0.0369785871091,2.11775204283,0.668611778666,33.7671536892,0.152604760911,8.67666730032,5.41615786652,10.832315733,31.2170523085,31.0620911997,0,47.9139361277,-23.5341029236,32.8294764026,17790.1563262,47.9139361277,0,3
east,east_0086,43000,0.249598058122,88724.4684034,3161609.1392,native,0,-0.000131201497205,55.8883814744,topo-bathy.tt3,30,30,30,3,gmrt_shore_blend,blend to GMRT,54,unknown,mixed_blend,2,43.7306260454,false,unknown,43.7306260454,117.474128151,126.101870509,203.866369288,389.918230709,592.652658228,0.397146220154,4.05110180204,11.3590129658,33.2827464571,80.4095427926,0.486581269928,25.946686712,0.311057995116,17.2787235764,0.372103722842,20.4104213179,0.202734427519,11.4604982945,3.65395558189,7.30791116377,21.9237334913,47.1267963355,0,-15.5611065051,23.5341029236,0,8825.28859634,23.5341029236,0,3
east,east_0087,43500,0.252500361124,88999.4233599,3161998.91524,native,0,0.000234868557111,52.4191424297,topo-bathy.tt3,30,30,30,3,gmrt_shore_blend,blend to GMRT,54,unknown,mixed_blend,2,43.7306260454,false,unknown,43.7306260454,110.350996668,167.341138416,123.043741726,317.022500553,591.710718374,0,4.35986287981,14.0252800792,43.0215316772,90.2589780013,0.64740769775,32.9193305028,0.177189586761,10.0479262987,0.387957517655,21.2041375251,0.274688217821,15.3596420899,4.35986287981,9.66541719936,28.9962515981,47.2374463241,0,41.2392679068,-16.5238579911,0,8247.85358137,41.2392679068,0,3
east,east_0088,44000,0.255402664125,89305.3075392,3162363.89568,native,0,0.000636529180938,69.3453585372,topo-bathy.tt3,30,30,30,3,gmrt_shore_blend,blend to GMRT,54,unknown,mixed_blend,2,87.4612520908,false,unknown,87.4612520908,55.0618219392,107.282382696,139.567599717,271.83005331,558.459921004,8.55250098408,17.2992017502,34.7926032823,90.4018011239,231.231727425,0.428685478136,23.2041108611,0.129140868082,7.35850026083,0.264524907186,14.8167894033,0.286629867694,15.9938839771,8.74670076608,17.4934015322,55.6091978416,140.829926301,0,-18.8194878127,16.5238579911,-45.1924472432,6196.44674665,16.5238579911,0,2
east,east_0089,44500,0.258304967126,89312.4984504,3162829.43225,native,0,0.000366172730572,88.8895780344,topo-bathy.tt3,30,30,30,3,gmrt_shore_blend,blend to GMRT,54,unknown,mixed_blend,2,69.1441909042,false,unknown,69.1441909042,41.5293069674,118.154872759,119.610280316,311.451521494,547.698350663,33.8338946165,52.9680089182,67.8849213421,115.94245612,215.273011629,0.477820460102,25.5394253806,0.00582163022803,0.333551073817,0.383682482356,20.9909331768,0.236246829169,13.2922317203,19.1341143017,14.9169124239,48.0575347779,99.3305555093,-13.5325149718,-8.22286878414,-1.77054924672,-5.57097905925,0,0,0,0
east,east_0090,45000,0.261207270128,89324.017333,3163329.16658,native,0,-5.62191539127e-05,90.3255105717,topo-bathy.tt3,30,30,30,3,gmrt_shore_blend,blend to GMRT,54,unknown,mixed_blend,2,61.8444444444,false,unknown,61.8444444444,49.1410237912,126.377741543,115.622868321,345.222730386,626.698849863,9.48975283779,18.3502988811,36.0713909676,102.016128841,205.693642972,0.506931210005,26.8818728203,0.0430194928874,2.46331652757,0.45919972413,24.6645742036,0.281476119477,15.7206431198,8.86054604328,17.7210920866,65.9447378732,103.677514132,-2.04202858423,0,-3.98741199473,0,0,0,0,2
east,east_0091,45500,0.264109573129,89306.8531976,3163823.08871,native,0,-3.41760463274e-05,85.6684577874,topo-bathy.tt3,30,30,30,1,copernicus_a2_land_core,land/a2 core,30,false,high,1,30.9222222222,false,false,30.9222222222,64.7633749697,150.978221539,121.380829562,459.376188569,752.51489542,7.56034580105,14.8701246473,29.4896823399,75.9820193664,160.702946521,0.604598452603,31.1570929273,0.118389567909,6.75179503506,0.675990718014,34.0583283571,0.293138706851,16.3379032179,7.30977884628,14.6195576926,46.4923370265,84.7209271545,13.5803225942,15.3161974277,1.77054924672,42.3518801208,15333.6896778,42.3518801208,900,4
east,east_0092,46000,0.267011876131,89397.8550411,3164303.99865,native,0,0.000203935585076,88.3673673567,topo-bathy.tt3,30,30,30,3,gmrt_shore_blend,blend to GMRT,54,unknown,mixed_blend,2,30.9222222222,false,unknown,30.9222222222,51.1830523755,135.662024112,107.268626374,417.024308448,752.079699037,8.05123006726,16.9365295543,34.7071285283,97.3800001983,193.620131773,0.540770682138,28.4032229775,0.113573590951,6.47952290968,0.619511364148,31.778685362,0.335055390588,18.5237028515,8.88529948703,17.7705989741,62.67287167,96.2401315749,-13.5803225942,0,-14.1122031881,-42.3518801208,0,0,0,2
east,east_0093,46500,0.269914179132,89334.5139828,3164793.55644,native,0,0.00024765706903,97.3531061048,topo-bathy.tt3,30,30,30,3,gmrt_shore_blend,blend to GMRT,54,unknown,mixed_blend,2,30.9222222222,false,unknown,30.9222222222,96.7545045152,197.847243561,180.161155551,463.749073152,751.491813059,1.30873711477,5.49681904491,13.8729829052,39.001474486,104.421310068,0.777638790446,37.8700215139,0.070744352043,4.04661100571,0.567175835202,29.5608597642,0.287742739907,16.0527886349,4.18808193014,8.37616386028,25.1284915808,65.419835582,2.58984681404,57.0795060404,0,0,11610.1397191,57.0795060404,150,4
east,east_0094,47000,0.272816482134,89271.3152218,3165284.58425,native,0,0.000106121007206,102.557072179,topo-bathy.tt3,30,30,30,1,copernicus_a2_land_core,land/a2 core,30,false,high,1,30.9222222222,false,false,30.9222222222,94.1646577011,76.2656568256,251.405131042,521.062249402,732.58939892,5.35571815891,8.99413976676,16.2709829825,38.1015126295,109.150660584,0.314502415959,17.4584876573,0.700557896867,35.0134676875,0.53931423672,28.3386168984,0.211527149518,11.9435568166,3.63842160785,7.27684321569,21.8305296471,71.0491479542,-2.58984681404,-59.3963672863,4.34058839562,57.3131762502,15956.0147109,57.3131762502,500,4
east,east_0095,47500,0.275718785135,89120.1055452,3165756.15178,native,0,-5.96512583476e-05,103.433391935,topo-bathy.tt3,30,30,30,1,copernicus_a2_land_core,land/a2 core,30,false,high,1,30.9222222222,false,false,30.9222222222,118.302160824,140.767737521,338.514958581,501.238420808,729.713521418,0,1.10872234424,6.80225527734,23.8828540766,59.2026251615,0.530860295345,27.9620577807,0.79098888424,38.3436051233,0.325446924453,18.027319114,0.228475100611,12.8697562968,1.10872234424,5.69353293309,17.0805987993,35.3197710849,0,0,87.1098275386,37.4893476557,42038.5222409,87.1098275386,500,4
east,east_0096,48000,0.278621088136,89043.9054693,3166236.68877,native,0,-4.84959847888e-05,99.1393068328,topo-bathy.tt3,30,30,30,3,gmrt_shore_blend,blend to GMRT,54,unknown,mixed_blend,2,30.9222222222,false,unknown,30.9222222222,133.390192623,120.083422493,247.064542647,438.488517761,702.890691525,0.208824335709,3.02092071703,8.64511347968,25.5176917676,58.1154981337,0.461818876162,24.7883842828,0.507924480616,26.9271300622,0.382847950228,20.9492421037,0.264402173765,14.810216978,2.81209638132,5.62419276265,16.8725782879,32.597806366,15.0880317996,-20.6843150283,-34.2840267958,-62.749903047,1131.60238497,15.0880317996,0,1
east,east_0097,48500,0.281523391138,88970.3047659,3166687.29838,native,0,0.000167963308432,100.654776684,topo-bathy.tt3,30,30,30,1,copernicus_a2_land_core,land/a2 core,30,false,high,1,43.7306260454,false,false,43.7306260454,142.564225561,146.301354852,281.348569443,443.21126657,692.916305957,1.05678492389,3.35463642015,7.95033941266,21.7374483902,44.7159633528,0.574403445699,29.8732080069,0.540188858363,28.3774234478,0.323725394255,17.9380841658,0.249705039387,14.0203364836,2.29785149626,4.59570299251,13.7871089775,22.9785149626,24.2620647378,0,-57.1663891384,-58.0271542375,1819.65485534,24.2620647378,0,2
east,east_0098,49000,0.284425694139,88867.9001312,3167172.21755,native,0,0.000178240858774,108.762895519,topo-bathy.tt3,30,30,30,3,gmrt_shore_blend,blend to GMRT,54,unknown,mixed_blend,2,30.9222222222,false,unknown,30.9222222222,115.183218257,173.890948256,349.973998312,502.170872304,695.605397551,1.64470935456,5.23600811872,12.418605647,33.966398232,82.287580092,0.684723205608,34.4003477623,0.704332200224,35.1582698184,0.304393747984,16.9299211099,0.193434525247,10.94777427,3.59129876416,7.18259752832,21.5477925849,48.32118186,-4.8441189641,14.8984204422,0,0,2979.68408843,14.8984204422,0,3
east,east_0099,49500,0.287327997141,88653.1513745,3167620.91174,native,0,6.69292849951e-05,110.867225628,topo-bathy.tt3,30,30,30,1,copernicus_a2_land_core,land/a2 core,30,false,high,1,30.9222222222,false,false,30.9222222222,95.9806870551,191.590919099,376.666627053,610.957720297,739.028472243,3.86657141968,6.87197352209,12.8827777269,30.9151903414,111.025211826,0.772094485704,37.6715324593,0.740302831815,36.5126510408,0.468582186489,25.1069514586,0.128070751946,7.29818471427,3.00540210241,6.01080420482,18.0324126145,80.1100214846,-19.2025312023,17.6999708425,0,0,3539.9941685,17.6999708425,0,3
east,east_0100,50000,0.290230300142,88524.8653398,3168072.08106,native,0,-0.000181929360831,112.597661075,topo-bathy.tt3,30,30,30,1,copernicus_a2_land_core,land/a2 core,30,false,high,1,30.9222222222,false,false,30.9222222222,120.027337221,158.992527814,487.491896823,724.499958326,785.639061849,0,1.71614325807,8.72512564899,29.7520728218,75.6588198662,0.605764076556,31.2059753492,1.31399747604,52.7275419831,0.474016123006,25.361706082,0.0611391035229,3.49865761624,1.71614325807,7.00898239093,21.0269471728,45.9067470445,4.8441189641,-32.5983912847,0,0,363.308922307,4.8441189641,0,1
east,east_0101,50500,0.293132603143,88295.7577842,3168479.5935,native,0,-0.000458776473062,100.443441083,topo-bathy.tt3,30,30,30,1,copernicus_a2_land_core,land/a2 core,30,false,high,1,30.9222222222,false,false,30.9222222222,90.1625942145,362.021942509,704.856104077,873.823602229,898.77915967,8.20081022854,12.4783196165,21.0333383923,46.69839472,105.825883465,1.46643162617,55.708848879,1.37133664627,53.8998876783,0.337934996303,18.6719106247,0.0249555574416,1.4295514008,4.27750938794,8.55501877587,25.6650563276,59.1274887455,-29.8647430069,170.43102341,217.364207254,18.5262265164,120229.339031,217.364207254,750,4
east,east_0102,51000,0.296034906145,88358.9961824,3168971.9877,native,0,-0.000148793646673,86.3117054286,topo-bathy.tt3,30,30,30,3,gmrt_shore_blend,blend to GMRT,54,unknown,mixed_blend,2,30.9222222222,false,unknown,30.9222222222,131.865735352,259.489726626,585.001039339,855.297375712,1016.70667536,2.29874145496,4.98562139395,10.3593812719,26.4806609059,58.1800528928,1.03506976748,45.9872638421,1.30204525085,52.4749278624,0.540592672746,28.3953309266,0.161409299653,9.16899096362,2.68687993899,5.37375987798,16.1212796339,31.6993919869,0,12.2206492893,9.72302992928,0,6090.26608134,12.2206492893,250,4
east,east_0103,51500,0.298937209146,88359.6404351,3169470.60683,native,0,2.10437339077e-05,91.9181931103,topo-bathy.tt3,30,30,30,1,copernicus_a2_land_core,land/a2 core,30,false,high,1,30.9222222222,false,false,30.9222222222,163.923925755,153.212718978,432.684509537,868.956769683,1028.14030384,1.5126616253,3.27334439652,6.79470993896,17.3588065663,34.9656342785,0.610033546748,31.3845918715,1.11788716224,48.1859459249,0.872544520292,41.1061460835,0.159183534155,9.04465874952,1.76068277122,3.52136554244,10.5640966273,17.6068277122,18.7860761046,-106.277007648,-152.316529802,13.6593939704,4823.80420045,18.7860761046,0,3
east,east_0104,52000,0.301839512148,88326.1784884,3169951.87487,native,0,-0.000254118156535,87.5174225667,topo-bathy.tt3,30,30,30,3,gmrt_shore_blend,blend to GMRT,54,unknown,mixed_blend,2,30.9222222222,false,unknown,30.9222222222,145.13784965,247.269077337,575.27800941,787.031718658,1034.52313872,0,0,1.7017809084,10.6492076813,25.5615856361,0.931900045624,42.9811455218,1.31203572829,52.6862793668,0.423507418496,22.9530180657,0.247491420064,13.9008875495,0,1.7017809084,8.94742677287,14.9123779548,0,-12.1842217388,0,0,0,0,0,3
east,east_0105,52500,0.304741815149,88401.5159322,3170436.45287,native,0,-0.000300630546447,77.3582952432,topo-bathy.tt3,30,30,30,1,copernicus_a2_land_core,land/a2 core,30,false,high,1,30.9222222222,false,false,30.9222222222,150.933952441,289.6053996,591.339927022,714.654133747,816.125858554,0,0,2.62454272692,10.8411694202,24.5355472423,1.11675182064,48.1570141499,1.20693810969,50.3567942881,0.246628413451,13.8542854426,0.101471724807,5.79406964733,0,2.62454272692,8.21662669325,13.6943778221,5.79610279033,42.3363222629,158.655417485,0,68397.7537188,158.655417485,400,4
east,east_0106,53000,0.307644118151,88538.8815358,3170900.21064,native,0,-0.000127646598848,70.2925610626,topo-bathy.tt3,30,30,30,2,ribot_gmrt_shore_blend,blend to Ribot,30,partial,mixed_blend,2,43.7306260454,false,partial,43.7306260454,116.996028128,259.453299076,419.441093453,606.008290557,665.131033333,3.80073112271,6.87175658855,13.0138075202,31.4399603152,76.8937846803,1.04256539172,46.1938243761,0.639951177509,32.6172585474,0.373134394208,20.4622748353,0.0591227427758,3.38354491012,3.07102546583,6.14205093167,18.426152795,45.4538243651,-24.4847201582,12.1842217388,0,0,2436.84434776,12.1842217388,0,1
east,east_0107,53500,0.310546421152,88730.0604989,3171353.66701,native,0,0.000136475787681,70.04468386,topo-bathy.tt3,30,30,30,1,copernicus_a2_land_core,land/a2 core,30,false,high,1,30.9222222222,false,false,30.9222222222,135.652442818,114.422607652,265.850686471,497.913055285,618.548235117,1.1351618542,3.96760697542,9.63249721787,26.6271679452,59.8448243639,0.445705850541,24.0228125972,0.605712315274,31.2038057229,0.464124737629,24.897180667,0.120635179832,6.87864721439,2.83244512122,5.66489024244,16.9946707273,33.2176564187,0,0,-7.77765360406,0,0,0,0,0
east,east_0108,54000,0.313448724153,88871.1421165,3171815.30899,native,0,0.00041819591829,78.1120477025,topo-bathy.tt3,30,30,30,3,gmrt_shore_blend,blend to GMRT,54,unknown,mixed_blend,2,30.9222222222,false,unknown,30.9222222222,141.480748286,109.133727731,273.628340075,459.360321542,617.57926294,2.54973275081,5.11607607719,10.2487627299,25.6468226882,52.898664983,0.436405461558,23.5767192595,0.657978449377,33.344054712,0.371463962934,20.3782171411,0.158218941398,8.99074942414,2.56634332638,5.13268665276,15.3980599583,27.2518422947,24.4847201582,-5.28887992154,0,-38.5527337434,1836.35401187,24.4847201582,0,3
east,east_0109,54500,0.316351027155,88930.3905891,3172305.29308,native,0,0.000479891433587,94.0055449877,topo-bathy.tt3,30,30,30,3,gmrt_shore_blend,blend to GMRT,54,unknown,mixed_blend,2,43.7306260454,false,unknown,43.7306260454,88.3667239006,113.422462413,220.371792847,459.734679389,610.37493495,3.09298425267,9.86723902852,23.4157485802,60.6456324897,121.447428016,0.442821434911,23.8847894432,0.427797321735,23.1611093297,0.478725773085,25.5816396765,0.15064025556,8.56663895119,6.77425477585,13.5485095517,37.2298839095,60.8017955265,-14.6940988519,0,-45.4788936239,-14.1017168592,0,0,0,0
east,east_0110,55000,0.319253330156,88804.2321758,3172770.8368,native,0,0.000289671529286,105.607801471,topo-bathy.tt3,30,30,30,1,copernicus_a2_land_core,land/a2 core,30,false,high,1,43.7306260454,false,false,43.7306260454,103.060822753,120.821186577,304.802143512,502.828706403,622.912475975,1.37368983052,4.58242670882,10.9999004654,30.2523217352,93.1338097446,0.471846930637,25.2601377318,0.735923827738,36.3502373138,0.396053125782,21.6061969418,0.120083769573,6.84750487496,3.20873687829,6.41747375659,19.2524212698,62.8814880094,14.6940988519,11.6874588468,46.3414907253,43.0940270135,31591.1149586,46.3414907253,900,4
east,east_0111,55500,0.322155633158,88666.6214902,3173249.51145,native,0,6.43519943477e-05,110.602501061,topo-bathy.tt3,30,30,30,1,copernicus_a2_land_core,land/a2 core,30,false,high,1,30.9222222222,false,false,30.9222222222,87.1751894551,87.0104455414,258.460652787,473.836396249,659.497603851,3.11406311785,6.88136476864,14.4159680702,37.019777975,143.966166535,0.344573843607,19.0126116341,0.68580082898,34.4423618771,0.430751486924,23.3040330101,0.185661207603,10.5178445258,3.76730165079,7.53460330158,22.6038099048,106.94638856,-1.02791664761,0,38.0888599398,14.1017168592,17808.7516922,38.0888599398,500,4
east,east_0112,56000,0.325057936159,88455.0780105,3173699.6233,native,0,-8.34855244862e-05,109.294899151,topo-bathy.tt3,30,30,30,1,copernicus_a2_land_core,land/a2 core,30,false,high,1,43.7306260454,false,false,43.7306260454,88.2031061027,68.3610319227,202.161635351,402.847147195,693.166814552,7.77778829281,11.6782570827,19.4791946623,42.8820074014,327.548099727,0.293325427667,16.3477544721,0.535202413715,28.1557971135,0.401371023687,21.869096309,0.290319667357,16.1890523132,3.90046878984,7.80093757968,23.402812739,284.666092326,1.02791664761,-18.6494136188,-11.7432470257,0,77.0937485709,1.02791664761,0,1
east,east_0113,56500,0.327960239161,88343.1148239,3174173.56519,native,0,-6.31179040126e-05,105.819132857,topo-bathy.tt3,30,30,30,1,copernicus_a2_land_core,land/a2 core,30,false,high,1,30.9222222222,false,false,30.9222222222,85.7866125505,76.3210102677,187.760852066,379.767083623,689.200225381,14.2794121898,23.5055721307,41.9578920124,70.8712305337,138.973790094,0.316238224136,17.548945345,0.445759367193,24.0253706482,0.384012463114,21.0074117473,0.309433141758,17.1938004008,9.22615994087,18.4523198817,28.9133385212,68.1025595599,-1.38857690464,-1.6530131675,-26.144030311,0,0,0,0,0
east,east_0114,57000,0.330862542162,88189.4329369,3174637.19796,native,0,-0.000236161499701,105.678509639,topo-bathy.tt3,30,30,30,1,copernicus_a2_land_core,land/a2 core,30,false,high,1,30.9222222222,false,false,30.9222222222,84.9849770974,97.6194992676,213.904882377,351.570087236,656.082991478,1.38767573593,5.11273013226,12.5628389249,34.9131653029,254.601939734,0.377928496249,20.7030073812,0.465141532438,24.9450948203,0.275330409718,15.3938498382,0.304512904242,16.936169121,3.72505439633,7.45010879267,22.350326378,219.688774431,-0.801635453039,19.6454758324,9.52887888324,-26.8161298946,7502.4247477,19.6454758324,250,4
east,east_0115,57500,0.333764845163,88078.5356799,3175116.19253,native,0,-0.000146325999533,92.288075641,topo-bathy.tt3,30,30,30,1,copernicus_a2_land_core,land/a2 core,30,false,high,1,30.9222222222,false,false,30.9222222222,105.722580061,77.9740234352,228.838291042,378.386217131,643.191671109,3.7095646267,8.94114690382,19.404311458,50.6716091011,94.9340883734,0.306077518901,17.0181718487,0.603457070427,31.1091782084,0.299095852177,16.6517059432,0.264805453979,14.8318113016,5.23158227712,10.4631645542,31.267297643,44.2624792724,20.7376029635,-19.6454758324,14.933408665,0,7155.34847163,20.7376029635,0,4
east,east_0116,58000,0.336667148165,88152.0111316,3175573.78046,native,0,0.0002301632854,97.294647433,topo-bathy.tt3,30,30,30,1,copernicus_a2_land_core,land/a2 core,30,false,high,1,30.9222222222,false,false,30.9222222222,75.986282823,120.237251517,204.376003494,376.281617458,611.411968087,3.85279979553,8.37219994324,17.4110002387,44.5274011249,173.735272307,0.477999055497,25.5477555509,0.336555007908,18.6009174697,0.343811227928,18.9735451261,0.235130350629,13.231628663,4.51940014771,9.03880029542,27.1164008863,129.207871182,0,22.6177522492,-9.52887888324,0,4523.55044984,22.6177522492,0,1
east,east_0117,58500,0.339569451166,87962.1353089,3176025.51358,native,0,0.000159869164505,105.475460493,topo-bathy.tt3,30,30,30,1,copernicus_a2_land_core,land/a2 core,30,false,high,1,30.9222222222,false,false,30.9222222222,56.1972051416,114.156368766,228.115579385,395.809682691,611.487700281,0,4.3926921242,19.5120969864,80.6729369689,210.005353043,0.428246811128,23.1828755418,0.455836842475,24.5052463128,0.335388206611,18.5408454307,0.21567801759,12.1710061511,4.3926921242,15.1194048622,61.1608399825,129.332416074,0,26.2222757176,23.7395758914,19.528065233,19028.812411,26.2222757176,750,4
east,east_0118,59000,0.342471754168,87890.508621,3176518.29875,native,0,0.000151727742575,106.454475833,topo-bathy.tt3,30,30,30,1,copernicus_a2_land_core,land/a2 core,30,false,high,1,30.9222222222,false,false,30.9222222222,42.5094453101,87.9340930487,132.543788569,333.169992161,553.265706489,13.0498726902,21.0432605517,37.0300362748,126.644411563,283.835280481,0.36438804109,20.0211354481,0.178438782082,10.1173062628,0.401252407183,21.8632427982,0.220095714329,12.4126492761,7.99338786153,15.9867757231,89.6143752881,157.190868918,-9.52198739793,-7.81497840718,-1.04161084536,-12.7779234888,0,0,0,0
east,east_0119,59500,0.345374057169,87687.570746,3176955.13974,native,0,0.000346221699469,114.168819778,topo-bathy.tt3,30,30,30,1,copernicus_a2_land_core,land/a2 core,30,false,high,1,30.9222222222,false,false,30.9222222222,44.7019003339,74.5104937302,133.585399414,345.94791565,552.787093928,2.41594757946,10.13703818,25.5792193811,129.622778509,424.160991382,0.284300022403,15.8704521986,0.236299622737,13.2950966349,0.42472503247,23.0121465023,0.206839178279,11.686216822,7.72109060055,15.4421812011,104.043559128,294.538212873,-7.32953237416,-21.2385777257,0,0,0,0,0,0
east,east_0120,60000,0.34827636017,87496.6581978,3177395.93274,native,0,0.000133667377529,126.291517989,topo-bathy.tt3,30,30,30,1,copernicus_a2_land_core,land/a2 core,30,false,high,1,43.7306260454,false,false,43.7306260454,52.031432708,95.7490714559,117.719059403,273.077877421,538.18774472,7.34366444519,14.0389096992,27.4294002072,93.3069729872,267.147022248,0.384933240085,21.053374234,0.0878799517879,5.02224811027,0.310717636037,17.2609411329,0.265109867299,14.8481087755,6.69524525402,13.390490508,65.87757278,173.84004926,0,7.81497840718,-15.8663400116,-72.8700382283,1562.99568144,7.81497840718,0,3
east,east_0121,60500,0.351178663172,87122.1720156,3177725.07571,native,0,-0.000713687946126,121.827396369,topo-bathy.tt3,30,30,30,1,copernicus_a2_land_core,land/a2 core,30,false,high,1,30.9222222222,false,false,30.9222222222,59.4148774873,96.836624958,158.464138106,359.637092515,583.477227664,2.438687664,8.18316040185,19.6721058776,63.8373927038,259.739781744,0.375837053362,20.5980804385,0.246510052592,13.8478925309,0.402345908819,21.9171869434,0.223840135148,12.6171146328,5.74447273785,11.4889454757,44.1652868262,195.902389041,4.60274248777,1.08755350213,24.8787386916,0,9892.24339636,24.8787386916,400,4
east,east_0122,61000,0.354080966173,87027.9281159,3178151.11046,native,0,-0.000791659100529,85.4002107864,topo-bathy.tt3,30,30,30,3,gmrt_shore_blend,blend to GMRT,54,unknown,mixed_blend,2,97.7846525361,false,unknown,97.7846525361,80.5392055822,62.4377589833,186.728403486,421.155071984,778.840524772,0,6.23171377884,19.9584689057,60.4965245899,172.666275476,0.227910356825,12.8390003816,0.497162578012,26.4348457782,0.468853336996,25.1196888745,0.357685452788,19.6813909668,6.23171377884,13.7267551269,40.5380556841,112.169750886,21.1243280949,-33.3113124726,28.2642653801,39.636406986,22092.5258712,39.636406986,500,4
east,east_0123,61500,0.356983269175,87192.046879,3178593.57855,native,0,-0.000137676701788,76.4686710955,topo-bathy.tt3,30,30,30,1,copernicus_a2_land_core,land/a2 core,30,false,high,1,30.9222222222,false,false,30.9222222222,54.8121349995,115.875072908,123.978006557,381.518664998,711.501523172,6.18348720247,12.3622581042,24.7197999076,83.2386208056,216.320270345,0.463515557776,24.8684566133,0.0324117345965,1.85640571697,0.515081316883,27.252149744,0.329982858174,18.2620042363,6.1787709017,12.3575418034,58.518820898,133.08164954,-19.7405133373,31.7528897545,-45.3298337742,-39.636406986,6350.5779509,31.7528897545,0,3
east,east_0124,62000,0.359885572176,87243.974554,3179048.84586,native,0,-0.000195073934965,77.5119168367,topo-bathy.tt3,30,30,30,3,gmrt_shore_blend,blend to GMRT,54,unknown,mixed_blend,2,30.9222222222,false,unknown,30.9222222222,74.5526483368,84.1221831531,169.307840331,473.235231697,742.208014998,8.57761201597,17.6665216949,35.8443410526,73.7490873016,155.396991295,0.335363630304,18.5395796799,0.340742628712,18.8161650408,0.607854782731,31.2935262148,0.268972783301,15.054704788,9.08890967888,18.1778193578,37.904746249,81.6479039929,-5.98655724539,0,-17.4205631553,32.6911953354,8172.79883384,32.6911953354,0,4
east,east_0125,62500,0.362787875178,87394.509912,3179507.73002,native,0,-0.000368802418956,65.2917579289,topo-bathy.tt3,30,30,30,1,copernicus_a2_land_core,land/a2 core,30,false,high,1,43.7306260454,false,false,43.7306260454,102.949722338,72.4790981345,245.56637997,487.60800106,738.54641079,4.3757265835,9.34842610866,19.293825159,49.13002231,97.1678116872,0.287515391075,16.0407578213,0.692349127342,34.6967583596,0.484083242181,25.8308462085,0.25093840973,14.0868364409,4.97269952516,9.94539905033,29.836197151,48.0377893772,0,-43.3959747731,46.684407056,16.5419905371,21642.1502803,46.684407056,500,4
east,east_0126,63000,0.365690178179,87634.6859075,3179897.99149,native,0,-0.00011320901286,56.3810947563,topo-bathy.tt3,30,30,30,3,gmrt_shore_blend,blend to GMRT,54,unknown,mixed_blend,2,30.9222222222,false,unknown,30.9222222222,106.891891081,177.605967085,221.946668013,440.544036361,722.667377136,15.7885661772,26.1846011942,46.976671228,66.7056722867,95.9667208126,0.720798075721,35.7839906978,0.177362803711,10.0575485033,0.437194736697,23.6146957031,0.282123340775,15.7549980086,10.3960350169,20.7920700339,19.7290010587,29.2610485259,3.18015962276,1.07000157692,23.0646950988,-30.5219741621,9101.77294915,23.0646950988,400,3
east,east_0127,63500,0.36859248118,87913.4434297,3180288.22891,native,0,4.70826838651e-05,58.8053592892,topo-bathy.tt3,30,30,30,1,copernicus_a2_land_core,land/a2 core,30,false,high,1,30.9222222222,false,false,30.9222222222,116.809036111,189.725248337,198.881972914,471.066010523,764.547781158,2.5276066026,5.34528742836,10.9806490799,27.8867340345,69.5144370613,0.756842036064,37.1199674446,0.0366268983058,2.09762901438,0.544368075219,28.5624615176,0.293481770634,16.3560022488,2.81768082577,5.63536165153,16.9060849546,41.6277030268,13.0973046519,13.1892828293,0,30.5219741621,11250.6479553,30.5219741621,150,4
east,east_0128,64000,0.371494784182,88108.7064781,3180680.85774,native,0,5.14378021886e-05,59.0787338299,topo-bathy.tt3,30,30,30,1,copernicus_a2_land_core,land/a2 core,30,false,high,1,43.7306260454,false,false,43.7306260454,103.711731459,176.535965508,187.221414494,440.135751246,761.707097644,4.64427227156,8.67367522514,16.7324811323,40.9088988538,95.6261331962,0.70919577481,35.3441048096,0.0427417959422,2.44743486713,0.505828673505,26.8315945257,0.321571346398,17.8263029831,4.02940295358,8.05880590716,24.1764177215,54.7172343424,0,0,-10.1320899107,0,0,0,0,2
east,east_0129,64500,0.374397087183,88377.7238026,3181063.33186,native,0,0.000130985664105,61.7525282621,topo-bathy.tt3,30,30,30,3,gmrt_shore_blend,blend to GMRT,54,unknown,mixed_blend,2,69.1441909042,false,unknown,69.1441909042,98.1924451776,153.723915063,197.353504404,382.807006621,699.70933897,0,0.363604673669,9.71815878361,37.7818211134,104.499387084,0.576450430985,29.9613172349,0.174518357365,9.89946724561,0.370907004433,20.3501700594,0.316902332349,17.5835299823,0.363604673669,9.35455410994,28.0636623298,66.7175659703,-5.51928628098,-6.53779513171,0,-5.56328438103,0,0,0,0
east,east_0130,65000,0.377299390185,88546.0884241,3181494.95128,native,0,2.03958165308e-05,66.5836595599,topo-bathy.tt3,30,30,30,1,copernicus_a2_land_core,land/a2 core,30,false,high,1,30.9222222222,false,false,30.9222222222,57.7150351119,153.307245946,188.43763871,346.619068665,859.036429902,7.62940284261,16.7678867585,35.0448545902,86.9380711165,145.544238291,0.609926289186,31.3801129593,0.140521571056,7.99891764972,0.316362859911,17.5554369859,0.512417361237,27.1313895823,9.13848391586,18.2769678317,51.8932165263,58.6061671744,-45.9966963468,-0.41666911705,-8.9158656943,-41.7512223365,0,0,0,0
east,east_0131,65500,0.380201693186,88731.5885329,3181880.42558,native,0,2.06684397065e-05,62.921122469,topo-bathy.tt3,30,30,30,3,gmrt_shore_blend,blend to GMRT,54,unknown,mixed_blend,2,43.7306260454,false,unknown,43.7306260454,103.835896151,160.261710195,218.856400687,388.370291002,754.286875001,3.72330482811,8.70168020361,18.6584309546,48.5286832076,96.3368708227,0.636004751934,32.456554205,0.23437876197,13.1908150334,0.339027780629,18.7280865008,0.365916583999,20.0984108839,4.9783753755,9.95675075099,29.870252253,47.8081876151,5.64345097306,6.95446424876,0,0,1814.15167273,6.95446424876,150,2
east,east_0132,66000,0.383103996187,88963.824913,3182312.02259,native,0,0.000208320360854,67.7678739242,topo-bathy.tt3,30,30,30,3,gmrt_shore_blend,blend to GMRT,54,unknown,mixed_blend,2,43.7306260454,false,unknown,43.7306260454,128.293049915,112.481464989,257.173994686,481.326149491,664.964743841,0,4.22502123414,12.7630027956,38.3769474799,78.128338845,0.429719864914,23.2541575152,0.578770118789,30.0609760303,0.448304309609,24.1468991401,0.18363859435,10.405778319,4.22502123414,8.53798156145,25.6139446844,39.7513913651,24.4571537641,-34.9655247591,0,0,1834.28653231,24.4571537641,0,3
east,east_0133,66500,0.386006299189,89100.489283,3182782.9424,native,0,0.000142059723576,74.8569999326,topo-bathy.tt3,30,30,30,1,copernicus_a2_land_core,land/a2 core,30,false,high,1,30.9222222222,false,false,30.9222222222,75.3158454841,141.816042804,290.509251201,554.483779877,804.360371706,0,0,5.29620765927,21.6312026083,48.85619419,0.526171126564,27.7520495952,0.594772833591,30.7430320095,0.527949057351,27.8317714126,0.249876591829,14.0295884349,0,5.29620765927,16.334994949,27.2249915817,-52.9772044307,0,0,0,0,0,0,2
east,east_0134,67000,0.38890860219,89221.2245432,3183263.14934,native,0,-0.000114411887423,75.9072965239,topo-bathy.tt3,30,30,30,3,gmrt_shore_blend,blend to GMRT,54,unknown,mixed_blend,2,30.9222222222,false,unknown,30.9222222222,170.053613985,147.446989748,332.132328462,611.987587192,963.569924561,0,2.29273872012,9.26820653233,30.194609969,61.7864479188,0.562935399605,29.3767005194,0.738741354855,36.4548150762,0.55971051746,29.2361983108,0.351582337369,19.3707735998,2.29273872012,6.97546781221,20.9264034366,31.5918379498,32.9727690131,33.1559271312,41.6230772605,49.6088261057,37115.0036014,49.6088261057,900,4
east,east_0135,67500,0.391810905192,89339.1850221,3183733.74242,native,0,-0.000410377786442,68.3016816571,topo-bathy.tt3,30,30,30,3,gmrt_shore_blend,blend to GMRT,54,unknown,mixed_blend,2,30.9222222222,false,unknown,30.9222222222,146.450827216,114.291062617,341.831311849,594.284341073,1047.23360857,3.46828624779,6.73573226379,13.2706242958,32.8753003918,66.9369382678,0.458393591248,24.6264178831,0.910160996931,42.3072398814,0.504906058446,26.7894867437,0.452949267499,24.3681145058,3.267446016,6.53489203199,19.604676096,34.0616378761,9.36998224404,-27.5249801868,51.3220606481,31.9055799862,27924.9164079,51.3220606481,500,4
east,east_0136,68000,0.394713208193,89578.5144267,3184161.05588,native,0,-0.000323533239667,52.3943813549,topo-bathy.tt3,30,30,30,3,gmrt_shore_blend,blend to GMRT,54,unknown,mixed_blend,2,43.7306260454,false,unknown,43.7306260454,137.080844972,86.8541917116,236.393628257,562.378761086,977.26384197,5.44876478318,9.22827485827,16.7872950084,39.464355459,74.6518158964,0.356249947206,19.6084385877,0.598157746181,30.8860806768,0.651970265659,33.1031549326,0.414885080884,22.5328328187,3.77951007509,7.55902015018,22.6770604505,35.1874604374,0,-35.0123587795,0,0,0,0,0,1
east,east_0137,68500,0.397615511195,89933.9718262,3184505.93217,native,0,0.000512235894064,49.764592492,topo-bathy.tt3,30,30,30,1,copernicus_a2_land_core,land/a2 core,30,false,high,1,30.9222222222,false,false,30.9222222222,84.3728649986,163.441877477,139.655769946,477.494242773,843.918534866,5.44344865322,11.0167505172,22.1633542452,56.3792327873,130.586686821,0.653301526855,33.1566466582,0.0951444301235,5.43501360749,0.675676945654,34.0459873137,0.366424292093,20.1240611999,5.57330186398,11.146603728,34.2158785422,74.2074540336,-19.2602160015,49.1508148601,-96.7378583109,-56.5121907931,9830.16297203,49.1508148601,0,3
east,east_0138,69000,0.400517814196,90190.4600423,3184884.28868,native,0,0.000819942012682,81.7433361998,topo-bathy.tt3,30,30,30,3,gmrt_shore_blend,blend to GMRT,54,unknown,mixed_blend,2,30.9222222222,false,unknown,30.9222222222,45.9849655526,121.866550491,225.45848265,408.86892062,872.699036197,9.55204910195,19.1827050121,38.4440168324,108.840338468,208.483536176,0.487302959068,25.9801111074,0.414367728637,22.5075390912,0.366820875939,20.1440914695,0.463830115577,24.8832903135,9.63065591016,19.2613118203,70.3963216352,99.6431977084,-57.6481154475,11.6858046449,-10.9351456066,-118.502624748,2337.16092898,11.6858046449,0,1
east,east_0139,69500,0.403420117197,90055.523908,3185343.57624,native,0,-0.000129138774434,96.7438092642,topo-bathy.tt3,30,30,30,3,gmrt_shore_blend,blend to GMRT,54,unknown,mixed_blend,2,30.9222222222,false,unknown,30.9222222222,103.633081,110.180745846,323.0856736,534.006433566,903.19674883,4.03133432113,7.57994855548,14.6771770242,35.9688624303,94.6356499042,0.443443595178,23.9145856297,0.851619711016,40.4183702232,0.421841519932,22.8720367317,0.369190315264,20.2636576856,3.54861423435,7.0972284687,21.2916854061,58.6667874739,0,-11.6858046449,77.952318992,6.63488819787,30890.8416715,77.952318992,500,4
east,east_0140,70000,0.406322420199,90077.4124363,3185840.30804,native,0,-0.000612812439955,74.3442294533,topo-bathy.tt3,30,30,30,3,gmrt_shore_blend,blend to GMRT,54,unknown,mixed_blend,2,30.9222222222,false,unknown,30.9222222222,111.720799807,64.7620656593,266.013342629,527.371545368,1064.41560192,5.87500793944,9.78987821708,17.6196187724,41.1088404382,88.3641824004,0.269062069087,15.0594752468,0.805005107878,38.8342425355,0.522716405479,27.5968068419,0.537044056552,28.2377576964,3.91487027764,7.82974055528,23.4892216659,47.2553419622,0,-57.1044848319,20.8799880205,0,7829.99550769,20.8799880205,0,2
east,east_0141,70500,0.4092247232,90311.5482818,3186257.11845,native,0,-0.000142672566422,61.6322428216,topo-bathy.tt3,30,30,30,3,gmrt_shore_blend,blend to GMRT,54,unknown,mixed_blend,2,30.9222222222,false,unknown,30.9222222222,114.449588716,182.482837097,245.133354608,547.398622438,1043.42875937,4.55649714254,9.32888438549,18.8736588714,47.5079823291,88.3167137887,0.729026601606,36.0930441972,0.250602070043,14.0687057574,0.604530535659,31.1542431585,0.496030136934,26.3827972624,4.77238724295,9.5447744859,28.6343234577,40.8087314596,2.72878890906,0,-20.8799880205,20.0270770696,5211.42843557,20.0270770696,0,4
east,east_0142,71000,0.412127026202,90535.4211413,3186688.51795,native,0,0.000151048502504,66.169693545,topo-bathy.tt3,30,30,30,3,gmrt_shore_blend,blend to GMRT,54,unknown,mixed_blend,2,30.9222222222,false,unknown,30.9222222222,117.177428319,189.457390349,231.769679146,513.332337782,1065.14662817,6.44099790866,9.96862706076,17.023885365,38.1896602776,82.9716240855,0.774346993535,37.7523019736,0.16924915519,9.60622826028,0.563125317271,29.3849628235,0.551814290387,28.8905415647,3.52762915211,7.05525830421,21.1657749126,44.7819638079,2.72783960263,0,-13.3636754618,0,204.587970197,2.72783960263,0,2
east,east_0143,71500,0.415029329203,90704.2631897,3187146.2483,native,0,0.000174808381828,70.2866845169,topo-bathy.tt3,30,30,30,3,gmrt_shore_blend,blend to GMRT,54,unknown,mixed_blend,2,30.9222222222,false,unknown,30.9222222222,105.653630512,193.395862599,269.176936116,454.349309595,1057.1709932,3.63994231524,7.31627742827,14.6689476543,36.7269583326,92.4821999519,0.773385466279,37.7178454566,0.303124294069,16.8633310029,0.370344746959,20.3218458,0.602821683605,31.0824839758,3.67633511304,7.35267022607,22.0580106782,55.7552416193,-11.5237978067,0,24.0435815078,-58.9830281865,9016.34306543,24.0435815078,0,4
east,east_0144,72000,0.417931632205,90865.3382901,3187609.26652,native,0,0.000232563652999,76.1854760472,topo-bathy.tt3,30,30,30,3,gmrt_shore_blend,blend to GMRT,54,unknown,mixed_blend,2,30.9222222222,false,unknown,30.9222222222,129.083938687,232.993071574,213.695764591,365.293300442,1060.27495852,0,1.03135688477,8.82169788702,32.1927208938,74.1364773272,0.897267853636,41.9006084683,0.0771892279285,4.41386467349,0.303195071701,16.867044931,0.69498165808,34.7985918748,1.03135688477,7.79034100226,23.3710230068,41.9437564334,0,39.5972089748,-55.4811715246,-148.03903734,7919.44179496,39.5972089748,0,3
east,east_0145,72500,0.420833935206,90934.4841075,3188082.51536,native,0,-5.54279385173e-05,83.6116003019,topo-bathy.tt3,30,30,30,1,copernicus_a2_land_core,land/a2 core,30,false,high,1,30.9222222222,false,false,30.9222222222,131.783819426,217.21497981,295.239030111,596.097097296,1204.90421819,0,2.10342788215,8.54437539131,27.8672179188,66.4877537071,0.841922766775,40.0947891446,0.312096201204,17.3329446071,0.601716134371,31.0360012493,0.608807120898,31.3333527166,2.10342788215,6.44094750916,19.3228425275,38.6205357883,0,23.8191172115,0,0,4763.8234423,23.8191172115,0,1
east,east_0146,73000,0.423736238207,90971.9091204,3188561.10653,native,0,-0.000152848859575,73.0096891031,topo-bathy.tt3,30,30,30,3,gmrt_shore_blend,blend to GMRT,54,unknown,mixed_blend,2,61.8444444444,false,unknown,61.8444444444,238.792979226,192.93983896,444.365955292,761.886769938,1395.69444921,0,0.485388131199,3.69365563777,13.3184581575,29.3597956903,0.737811072292,36.420317031,1.00570446533,45.1629556658,0.635041629291,32.4172470842,0.633807679272,32.3668368173,0.485388131199,3.20826750657,9.62480251971,16.0413375328,0.440706509904,-24.27514085,44.0941567282,0,16568.3617613,44.0941567282,0,4
east,east_0147,73500,0.426638541209,91212.7644112,3188993.28005,native,0,-0.000304358440844,74.8540057449,topo-bathy.tt3,30,30,30,3,gmrt_shore_blend,blend to GMRT,54,unknown,mixed_blend,2,30.9222222222,false,unknown,30.9222222222,238.352272716,165.401356472,400.271798564,839.819198015,1443.51108929,1.70448206922,3.62095141428,7.45389010441,18.9527061748,38.1173996254,0.659393156995,33.4005849051,0.939481768369,43.2127624932,0.879094798902,41.3185349453,0.603691891277,31.1190398389,1.91646934506,3.83293869012,11.4988160704,19.1646934506,0,-45.2806141548,0,0,0,0,0,2
east,east_0148,74000,0.42954084421,91219.0107452,3189473.99155,native,0,-0.000194076468235,55.5712349836,topo-bathy.tt3,30,30,30,1,copernicus_a2_land_core,land/a2 core,30,false,high,1,30.9222222222,false,false,30.9222222222,316.792855707,283.116454295,670.560241853,999.669419298,1550.51766898,4.25901295087,5.6762441186,8.51070645406,17.0140934604,31.1864051377,1.1725691094,49.5415198582,1.54977515023,57.167671504,0.65821835489,33.3536462518,0.550848249683,28.8480941022,1.41723116773,2.83446233546,8.50338700638,14.1723116773,78.440582991,90.1766153349,226.194286561,143.267038472,144557.98387,226.194286561,900,4
east,east_0149,74500,0.432443147212,91644.7838879,3189623.54956,native,0,0.000934916220359,63.7342432122,topo-bathy.tt3,30,30,30,2,ribot_gmrt_shore_blend,blend to Ribot,30,partial,mixed_blend,2,30.9222222222,false,partial,30.9222222222,109.535427918,210.681970627,326.730808209,856.402380826,1388.71644183,4.88276854665,18.2497215621,44.983627593,66.0414705752,94.5610685797,0.830033614099,39.6938134871,0.464195350331,24.9005093337,1.05934314523,46.6506093695,0.532314061006,28.0270005643,13.3669530154,26.7339060309,21.0578429823,28.5195980044,-98.4863956956,0,-148.011062983,-12.5773493905,0,0,0,0
east,east_0150,75000,0.435345450213,91522.6199509,3190089.22353,native,0,0.000169805580086,109.137988608,topo-bathy.tt3,30,30,30,3,gmrt_shore_blend,blend to GMRT,54,unknown,mixed_blend,2,30.9222222222,false,unknown,30.9222222222,208.021823613,112.361961845,474.741871192,868.979730216,1283.00192657,2.62204629063,4.79058939134,9.12767559276,22.138934197,43.8243652041,0.453630408381,24.4004889682,1.44951963739,55.3988381681,0.788475718048,38.2549213324,0.414022196358,22.4906406106,2.16854310071,4.33708620142,13.0112586043,21.6854310071,0,-98.3200087813,0,-76.8645011667,0,0,0,1
east,east_0151,75500,0.438247753214,91349.4741484,3190474.52804,native,0,-0.000923015118887,73.4633862889,topo-bathy.tt3,30,30,30,1,copernicus_a2_land_core,land/a2 core,30,false,high,1,43.7306260454,false,false,43.7306260454,64.8688459045,356.286611176,990.97348779,1218.7602989,1694.17466652,17.3442524794,23.0302987096,34.4023911699,76.1358918568,132.860223468,1.46615281636,55.7037775901,2.53874750646,68.5007665935,0.455573622212,24.4927582619,0.475414367628,25.4270859444,5.68604623018,11.3720924604,41.7335006869,56.7243316107,-143.152977709,145.604640549,516.231616598,349.78056868,310152.926504,516.231616598,750,4
east,east_0152,76000,0.441150056216,91713.6759855,3190732.70759,native,0,-0.000157352912557,56.2531178695,topo-bathy.tt3,30,30,30,3,gmrt_shore_blend,blend to GMRT,54,unknown,mixed_blend,2,30.9222222222,false,unknown,30.9222222222,225.103320601,112.494620251,461.034393185,945.844231383,1360.65968945,2.38610043506,4.97271519837,10.145944725,25.6656333049,51.156050613,0.448428081377,24.1528037276,1.39415909174,54.348948545,0.969619676395,44.1163135094,0.414815458065,22.5294294477,2.58661476332,5.17322952664,15.5196885799,25.4904173081,17.0814969879,-28.577233276,-13.7074780066,76.8645011667,20497.2375658,76.8645011667,0,4
east,east_0153,76500,0.444052359217,91831.2015988,3191195.56905,native,0,-4.4831382985e-05,64.4477285053,topo-bathy.tt3,30,30,30,3,gmrt_shore_blend,blend to GMRT,54,unknown,mixed_blend,2,30.9222222222,false,unknown,30.9222222222,224.271657665,277.62241015,536.121742503,849.29738695,1344.62855093,2.39811497646,5.4354397663,11.510089346,29.734038085,55.9039290164,1.10628060892,47.8886322595,1.03399732941,45.9575834212,0.626351288893,32.061024473,0.495331163983,26.3506480916,3.03732478984,6.07464957968,18.223948739,26.1698909314,80.0840060306,136.550556623,75.0873493178,0,61474.167771,136.550556623,400,4
east,east_0154,77000,0.446954662219,92126.2391037,3191595.63725,native,0,0.000118879384558,53.6844688347,topo-bathy.tt3,30,30,30,3,gmrt_shore_blend,blend to GMRT,54,unknown,mixed_blend,2,30.9222222222,false,unknown,30.9222222222,144.187651634,141.071853527,423.100855464,737.509300235,1263.15865035,1.11098087867,3.3427829959,7.80638723036,21.1971999337,43.515221106,0.554243322566,28.9971190911,1.12811600775,48.4451401311,0.628816889541,32.1623749217,0.525649350111,27.7286311244,2.23180211723,4.46360423446,13.3908127034,22.3180211723,0,0,-6.58364132836,0,0,0,0,0
east,east_0155,77500,0.44985696522,92399.0549761,3191968.16872,native,0,0.000434679936212,71.2590155116,topo-bathy.tt3,30,30,30,3,gmrt_shore_blend,blend to GMRT,54,unknown,mixed_blend,2,30.9222222222,false,unknown,30.9222222222,130.922154062,108.932753169,316.588367076,687.044930981,1221.70237432,3.76050382239,7.86521572561,16.0746395321,40.7029109514,77.784932922,0.434053876307,23.4634410735,0.830622455629,39.7137834428,0.740913127809,36.5352324944,0.534657443341,28.1315196174,4.10471190322,8.20942380645,24.6282714193,37.0820219706,-13.265497572,-32.1391003581,-106.512488388,-34.1227086308,0,0,0,0
east,east_0156,78000,0.452759268222,92421.3464582,3192465.44511,native,0,-2.32925416303e-05,78.5897946187,topo-bathy.tt3,30,30,30,3,gmrt_shore_blend,blend to GMRT,54,unknown,mixed_blend,2,30.9222222222,false,unknown,30.9222222222,96.0064087717,175.495968122,429.684496792,654.033743463,1303.56669835,0,0,0.456675075487,27.8356573137,135.861846566,0.623985444663,31.9635629858,1.01675411468,45.4759717467,0.448698493341,24.1657019526,0.649532954891,33.0050517915,0,0.456675075487,27.3789822382,108.026189253,-48.1812428623,34.4241145944,6.58364132836,-67.1338961487,9353.68841703,34.4241145944,250,4
east,east_0157,78500,0.455661571223,92592.0587845,3192924.4818,native,0,-0.000183156117606,69.924451182,topo-bathy.tt3,30,30,30,3,gmrt_shore_blend,blend to GMRT,54,unknown,mixed_blend,2,30.9222222222,false,unknown,30.9222222222,169.058047602,102.979401744,376.893389179,721.167639612,1283.96698689,2.36275067077,5.40573211029,11.4916949893,29.7495836265,59.7489115439,0.407446789245,22.1682810015,1.09565594974,47.6134445907,0.688548500866,34.5492964356,0.562799347279,29.3707807841,3.04298143952,6.08596287905,18.2578886371,29.9993279174,10.2047442985,-59.469792594,0,34.1227086308,9296.0329801,34.1227086308,0,4
east,east_0158,79000,0.458563874224,92758.4794408,3193387.92391,native,0,-7.0630379147e-05,68.0957220878,topo-bathy.tt3,30,30,30,3,gmrt_shore_blend,blend to GMRT,54,unknown,mixed_blend,2,43.7306260454,false,unknown,43.7306260454,163.119999769,218.228643283,431.723233818,758.887304377,1246.8553439,0,2.8267515087,9.26209860295,28.5681398857,60.4593790607,0.850484730373,40.380656377,0.85397836214,40.4966099177,0.654328141117,33.197852783,0.487968039519,26.010896905,2.8267515087,6.43534709425,19.3060412828,31.891239175,0,42.7326751614,54.8298446394,104.853560914,55321.1170005,104.853560914,750,4
east,east_0159,79500,0.461466177226,92955.195252,3193827.61728,native,0,0.000198890061778,65.8776285515,topo-bathy.tt3,30,30,30,3,gmrt_shore_blend,blend to GMRT,54,unknown,mixed_blend,2,30.9222222222,false,unknown,30.9222222222,158.853303303,162.449194338,331.025041464,508.540862741,1075.29698015,0,0,4.62706750458,22.8281558053,54.0691037544,0.600303090567,30.9765238028,0.674303388504,33.9919213644,0.355031642554,19.5464723856,0.566756117408,29.5426615345,0,4.62706750458,18.2010883007,31.2409479491,-5.70403264622,-18.3355398747,-44.4439849515,-144.184084546,0,0,0,0
east,east_0160,80000,0.464368480227,93152.943136,3194268.8356,native,0,0.000375375174293,79.4912832148,topo-bathy.tt3,30,30,30,3,gmrt_shore_blend,blend to GMRT,54,unknown,mixed_blend,2,30.9222222222,false,unknown,30.9222222222,168.077415472,195.179367092,375.469026415,652.724947286,1056.10311865,0,0,4.29148944029,22.0571609166,51.9849466887,0.729704761843,36.118407364,0.721158637292,35.7975836201,0.554511841742,29.0088873229,0.403378171364,21.9680725977,0,4.29148944029,17.7656714763,29.9277857721,4.95741570316,0,32.2685422224,91.630035536,35380.0183951,91.630035536,500,4
east,east_0161,80500,0.467270783229,93126.9127434,3194753.33595,native,0,7.36238718819e-05,87.3850417725,topo-bathy.tt3,30,30,30,1,copernicus_a2_land_core,land/a2 core,30,false,high,1,30.9222222222,false,false,30.9222222222,164.557335949,180.784734213,343.200484193,561.09491175,1089.54837003,0.61298290138,2.87863757319,7.40994691679,21.0038749476,43.6604216657,0.70855002539,35.3194800527,0.649662999921,33.0102916995,0.435788855114,23.5470355774,0.528453458282,27.854367286,2.2656546718,4.53130934361,13.5939280308,22.656546718,5.70403264622,0,12.1754427292,24.0666452196,11010.2547768,24.0666452196,500,4
east,east_0162,81000,0.47017308623,93195.8906189,3195209.19507,native,0,9.71691244337e-05,83.709620345,topo-bathy.tt3,30,30,30,3,gmrt_shore_blend,blend to GMRT,54,unknown,mixed_blend,2,30.9222222222,false,unknown,30.9222222222,135.119614661,202.093535717,233.018253325,537.028266531,1015.81652983,3.62896100114,6.22041707155,11.4033292124,26.9520656348,56.8030083013,0.816381262438,39.227555902,0.123698870431,7.051602311,0.608020026411,31.3004390719,0.478788263296,25.5845524663,2.59145607041,5.18291214082,15.5487364224,29.8509426665,0,21.3088015044,-7.96536943929,0,4261.76030089,21.3088015044,0,1
east,east_0163,81500,0.473075389232,93227.5757796,3195666.53609,native,0,0.000507476398301,92.9524225015,topo-bathy.tt3,30,30,30,3,gmrt_shore_blend,blend to GMRT,54,unknown,mixed_blend,2,30.9222222222,false,unknown,30.9222222222,110.634577332,177.906505989,240.983622764,412.600323872,998.458575181,7.96205228256,12.3058829674,20.9935443371,47.056528446,90.7115870724,0.728285152086,36.0652952679,0.252308467102,14.1606607958,0.343233402215,18.9439326488,0.585858251309,30.3642567299,4.34383068483,8.68766136966,26.062984109,43.6550586264,0,0,7.96536943929,-101.797628735,2987.01353974,7.96536943929,0,2
east,east_0164,82000,0.475977692233,93149.5847048,3196107.02889,native,0,-0.000108636768726,112.78587617,topo-bathy.tt3,30,30,30,1,copernicus_a2_land_core,land/a2 core,30,false,high,1,43.7306260454,false,false,43.7306260454,90.3851738341,129.04471569,176.309479522,366.232274371,984.551577989,3.54573164041,7.43524772311,15.2142798885,38.5513763847,140.354604485,0.514411113586,27.2217932831,0.189059055329,10.7059243823,0.379845589697,20.7990598765,0.618319303618,31.7293019469,3.8895160827,7.77903216541,23.3370964962,101.803228101,-9.64286912387,-33.8915143825,0,-46.3680495006,0,0,0,0
east,east_0165,82500,0.478879995234,92875.7971239,3196503.96224,native,0,-0.00108352153721,86.7279941536,topo-bathy.tt3,30,30,30,1,copernicus_a2_land_core,land/a2 core,30,false,high,1,30.9222222222,false,false,30.9222222222,100.028042958,162.936230073,138.75847986,514.397952607,1015.19993876,1.30289776206,6.04589859526,15.5319002617,43.9899052609,99.967908575,0.637238901034,32.5068724091,0.0967110008506,5.52395304894,0.751278945493,36.9167668972,0.500801986151,26.6017997206,4.7430008332,9.4860016664,28.4580049992,55.9780033142,9.64286912387,26.6440122788,-15.4811415875,104.469088314,32169.2897186,104.469088314,150,4
east,east_0166,83000,0.481782298236,93190.7329815,3196826.78894,native,0,-0.000459462811807,50.7046650765,topo-bathy.tt3,30,30,30,1,copernicus_a2_land_core,land/a2 core,30,false,high,1,61.8444444444,false,false,61.8444444444,17.4626198389,135.968405526,119.108332613,409.928864293,522.63257296,8.24799621968,15.8294306527,30.9922995187,141.650784392,186.949259332,0.545632027568,28.6182963175,0.0674402916515,3.85820187604,0.581641063359,30.1840407215,0.112703708668,6.4303122431,7.581434433,15.162868866,110.658484873,45.2984749407,-37.5655329405,0,-35.1312888346,21.193385239,5298.34630975,21.193385239,0,3
east,east_0167,83500,0.484684601237,93379.7414901,3197119.76423,native,0,0.000261314405028,60.4027141939,topo-bathy.tt3,30,30,30,3,gmrt_shore_blend,blend to GMRT,54,unknown,mixed_blend,2,61.8444444444,false,unknown,61.8444444444,45.2867071039,136.292217794,154.239621448,388.735479054,522.764779377,59.0583788001,64.1396604614,74.3022237839,104.489038176,156.037566618,0.527425242182,27.8082958674,0.0717896146144,4.10619749545,0.468991715212,25.1261882299,0.134029300324,7.63381923837,5.08128166126,10.1625633225,30.186814392,51.5485284423,0,0.323812268116,3.10795005935,0,1230.24372588,3.10795005935,250,4
east,east_0168,84000,0.487586904239,93540.4456467,3197442.46247,native,0,0.000279314486702,65.6768776106,topo-bathy.tt3,30,30,30,3,gmrt_shore_blend,blend to GMRT,54,unknown,mixed_blend,2,154.611111111,false,unknown,154.611111111,55.0281527794,118.369193558,189.541358474,357.96862436,478.165154141,6.63543344489,14.9737634971,31.6504236016,89.5355841037,208.334041736,0.469392271468,25.1449976793,0.284688659663,15.8910521725,0.336854531773,18.6163314396,0.120196529781,6.8538736345,8.33833005224,16.6766601045,57.8851605021,118.798457632,14.6281052299,0,38.4096870853,0,15500.7405492,38.4096870853,0,4
east,east_0169,84500,0.49048920724,93725.0678237,3197883.75508,native,0,0.000741571569261,76.4062554387,topo-bathy.tt3,30,30,30,3,gmrt_shore_blend,blend to GMRT,54,unknown,mixed_blend,2,87.4612520908,false,unknown,87.4612520908,40.4000475495,74.6652907832,151.131671388,223.750509367,445.609914261,9.5455999077,19.6484231069,39.8540695054,146.974202562,336.743743982,0.297558059019,16.5707976511,0.305865522421,17.0070651393,0.145237675958,8.26372418871,0.221859404894,12.5089965404,10.1028231992,20.2056463984,107.120133057,189.76954142,-4.88665955439,-43.7039027748,-3.10795005935,-87.7611197811,0,0,0,0
east,east_0170,85000,0.493391510241,93730.2467282,3198227.38105,native,0,0.000320375403736,108.165798736,topo-bathy.tt3,30,30,30,3,gmrt_shore_blend,blend to GMRT,54,unknown,mixed_blend,2,154.611111111,false,unknown,154.611111111,11.4528052003,46.2679295025,130.337652498,311.511629148,605.157126383,53.6715125899,89.5694561754,145.940700215,262.431957401,410.040201173,0.185200339696,10.4923165101,0.336278891984,18.5867056362,0.3623479533,19.9178804545,0.293645497235,16.3646387977,35.8979435855,56.3712440396,116.491257186,147.608243772,-28.9472423491,-68.3602247237,-59.2037059753,0,0,0,0,0
east,east_0171,85500,0.496293813243,93475.9571093,3198642.95669,native,0,-0.000629690945729,94.7624139326,topo-bathy.tt3,30,30,30,3,gmrt_shore_blend,blend to GMRT,54,unknown,mixed_blend,2,30.9222222222,false,unknown,30.9222222222,73.083137989,149.28854013,223.588979366,220.284156697,498.478842915,10.2942082443,20.1492987143,39.8594796543,75.9241293916,147.199558211,0.59804530967,30.8813358754,0.297201756944,16.552041723,0.00660964533779,0.378699267201,0.278194686218,15.5462845959,9.85509047,19.71018094,36.0646497373,71.2754288198,32.6830904395,34.660385904,0,-91.2274724509,9383.30896377,34.660385904,150,4
east,east_0172,86000,0.499196116244,93668.3863867,3198969.89741,native,0,-0.000277343721163,72.0871651483,topo-bathy.tt3,30,30,30,1,copernicus_a2_land_core,land/a2 core,30,false,high,1,30.9222222222,false,false,30.9222222222,8.8753709311,114.628154226,248.778796327,351.125977221,674.920690952,0,47.1294030527,113.247762318,148.973256361,220.900238684,0.432465916489,23.3868372959,0.536602568402,28.2181211378,0.204694361789,11.5683196875,0.323794713731,17.9416790603,47.1294030527,66.118359265,35.7254940428,71.9269823238,-59.4411229557,0,25.1898169605,39.6143480732,19349.7683785,39.6143480732,500,4
east,east_0173,86500,0.502098419246,93732.4757881,3199436.54595,native,0,5.76307422136e-06,78.8717892355,topo-bathy.tt3,30,30,30,3,gmrt_shore_blend,blend to GMRT,54,unknown,mixed_blend,2,111.491657774,false,unknown,111.491657774,81.5911167797,142.736324216,253.733343026,359.03019765,664.364012196,5.68520376127,11.3158464365,22.577131787,57.5840445776,146.972469985,0.571139097428,29.7323767181,0.443988075239,23.9406503244,0.210593709248,11.8923554727,0.305333814546,16.9792026342,5.63064267526,11.2612853505,35.0069127906,89.3884254069,13.2746228929,28.1081699901,30.1443636599,52.1626558847,30962.0310586,52.1626558847,900,4
east,east_0174,87000,0.505000722247,93852.3503596,3199905.13194,native,0,7.70365731475e-05,72.4173649782,topo-bathy.tt3,30,30,30,3,gmrt_shore_blend,blend to GMRT,54,unknown,mixed_blend,2,97.7846525361,false,unknown,97.7846525361,68.3164938868,114.094871303,190.14883865,306.867541765,545.599477466,8.60816901876,15.1230396929,28.1527810412,70.9716325782,201.845506208,0.462805701324,24.8349686073,0.304215869389,16.9205931953,0.233437406229,13.1396772277,0.2387319357,13.427015797,6.51487067413,13.0297413483,42.818851537,130.87387363,26.4091897937,0,0,0,1980.68923453,26.4091897937,0,3
east,east_0175,87500,0.507903025249,94025.0911201,3200359.95728,native,0,0.000548776001671,83.285659745,topo-bathy.tt3,30,30,30,3,gmrt_shore_blend,blend to GMRT,54,unknown,mixed_blend,2,123.688888889,false,unknown,123.688888889,41.9073040931,69.6422401045,130.699738272,230.94542571,507.083487086,9.69087343535,19.1854024013,38.1744603333,143.516503278,384.585515241,0.278982555384,15.588174991,0.24422999267,13.7246733507,0.200491374876,11.3370007859,0.276138061376,15.4368551975,9.49452896599,18.989057932,105.342042945,241.069011963,0,0,0,0,0,0,0,0
east,east_0176,88000,0.51080532825,93963.9826414,3200853.36405,native,0,0.000777278725791,103.859913772,topo-bathy.tt3,30,30,30,3,gmrt_shore_blend,blend to GMRT,54,unknown,mixed_blend,2,92.7666666667,false,unknown,92.7666666667,36.9380783223,62.1321965113,107.203907964,217.662320724,553.28005443,28.9964091471,46.7975761424,67.4750345413,171.335525845,467.504186289,0.261106885172,14.6336042973,0.180286845809,10.2198921951,0.220916825521,12.4575140207,0.335617733706,18.5526658334,17.8011669953,20.6774583989,103.860491304,296.168660444,0,0,0,-13.283104986,0,0,0,0
east,east_0177,88500,0.513707631251,93811.4607161,3201225.79497,native,0,0.000661486254989,127.820450238,topo-bathy.tt3,30,30,30,1,copernicus_a2_land_core,land/a2 core,30,false,high,1,43.7306260454,false,false,43.7306260454,23.651893087,41.5662676043,86.4532178068,211.483104022,540.31460457,14.2864793819,28.3005841785,69.1036053276,306.59227027,556.974990366,0.166653785343,9.46160410822,0.17954780081,10.1788757497,0.250059772431,14.0394666772,0.328831500547,18.2024937376,14.0141047966,40.803021149,237.488664943,250.382720096,0,0,-13.5188429768,-19.4623216879,0,0,0,0
east,east_0178,89000,0.516609934253,93429.1863454,3201542.31138,native,0,0.000343363181413,141.760284389,topo-bathy.tt3,30,30,30,3,gmrt_shore_blend,blend to GMRT,54,unknown,mixed_blend,2,30.9222222222,false,unknown,30.9222222222,7.72040844176,25.7080306971,84.4872637399,231.07236655,552.275680791,63.4550216153,123.863223437,210.6829439,372.45702714,548.746628916,0.102653219992,5.86106643878,0.235116932171,13.2309001182,0.29317020562,16.3395651397,0.321203314242,17.8071904264,60.4082018221,86.8197204629,161.77408324,176.289601776,-7.1894746332,-15.8582369072,-15.4847970437,0,0,0,0,0
east,east_0179,89500,0.519512237254,93032.6485881,3201839.5343,native,0,-7.18572047469e-05,147.493711373,topo-bathy.tt3,30,30,30,1,copernicus_a2_land_core,land/a2 core,30,false,high,1,30.9222222222,false,false,30.9222222222,9.61096981605,32.7283565764,99.9720607836,252.211991932,594.448861493,55.2002226347,102.997386117,175.172573119,329.315645806,500.078735947,0.130946055716,7.46020982654,0.268974816829,15.05481344,0.304479862296,16.9344365935,0.342236869561,18.8928375438,47.7971634825,72.1751870019,154.143072687,170.763090141,-5.29891325891,-8.83791102792,0,0,0,0,0,0
east,east_0180,90000,0.522414540256,92593.305745,3202074.95504,native,0,-0.000964710139402,137.643169829,topo-bathy.tt3,30,30,30,1,copernicus_a2_land_core,land/a2 core,30,false,high,1,30.9222222222,false,false,30.9222222222,14.909883075,47.3356878572,139.038333554,287.725683257,666.767790328,31.4781942993,65.3811560509,128.829645642,259.074324619,407.738263739,0.188503410316,10.6751838122,0.366810582787,20.1435716579,0.297374699407,16.5611459611,0.379042107071,20.7588176891,33.9029617516,63.4484895907,130.244678978,148.66393912,0,0,0,35.5136913258,8878.42283144,35.5136913258,0,4
east,east_0181,90500,0.525316843257,92421.9496428,3202396.33586,native,0,-0.00140253903068,92.2198919321,topo-bathy.tt3,30,30,30,3,gmrt_shore_blend,blend to GMRT,54,unknown,mixed_blend,2,87.4612520908,false,unknown,87.4612520908,53.9233041317,132.614464898,174.016730304,447.873333727,853.042603681,6.1558843495,15.4012245684,33.8919050062,92.2193212456,189.429184069,0.523774588244,27.6444046432,0.165609061622,9.40335354806,0.547713206846,28.7101026841,0.405169269954,22.056278799,9.2453402189,18.4906804378,58.3274162394,97.2098628235,39.0134210567,85.2787770409,34.9783967498,195.661341795,82013.9962174,195.661341795,900,4
east,east_0182,91000,0.528219146259,92562.5722003,3202867.79598,native,0,-0.000799724600982,57.2836027691,topo-bathy.tt3,30,30,30,3,gmrt_shore_blend,blend to GMRT,54,unknown,mixed_blend,2,111.491657774,false,unknown,111.491657774,23.1571490012,64.4295563426,175.998465058,233.638669967,507.560950837,21.947228545,41.3712716675,85.5653427961,206.674671029,334.573218483,0.260316227657,14.591186144,0.446275634862,24.0500425795,0.115280409818,6.57605249116,0.27392228087,15.3188281175,19.4240431225,44.1940711286,121.109328233,127.898547454,8.24726592628,17.0938684854,36.9601315043,0,17897.3679556,36.9601315043,400,4
east,east_0183,91500,0.53112144926,92905.7282172,3203149.42427,native,0,6.19326261103e-05,46.399047523,topo-bathy.tt3,30,30,30,3,gmrt_shore_blend,blend to GMRT,54,unknown,mixed_blend,2,30.9222222222,false,unknown,30.9222222222,5.22702739134,6.47638231471,20.9371133653,129.815680061,199.316009873,74.1942263385,366.543916968,491.312459297,654.5639442,865.004577462,0.0213727298653,1.22438081089,0.0578429242025,3.31046666244,0.217757133391,12.2847867983,0.0695003298126,3.97568255656,292.349690629,124.768542329,163.251484904,210.440633262,-0.727364980898,-2.43735886999,0,0,0,0,0,0
east,east_0184,92000,0.534023752261,93170.1804669,3203505.82628,native,0,0.000458270117075,60.8320808594,topo-bathy.tt3,30,30,30,3,gmrt_shore_blend,blend to GMRT,54,unknown,mixed_blend,2,97.7846525361,false,unknown,97.7846525361,4.00982192353,8.68726335385,12.8846504484,90.9760645187,212.509115164,129.947296858,300.612082495,645.782449462,841.769287628,1035.01939374,0.033970014446,1.94559030889,0.0167895483782,0.961879887694,0.156182828141,8.8769021702,0.121533050645,6.9293480756,170.664785637,345.170366967,195.986838165,193.25010611,-1.21720546781,0,-1.39215822004,0,0,0,0,0
east,east_0185,92500,0.536926055263,93303.0810027,3203861.33908,native,0,0.000458461847229,72.6559911084,topo-bathy.tt3,30,30,30,3,gmrt_shore_blend,blend to GMRT,54,unknown,mixed_blend,2,92.7666666667,false,unknown,92.7666666667,5.95439237224,8.9137411847,14.2768086684,73.6386086423,229.38991086,62.1499755798,297.084937096,714.517601725,907.798986997,1096.6148185,0.033306694427,1.90762782874,0.0214522699349,1.22893603264,0.118723599948,6.77066838351,0.155751302218,8.85276471746,234.934961516,417.432664629,193.281385272,188.8158315,0.727364980898,0.226477830846,0,-1.6506924027,99.8479397365,0.727364980898,150,3
east,east_0186,93000,0.539828358264,93406.481782,3204262.45504,native,0,0.000257044738533,87.1000097734,topo-bathy.tt3,30,30,30,3,gmrt_shore_blend,blend to GMRT,54,unknown,mixed_blend,2,30.9222222222,false,unknown,30.9222222222,3.95009896122,7.42763915284,13.9710751639,56.7834151737,256.927895103,138.071102819,345.223856156,787.333845828,971.336436444,1155.4124291,0.0282528126365,1.61833641813,0.0261737440442,1.49930275709,0.0856246800196,4.89399583111,0.200144479929,11.3178919549,207.152753337,442.109989672,184.002590616,184.075992654,-1.46090566253,-1.48610203186,-0.305733504556,-16.8551934686,0,0,0,0
east,east_0187,93500,0.542730661266,93348.2169697,3204752.33921,native,0,-0.00016940941285,87.3835697724,topo-bathy.tt3,30,30,30,3,gmrt_shore_blend,blend to GMRT,54,unknown,mixed_blend,2,92.7666666667,false,unknown,92.7666666667,6.99869568771,12.2867284412,18.2344137121,75.289301045,290.715691174,48.7609571218,188.543170351,655.540131103,898.890509809,1098.11960035,0.0490270736556,2.80679698577,0.0237907410836,1.36285196993,0.114109774666,6.509850924,0.215426390129,12.1572290803,139.782213229,466.996960751,243.350378706,199.229090542,1.58769106396,3.37298725648,0,9.87163423628,3261.58284016,9.87163423628,150,4
east,east_0188,94000,0.545632964267,93450.4685535,3205225.02772,native,0,-1.16770598854e-05,77.3935654073,topo-bathy.tt3,30,30,30,3,gmrt_shore_blend,blend to GMRT,54,unknown,mixed_blend,2,30.9222222222,false,unknown,30.9222222222,5.41100462375,9.56139719347,19.2368263582,65.4176668087,240.100208716,92.6581363415,262.464777933,525.696895279,912.500778863,1165.4778029,0.0403945131538,2.31317751606,0.0387017166591,2.21633890508,0.0923616809009,5.27696312614,0.174682541908,9.90859603297,169.806641591,263.232117346,386.803883584,252.977024036,0,0.0062295331014,0,0,1.24590662028,0.0062295331014,0,3
east,east_0189,94500,0.548535267268,93500.714398,3205434.21377,native,0,7.74529087034e-05,86.7145235238,topo-bathy.tt3,30,30,30,3,gmrt_shore_blend,blend to GMRT,54,unknown,mixed_blend,2,30.9222222222,false,unknown,30.9222222222,3.0305886021,8.42490009649,19.4925605179,65.3759126867,220.485917039,136.571617509,295.760319295,509.130601326,891.409434707,1184.46125462,0.0337655225654,1.93388721098,0.0442706416858,2.53486577043,0.0917667043375,5.24315999026,0.155110004352,8.8168877968,159.188701786,213.370282031,382.278833382,293.051819916,-3.8646951313,-1.13649709697,0,-9.91338835827,0,0,0,0
east,east_0190,95000,0.55143757027,93488.8765505,3205894.09464,native,0,-0.000352966027459,81.831290187,topo-bathy.tt3,30,30,30,3,gmrt_shore_blend,blend to GMRT,54,unknown,mixed_blend,2,97.7846525361,false,unknown,97.7846525361,6.8952837334,9.55516766036,21.5697710702,96.8972366825,297.974188961,46.49667634,274.372794951,479.80248246,735.183768328,1014.57525681,0.035098740379,2.01018449772,0.0480584136392,2.75142733227,0.150654931225,8.56746114536,0.201076952278,11.3692517254,227.876118611,205.429687509,255.381285868,279.391488477,0,0,0.726549782415,0,272.456168406,0.726549782415,0,4
east,east_0191,95500,0.554339873271,93634.1121027,3206363.52445,native,0,-0.000296585486422,66.4910598389,topo-bathy.tt3,30,30,30,3,gmrt_shore_blend,blend to GMRT,54,unknown,mixed_blend,2,87.4612520908,false,unknown,87.4612520908,7.62441286151,13.9077449049,30.6098033728,110.24688438,285.350812532,45.162513061,162.635148253,363.488500023,670.556246814,949.109745432,0.05597329308,3.20369051863,0.0668082338715,3.82215007144,0.159274162014,9.04972294662,0.175103928152,9.93202310701,117.472635192,200.853351771,307.06774679,278.553498618,0.625449102536,4.35257724455,9.76658208506,1.93144031266,5062.75249166,9.76658208506,900,4
east,east_0192,96000,0.557242176273,93878.7121493,3206790.27271,native,0,1.5082569862e-05,64.8381935502,topo-bathy.tt3,30,30,30,3,gmrt_shore_blend,blend to GMRT,54,unknown,mixed_blend,2,87.4612520908,false,unknown,87.4612520908,6.99896375898,9.50687328222,20.8432212877,108.315444067,279.191580377,48.8682252456,273.367693494,488.960725424,720.873697448,963.915566554,0.0387065880983,2.2166176005,0.0453453920221,2.59632103553,0.174944445559,9.92315702634,0.17087613631,9.69682715591,224.499468248,215.59303193,231.912972024,243.041869107,0,-0.0482943781461,-0.726549782415,-1.93144031266,0,0,0,0
east,east_0193,96500,0.560144479274,94039.1377718,3207225.73922,native,0,-9.00955042372e-05,67.3552274362,topo-bathy.tt3,30,30,30,3,gmrt_shore_blend,blend to GMRT,54,unknown,mixed_blend,2,69.1441909042,false,unknown,69.1441909042,8.40295554099,9.62341861862,15.3571259599,137.397079029,297.640668846,42.5699421601,398.240893121,543.910792539,697.46681049,875.384750623,0.0403605841332,2.31123669059,0.0229348293649,1.31383859626,0.244079906138,13.7165578068,0.160243589817,9.10388469954,355.670950961,145.669899418,153.55601795,177.917940133,1.40399178201,0,-15.2526774129,0,105.299383651,1.40399178201,0,2
east,east_0194,97000,0.563046782276,94248.9256991,3207677.69841,native,0,-6.95784805045e-05,59.6761014043,topo-bathy.tt3,30,30,30,3,gmrt_shore_blend,blend to GMRT,54,unknown,mixed_blend,2,154.611111111,false,unknown,154.611111111,5.16068434639,9.5018189254,39.7926092179,163.756172008,309.441768789,92.1382126829,258.297195125,378.207182339,552.455385924,750.918625104,0.0377245893384,2.16043527098,0.12116316117,6.90846251742,0.247927125581,13.9244083998,0.14568559678,8.28885638664,166.158982442,119.909987214,174.248203585,198.46323918,-1.83827941259,-0.121599693226,0,25.7654817234,6441.37043086,25.7654817234,0,4
east,east_0195,97500,0.565949085277,94538.3776441,3208079.26838,native,0,0.000262823678856,63.3686741583,topo-bathy.tt3,30,30,30,3,gmrt_shore_blend,blend to GMRT,54,unknown,mixed_blend,2,138.288381808,false,unknown,138.288381808,6.90178703728,14.6277758451,40.9073306621,137.990690285,277.102317295,61.0648939747,164.780561126,321.674984649,557.404359435,810.372584916,0.0597589098978,3.41986626901,0.105118219268,6.00079246883,0.194166719246,10.9882072837,0.13911162701,7.91968275636,103.715667151,156.894423523,235.729374787,252.968225481,-1.50116850371,0,0,-4.52483712459,0,0,0,0
east,east_0196,98000,0.568851388278,94680.5044062,3208538.36553,native,0,0.000426313118926,74.7347889589,topo-bathy.tt3,30,30,30,3,gmrt_shore_blend,blend to GMRT,54,unknown,mixed_blend,2,69.1441909042,false,unknown,69.1441909042,13.4888094066,28.1461075162,69.9614139228,142.51552741,277.810860192,27.0144711416,62.0351967811,176.425388066,381.811784019,670.492274433,0.110890687543,6.32771612049,0.167261225626,9.49546403291,0.145108226974,8.25646039409,0.135295332782,7.70506556946,35.0207256395,114.390191285,205.386395953,288.680490413,0,0,0,-9.21782821181,0,0,0,0
east,east_0197,98500,0.57175369128,94792.4560198,3209010.24306,native,0,0.000270241291426,87.7946166238,topo-bathy.tt3,30,30,30,3,gmrt_shore_blend,blend to GMRT,54,unknown,mixed_blend,2,92.7666666667,false,unknown,92.7666666667,15.6696681323,32.3776918131,81.1460792329,151.733355621,272.59807271,20.2135396782,47.6287141352,143.73703182,360.788950688,584.969449109,0.124257009126,7.0830972086,0.195073549679,11.0382686627,0.141174552777,8.03560297526,0.120864717088,6.89160972976,27.415174457,96.1083176852,217.051918867,224.180498421,0,0,0,0,0,0,0,0
east,east_0198,99000,0.574655994281,94717.4673145,3209498.18624,native,0,6.83977520661e-06,90.2184744078,topo-bathy.tt3,30,30,30,3,gmrt_shore_blend,blend to GMRT,54,unknown,mixed_blend,2,61.8444444444,false,unknown,61.8444444444,24.2324876183,50.9658180999,125.377813823,152.401079456,299.361569661,16.0560622908,32.4046454548,76.0908255566,245.552530849,413.938416845,0.203505417691,11.5029224523,0.297647982892,16.5755307137,0.0540465312669,3.0936282905,0.146960490204,8.3603712266,16.348583164,43.6861801018,169.461705292,168.385885996,0.617552458629,1.56216544819,22.8783104998,0.667723834861,9105.04692018,22.8783104998,900,4
east,east_0199,99500,0.577558297283,94788.7313264,3209987.05394,native,0,1.24603088642e-05,88.186506876,topo-bathy.tt3,30,30,30,3,gmrt_shore_blend,blend to GMRT,54,unknown,mixed_blend,2,92.7666666667,false,unknown,92.7666666667,23.6149351597,49.4036526517,102.499503323,169.145219679,317.22372963,18.1631815891,35.8300217493,81.181236581,252.876631808,485.86043654,0.198176501046,11.2094369571,0.212383402685,11.9905072566,0.133291432713,7.59228456104,0.148078509951,8.42306469799,17.6668401603,45.3512148316,171.695395227,232.983804732,-0.617552458629,-1.56216544819,0,17.4118640579,4352.96601447,17.4118640579,0,3
east,east_0200,100000,0.580460600284,94747.9950726,3210462.3628,native,0,-0.000113391652219,90.9323975171,topo-bathy.tt3,30,30,30,3,gmrt_shore_blend,blend to GMRT,54,unknown,mixed_blend,2,30.9222222222,false,unknown,30.9222222222,28.6496417613,57.4465221896,103.724787827,139.211386395,325.071804892,14.1161225516,27.8133565853,59.0091239215,214.790290788,473.239721788,0.23039772833,12.9744058601,0.185113062548,10.4874816514,0.0709731971377,4.05965735845,0.185860418497,10.5288777451,13.6972340337,31.1957673362,155.781166866,258.449431001,4.41715414303,6.48070408976,1.22528450365,0,2086.90906755,6.48070408976,400,4
east,east_0201,100500,0.583362903285,94773.1578283,3210943.96012,native,0,-0.000256864158439,81.6896437718,topo-bathy.tt3,30,30,30,3,gmrt_shore_blend,blend to GMRT,54,unknown,mixed_blend,2,87.4612520908,false,unknown,87.4612520908,27.724763348,54.1281027269,99.2044025627,125.390251069,297.642720504,16.798160032,32.4062027987,68.0494714788,228.354770691,506.867351998,0.218037416039,12.3001179022,0.180305199343,10.220910668,0.0523716970132,2.99793829695,0.172252469435,9.7734304591,15.6080427667,35.64326868,160.305299213,278.512581306,4.10982818829,4.72445007518,-3.29510076034,-13.8211353263,1253.12712916,4.72445007518,150,4
east,east_0202,101000,0.586265206287,94888.8627422,3211426.75523,native,0,-0.00019144404327,76.2151653304,topo-bathy.tt3,30,30,30,3,gmrt_shore_blend,blend to GMRT,54,unknown,mixed_blend,2,61.8444444444,false,unknown,61.8444444444,16.262178357,36.0321827535,92.6158137408,136.1767892,307.855421201,24.1225999184,49.2990004531,134.42762956,320.603154027,530.526383151,0.143291597354,8.15449542988,0.226334523949,12.7531408526,0.0871219509185,4.9791478551,0.171678632001,9.74149635687,25.1764005347,85.1286291064,186.175524467,209.923229124,0,-3.93121701958,-6.58858882186,-3.03459719544,0,0,0,0
east,east_0203,101500,0.589167509288,95007.5690945,3211899.40348,native,0,-0.000285358352511,70.7207080795,topo-bathy.tt3,30,30,30,1,copernicus_a2_land_core,land/a2 core,30,false,high,1,30.9222222222,false,false,30.9222222222,14.6599605779,39.9633997731,112.841759625,182.915227225,324.840261639,30.8714112764,65.159715872,143.814573777,292.31424163,463.42125957,0.159041807677,9.03673892548,0.291513439408,16.2521133951,0.1401469352,7.97786715866,0.141925034414,8.07775777575,34.2883045956,78.6548579048,148.499667853,171.10701794,-1.60221777901,0.838715236436,20.2259458844,0,7752.47275394,20.2259458844,250,4
east,east_0204,102000,0.59206981229,95202.720561,3212324.03196,native,0,-0.000327545139861,59.8653360827,topo-bathy.tt3,30,30,30,3,gmrt_shore_blend,blend to GMRT,54,unknown,mixed_blend,2,69.1441909042,false,unknown,69.1441909042,12.8068242679,30.7828376202,84.423024351,187.465261324,299.483661701,39.0473764988,76.8859727827,169.389919052,355.919472181,555.491596069,0.127875168898,7.28715919688,0.214560746923,12.1098226133,0.206084473947,11.6447433202,0.112018400377,6.39153651561,37.8385962839,92.5039462689,186.52955313,199.572123888,-1.85313631003,-7.06902976871,-8.19278938974,0,0,0,0,0
east,east_0205,102500,0.594972115291,95469.4327902,3212695.05033,native,0,-5.81117641405e-05,51.9537539654,topo-bathy.tt3,30,30,30,3,gmrt_shore_blend,blend to GMRT,54,unknown,mixed_blend,2,92.7666666667,false,unknown,92.7666666667,18.6450000415,39.1246845366,92.4211748115,190.519084541,289.639265793,24.7228875693,49.9821444318,110.82536537,312.510949879,528.574190921,0.156074046877,8.87081777663,0.213185961099,12.0344986521,0.196195819459,11.1001996969,0.0991201812516,5.66067800889,25.2592568625,60.8432209384,201.685584509,216.063241042,5.83817577355,1.27281714773,-9.27952242922,0,692.426612563,5.83817577355,150,3
east,east_0206,103000,0.597874418293,95791.3122638,3213076.1429,native,0,0.000219460966355,56.5357772574,topo-bathy.tt3,30,30,30,3,gmrt_shore_blend,blend to GMRT,54,unknown,mixed_blend,2,174.922504182,false,unknown,174.922504182,12.153502746,37.8518673889,101.700697241,210.000919315,275.343939316,40.4166837046,81.9263320647,154.208596173,301.746736019,494.019395158,0.151582383658,8.6194138168,0.255395319407,14.3268170647,0.21660044415,12.2214984885,0.0653430200001,3.73856444908,41.5096483601,72.282264108,147.538139846,192.272659139,-0.65332152187,0,0.547339905057,16.4088259167,4307.45894358,16.4088259167,500,4
east,east_0207,103500,0.600776721294,96015.0029966,3213520.43635,native,0,0.000122169911682,64.5279411054,topo-bathy.tt3,30,30,30,3,gmrt_shore_blend,blend to GMRT,54,unknown,mixed_blend,2,174.922504182,false,unknown,174.922504182,8.88669677678,32.1361479738,102.289355742,212.093119236,269.032027367,56.1263352144,109.177066718,183.208931032,324.170998154,492.567516838,0.129774534446,7.39420822758,0.280612831074,15.6748012088,0.219607526987,12.3859678423,0.0569389081317,3.25884040275,53.0507315033,74.0318643145,140.962067122,168.396518684,-3.26680596927,-5.71571941512,1.13599840662,18.501025837,5051.25586173,18.501025837,500,4
east,east_0208,104000,0.603679024295,96215.5797208,3213966.75559,native,0,-3.46220737538e-05,63.5355975802,topo-bathy.tt3,30,30,30,3,gmrt_shore_blend,blend to GMRT,54,unknown,mixed_blend,2,138.288381808,false,unknown,138.288381808,15.7545148454,43.5234667631,101.153357336,193.592093399,265.224304126,30.9091507155,61.7164755037,124.90909957,278.484816098,493.891460147,0.175069450021,9.93010641258,0.23051956229,12.9810343831,0.184877472126,10.474429985,0.0716322107268,4.09722505739,30.8073247882,63.1926240666,153.575716528,215.406644048,6.86781806857,11.3873187893,0,0,2792.550113,11.3873187893,150,4
east,east_0209,104500,0.606581327297,96451.8629665,3214398.00688,native,0,0.000216075435088,62.5442424013,topo-bathy.tt3,30,30,30,3,gmrt_shore_blend,blend to GMRT,54,unknown,mixed_blend,2,154.611111111,false,unknown,154.611111111,4.64849573469,20.6348517918,67.8687561245,190.213802726,244.53672298,104.447521429,162.809005211,245.168906754,420.534535638,668.841017224,0.0824302633955,4.71225260985,0.188935617331,10.6990958221,0.244690093203,13.7495486061,0.0543229202544,3.10941785497,58.3614837823,82.3599015428,175.365628883,248.306481586,-4.23820104209,-1.9373328822,0,0,0,0,0,0
east,east_0210,105000,0.609483630298,96661.4159109,3214824.816,native,0,0.000452398353853,75.9158080672,topo-bathy.tt3,30,30,30,3,gmrt_shore_blend,blend to GMRT,54,unknown,mixed_blend,2,30.9222222222,false,unknown,30.9222222222,6.71749100503,18.3555983747,53.1587759347,163.534493761,242.774779216,65.323827957,151.352535659,263.979741066,477.254991278,775.494584327,0.0717145107178,4.10191639977,0.13921271024,7.92536436808,0.220751435652,12.4484785199,0.0792402854556,4.53066702935,86.0287077024,112.627205407,213.275250212,298.239593049,-2.72322317468,-3.80793365381,-6.78375926888,-4.11415916629,0,0,0,0
east,east_0211,105500,0.6123859333,96683.53913,3215321.42657,native,0,0.000283018717579,88.4647587358,topo-bathy.tt3,30,30,30,1,copernicus_a2_land_core,land/a2 core,30,false,high,1,30.9222222222,false,false,30.9222222222,9.44071417971,22.572184674,59.9425352036,167.648652927,246.523565921,37.2592264093,107.470127298,224.639402313,432.710860406,739.179078696,0.0886279186363,5.06477224185,0.149481402118,8.50170377322,0.215412235446,12.1564540427,0.0788749129939,4.50986275842,70.2109008892,117.169275015,208.071458093,306.46821829,2.72322317468,1.9373328822,3.22304613315,4.09184509574,2823.31188841,4.09184509574,900,4
east,east_0212,106000,0.615288236301,96687.095174,3215782.94636,native,0,0.000184625335385,92.1315861077,topo-bathy.tt3,30,30,30,1,copernicus_a2_land_core,land/a2 core,30,false,high,1,30.9222222222,false,false,30.9222222222,9.51200078632,22.1635320285,56.7194890704,163.556807831,248.807666569,38.3632519135,107.337392768,228.913414672,456.275712063,755.080766485,0.0908495483009,5.19104531287,0.138223828168,7.86977529027,0.213674637521,12.0612778872,0.0852508587382,4.87273266252,68.9741408542,121.576021904,227.362297391,298.805054422,2.79450978129,3.80793365381,3.56071313573,0.0223140705495,2312.0209079,3.80793365381,900,4
east,east_0213,106500,0.618190539303,96648.2898452,3216268.46942,native,0,0.000348544294044,99.0430112445,topo-bathy.tt3,30,30,30,3,gmrt_shore_blend,blend to GMRT,54,unknown,mixed_blend,2,30.9222222222,false,unknown,30.9222222222,5.28577859955,8.92812096582,0.124424710917,140.492050394,253.751221355,90.3920821533,660.44182381,707.160757168,797.524963701,909.516434727,0.0357616073947,2.04811636295,0.0352147850196,2.01682515801,0.280735251366,15.6813031644,0.113259170962,6.46173675958,570.049741656,46.7189333583,90.3642065329,111.991471026,0,0,-35.0200313814,-23.0647574373,0,0,0,0
east,east_0214,107000,0.621092842304,96534.6277124,3216740.93304,native,0,0.000468159735906,112.10170313,topo-bathy.tt3,30,30,30,3,gmrt_shore_blend,blend to GMRT,54,unknown,mixed_blend,2,30.9222222222,false,unknown,30.9222222222,4.54476217894,3.53926373887,-6.51526669835,156.597964986,253.65513531,135.238402511,631.651026607,667.362729153,747.271376108,861.579428451,0.0139499898851,0.79922370379,0.0402181217489,2.3030874254,0.326226463369,18.0676965485,0.0970571703243,5.54360265703,496.412624096,35.7117025458,79.9086469549,114.308052343,-0.741016420613,-5.38885722694,-41.6597227907,-6.95884284502,0,0,0,0
east,east_0215,107500,0.623995145305,96282.6929017,3217168.74934,native,0,0.000413875356834,125.86658825,topo-bathy.tt3,30,30,30,3,gmrt_shore_blend,blend to GMRT,54,unknown,mixed_blend,2,69.1441909042,false,unknown,69.1441909042,2.35044301281,6.77360390768,35.1444560924,194.336787383,254.761189093,198.91599899,313.595552147,417.447665818,554.120115844,692.434970417,0.0271454953753,1.55494045905,0.113483408739,6.47442159891,0.318384662581,17.6606772785,0.0604244017098,3.45785894792,114.679553157,103.852113671,136.672450026,138.314854573,-2.93533558673,-2.15451705813,0,17.7521521969,4438.03804923,17.7521521969,0,3
east,east_0216,108000,0.626897448307,95954.8404204,3217542.86189,native,0,-0.000144058490061,135.815014321,topo-bathy.tt3,30,30,30,1,copernicus_a2_land_core,land/a2 core,30,false,high,1,30.9222222222,false,false,30.9222222222,12.7947156143,27.092484816,68.4761704803,181.834982818,262.808447239,25.9943353188,55.6459471008,184.192933579,404.206724927,632.09936943,0.10848590342,6.19157024418,0.165534742657,9.39920900379,0.226717624675,12.774019537,0.0809734644209,4.62933766467,29.651611782,128.546986478,220.013791349,227.892644502,0,0,0,0,0,0,0,1
east,east_0217,108500,0.629799751308,95570.2695319,3217861.18765,native,0,-0.00100158847895,117.612644766,topo-bathy.tt3,30,30,30,1,copernicus_a2_land_core,land/a2 core,30,false,high,1,43.7306260454,false,false,43.7306260454,42.2486899544,56.982082473,105.512925677,176.584635186,321.746300398,8.52000637245,15.5023936804,29.4671682962,180.859234629,480.717949059,0.23233260882,13.0796335009,0.194123372816,10.9858139273,0.142143419018,8.09002285944,0.145161665212,8.25945901619,6.98238730791,13.9647746158,151.392066333,299.85871443,11.000595093,8.08207209159,21.1732332857,-5.25034763219,10381.4215325,21.1732332857,400,4
east,east_0218,109000,0.63270205431,95589.4762427,3218241.3636,native,0,-0.000613028662471,78.428221668,topo-bathy.tt3,30,30,30,1,copernicus_a2_land_core,land/a2 core,30,false,high,1,30.9222222222,false,false,30.9222222222,38.877457977,50.9924674435,101.086782218,182.887970646,463.223618317,3.76110149467,12.870485243,31.0892527396,239.07813064,496.166312805,0.19222751178,10.8810968206,0.200377259098,11.3307149597,0.163602376856,9.29141207282,0.280335647671,15.660077984,9.1093837483,18.2187674966,207.9888779,257.088182165,7.14499494106,1.19445842553,9.48581876264,6.30333546027,5907.78220674,9.48581876264,900,4
east,east_0219,109500,0.635604357311,95731.6979014,3218649.57666,native,0,-8.78779236235e-05,82.4886896862,topo-bathy.tt3,30,30,30,1,copernicus_a2_land_core,land/a2 core,30,false,high,1,30.9222222222,false,false,30.9222222222,31.2480948613,48.9000103814,84.3396923912,133.190272189,439.688193582,9.51793106994,22.7170950636,49.1154230509,258.39201317,748.986548654,0.190022062609,10.759187134,0.141758728039,8.06841704958,0.0977011595956,5.5801539184,0.306497921393,17.0401932606,13.1991639936,26.3983279873,209.276590119,490.594535484,-0.484368174638,-0.897998636565,-7.26127106412,-9.74770888188,0,0,0,0
east,east_0220,110000,0.638506660312,95706.0747148,3219125.66797,native,0,-0.000298118611449,73.393187532,topo-bathy.tt3,30,30,30,3,gmrt_shore_blend,blend to GMRT,54,unknown,mixed_blend,2,30.9222222222,false,unknown,30.9222222222,31.732463036,49.7980090179,91.6009634553,86.4938453033,489.294685188,9.17861216054,21.7880945206,47.0070592406,251.225220548,603.399011982,0.193750305632,10.965213563,0.167211817749,9.49271018972,0.010214236304,0.58521227988,0.402800839885,21.9396173777,12.60948236,25.21896472,204.218161307,352.173791434,0.484368174638,0.897998636565,7.26127106412,-56.4441357676,2938.90398946,7.26127106412,400,4
east,east_0221,110500,0.641408963314,95986.8941439,3219505.24381,native,0,8.73597047114e-05,65.4077514559,topo-bathy.tt3,30,30,30,3,gmrt_shore_blend,blend to GMRT,54,unknown,mixed_blend,2,30.9222222222,false,unknown,30.9222222222,8.61800984824,22.7340458486,50.1195168703,142.937981071,414.215334766,73.4221867243,111.84933512,218.851244368,498.932922845,831.41982325,0.0893897343162,5.10807797033,0.109541884087,6.25136289676,0.185636928401,10.5164997775,0.271277353695,15.1777673328,38.4271483953,107.001909248,280.081678477,332.486900405,-8.85948856398,-10.361252823,-29.7275918858,9.74770888188,2436.92722047,9.74770888188,0,4
east,east_0222,111000,0.644311266315,96099.1246522,3219984.47043,native,0,6.25479311279e-05,78.3985299115,topo-bathy.tt3,30,30,30,1,copernicus_a2_land_core,land/a2 core,30,false,high,1,30.9222222222,false,false,30.9222222222,8.68480868788,22.8773317388,56.8860020483,153.595851088,427.977919738,46.9959420282,116.799916219,224.01030744,443.459926239,841.303126443,0.0906908978383,5.18202959358,0.136034681238,7.74666154021,0.19341969808,10.9469553741,0.27438206865,15.3433304365,69.8039741906,107.210391221,219.449618799,397.843200205,-2.66382063882,-4.8589300834,-20.7908071034,29.4097448554,7352.43621384,29.4097448554,0,2
east,east_0223,111500,0.647213569317,96182.660485,3220458.81885,native,0,-0.000483578220749,68.9914839268,topo-bathy.tt3,30,30,30,3,gmrt_shore_blend,blend to GMRT,54,unknown,mixed_blend,2,69.1441909042,false,unknown,69.1441909042,17.4774984122,33.0952986716,79.8471087561,103.395129728,446.352957277,21.0491176919,43.9964202141,129.396113101,352.766835315,642.809118512,0.130726808661,7.44785931388,0.187007240338,10.592378653,0.0470960419445,2.69641203228,0.342957827548,18.9298062651,22.9473025222,85.3996928865,223.370722214,290.042283197,6.12886908552,6.41573760963,15.6041190313,-20.7909765045,7594.35734007,15.6041190313,400,4
east,east_0224,112000,0.650115872318,96441.9896207,3220877.26756,native,0,-0.000467203986437,50.6915387982,topo-bathy.tt3,30,30,30,3,gmrt_shore_blend,blend to GMRT,54,unknown,mixed_blend,2,92.7666666667,false,unknown,92.7666666667,11.3486293267,27.7362618222,77.6768091517,124.186106233,310.332784914,33.9508460527,83.4661114714,188.997242295,376.140099975,598.958599812,0.110155259694,6.28608771497,0.199762189318,11.2968303862,0.0930185941623,5.31428086828,0.186146678681,10.5447307731,49.5152654187,105.531130823,187.14285768,222.818499837,-3.57454316082,0,13.4338194269,0,5037.68228507,13.4338194269,0,4
east,east_0225,112500,0.65301817532,96800.8559477,3221213.87859,native,0,-7.05750018938e-06,42.2226673323,topo-bathy.tt3,30,30,30,1,copernicus_a2_land_core,land/a2 core,30,false,high,1,30.9222222222,false,false,30.9222222222,14.9231724875,26.679561062,64.2429897248,82.3164732817,309.749993531,22.0628027144,43.9225794953,172.794545223,421.525278184,654.652067677,0.106903997227,6.10197288195,0.150253714651,8.54498197904,0.0361469671138,2.07016734264,0.227433520249,12.8130260267,21.8597767808,128.871965728,248.730732962,233.126789492,-2.55432592469,-6.41573760963,-10.328308078,-41.8696329511,0,0,0,0
east,east_0226,113000,0.655920478321,97167.8186832,3221535.9326,native,0,0.000176950928386,50.2871738234,topo-bathy.tt3,30,30,30,3,gmrt_shore_blend,blend to GMRT,54,unknown,mixed_blend,2,43.7306260454,false,unknown,43.7306260454,20.8223333307,33.3601744353,63.8015572595,142.218212072,249.894506838,11.4007198893,30.9627646582,93.0971455403,401.878570325,717.031871139,0.125096657048,7.13046912431,0.121765531297,6.94247399116,0.156833309626,8.91328092338,0.107676294766,6.14571870352,19.5620447689,62.1343808821,308.781424785,315.153300814,5.89916084321,0,-0.441432465376,18.0321058394,4950.46352308,18.0321058394,0,2
east,east_0227,113500,0.658822781322,97419.0683371,3221958.17992,native,0,0.000109792640506,52.3612087097,topo-bathy.tt3,30,30,30,3,gmrt_shore_blend,blend to GMRT,54,unknown,mixed_blend,2,87.4612520908,false,unknown,87.4612520908,29.9499273901,44.1106548309,74.5712978028,142.452838865,232.139488538,14.7080068001,28.6234011019,59.4509768355,305.094366643,713.349210758,0.177581807307,10.0697133363,0.121842571888,6.94682356068,0.135763082125,7.7313822432,0.0896866496721,5.12495466503,13.9153943017,30.8275757337,245.643389807,408.254844116,9.12759405936,6.00483415335,10.328308078,33.9064932418,14235.2752248,33.9064932418,900,4
east,east_0228,114000,0.661725084324,97749.1294751,3222289.72378,native,0,0.000257269754226,56.577828746,topo-bathy.tt3,30,30,30,1,copernicus_a2_land_core,land/a2 core,30,false,high,1,30.9222222222,false,false,30.9222222222,11.8636777667,38.1058206775,59.31561704,108.546345624,215.705381711,24.8875198085,65.6533673177,124.671540444,384.216057886,944.729894562,0.148877094741,8.46783328102,0.0848391854497,4.84931489353,0.0984614571675,5.62330068897,0.107159036088,6.11642002932,40.7658475092,59.0181731258,259.544517443,560.513836676,-14.565484912,-1.17584757871,-7.0824898353,0,0,0,0,0
east,east_0229,114500,0.664627387325,97931.153207,3222734.14386,native,0,0.000496503110359,67.1016798233,topo-bathy.tt3,30,30,30,3,gmrt_shore_blend,blend to GMRT,54,unknown,mixed_blend,2,87.4612520908,false,unknown,87.4612520908,32.4919353929,44.1592909876,66.9080076467,98.00212845,217.711007339,14.3651650029,25.9342837991,49.0725213915,325.093411983,1015.44218422,0.18147080125,10.2855787611,0.0909948666361,5.19930317367,0.0621882416066,3.55854109371,0.119708878889,6.82632961826,11.5691187962,23.1382375924,276.020890591,690.348772235,2.54200800284,0.0486361567392,0,0,200.377831561,2.54200800284,150,3
east,east_0230,115000,0.667529690327,98108.4781306,3223140.49078,native,0,0.000533719810182,85.0253614847,topo-bathy.tt3,30,30,30,1,copernicus_a2_land_core,land/a2 core,30,false,high,1,30.9222222222,false,false,30.9222222222,26.4291626787,39.2816682562,66.3981068753,84.6211271744,210.682499698,8.90013270561,21.7984135131,47.5949751281,358.083110831,1132.76528745,0.150927167585,8.58271235854,0.108465754476,6.19042922118,0.0364460405983,2.08728044552,0.126061372524,7.18488510076,12.8982808075,25.796561615,310.488135702,774.682176618,-5.44092358023,-4.87762273139,-0.509900771399,-13.0779469966,0,0,0,0
east,east_0231,115500,0.670431993328,98008.5761799,3223623.62702,native,0,3.15398898599e-05,97.6815723892,topo-bathy.tt3,30,30,30,1,copernicus_a2_land_core,land/a2 core,30,false,high,1,43.7306260454,false,false,43.7306260454,34.2006841875,48.9934572806,75.4756224607,87.7748420054,219.491782018,9.68845123904,19.4948073293,39.1075195098,258.915869475,1073.55841666,0.195733362939,11.0746827936,0.105928660721,6.04671597394,0.0245984390894,1.40910258018,0.131716940012,7.50362934302,9.80635609024,19.6127121805,219.808349965,814.642547187,2.33059792859,4.83416629298,8.56761481408,-9.92423216557,4354.48365852,8.56761481408,400,4
east,east_0232,116000,0.67333429633,97976.9559933,3224115.61137,native,0,-0.000442683966319,86.8324640599,topo-bathy.tt3,30,30,30,1,copernicus_a2_land_core,land/a2 core,30,false,high,1,30.9222222222,false,false,30.9222222222,31.8700862589,47.4265594033,70.169414861,97.699074171,268.408199608,0,6.68407443108,30.3853084106,274.915659626,1017.01605172,0.160986788553,9.14539597249,0.0909714218307,5.19797091363,0.05505931862,3.15148454503,0.170709125437,9.68752935575,6.68407443108,23.7012339795,244.530351215,742.100392092,4.56328436719,8.14489114708,3.77130798575,0,3385.46505161,8.14489114708,400,4
east,east_0233,116500,0.676236599331,98060.5608321,3224562.99005,native,0,-0.000138657403986,72.317649461,topo-bathy.tt3,30,30,30,3,gmrt_shore_blend,blend to GMRT,54,unknown,mixed_blend,2,97.7846525361,false,unknown,97.7846525361,27.3068018917,36.3099007618,56.7941122714,113.874751207,291.511036071,16.7042488229,32.1964426952,68.39844115,432.259556612,896.774820887,0.14680433295,8.35161302826,0.0819368460382,4.68417154166,0.114161277872,6.51276389331,0.177636284864,10.072739219,15.4921938723,36.2019984548,363.861115462,464.515264275,0,0,0,10.6228070467,2655.70176167,10.6228070467,0,2
east,east_0234,117000,0.679138902332,98251.7237863,3224977.48919,native,0,0.00018615509895,78.8879800133,topo-bathy.tt3,30,30,30,1,copernicus_a2_land_core,land/a2 core,30,false,high,1,30.9222222222,false,false,30.9222222222,7.10626316583,24.2153146162,44.0708496827,103.251944161,281.315280054,25.8341573761,116.448176572,194.711710656,579.644544896,980.338018335,0.094308422525,5.38753988935,0.079422140266,4.54102137795,0.118362188956,6.75024801476,0.178063335894,10.0964572266,90.6140191957,78.2635340843,384.932834239,400.693473439,-6.97827909171,-2.51199969501,-12.7232625887,-10.6228070467,0,0,0,0
east,east_0235,117500,0.682041205334,98238.6064761,3225469.48961,native,0,-0.000202490419314,82.9835509657,topo-bathy.tt3,30,30,30,3,gmrt_shore_blend,blend to GMRT,54,unknown,mixed_blend,2,69.1441909042,false,unknown,69.1441909042,12.7227178271,23.3458838197,52.8754005636,129.681328873,320.324309883,38.1183835359,76.9105137893,213.140838569,476.422307595,808.382920788,0.0968251495144,5.5304326106,0.118118066976,6.7364537101,0.153611856619,8.73304794586,0.19064298101,10.7935194001,38.7921302535,136.23032478,263.281469026,331.960613192,0,-0.869430796454,-0.412822279394,8.37768591251,2094.42147813,8.37768591251,0,2
east,east_0236,118000,0.684943508335,98370.6371928,3225943.66795,native,0,-0.000216475088305,67.2861335948,topo-bathy.tt3,30,30,30,3,gmrt_shore_blend,blend to GMRT,54,unknown,mixed_blend,2,87.4612520908,false,unknown,87.4612520908,14.0845422575,26.7273143112,61.6303413498,121.303642961,320.778246128,30.13959116,62.47307389,177.513689529,419.190345,839.255767316,0.109019628278,6.22179297608,0.139612108155,7.94781189653,0.119346603222,6.80586512553,0.199474603167,11.2809843391,32.33348273,115.040615639,241.676655472,420.065422316,2.85613211069,3.38143049147,8.75494078619,-0.948284761304,4173.59880142,8.75494078619,400,4
east,east_0237,118500,0.687845811337,98615.7724854,3226370.5214,native,0,0.000530081522245,70.5804420361,topo-bathy.tt3,30,30,30,3,gmrt_shore_blend,blend to GMRT,54,unknown,mixed_blend,2,111.491657774,false,unknown,111.491657774,8.727783907,21.480410851,53.288222843,128.748126401,312.640840908,43.6648387209,118.732805148,235.74228258,475.834182139,845.149096009,0.0875255582525,5.00209784786,0.127231247968,7.25085589464,0.150919807117,8.58230002686,0.183892714506,10.4198627043,75.0679664274,117.009477432,240.091899559,369.31491387,-3.99493392005,-1.86547296868,0,0,0,0,0,3
east,east_0238,119000,0.690748114338,98673.436334,3226802.5768,native,0,0.000388199827336,97.6575676173,topo-bathy.tt3,30,30,30,1,copernicus_a2_land_core,land/a2 core,30,false,high,1,30.9222222222,false,false,30.9222222222,11.2284101469,21.8420403824,49.5310768278,122.251927722,298.627280952,32.6008417477,81.7968288682,226.114423948,502.829269289,833.491681492,0.0887601817814,5.07229121284,0.110756145782,6.32010097332,0.145441701789,8.27517218454,0.17637535323,10.0026879469,49.1959871205,144.31759508,276.714845341,330.662412203,-2.85613211069,-4.8852739288,-12.0992645221,0,0,0,0,0
east,east_0239,119500,0.693650417339,98497.588025,3227249.53483,native,0,-0.000433454860231,92.8226537502,topo-bathy.tt3,30,30,30,1,copernicus_a2_land_core,land/a2 core,30,false,high,1,30.9222222222,false,false,30.9222222222,29.7909497898,56.9452522221,115.146049579,152.497153802,368.411597562,12.2390393717,25.6707519233,54.394116942,215.225483136,422.991515478,0.226005102539,12.7351848936,0.232803189427,13.1052122825,0.0747022084459,4.27218619129,0.21591444376,12.1839496211,13.4317125517,28.7233650187,160.831366194,207.766032342,0,0.461383737023,0,23.7490274005,6029.53359752,23.7490274005,0,3
east,east_0240,120000,0.696552720341,98629.1613621,3227700.56737,native,0,-0.000423007559309,72.8224335166,topo-bathy.tt3,30,30,30,3,gmrt_shore_blend,blend to GMRT,54,unknown,mixed_blend,2,30.9222222222,false,unknown,30.9222222222,32.1333214278,56.4838684851,118.850851753,113.259687427,473.916596142,12.6159996509,25.1050304013,50.1367102872,215.174482668,433.891381946,0.22613880261,12.7424728658,0.249467933073,14.007547935,0.0111823286526,0.640673533587,0.360656908714,19.8321892215,12.4890307505,25.0316798859,165.037772381,218.716899277,2.34237163803,0,3.70480217453,-27.356976517,1564.9786883,3.70480217453,0,4
east,east_0241,120500,0.699455023342,98782.1427055,3228170.05822,native,0,8.84462674773e-05,68.5861058997,topo-bathy.tt3,30,30,30,1,copernicus_a2_land_core,land/a2 core,30,false,high,1,30.9222222222,false,false,30.9222222222,36.575689769,59.1813677143,118.284065214,182.008693519,462.068370024,5.79288305655,15.0034022635,33.4244406774,197.841070684,434.689329954,0.229304312346,12.9149014504,0.236410789999,13.301129056,0.12744925661,7.26314755382,0.280059676505,15.6454170422,9.21051920696,18.4210384139,164.416630006,236.84825927,6.7847399792,2.69749922914,3.13801563517,41.3920295751,12573.1186012,41.3920295751,900,4
east,east_0242,121000,0.702357326344,98987.897976,3228615.30231,native,0,0.000248555851056,77.8900313567,topo-bathy.tt3,30,30,30,3,gmrt_shore_blend,blend to GMRT,54,unknown,mixed_blend,2,30.9222222222,false,unknown,30.9222222222,17.3733767275,31.730436072,68.6720874894,140.616663944,351.37061304,28.2417337481,49.8905548742,127.844215765,391.259808248,673.752685902,0.133012526399,7.57658279025,0.14776660567,8.40557655864,0.14388915291,8.18804118733,0.210753949096,11.9011463693,21.648821126,77.9536608913,263.415592483,282.492877654,0,0,0,27.356976517,6839.24412925,27.356976517,0,1
east,east_0243,121500,0.705259629345,98980.7539195,3229095.71097,native,0,-9.63971870631e-05,82.8273071384,topo-bathy.tt3,30,30,30,1,copernicus_a2_land_core,land/a2 core,30,false,high,1,43.7306260454,false,false,43.7306260454,8.98796093217,22.4087939447,59.4847068002,78.1285785588,330.921529925,47.8759957178,114.539292665,227.506511461,442.041421527,800.02472608,0.0935451051267,5.34418749116,0.148303651422,8.43568715732,0.0372877435171,2.13544100926,0.252792951366,14.1867553404,66.6632969474,112.967218796,214.534910066,357.983304553,-3.73125280253,-6.03309509129,-0.623548289923,-0.959599999684,0,0,0,0
east,east_0244,122000,0.708161932347,99109.0400713,3229577.93015,native,0,-3.22889971165e-05,72.3668793811,topo-bathy.tt3,30,30,30,3,gmrt_shore_blend,blend to GMRT,54,unknown,mixed_blend,2,69.1441909042,false,unknown,69.1441909042,9.26913792996,23.1727963329,57.507281261,79.0881785585,266.06406978,44.0141859688,108.730818246,218.68401865,440.849342587,1367.00578637,0.091991402828,5.25592649361,0.137337939712,7.81996323442,0.043161794595,2.47145470382,0.186975891221,10.5906431638,64.7166322767,109.953200404,222.165323937,926.156443779,-3.45007580473,-2.89621923242,-2.60097382919,0.959599999684,239.899999921,0.959599999684,0,1
east,east_0245,122500,0.711064235348,99280.54016,3230038.86495,native,0,0.000165362384113,80.977283879,topo-bathy.tt3,30,30,30,3,gmrt_shore_blend,blend to GMRT,54,unknown,mixed_blend,2,61.8444444444,false,unknown,61.8444444444,12.7192137347,28.441889036,60.1082550902,74.184285808,259.826006665,30.1573770951,69.2505469182,169.52672199,424.257122884,1403.61020853,0.113814997516,6.4931779762,0.126665464217,7.21895301748,0.0281520614356,1.61256838731,0.185641720857,10.5167652174,39.0931698232,100.276175072,254.730400894,979.353085644,0,2.37287347068,0,-3.94429275081,474.574694135,2.37287347068,0,4
east,east_0246,123000,0.713966538349,99260.1782543,3230529.73658,native,0,-0.00055469954458,81.841446081,topo-bathy.tt3,30,30,30,1,copernicus_a2_land_core,land/a2 core,30,false,high,1,30.9222222222,false,false,30.9222222222,13.6163175077,26.0690155653,60.1444657359,73.7013446261,296.642510553,24.1393282395,49.5017538316,187.498853176,435.485670325,1264.69671722,0.103311566694,5.89839108319,0.136301800682,7.7616877442,0.0271137577803,1.55312336622,0.222941165927,12.5680556998,25.3624255921,137.997099344,247.986817149,829.211046898,0,-2.37287347068,0,-5.3868339324,0,0,0,0
east,east_0247,123500,0.716868841351,99408.9548579,3230934.59051,native,0,-0.000883205246462,49.1953410767,topo-bathy.tt3,30,30,30,1,copernicus_a2_land_core,land/a2 core,30,false,high,1,30.9222222222,false,false,30.9222222222,21.7399603659,34.0303356,69.7530155721,83.0411705147,327.323903949,16.3807046025,33.8124664491,87.7413119801,380.068417277,669.294239601,0.134915431886,7.6836890473,0.142890719888,8.13198769103,0.0265763098852,1.52235204639,0.244282733434,13.7275250389,17.4317618466,53.928845531,292.327105297,289.225822324,0,0,0,0,0,0,0,0
east,east_0248,124000,0.719771144352,99832.4104458,3231192.56498,native,0,1.52144889814e-05,31.2375130149,topo-bathy.tt3,30,30,30,1,copernicus_a2_land_core,land/a2 core,30,false,high,1,30.9222222222,false,false,30.9222222222,43.8134307731,68.6555645317,129.09751589,252.053983241,474.941088951,7.49384114575,14.9555734261,29.8790379869,141.333966158,393.018479377,0.274708320891,15.3607130939,0.241767805434,13.5914661469,0.245912934702,13.8156356142,0.222887105709,12.5651049047,7.46173228039,14.9234645608,111.454928171,251.684513219,22.0734704071,12.4143249913,19.3285395036,13.091841012,14659.5378456,22.0734704071,900,4
east,east_0249,124500,0.722673447354,100255.773971,3231448.20049,native,0,0.000913822725837,50.0670670828,topo-bathy.tt3,30,30,30,1,copernicus_a2_land_core,land/a2 core,30,false,high,1,43.7306260454,false,false,43.7306260454,33.4778322299,56.2412395404,109.768976386,238.962142229,463.72285266,4.72398972685,15.5456062981,37.1888394408,211.441363465,460.809839297,0.21369561258,12.0624271909,0.214110947384,12.0851829414,0.258386331686,14.487580134,0.22476071043,12.6673331791,10.8216165713,21.6432331426,174.252524024,249.368475832,0,-12.4143249913,-19.3285395036,-5.11744023014,0,0,0,0
east,east_0250,125000,0.725575750355,100390.383924,3231859.11484,native,0,0.00076278939649,83.5956984285,topo-bathy.tt3,30,30,30,1,copernicus_a2_land_core,land/a2 core,30,false,high,1,30.9222222222,false,false,30.9222222222,14.8086750517,71.4749895407,134.514085236,244.079582459,215.837344485,3.54855146588,12.182007788,29.4489204322,182.459012657,368.72732211,0.274120423602,15.3293879465,0.252156382782,14.1524682272,0.219130994446,12.3599181264,0.028242237974,1.61773101766,8.6334563221,17.2669126442,153.010092225,186.268309453,-29.0047557214,0,0,-7.97440078183,0,0,0,0
east,east_0251,125500,0.728478053357,100356.338855,3232344.14939,native,0,-0.00015843385276,93.771680159,topo-bathy.tt3,30,30,30,1,copernicus_a2_land_core,land/a2 core,30,false,high,1,30.9222222222,false,false,30.9222222222,66.2659625137,117.318764436,220.296343459,278.816561721,264.926132938,6.57280092125,12.0422121866,22.9810347174,62.2877641719,202.368869325,0.473309823472,25.328653635,0.41191031609,22.3872680701,0.117040436524,6.67555199781,0.0138904287824,0.795811765119,5.46941126538,10.9388225308,39.3067294545,140.081105153,19.7935987445,25.8160368649,11.2447087503,0,10864.4930602,25.8160368649,400,4
east,east_0252,126000,0.731380356358,100329.194308,3232787.30627,native,0,-0.000453623251755,74.5181073333,topo-bathy.tt3,30,30,30,3,gmrt_shore_blend,blend to GMRT,54,unknown,mixed_blend,2,61.8444444444,false,unknown,61.8444444444,84.6212167619,156.900635465,274.723719754,349.659003042,600.502051993,8.77659720638,15.1429240169,27.8755776379,63.3599830909,133.937727399,0.635174476092,32.4226708877,0.471292337157,25.2341426078,0.149870566577,8.52351267142,0.250843048951,14.0816962274,6.36632681051,12.732653621,35.484405453,70.5777443082,38.1488529927,65.3979078934,59.8137997683,30.8535139363,46084.2989503,65.3979078934,900,4
east,east_0253,126500,0.734282659359,100593.890246,3233201.78445,native,0,0.000110129685312,67.7809823444,topo-bathy.tt3,30,30,30,3,gmrt_shore_blend,blend to GMRT,54,unknown,mixed_blend,2,30.9222222222,false,unknown,30.9222222222,46.4723637692,91.5027275714,209.051634708,318.805489106,598.561574824,8.12692394116,18.8086995447,40.1722507518,113.494351001,271.386924052,0.361227339169,19.8611053129,0.470195628548,25.1827045114,0.219507708796,12.3805116976,0.279756085718,15.6292863832,10.6817756035,21.3635512071,73.3221002497,157.89257305,0,0,-5.85828527729,-12.9783151367,0,0,0,0
east,east_0254,127000,0.737184962361,100690.070388,3233670.76776,native,0,0.000478380590832,80.8280735008,topo-bathy.tt3,30,30,30,3,gmrt_shore_blend,blend to GMRT,54,unknown,mixed_blend,2,30.9222222222,false,unknown,30.9222222222,30.2285472109,80.804804785,214.909919986,331.783804243,603.733578219,9.7951039168,28.9486050752,65.2871957874,154.595381929,304.622793999,0.313447222716,17.4034547003,0.536420460802,28.2100192311,0.233747768514,13.1565395743,0.271949773976,15.2136471788,19.1535011584,36.3385907122,89.3081861412,150.027412071,-16.2438165583,-10.6979227863,5.85828527729,-17.8751987995,2196.85697898,5.85828527729,0,1
east,east_0255,127500,0.740087265362,100744.723017,3234135.95405,native,0,5.11213007407e-05,95.1901712001,topo-bathy.tt3,30,30,30,3,gmrt_shore_blend,blend to GMRT,54,unknown,mixed_blend,2,30.9222222222,false,unknown,30.9222222222,18.960608833,57.743601193,185.249126975,363.166426787,596.497073735,18.6897152612,51.0946872386,104.60868962,223.322547047,357.870077364,0.22243388946,12.5403641179,0.510022103129,27.0225865945,0.355834599623,19.5873182652,0.233330646948,13.1338763351,32.4049719775,53.5140023815,118.713857427,134.547530317,-11.9928598497,-29.6429240875,-23.8025077331,0,0,0,0,0
east,east_0256,128000,0.742989568364,100606.924336,3234586.12875,native,0,-0.00030285242859,83.7571082765,topo-bathy.tt3,30,30,30,3,gmrt_shore_blend,blend to GMRT,54,unknown,mixed_blend,2,30.9222222222,false,unknown,30.9222222222,58.532471762,127.20533341,199.632368465,444.58423591,774.089558292,0,6.7922467612,22.3946167099,79.5280303587,198.006734532,0.48623470554,25.93062914,0.28970814022,16.1567327277,0.48990373489,26.1004061466,0.329505322382,18.2373266715,6.7922467612,15.6023699487,57.1334136488,118.478704173,27.5790030793,39.8188081292,0,36.4008087712,19132.3890496,39.8188081292,150,4
east,east_0257,128500,0.745891871365,100833.674132,3234949.09305,native,0,-0.000144048989777,77.8380052266,topo-bathy.tt3,30,30,30,3,gmrt_shore_blend,blend to GMRT,54,unknown,mixed_blend,2,30.9222222222,false,unknown,30.9222222222,30.9534686827,87.3865252805,213.852897709,408.183427138,816.811749859,13.0174926099,28.765034715,61.4617298234,161.278589106,274.979056682,0.346078830513,19.0896537321,0.505865489714,26.8332741538,0.388661058859,21.2391657645,0.408628322721,22.2263154544,15.7475421051,32.6966951084,99.8168592824,113.700467576,-2.44623857053,-10.2359644293,14.2205292445,-36.4008087712,5332.69846669,14.2205292445,0,1
east,east_0258,129000,0.748794174366,100782.652631,3235401.52247,native,0,-0.000399415110918,75.5037091191,topo-bathy.tt3,30,30,30,1,copernicus_a2_land_core,land/a2 core,30,false,high,1,30.9222222222,false,false,30.9222222222,90.4010447915,180.463313745,185.08944836,460.616874041,904.570990701,4.52532072003,8.83078775442,17.4417218232,43.2745240295,119.220397255,0.722874531807,35.8622079585,0.0185045384595,1.06011096627,0.551054851362,28.8571750166,0.44395411666,23.9390250078,4.30546703439,8.61093406877,25.8328022063,75.9458732252,31.8685730295,53.2579803353,-28.7634493492,16.0326381311,17049.898577,53.2579803353,150,4
east,east_0259,129500,0.751696477368,101055.117001,3235805.57782,native,0,-0.000770361137765,54.9532050972,topo-bathy.tt3,30,30,30,3,gmrt_shore_blend,blend to GMRT,54,unknown,mixed_blend,2,30.9222222222,false,unknown,30.9222222222,33.3997072532,97.6224897098,287.822810813,496.767146764,843.012869274,14.5504554543,34.093095177,65.3394526437,146.878640115,253.786830901,0.385380941491,21.0757119278,0.760801284413,37.2639240525,0.417888671902,22.6794974392,0.34624572251,19.0981927258,19.5426397227,31.2463574667,81.5391874711,106.908190786,-1.17065598723,0,73.969913104,88.5837196255,49884.6473204,88.5837196255,500,4
east,east_0260,130000,0.754598780369,101325.41132,3236175.31637,native,0,-0.000318092646821,31.3652672243,topo-bathy.tt3,30,30,30,1,copernicus_a2_land_core,land/a2 core,30,false,high,1,30.9222222222,false,false,30.9222222222,73.8011307916,139.988453375,238.427468458,351.75597979,672.889423772,6.26317670042,11.3972449,21.6653812991,54.5891334269,166.389555375,0.564352307859,29.4383103001,0.393756060333,21.4923406559,0.226657022663,12.7707170052,0.321133443982,17.8035614782,5.13406819955,10.2681363991,32.9237521278,111.800421948,39.2307675511,42.365963665,53.3380200981,0,31417.2578361,53.3380200981,400,4
east,east_0261,130500,0.757501083371,101812.912537,3236267.50789,native,0,0.0010522075335,36.7278389402,topo-bathy.tt3,30,30,30,1,copernicus_a2_land_core,land/a2 core,30,false,high,1,43.7306260454,false,false,43.7306260454,34.5703632405,64.9112106318,134.057865459,246.600731695,566.205976324,8.28474315242,18.4147891416,38.6748811201,182.224371169,377.555334046,0.256001615559,14.3594234157,0.276586619311,15.4607320517,0.225085732471,12.6850588218,0.319605244629,17.7241523872,10.1300459892,20.2600919784,143.549490049,195.330962877,0,-32.711279078,-44.7831459318,-105.155248095,0,0,0,0
east,east_0262,131000,0.760403386372,101988.139696,3236669.79996,native,0,0.000637213015331,91.6523180657,topo-bathy.tt3,30,30,30,1,copernicus_a2_land_core,land/a2 core,30,false,high,1,43.7306260454,false,false,43.7306260454,16.58757101,50.2681883428,144.520185357,229.80352316,641.069258155,25.2632451881,49.4396253419,122.197657633,249.038299531,392.777701187,0.201971866495,11.4185254226,0.377007988057,20.6568436603,0.170566675606,9.67959850652,0.411265734995,22.3556863809,24.1763801537,72.7580322909,126.840641899,143.739401656,-27.4861354254,-43.0397291483,-18.0407886669,-16.7972085349,0,0,0,0
east,east_0263,131500,0.763305689374,101791.380218,3237013.95555,native,0,-0.000794675181795,73.2374553695,topo-bathy.tt3,30,30,30,1,copernicus_a2_land_core,land/a2 core,30,false,high,1,61.8444444444,false,false,61.8444444444,70.3335318832,151.254465802,178.841011391,459.946411491,728.49736809,35.9127475109,51.7842822076,59.7758113437,83.7503987517,153.896353709,0.613236492699,31.5181452102,0.110346182357,6.29689540785,0.5622108002,29.3451647424,0.268550956599,15.0321640802,15.8715346967,7.99152913602,23.9745874081,70.1459549576,35.7631686427,86.3432551703,34.3208260344,230.142888332,90356.9205281,230.142888332,900,4
east,east_0264,132000,0.766207992375,102150.470252,3237208.73774,native,0,-0.000511257790414,46.120784065,topo-bathy.tt3,30,30,30,1,copernicus_a2_land_core,land/a2 core,30,false,high,1,30.9222222222,false,false,30.9222222222,44.0737064354,93.307917491,162.560974024,174.029908129,649.116425825,9.45719220525,23.8972185987,51.9205978374,114.050572623,272.247943018,0.366330250185,20.1193106701,0.277012226131,15.4833821245,0.0229378682101,1.31401261772,0.475086517696,25.4117625211,14.4400263934,28.0233792387,62.1299747858,158.197370395,27.4861354254,43.0397291483,18.0407886669,-55.3843683898,17434.7017366,43.0397291483,400,4
east,east_0265,132500,0.769110295376,102314.929319,3237558.39871,native,0,-0.000215530476933,43.9445417356,topo-bathy.tt3,30,30,30,3,gmrt_shore_blend,blend to GMRT,54,unknown,mixed_blend,2,262.383756272,false,unknown,262.383756272,10.65147479,38.8531215986,92.5842594369,209.752834002,534.021400508,55.9135746474,94.9179292546,158.547029253,301.890736937,517.560766761,0.15575084063,8.85273889677,0.214924551353,12.1297482143,0.234337149129,13.1885549265,0.324268566507,17.9662490601,39.0043546072,63.6290999979,143.343707685,215.670029824,0,0,0,0,0,0,0,3
east,east_0266,133000,0.772012598378,102604.559445,3237646.39797,native,0,0.000831748281912,33.7717973803,topo-bathy.tt3,30,30,30,3,gmrt_shore_blend,blend to GMRT,54,unknown,mixed_blend,2,218.653130227,false,unknown,218.653130227,1.45075303326,10.8116616824,56.5701975944,229.414276519,331.799336687,187.596022845,242.012016328,310.102349135,465.842465841,669.835828945,0.0431490145491,2.47072382232,0.183034143648,10.3722720654,0.345688157849,19.0696616035,0.102385060168,5.84586181597,54.4159934827,68.0903328069,155.740116706,203.993363104,-9.20072175674,-28.0414599163,-36.0140618425,55.3843683898,13846.0920975,55.3843683898,0,2
east,east_0267,133500,0.774914901379,102815.235464,3237892.96797,native,0,0.00127850027075,91.6002079064,topo-bathy.tt3,30,30,30,1,copernicus_a2_land_core,land/a2 core,30,false,high,1,30.9222222222,false,false,30.9222222222,7.48105213826,11.9494657441,22.1454434287,153.224341496,470.768930243,49.8580602409,169.328323559,467.372652977,728.130074369,861.649841263,0.0478947379982,2.74207094494,0.0407839107382,2.33545165763,0.262157796135,14.6899594617,0.317544588747,17.6169640664,119.470263318,298.044329418,260.757421392,133.519766894,-3.17042265174,-26.9036558545,-70.4388160082,-56.5284925055,0,0,0,0
east,east_0268,134000,0.777817204381,102585.362041,3238333.58633,native,0,0.000214940088727,107.024467001,topo-bathy.tt3,30,30,30,1,copernicus_a2_land_core,land/a2 core,30,false,high,1,43.7306260454,false,false,43.7306260454,43.3808260254,83.0969800649,124.876915213,103.668551297,543.270481213,11.9668677657,20.0037401468,36.0774849089,127.046312736,333.789881535,0.342167832639,18.8892966651,0.167119740592,9.48757797388,0.0424167278314,2.42884354243,0.439601929916,23.7303833315,8.03687238109,16.0737447622,90.9688278274,206.743568798,6.47014471182,0,0,-125.745725222,485.260853387,6.47014471182,0,2
east,east_0269,134500,0.780719507382,102534.36916,3238810.23912,native,0,-0.000169941581357,103.915367839,topo-bathy.tt3,30,30,30,1,copernicus_a2_land_core,land/a2 core,30,false,high,1,30.9222222222,false,false,30.9222222222,36.9106813136,87.755104434,228.321293332,314.697735871,669.821881942,6.97261806957,19.0048134695,43.0692042694,144.76417639,274.007775804,0.342610352636,18.9119907579,0.562264755592,29.3475136441,0.172752885079,9.80127362895,0.35512414607,19.5511790314,12.0321953999,24.0643907999,101.69497212,129.243599415,0,4.6581243691,80.7901045961,75.6296958368,50135.3380566,80.7901045961,750,4
east,east_0270,135000,0.783621810384,102366.8586,3239215.50331,native,0,-0.000609717113612,97.287531625,topo-bathy.tt3,30,30,30,1,copernicus_a2_land_core,land/a2 core,30,false,high,1,30.9222222222,false,false,30.9222222222,38.3809941327,98.0541737035,182.931277157,454.88978325,764.673446972,26.4919383506,34.0114988605,49.0506198802,132.610262225,253.991482122,0.442678095626,23.8779227641,0.339508413814,18.7527822074,0.543917012187,28.5425215552,0.309783663722,17.2121270825,7.51956050984,15.0391210197,83.5596423448,121.381219897,1.47031281913,14.9571936386,19.4529957525,208.851768931,62609.5278291,208.851768931,900,4
east,east_0271,135500,0.786524113385,102423.384786,3239678.10613,native,0,-0.000710879572048,68.9811505317,topo-bathy.tt3,30,30,30,3,gmrt_shore_blend,blend to GMRT,54,unknown,mixed_blend,2,69.1441909042,false,unknown,69.1441909042,14.7427779194,54.9402362115,147.531188736,239.068040035,764.288965663,42.8711768228,73.3947490734,122.920295463,233.928783993,360.851123712,0.219715662338,12.3918783522,0.370363810097,20.3228062939,0.183073702598,10.3744651392,0.525220925628,27.7093949679,30.5235722505,49.5255463893,111.008488531,126.922339718,-22.1679033942,-32.8148682225,-35.400088421,-75.6296958368,0,0,0,0
east,east_0272,136000,0.789426416386,102699.02292,3240079.97079,native,0,-0.00087438919919,56.5571324046,topo-bathy.tt3,30,30,30,3,gmrt_shore_blend,blend to GMRT,54,unknown,mixed_blend,2,87.4612520908,false,unknown,87.4612520908,15.359163117,59.2334525081,163.478281404,246.038014319,632.713149015,38.7734512501,69.9054661158,119.696846772,223.534117841,354.052737324,0.237038403865,13.3351804884,0.416979315585,22.6351267965,0.165119465829,9.3760484433,0.386675134696,21.1402468846,31.1320148658,49.7913806559,103.837271069,130.518619483,-11.1710767064,-9.84820986538,-16.7210150066,-16.5188221874,0,0,0,0
east,east_0273,136500,0.792328719388,102892.273687,3240388.0571,native,0,-0.000911808485106,18.8823397663,topo-bathy.tt3,30,30,30,1,copernicus_a2_land_core,land/a2 core,30,false,high,1,30.9222222222,false,false,30.9222222222,39.9454334734,100.217086056,247.166857331,421.669014377,449.488728044,14.3165798252,23.6979875649,42.4608030444,130.180901604,249.538645395,0.411389520197,22.3617524328,0.5877990851,30.4469733633,0.349004314091,19.2392076428,0.0278197136674,1.59354116534,9.38140773975,18.7628154795,87.7200985593,119.357743791,13.41519365,40.9836335479,83.6885759266,159.11217787,80364.1266734,159.11217787,900,4
east,east_0274,137000,0.795231022389,103373.021944,3240310.50016,native,0,1.92113863813e-05,4.31435448379,topo-bathy.tt3,30,30,30,1,copernicus_a2_land_core,land/a2 core,30,false,high,1,30.9222222222,false,false,30.9222222222,26.5302398234,69.0816623735,180.199296411,262.556836506,294.615904154,16.3986753167,31.4677102016,68.5474881526,189.364007637,328.675318614,0.278091381531,15.5407907006,0.44447053615,23.9637373183,0.164715080191,9.35349232781,0.0320590676475,1.83622036446,15.069034885,37.0797779509,120.816519485,139.311310976,0,9.84820986538,16.7210150066,0,8240.02260056,16.7210150066,250,4
east,east_0275,137500,0.798133325391,103835.148638,3240459.18978,native,0,0.000494406706915,19.9830711245,topo-bathy.tt3,30,30,30,1,copernicus_a2_land_core,land/a2 core,30,false,high,1,30.9222222222,false,false,30.9222222222,27.7746551683,58.2786474352,142.243150237,272.227073779,301.810707186,7.44274320509,22.1026595877,52.9368916419,214.57014116,395.438031602,0.223268458304,12.5859190117,0.335858011206,18.5650381172,0.259967847085,14.5724906072,0.0295836334073,1.69452310822,14.6599163826,30.8342320541,161.633249518,180.867890442,1.21418438329,0,0,9.6702372726,2508.6231469,9.6702372726,0,1
east,east_0276,138000,0.801035628392,104278.800151,3240639.87342,native,0,0.000233861929862,32.641772153,topo-bathy.tt3,30,30,30,3,gmrt_shore_blend,blend to GMRT,54,unknown,mixed_blend,2,69.1441909042,false,unknown,69.1441909042,23.1306996185,47.1846890958,108.336652416,232.62319157,300.325389468,22.8941593827,40.9190087527,85.2488025743,263.393613969,469.880423191,0.194141642047,10.9868226606,0.24460785328,13.7451027065,0.248573078309,13.9592702914,0.0677021978976,3.87313979385,18.0248493699,44.3297938217,178.144811395,206.486809221,-3.39954020484,-1.10738386943,0,0,0,0,0,0
east,east_0277,138500,0.803937931393,104610.269527,3240955.69688,native,0,0.000237878906404,33.3823726944,topo-bathy.tt3,30,30,30,3,gmrt_shore_blend,blend to GMRT,54,unknown,mixed_blend,2,61.8444444444,false,unknown,61.8444444444,26.560470785,48.2920729652,96.2554484322,203.968511297,331.304077603,19.3587100199,42.687529358,78.1218599512,260.634993353,514.650775477,0.189764682565,10.7449535979,0.191853501868,10.860429821,0.21542612573,12.1572146032,0.127335566306,7.25673760515,23.3288193381,35.4343305932,182.513133402,254.015782124,3.42977116652,1.10738386943,0,0,478.709611375,3.42977116652,150,4
east,east_0278,139000,0.806840234395,105016.651865,3241126.07135,native,0,0.000948993350918,46.2712295251,topo-bathy.tt3,30,30,30,3,gmrt_shore_blend,blend to GMRT,54,unknown,mixed_blend,2,30.9222222222,false,unknown,30.9222222222,8.68823376129,21.7388618385,56.8088845632,164.560956556,313.913332131,44.8080755563,117.906336179,233.020799157,459.319362659,759.335151377,0.0823936044869,4.71016637822,0.140280090899,7.9853493202,0.215504143986,12.1614864008,0.149352375575,8.49447253712,73.0982606231,115.114462978,226.298563501,300.015788719,-5.79303218261,-8.59159200289,-11.0855362048,0,0,0,0,0
east,east_0279,139500,0.809742537396,105194.692075,3241566.64565,native,0,0.001221053819,87.755686488,topo-bathy.tt3,30,30,30,3,gmrt_shore_blend,blend to GMRT,54,unknown,mixed_blend,2,241.510276089,false,unknown,241.510276089,7.29918090132,22.1176569793,58.8098379452,156.417432245,298.202299909,69.6904153346,131.357999066,231.284336324,448.084368684,724.874701035,0.0882795828003,5.04496901058,0.146768723863,8.3496158105,0.195215188599,11.0460862701,0.141784867665,8.06988523048,61.6675837312,99.9263372578,216.80003236,276.790332351,-7.18208504258,-8.212796862,-9.0845828228,-8.14352431184,0,0,0,0
east,east_0280,140000,0.812644840398,105051.972119,3242027.31191,native,0,-0.000294213410218,116.232459912,topo-bathy.tt3,30,30,30,1,copernicus_a2_land_core,land/a2 core,30,false,high,1,30.9222222222,false,false,30.9222222222,14.4812659439,30.3304538414,67.894420768,160.904529364,310.454647854,21.2573719356,52.9576988672,157.030999867,385.33737146,661.628913786,0.115279838229,6.57602017105,0.150255867707,8.54510261644,0.186020217191,10.5377275639,0.14955011849,8.50555484084,31.7003269316,104.073301,228.306371593,276.291542326,2.73099437146,1.71994528452,0,-3.65642719266,548.813634762,2.73099437146,150,3
east,east_0281,140500,0.815547143399,104856.297791,3242253.37128,native,0,-0.000851238321573,70.8984998063,topo-bathy.tt3,30,30,30,1,copernicus_a2_land_core,land/a2 core,30,false,high,1,30.9222222222,false,false,30.9222222222,34.007539804,69.4726392613,174.00586129,223.555686847,406.199878101,17.0426488135,36.7625093378,66.0853345613,168.76998264,347.95363917,0.275175312982,15.3855893022,0.418132888115,22.691408706,0.0990996511141,5.65951316071,0.182644191254,10.350652195,19.7198605243,29.3228252235,102.684648079,179.18365653,19.5262738601,39.1421854199,99.7171970322,8.51824707983,48816.4182805,99.7171970322,900,4
east,east_0282,141000,0.818449446401,105238.840685,3242566.91044,native,0,0.000421600416096,67.4600967261,topo-bathy.tt3,30,30,30,1,copernicus_a2_land_core,land/a2 core,30,false,high,1,30.9222222222,false,false,30.9222222222,11.7502715724,28.6105085568,74.2886642578,215.037439767,366.383303254,33.5795880832,78.5516434961,181.799395565,388.790212509,593.077480867,0.116283121468,6.63274366344,0.182712622804,10.3544464156,0.281497551019,15.7217809045,0.151345863487,8.60616612954,44.9720554128,103.247752069,206.990816944,204.287268358,-11.2978088233,-28.9555317106,-69.0542214786,-1.35713881275,0,0,0,0
east,east_0283,141500,0.821351749402,105168.592257,3243005.83415,native,0,0.000521724993351,95.0544242896,topo-bathy.tt3,30,30,30,1,copernicus_a2_land_core,land/a2 core,30,false,high,1,30.9222222222,false,false,30.9222222222,26.2499440362,57.5660402675,143.342885736,238.538906865,374.441245359,17.848002132,31.8962507828,68.1337490476,217.719715278,376.184225808,0.235673737132,13.2611277497,0.343107381876,18.9374729478,0.190392042258,10.7796452574,0.135902338494,7.73921649923,14.0482486509,36.2374982648,149.585966231,158.464510529,0.830824286653,0,0,22.1443282853,5598.39389282,22.1443282853,0,4
east,east_0284,142000,0.824254052403,105156.797146,3243494.52316,native,0,0.000124107006941,97.3527369116,topo-bathy.tt3,30,30,30,1,copernicus_a2_land_core,land/a2 core,30,false,high,1,30.9222222222,false,false,30.9222222222,23.0480803957,62.5327423918,154.375410732,216.39457858,406.512800495,10.67047261,25.0812067967,65.3797698158,201.870486383,364.761750051,0.244940031301,13.7630592516,0.36737067336,20.1718516043,0.124038335697,7.07075831895,0.190118221916,10.7645045557,14.4107341866,40.2985630191,136.490716567,162.891263669,0,5.00299482098,18.5621294856,1.35713881275,8300.68222447,18.5621294856,750,4
east,east_0285,142500,0.827156355405,105047.298669,3243945.81324,native,0,0.000368734710908,102.165231995,topo-bathy.tt3,30,30,30,1,copernicus_a2_land_core,land/a2 core,30,false,high,1,30.9222222222,false,false,30.9222222222,25.4191197496,57.5297475708,135.813281246,191.677211548,425.735252787,17.5986314648,31.9161322386,70.2371038385,219.232317496,392.82120408,0.234702374971,13.208389911,0.313134134701,17.3871194049,0.111727860604,6.37509558109,0.234058041238,13.1733947363,14.3175007739,38.3209715998,148.995213658,173.588886584,0,-0.0362926966833,-7.52960449026,-24.7173670317,0,0,0,0
east,east_0286,143000,0.830058658406,104968.635385,3244367.36971,native,0,0.000211747915474,118.479679607,topo-bathy.tt3,30,30,30,3,gmrt_shore_blend,blend to GMRT,54,unknown,mixed_blend,2,30.9222222222,false,unknown,30.9222222222,8.04274660873,29.0435443104,96.9031041715,178.23631787,397.414473676,62.0638779329,118.651211082,197.950238539,343.086776153,508.889071112,0.115273619521,6.57566853806,0.271438239444,15.1863531873,0.162666427398,9.23917626525,0.219178155805,12.3624964401,56.5873331487,79.2990274575,145.136537614,165.802294959,-17.3763731409,-33.4891980814,-57.4723065602,-38.1582607097,0,0,0,0
east,east_0287,143500,0.832960961408,104628.816598,3244717.21363,native,0,-0.000448358406854,114.297493873,topo-bathy.tt3,30,30,30,3,gmrt_shore_blend,blend to GMRT,54,unknown,mixed_blend,2,30.9222222222,false,unknown,30.9222222222,26.9657531078,83.073209046,181.948880206,240.623031346,466.941508457,18.2059402073,37.6485861019,74.7423293201,167.71685739,288.136418561,0.331020678378,18.3156113679,0.395502684638,21.578930074,0.117348302282,6.6929524198,0.226318477111,12.7522662375,19.4426458946,37.0937432182,92.9745280694,120.419561172,0,0,4.41520786487,0,1655.70294933,4.41520786487,0,2
east,east_0288,144000,0.835863264409,104590.766504,3245204.35413,native,0,-0.000325469864727,92.7906351847,topo-bathy.tt3,30,30,30,1,copernicus_a2_land_core,land/a2 core,30,false,high,1,30.9222222222,false,false,30.9222222222,39.7996435051,111.400054696,177.533672341,254.621522933,416.524598076,13.1738395045,25.0653583555,48.8483960575,123.429079413,227.684296718,0.447756916629,24.1207789717,0.264534470578,14.8173015101,0.154175701185,8.76460644967,0.161903075143,9.19656171589,11.891518851,23.783037702,74.5806833559,104.255217305,0,8.02869934183,0,0,1605.73986837,8.02869934183,0,4
east,east_0289,144500,0.83876556741,104581.019432,3245697.78253,native,0,0.00015697738932,95.649444265,topo-bathy.tt3,30,30,30,1,copernicus_a2_land_core,land/a2 core,30,false,high,1,30.9222222222,false,false,30.9222222222,43.2055149667,104.779300381,180.552286731,258.43727339,448.834655397,7.22644585675,17.3315529628,37.541767175,118.064335732,238.940422889,0.413419763153,22.4611683515,0.303091945397,16.8616335163,0.155769973318,8.85380915327,0.190397382007,10.7799404999,10.1051071061,20.2102142121,80.5225685575,120.876087157,0,0,3.01861439006,0,1131.98039627,3.01861439006,0,3
east,east_0290,145000,0.841667870412,104494.399532,3246178.52351,native,0,-5.89299572981e-05,101.784777072,topo-bathy.tt3,30,30,30,1,copernicus_a2_land_core,land/a2 core,30,false,high,1,30.9222222222,false,false,30.9222222222,54.9401277193,103.371355354,144.205970167,269.411920908,487.286878979,3.27803586893,10.1987912804,24.0403021034,84.7387196044,238.653077733,0.402958479412,21.9473881651,0.16333845925,9.2766842727,0.250411901483,14.0584532828,0.21787495807,12.291231876,6.9207554115,13.841510823,60.698417501,153.914358129,0,-8.02869934183,-30.2704000232,0,0,0,0,0
east,east_0291,145500,0.844570173413,104380.035125,3246661.11869,native,0,-0.000712597487478,92.273006425,topo-bathy.tt3,30,30,30,1,copernicus_a2_land_core,land/a2 core,30,false,high,1,30.9222222222,false,false,30.9222222222,63.8226379285,112.793064862,144.430554497,271.29654548,616.095993268,6.37238035067,12.4540516304,24.6173941899,69.8912512849,212.68731957,0.452128276496,24.3290709659,0.126549958541,7.21243943923,0.253731981966,14.2373148462,0.344799447788,19.0241651421,6.08167127974,12.1633425595,45.273857095,142.796068285,0,0,-21.9934113235,0,0,0,0,0
east,east_0292,146000,0.847472476415,104456.040215,3247144.94131,native,0,-0.000639612121664,60.9559485476,topo-bathy.tt3,30,30,30,1,copernicus_a2_land_core,land/a2 core,30,false,high,1,30.9222222222,false,false,30.9222222222,96.2522681391,153.102285263,174.47637019,365.22435503,667.827529799,4.76228127111,9.26583526591,18.2729432555,45.2942672243,110.626165664,0.613558132613,31.5315356013,0.0854963397069,4.88669591265,0.381495969679,20.8816513276,0.302603174769,16.8359817193,4.5035539948,9.00710798961,27.0213239688,65.3318984393,18.8142204118,24.9414446784,8.05240436919,19.4603925263,14284.1052366,24.9414446784,900,4
east,east_0293,146500,0.850374779416,104801.23934,3247419.61532,native,0,3.60621211629e-05,55.6259313282,topo-bathy.tt3,30,30,30,1,copernicus_a2_land_core,land/a2 core,30,false,high,1,30.9222222222,false,false,30.9222222222,96.4764084657,155.03081984,166.423965821,345.763962503,580.205068633,4.14828861259,7.54695229876,14.3442796711,34.7362617881,109.692810184,0.624534571535,31.9862028646,0.0455725839253,2.60931132798,0.358679993365,19.731894587,0.23444110613,13.1942010364,3.39866368616,6.79732737233,20.391982117,74.9565483957,19.0383607385,26.8699792546,0,0,6801.8729063,26.8699792546,150,4
east,east_0294,147000,0.853277082418,104941.509381,3247854.63996,native,0,-0.00047885239018,63.0221558905,topo-bathy.tt3,30,30,30,1,copernicus_a2_land_core,land/a2 core,30,false,high,1,30.9222222222,false,false,30.9222222222,77.4380477273,128.160840585,181.596475852,349.15841996,579.406847952,0,3.25006097853,13.5202086069,44.3306514919,163.151285401,0.48530164573,25.887375374,0.213742541069,12.0649985464,0.335123888215,18.527231286,0.230248427992,12.966282514,3.25006097853,10.2701476283,30.810442885,118.820633909,0,0,15.1725100313,3.39445745645,6538.30562585,15.1725100313,500,4
east,east_0295,147500,0.856179385419,105181.950549,3248167.51796,native,0,-0.00121401283114,28.1897103612,topo-bathy.tt3,30,30,30,1,copernicus_a2_land_core,land/a2 core,30,false,high,1,30.9222222222,false,false,30.9222222222,39.8252245811,75.4384385131,152.488271699,226.83972097,391.593640454,1.72043554002,12.552280717,34.2159710709,144.327266163,337.528224053,0.284930379109,15.9038625445,0.308199332744,17.1292631146,0.148702898543,8.45806874588,0.164753919484,9.35565886118,10.831845177,21.6636903539,110.111295092,193.20095789,0,0,0,0,0,0,0,0
east,east_0296,148000,0.85908168842,105655.173063,3248237.13807,native,0,-0.00042817274789,-6.53565560871,topo-bathy.tt3,30,30,30,1,copernicus_a2_land_core,land/a2 core,30,false,high,1,30.9222222222,false,false,30.9222222222,34.7306334418,61.3987901956,127.597570363,218.430636176,149.816992581,11.6372953751,21.8513564259,42.2794785276,191.544937593,403.221733001,0.248381974602,13.9489575739,0.264795120669,14.8312580408,0.181666131626,10.2964131875,0.0686136435952,3.92512030646,10.2140610508,20.4281221016,149.265459065,211.676795408,0,0,0,0,0,0,0,0
east,east_0297,148500,0.861983991422,106075.470337,3248065.15093,native,0,0.000993519462678,3.65721900452,topo-bathy.tt3,30,30,30,3,gmrt_shore_blend,blend to GMRT,54,unknown,mixed_blend,2,43.7306260454,false,unknown,43.7306260454,6.74555252436,15.8815219146,46.0301105185,174.292030829,155.954146175,70.2571173774,161.763691966,304.13177803,519.840198331,710.895584779,0.0627680238592,3.59163100188,0.120594354416,6.87634163177,0.256523840621,14.387500846,0.0183378846539,1.05056564571,91.5065745887,142.368086064,215.708420301,191.055386449,-13.2338330389,-23.9940107665,-35.1396877547,0,0,0,0,0
east,east_0298,149000,0.864886294423,106498.156376,3248291.01933,native,0,0.00145324739161,50.3888164668,topo-bathy.tt3,30,30,30,3,gmrt_shore_blend,blend to GMRT,54,unknown,mixed_blend,2,154.611111111,false,unknown,154.611111111,7.56810835009,21.0705162431,48.4988211167,168.350077714,248.725790494,67.4569580707,128.741334487,238.639496654,507.530840418,706.907221464,0.0842023559164,4.81308606031,0.109713219495,6.26106311332,0.239702513195,13.4796157612,0.0803757127797,4.59531048157,61.2843764164,109.898162167,268.891343764,199.376381046,-12.4112772131,-18.8050164379,-32.6709771565,-5.94195311505,0,0,0,0
east,east_0299,149500,0.867788597425,106627.217107,3248731.83321,native,0,0.000933382964269,86.9221611323,topo-bathy.tt3,30,30,30,1,copernicus_a2_land_core,land/a2 core,30,false,high,1,30.9222222222,false,false,30.9222222222,19.9793855632,39.875532681,81.1697982732,151.226796146,170.5831638,17.4105125513,35.4794772109,100.180932001,319.089670144,617.863629738,0.158773309654,9.02173402005,0.165177062369,9.37926086646,0.140113995746,7.97601621316,0.0193563676535,1.10889969698,18.0689646596,64.7014547902,218.908738143,298.773959594,0,0,0,-23.0652346827,0,0,0,0
east,east_0300,150000,0.870690900426,106548.243748,3249222.52815,native,0,0.000246341893576,103.867720989,topo-bathy.tt3,30,30,30,1,copernicus_a2_land_core,land/a2 core,30,false,high,1,30.9222222222,false,false,30.9222222222,47.0023036299,92.1804785658,170.27508781,188.162222644,171.255315752,9.37382016739,16.5647788789,30.9466963019,111.461514925,273.774869356,0.374793042032,20.545648617,0.312378436978,17.3476790348,0.0357742696676,2.04884093078,0.0169069068918,0.968602127011,7.1909587115,14.381917423,80.5148186231,162.313354431,2.49610446821,0,10.1730436095,0,4002.09918869,10.1730436095,0,2
east,east_0301,150500,0.873593203428,106389.854795,3249693.29229,native,0,6.83620940053e-05,101.036511951,topo-bathy.tt3,30,30,30,1,copernicus_a2_land_core,land/a2 core,30,false,high,1,30.9222222222,false,false,30.9222222222,81.8552567148,137.535832317,238.698948514,264.837306493,303.431289208,5.00862572129,8.80432504038,16.3957236785,39.169919593,150.322304759,0.556534385566,29.0974420365,0.404652464789,22.0308389751,0.0522767159582,2.99251114195,0.0385939827151,2.21017541093,3.79569931908,7.59139863817,22.7741959145,111.152385165,34.8529530849,39.4889054379,68.4238607036,0,36170.7003328,68.4238607036,400,4
east,east_0302,151000,0.876495506429,106363.641354,3250169.00459,native,0,-5.46457250767e-05,107.784580454,topo-bathy.tt3,30,30,30,3,gmrt_shore_blend,blend to GMRT,54,unknown,mixed_blend,2,30.9222222222,false,unknown,30.9222222222,44.5061991617,98.0469268788,160.102044201,305.0814578,328.174072671,10.0556399353,18.5717656375,35.6040170421,116.835063413,255.390428968,0.395803234779,21.5938195164,0.248220469288,13.9402413846,0.289958827198,16.1699829677,0.0230926148705,1.32287425422,8.51612570226,17.0322514045,81.2310463706,138.555365555,-35.8219810227,-29.2197485653,-10.1730436095,9.50450536231,2376.12634058,9.50450536231,0,3
east,east_0303,151500,0.87939780943,106105.576009,3250579.53641,native,0,-0.000679215064789,97.9055425361,topo-bathy.tt3,30,30,30,1,copernicus_a2_land_core,land/a2 core,30,false,high,1,30.9222222222,false,false,30.9222222222,83.1402652779,134.12432622,175.410291703,348.812707141,476.349241938,0,0.141610021024,8.41341932801,33.228847249,157.475411891,0.497182088661,26.4357421024,0.16514386193,9.377409133,0.346804830875,19.126792965,0.127536534797,7.26806824254,0.141610021024,8.27180930699,24.815427921,124.246564642,1.2850085631,0,15.3082475021,53.2357547029,19145.9071313,53.2357547029,500,4
east,east_0304,152000,0.882300112432,106244.875232,3251024.29816,native,0,-0.000768155842011,68.8684238599,topo-bathy.tt3,30,30,30,3,gmrt_shore_blend,blend to GMRT,54,unknown,mixed_blend,2,30.9222222222,false,unknown,30.9222222222,80.3281801844,127.266675444,149.733102828,295.576952438,482.825470559,6.86541986045,13.6402330633,27.1898594689,65.1349444835,149.02757898,0.509334182679,26.9912992313,0.0898657095361,5.13513201249,0.291687699219,16.2613153005,0.187248518121,10.6057351492,6.7748132028,13.5496264056,37.9450850146,83.8926344966,0,0,-9.9620348141,0,0,0,0,1
east,east_0305,152500,0.885202415433,106445.874682,3251459.996,native,0,6.79531717108e-05,53.8934547806,topo-bathy.tt3,30,30,30,3,gmrt_shore_blend,blend to GMRT,54,unknown,mixed_blend,2,30.9222222222,false,unknown,30.9222222222,101.8843372,151.528977198,138.487451156,263.549355653,524.072029302,4.77994721043,10.5851009917,22.1954085542,55.2228232577,98.3737809055,0.602583852244,31.0724882106,0.0521661041663,2.9861907892,0.250123808993,14.0429197278,0.260522673649,14.6022633883,5.80515378127,11.6103075625,33.0274147035,43.1509576477,21.556157016,24.2623017536,-21.2076864861,0,6469.17212691,24.2623017536,150,4
east,east_0306,153000,0.888104718435,106804.860466,3251792.04535,native,0,0.000943088664189,72.7618538034,topo-bathy.tt3,30,30,30,1,copernicus_a2_land_core,land/a2 core,30,false,high,1,30.9222222222,false,false,30.9222222222,57.0043967151,90.8292228156,159.695137642,229.863089547,451.382655974,2.4584110765,8.37238838534,20.200343003,70.3458258439,287.381625495,0.351630792206,19.3732443995,0.275463659306,15.4009462596,0.140335903809,7.98848542597,0.221519566428,12.4904373451,5.91397730884,11.8279546177,50.1454828409,217.035799651,-2.45936733867,-32.6714247095,0,-33.686266106,0,0,0,0
east,east_0307,153500,0.891007021436,106676.385435,3252202.90462,native,0,0.000160510725527,107.928454945,topo-bathy.tt3,30,30,30,1,copernicus_a2_land_core,land/a2 core,30,false,high,1,30.9222222222,false,false,30.9222222222,52.8019792095,104.795412736,180.113588383,212.76851704,401.517326265,4.14837194218,10.9854101554,24.6594865818,90.1824023643,237.242954699,0.411316648039,22.3581814213,0.301272702585,16.766120307,0.0653098573145,3.73667244138,0.188748809225,10.6887610581,6.8370382132,13.6740764264,65.5229157825,147.060552335,-4.20241750558,0,0,-50.7808386129,0,0,0,0
east,east_0308,154000,0.893909324437,106529.914604,3252641.85091,native,0,-0.000918351958446,81.9584409427,topo-bathy.tt3,30,30,30,3,gmrt_shore_blend,blend to GMRT,54,unknown,mixed_blend,2,87.4612520908,false,unknown,87.4612520908,59.4637640538,123.500647525,266.742464052,366.205445344,614.814395587,10.7042379696,20.5265193358,40.1710820681,86.2686330219,199.688883692,0.495798418525,26.3721413857,0.572967266109,29.8112968585,0.198925962583,11.2507492989,0.248608950243,13.961205981,9.82228136615,19.6445627323,46.0975509539,113.42025067,5.98719155679,30.1220058899,86.6288756697,0,38959.2689209,86.6288756697,400,4
east,east_0309,154500,0.896811627439,106788.765697,3252998.34489,native,0,-0.000534739788919,55.3107636187,topo-bathy.tt3,30,30,30,3,gmrt_shore_blend,blend to GMRT,54,unknown,mixed_blend,2,30.9222222222,false,unknown,30.9222222222,53.476572497,93.3786416352,184.743139269,405.011223058,532.82327087,7.494817454,14.9134717641,29.7507803844,91.2336474292,270.37993665,0.373719895272,20.4917160597,0.365457990537,20.0752347001,0.440536167577,23.7752267873,0.127812047813,7.28360078375,7.41865431015,14.8373086203,61.4828670448,179.14628922,0.674593287459,0,4.62955088677,38.8057777137,11488.1205075,38.8057777137,500,4
east,east_0310,155000,0.89971393044,107064.587501,3253414.32666,native,0,0.000202212547615,51.3201078999,topo-bathy.tt3,30,30,30,1,copernicus_a2_land_core,land/a2 core,30,false,high,1,30.9222222222,false,false,30.9222222222,35.747113257,68.3926760786,163.2163427,375.458835377,547.907068329,8.2827483672,19.4504929066,41.7859819853,171.169810971,354.854293792,0.268404045708,15.0243126393,0.379294666487,20.7714693634,0.424484985354,23.0004936937,0.172448232952,9.78432331399,11.1677445394,22.3354890787,129.383828986,183.684482821,-17.7294592399,-24.9859655565,-21.5267965689,0,0,0,0,0
east,east_0311,155500,0.902616233442,107396.303512,3253757.22169,native,0,7.04957625032e-05,66.8966891616,topo-bathy.tt3,30,30,30,3,gmrt_shore_blend,blend to GMRT,54,unknown,mixed_blend,2,30.9222222222,false,unknown,30.9222222222,19.6147901326,41.5558332039,117.178611647,333.704033585,534.800217202,24.4841104001,48.7804779776,103.239482341,286.911291,455.011484591,0.166377876759,9.44622221275,0.302491113772,16.8300995226,0.433050843876,23.4150647363,0.201096183618,11.3703107764,24.2963675775,54.4590043637,183.671808658,168.100193592,-16.1323231245,-26.8368428747,-46.0377310535,-41.7548017925,0,0,0,0
east,east_0312,156000,0.905518536443,107385.820887,3254167.32722,native,0,-0.000248817312282,55.3592175649,topo-bathy.tt3,30,30,30,1,copernicus_a2_land_core,land/a2 core,30,false,high,1,30.9222222222,false,false,30.9222222222,63.1126372253,116.916010974,256.092157907,430.507203904,542.081068332,8.87792973491,14.7951802039,26.6296811419,71.9395982949,209.172379558,0.477670986415,25.5324526354,0.556704587735,29.104887202,0.348830091994,19.2303088228,0.111573864427,6.36638088674,5.91725046901,11.834500938,45.309917153,137.232781263,43.4978470927,74.3288739238,138.913546261,92.4889072753,93342.9199833,138.913546261,900,4
east,east_0313,156500,0.908420839445,107825.465413,3254378.3809,native,0,0.000506348945494,52.6405072981,topo-bathy.tt3,30,30,30,1,copernicus_a2_land_core,land/a2 core,30,false,high,1,30.9222222222,false,false,30.9222222222,17.1421081361,42.5871370501,107.68672724,276.623958514,451.076753052,22.6193683281,47.667929522,119.148553921,282.581417636,473.778223202,0.168408961454,9.55942281502,0.260398360761,14.5955932823,0.337874462548,18.6687977256,0.174452794537,9.8958217599,25.0485611939,71.480624399,163.432863715,191.196805566,0,1.03130384618,0,-57.0800750707,206.260769237,1.03130384618,0,2
east,east_0314,157000,0.911323142446,107907.399026,3254850.5236,native,0,0.00111402030338,84.3708751026,topo-bathy.tt3,30,30,30,3,gmrt_shore_blend,blend to GMRT,54,unknown,mixed_blend,2,318.363763137,false,unknown,318.363763137,8.29404606196,31.1063831444,102.062962056,338.018296629,490.583399837,63.8410979031,114.864582108,190.174572668,331.080168482,494.150766862,0.124207701449,7.0803150261,0.283826315647,15.8453373644,0.471910669146,25.2631245955,0.152565103208,8.67444677982,51.0234842046,75.3099905605,140.905595814,163.07059838,-8.84806207411,-11.4807539056,-5.62376518422,0,0,0,0,0
east,east_0315,157500,0.914225445447,107920.928219,3255346.9162,native,0,-4.28285899589e-06,116.469168974,topo-bathy.tt3,30,30,30,3,gmrt_shore_blend,blend to GMRT,54,unknown,mixed_blend,2,30.9222222222,false,unknown,30.9222222222,8.01950853415,20.7513138479,60.5795876748,280.450957292,458.487913829,59.465336657,121.982436095,239.326438381,455.859953796,635.352678856,0.0822748236201,4.70340656015,0.159313095308,9.05189845759,0.439742739234,23.7371441629,0.178036956537,10.0949922435,62.5170994378,117.344002286,216.533515415,179.49272506,-9.12259960192,-21.8358232022,-47.1071395656,-57.5673393372,0,0,0,0
east,east_0316,158000,0.917127748449,107588.01016,3255491.98273,native,0,-0.000974813619997,84.1254853579,topo-bathy.tt3,30,30,30,1,copernicus_a2_land_core,land/a2 core,30,false,high,1,30.9222222222,false,false,30.9222222222,72.7417234876,140.373383497,286.363421103,404.447620627,576.592559591,6.83347380279,13.2232280276,26.0027364774,66.5206430626,171.009196989,0.562882381076,29.3743937267,0.583960150426,30.2832257717,0.236168399048,13.2879754783,0.172144938964,9.76744684542,6.38975422485,12.7795084497,40.5179065852,104.488553926,55.939791211,88.4788353161,147.131653517,63.3554011687,92904.471765,147.131653517,900,4
east,east_0317,158500,0.92003005145,107961.734274,3255743.51345,native,0,-2.46029428747e-05,60.6164627362,topo-bathy.tt3,30,30,30,3,gmrt_shore_blend,blend to GMRT,54,unknown,mixed_blend,2,30.9222222222,false,unknown,30.9222222222,17.9361246602,51.8945481806,139.231767586,341.092219458,429.414599047,27.5616844778,55.2017764212,110.499418783,242.632012451,406.650455668,0.207617146953,11.7289557808,0.349348877623,19.2568042276,0.403720903744,21.9849596262,0.0883223795887,5.04740211486,27.6400919434,55.2976423616,132.132593668,164.018443217,0,-5.59813941789,-33.0471326519,-28.859247935,0,0,0,0
east,east_0318,159000,0.922932354452,108006.572605,3256235.31071,native,0,0.000315103076695,82.7158405676,topo-bathy.tt3,30,30,30,3,gmrt_shore_blend,blend to GMRT,54,unknown,mixed_blend,2,235.496628374,false,unknown,235.496628374,16.8019322766,57.4926875985,172.278900238,369.951467393,477.591658552,35.3180287014,64.8102237922,112.779483633,223.811641215,367.693781898,0.230536069038,12.9819324253,0.459144850559,24.6619776374,0.395345134311,21.5711237089,0.107640191158,6.14367381998,29.4921950908,47.9692598404,111.032157583,143.882140683,-1.13419238363,-8.64418397064,-35.7507525517,-21.7908939127,0,0,0,0
east,east_0319,159500,0.925834657453,108084.421237,3256703.34043,native,0,-0.000166632455947,78.6705391424,topo-bathy.tt3,30,30,30,3,gmrt_shore_blend,blend to GMRT,54,unknown,mixed_blend,2,30.9222222222,false,unknown,30.9222222222,22.0546139899,66.1368715691,208.02965279,405.50354845,459.731360471,16.1622834282,38.9569778781,89.3348082227,206.901673686,320.313353501,0.258728227732,14.5059418213,0.567571124883,29.5779928404,0.39494779132,21.5514322685,0.054227812021,3.10398456009,22.7946944499,50.3778303446,117.566865463,113.411679815,5.25268171332,8.64418397064,28.0421120929,24.1973857148,18687.9263862,28.0421120929,900,4
east,east_0320,160000,0.928736960455,108191.951315,3257160.56428,native,0,0.000108990110573,73.1685041119,topo-bathy.tt3,30,30,30,3,gmrt_shore_blend,blend to GMRT,54,unknown,mixed_blend,2,43.7306260454,false,unknown,43.7306260454,12.1885963033,85.1384571234,246.273704526,391.742361306,579.349219808,29.1394029965,73.0087350501,139.468052036,187.269245804,276.64278447,0.338066742944,18.6786851934,0.64454098961,32.8034395278,0.29093731356,16.2216845537,0.187606858501,10.6255697674,43.8693320536,66.4593169863,47.8011937678,89.3735386661,-4.61333597325,19.0015855543,38.2440517361,0,18141.8365119,38.2440517361,250,4
east,east_0321,160500,0.931639263456,108311.986042,3257455.57672,native,0,0.000486819309468,84.9152124869,topo-bathy.tt3,30,30,30,3,gmrt_shore_blend,blend to GMRT,54,unknown,mixed_blend,2,207.432572713,false,unknown,207.432572713,13.8337969883,55.506349161,179.987540697,381.306162735,527.74702084,41.5737465325,75.4789664734,130.16820654,235.04976251,343.429792791,0.222085044576,12.5213176597,0.497924766144,26.469850526,0.402637244076,21.9315520796,0.146440858106,8.33122574355,33.9052199408,54.6892400664,104.881555971,108.380030281,-4.01457960876,-15.7279924581,-28.0421120929,-13.2761612563,0,0,0,0
east,east_0322,161000,0.934541566457,108262.434238,3257952.68519,native,0,-1.14765185937e-05,101.06119593,topo-bathy.tt3,30,30,30,3,gmrt_shore_blend,blend to GMRT,54,unknown,mixed_blend,2,235.496628374,false,unknown,235.496628374,17.8483765971,71.2343416191,228.445788637,406.283338666,525.341163583,32.7552626397,61.9054653561,107.902837485,201.819501806,301.055526269,0.284290272665,15.8699353532,0.62884578807,32.1635614844,0.355675100058,19.5792062787,0.119057824918,6.78955115551,29.1502027165,45.9973721284,93.9166643217,99.2360244629,0,-1.97263998915,5.21805995337,14.5409773598,5592.01682246,14.5409773598,500,4
east,east_0323,161500,0.937443869459,108122.217658,3258426.31379,native,0,-0.000733582828921,84.257656408,topo-bathy.tt3,30,30,30,3,gmrt_shore_blend,blend to GMRT,54,unknown,mixed_blend,2,92.7666666667,false,unknown,92.7666666667,19.9825359179,73.2069816083,190.458279058,394.582323991,707.550485179,29.6803116008,56.2555198115,100.060427643,194.739287035,303.266963956,0.29370077296,16.3675544097,0.4690051898,25.1268210681,0.408248089866,22.2076444471,0.312968161188,17.3784585917,26.5752082106,43.8049078317,94.6788593916,108.527676921,0,0,-30.3636933735,13.2761612563,3319.04031408,13.2761612563,0,4
east,east_0324,162000,0.94034617246,108351.675283,3258840.12843,native,0,-0.000689985989706,59.0299959095,topo-bathy.tt3,30,30,30,1,copernicus_a2_land_core,land/a2 core,30,false,high,1,43.7306260454,false,false,43.7306260454,23.0221125735,73.7264045487,223.227728683,369.383153856,696.472242817,30.5049175362,52.1469258634,88.8944765136,190.346939578,303.647733242,0.302543870687,16.8328688327,0.598005296539,30.8796472148,0.292310850345,16.2942141553,0.327089088961,18.1123559568,21.6420083272,36.7475506502,101.452463065,113.300793664,3.03957665557,0.519422940378,2.40575625151,0,1234.01143156,3.03957665557,400,4
east,east_0325,162500,0.943248475462,108617.540499,3259251.64785,native,0,-0.000158642569489,44.7243712747,topo-bathy.tt3,30,30,30,3,gmrt_shore_blend,blend to GMRT,54,unknown,mixed_blend,2,43.7306260454,false,unknown,43.7306260454,47.3741336618,106.233491329,220.821972432,359.767415596,569.470996613,10.4189374002,20.4972473512,40.653867253,107.633602848,235.887655284,0.425609926765,23.0550852792,0.45835392441,24.6245397489,0.277890886328,15.5301272344,0.209703581018,11.8435119351,10.0783099509,20.1566199018,66.9797355953,128.254052436,27.3915977439,33.0265097211,30.3636933735,0,20046.0567901,33.0265097211,400,4
east,east_0326,163000,0.946150778463,109017.822061,3259499.89667,native,0,0.000544109226325,49.9404462267,topo-bathy.tt3,30,30,30,1,copernicus_a2_land_core,land/a2 core,30,false,high,1,30.9222222222,false,false,30.9222222222,14.1029043398,43.78878091,120.112875384,276.791986605,495.282524553,32.6233766762,69.4395242016,135.993368548,273.250238559,441.329621435,0.173104409864,9.82082970425,0.305296377897,16.9772405705,0.313358222442,17.3988114283,0.218490537948,12.3248993093,36.8161475253,66.5538443469,137.25687001,168.079382876,0,-6.71884067792,-42.8280587273,-61.9252284143,0,0,0,0
east,east_0327,163500,0.949053081464,109204.992522,3259950.26991,native,0,0.00072984489187,75.8995335372,topo-bathy.tt3,30,30,30,3,gmrt_shore_blend,blend to GMRT,54,unknown,mixed_blend,2,328.707731076,false,unknown,328.707731076,10.1468752528,41.431389828,132.895827881,291.457528788,558.200877523,56.4741185015,98.7579114443,160.263823666,275.608001663,412.035775058,0.16563666167,9.40489269408,0.365857752213,20.0954380538,0.317123401814,17.5950396415,0.266743348734,14.9355189701,42.2837929428,61.5059122212,115.344177998,136.427773394,-3.73620975444,-9.07623175998,-30.0451062304,-47.2596862313,0,0,0,0
east,east_0328,164000,0.951955384466,109255.617153,3260446.56599,native,0,0.000376718344363,91.75747823,topo-bathy.tt3,30,30,30,3,gmrt_shore_blend,blend to GMRT,54,unknown,mixed_blend,2,285.088802496,false,unknown,285.088802496,10.2404995234,50.5076215879,162.940934112,338.71721502,561.286505036,56.9231234447,98.0230952725,150.501140109,248.552878518,365.672708139,0.201722887379,11.4048184255,0.449733250095,24.2150341584,0.351552561816,19.3692552534,0.222569290017,12.5477560465,41.0999718278,52.4780448362,98.0517384096,117.119829621,-2.06532658038,1.61313041892,0,0,322.626083784,1.61313041892,0,3
east,east_0329,164500,0.954857687467,109174.641957,3260939.42234,native,0,-0.000113875934832,97.4839047344,topo-bathy.tt3,30,30,30,3,gmrt_shore_blend,blend to GMRT,54,unknown,mixed_blend,2,154.611111111,false,unknown,154.611111111,13.8830850073,61.0763830982,195.978742249,427.12895349,573.428068639,45.0910570864,76.7459058164,126.083450241,222.306461468,329.161325516,0.243919674568,13.7078930766,0.539609436604,28.35171795,0.462300422481,24.8111206582,0.146299115149,8.32327481249,31.65484873,49.3375444243,96.2230112277,106.854864048,1.57725890345,12.1818919291,33.0378081376,63.5373477289,30828.1877874,63.5373477289,900,4
east,east_0330,165000,0.957759990469,109126.098479,3261432.49813,native,0,-0.000374710127368,85.232867776,topo-bathy.tt3,30,30,30,3,gmrt_shore_blend,blend to GMRT,54,unknown,mixed_blend,2,87.4612520908,false,unknown,87.4612520908,12.3058261038,48.894491169,163.604066359,412.964500628,546.305397758,47.6431599247,83.6609327577,142.207275011,253.03057783,374.05192193,0.19576466186,11.0764099106,0.458838300761,24.6474699993,0.498720868537,26.5063901161,0.13334089713,7.59506917194,36.017772833,58.5463422533,110.823302819,121.021344101,-0.942632678582,0,0.663132247758,49.3728948673,12591.8983097,49.3728948673,500,4
east,east_0331,165500,0.96066229347,109254.013814,3261891.184,native,0,8.43421174562e-05,76.0145958954,topo-bathy.tt3,30,30,30,1,copernicus_a2_land_core,land/a2 core,30,false,high,1,30.9222222222,false,false,30.9222222222,14.4179554675,45.3418242106,144.454220737,363.591605761,511.188062339,30.8913458135,63.4549636083,136.434916002,266.559097176,412.482176631,0.183181387729,10.3804348444,0.396449586104,21.6258297905,0.438274770048,23.6666265043,0.147596456578,8.39603581584,32.5636177948,72.9799523933,130.124181174,145.923079456,1.16949668509,0,0,0,87.712251382,1.16949668509,0,2
east,east_0332,166000,0.963564596472,109354.718779,3262350.4402,native,0,0.000567242813603,90.0653151414,topo-bathy.tt3,30,30,30,3,gmrt_shore_blend,blend to GMRT,54,unknown,mixed_blend,2,61.8444444444,false,unknown,61.8444444444,13.2484587824,39.0231173784,130.773955453,336.967576763,500.333689159,32.7798928703,72.9324148894,148.566646235,293.552202497,435.11542194,0.153208073016,8.71044480608,0.367003352297,20.153306082,0.412387242621,22.4106261836,0.163366112396,9.27822750177,40.1525220192,75.6342313455,144.985556262,141.563219443,0.350565321471,-4.47684600861,-13.6802652839,-26.6240289977,26.2923991103,0.350565321471,0,1
east,east_0333,166500,0.966466899473,109252.967543,3262808.99378,native,0,0.000244696169746,108.515215074,topo-bathy.tt3,30,30,30,3,gmrt_shore_blend,blend to GMRT,54,unknown,mixed_blend,2,69.1441909042,false,unknown,69.1441909042,10.0321601631,38.492994344,124.634689396,351.067935961,476.48413695,56.3213219158,99.7208528019,162.42314145,294.654929122,444.066651519,0.154043969624,8.75723388442,0.344566780208,19.0122498816,0.452866493129,24.3641791299,0.125416200989,7.14849483485,43.3995308862,62.7022886485,132.231787672,149.411722397,-3.21629861932,-5.00696904301,-19.8195313407,0,0,0,0,0
east,east_0334,167000,0.969369202474,109050.356725,3263259.28037,native,0,-7.45126688809e-05,104.085372931,topo-bathy.tt3,30,30,30,1,copernicus_a2_land_core,land/a2 core,30,false,high,1,30.9222222222,false,false,30.9222222222,12.8978934609,43.499963387,182.861305401,419.303022854,653.117357629,39.8291599659,77.5667514303,145.211518739,269.528978998,378.828141506,0.176539938516,10.0118332297,0.557445368058,29.1372786637,0.472883434906,25.3086913393,0.233814334774,13.1601558952,37.7375914644,67.6447673089,124.317460258,109.299162508,-0.350565321471,0,0,68.2350868937,17058.7717234,68.2350868937,0,4
east,east_0335,167500,0.972271505476,109015.210633,3263756.56749,native,0,-0.000266065058168,104.245953627,topo-bathy.tt3,30,30,30,1,copernicus_a2_land_core,land/a2 core,30,false,high,1,30.9222222222,false,false,30.9222222222,24.5469170162,62.3720408504,185.297629718,344.042410686,637.975660797,9.56241123081,28.083487466,73.6571743964,206.57777392,351.148665529,0.239814141341,13.4856639107,0.491702355469,26.1834542492,0.317489561936,17.6141000084,0.293933250112,16.3798158576,18.5210762351,45.5736869304,132.920599524,144.570891609,0,0,0,-74.4092583933,0,0,0,0
east,east_0336,168000,0.975173808477,108810.921741,3264202.33702,native,0,-0.000719673498179,88.840968022,topo-bathy.tt3,30,30,30,1,copernicus_a2_land_core,land/a2 core,30,false,high,1,61.8444444444,false,false,61.8444444444,77.0694642511,144.715946923,274.876667687,418.451669079,775.638527093,6.29699267743,11.0620561091,20.5921829725,49.1825635628,156.228721023,0.585293625481,30.3401665544,0.520642883053,27.503418396,0.287150002784,16.0214192117,0.357186858014,19.6560599029,4.76506343171,9.53012686341,28.5903805902,107.04615746,52.1193745309,47.8927092826,5.29902511625,-0.851353775507,15474.6293649,52.1193745309,400,4
east,east_0337,168500,0.978076111479,109032.454777,3264608.90107,native,0,-0.000538691223894,63.0116995538,topo-bathy.tt3,30,30,30,3,gmrt_shore_blend,blend to GMRT,54,unknown,mixed_blend,2,87.4612520908,false,unknown,87.4612520908,59.40465053,117.153231223,269.57764257,562.843892697,740.107326752,9.82665344411,18.3125840242,35.2844451843,84.6999691452,208.881122684,0.471772797226,25.2566635654,0.609697645391,31.3705637175,0.586532500253,30.3930085158,0.177263434055,10.0520285872,8.48593058005,16.9718611601,49.415523961,124.181153539,1.51633315124,0,-5.29902511625,49.3733845263,12457.0711179,49.3733845263,0,4
east,east_0338,169000,0.98097841448,109244.324186,3265053.36677,native,0,6.79241474603e-05,57.9762344321,topo-bathy.tt3,30,30,30,3,gmrt_shore_blend,blend to GMRT,54,unknown,mixed_blend,2,30.9222222222,false,unknown,30.9222222222,24.9500897202,96.8232376408,297.456335025,539.491148842,709.391079295,22.6942456465,44.7820995825,82.024408287,162.839470751,254.845653978,0.38784202311,21.1983856397,0.802532389537,38.7481717303,0.484069627633,25.8302142413,0.169899930454,9.64247270706,22.087853936,37.2423087045,80.8150624642,92.0061832264,-34.4545608098,-22.5116913676,9.45076947447,26.0206406711,10049.1987207,26.0206406711,500,4
east,east_0339,169500,0.983880717482,109554.478122,3265443.54249,native,0,0.000520613822089,66.9034665303,topo-bathy.tt3,30,30,30,1,copernicus_a2_land_core,land/a2 core,30,false,high,1,30.9222222222,false,false,30.9222222222,57.8883173788,119.334929008,288.005565551,513.47050817,668.992923037,0,3.60006113625,18.108877426,75.2061402887,207.369956917,0.447264884467,24.0972913731,0.674682546168,34.0068526485,0.45092988524,24.2720363413,0.155522414866,8.83996059049,3.60006113625,14.5088162897,57.0972628627,132.163816628,-1.51633315124,0,-9.45076947447,0,0,0,0,0
east,east_0340,170000,0.986783020483,109580.457097,3265841.55149,native,0,0.000346562009111,87.8052091939,topo-bathy.tt3,30,30,30,1,copernicus_a2_land_core,land/a2 core,30,false,high,1,30.9222222222,false,false,30.9222222222,107.203797826,198.31165739,396.838286478,512.03967471,688.860580825,0.65044216057,5.70344721513,15.8094573243,46.1274876516,93.2513206119,0.775821106146,37.8050648392,0.794106516353,38.453318111,0.230402776465,12.9746805169,0.176820906115,10.0274441764,5.05300505456,10.1060101091,30.3180303274,47.1238329603,0,36.0219212888,99.3819514528,0,44472.6160526,99.3819514528,250,4
east,east_0341,170500,0.989685323484,109588.637581,3266334.85086,native,0,-0.000275828684679,86.7600069919,topo-bathy.tt3,30,30,30,1,copernicus_a2_land_core,land/a2 core,30,false,high,1,30.9222222222,false,false,30.9222222222,114.031295021,191.421408723,350.597722947,467.627891057,722.508529275,0,0.135783190697,9.30848248458,36.8265803662,85.875410139,0.726277753684,35.9900695606,0.636705256898,32.4851218011,0.234060336219,13.1735193995,0.254880638218,14.2991302868,0.135783190697,9.17269929388,27.5180978817,49.0488297728,1.91358981559,0,21.0119751543,-44.4117836531,8023.00991902,21.0119751543,0,4
east,east_0342,171000,0.992587626486,109635.333528,3266810.94733,native,0,-0.000493505660923,72.0013896932,topo-bathy.tt3,30,30,30,1,copernicus_a2_land_core,land/a2 core,30,false,high,1,30.9222222222,false,false,30.9222222222,112.117705206,162.289736101,294.789447998,475.585488339,669.591610954,3.69752740653,7.74229667458,15.8318352107,40.100450819,87.8531994127,0.647441952216,32.9207134602,0.529998847589,27.9235381668,0.361592080682,19.8795891581,0.194006122615,10.9793398083,4.04476926805,8.0895385361,24.2686156083,47.7527485938,0,-29.1316726221,-54.361070907,-36.4541863708,0,0,0,0
east,east_0343,171500,0.995489929487,109881.776486,3267237.11411,native,0,-0.00015628639634,58.4842154552,topo-bathy.tt3,30,30,30,1,copernicus_a2_land_core,land/a2 core,30,false,high,1,43.7306260454,false,false,43.7306260454,133.251772092,198.010700788,329.585747793,515.834130622,621.273683721,6.15182782717,9.12761931579,15.079202293,32.9339512248,69.5368078122,0.813388628963,39.1245141639,0.526300188023,27.7578406032,0.372496765659,20.4301995953,0.105439553098,6.01900171615,2.97579148862,5.95158297724,17.8547489317,36.6028565875,19.2204770702,6.58929206464,-19.5647711119,0,2759.3941932,19.2204770702,150,3
east,east_0344,172000,0.998392232489,110140.083122,3267634.11468,native,0,0.00029853018616,63.0468387876,topo-bathy.tt3,30,30,30,3,gmrt_shore_blend,blend to GMRT,54,unknown,mixed_blend,2,30.9222222222,false,unknown,30.9222222222,111.949950305,188.983318719,349.150518905,526.709662013,604.127436421,4.00717696957,9.11456356861,19.3293367667,49.9736563609,90.351140656,0.751624967257,36.9294375942,0.640668800746,32.6464194509,0.355118286216,19.5508808859,0.0774177744075,4.42688163494,5.10738659904,10.2147731981,30.6443195942,40.3774842951,-10.1704330307,-4.51369103446,9.78238555593,5.43776569537,5027.83600732,9.78238555593,500,4
east,east_0345,172276.981334,1,110197.736051,3267858.47488,native,0,0.000437794772963,75.5887351794,topo-bathy.tt3,30,30,30,1,copernicus_a2_land_core,land/a2 core,30,false,high,1,30.9222222222,false,false,30.9222222222,132.123061465,222.811905091,399.997085255,531.119783142,615.367135485,3.6251110802,7.56148003721,15.4342179512,39.0524316933,76.4553730098,0.889666173705,41.658407987,0.708740720655,35.326753513,0.262245395775,14.6946556874,0.0842473523427,4.81564600582,3.93636895701,7.87273791402,23.6182137421,37.4029413165,0,24.8012043036,50.8465663499,4.41012112915,25130.2335242,50.8465663499,750,4
west,west_0000,0,0,50456.4167906,3129012.6,native,0,0.000757522661872,77.5687179791,topo-bathy.tt3,30,30,30,3,gmrt_shore_blend,blend to GMRT,54,unknown,mixed_blend,2,69.1441909042,false,unknown,69.1441909042,3.57280055807,4.39812940466,2.66500816448,9.16684320736,39.2591864253,850.273247731,1022.19751905,1293.32579585,nan,nan,0.0175959902624,1.00807194761,0.00693248496072,0.397195766879,0.0130036700858,0.745013423198,0.030092343218,1.72364410616,171.924271314,271.128276802,nan,nan,1.71202420566,0,-6.25654540011,-25.3675751219,128.401815424,1.71202420566,0,2
west,west_0001,500,0.0027974024132,50558.6407786,3129476.33399,native,0,0.000848374521246,99.2701436845,topo-bathy.tt3,30,30,30,3,gmrt_shore_blend,blend to GMRT,54,unknown,mixed_blend,2,304.548569582,false,unknown,304.548569582,1.86077635241,5.40737544357,13.0138061958,37.281437714,87.5916995983,234.246455069,406.417465964,671.546049858,1203.54704381,nan,0.021848656156,1.25163664912,0.0304257230089,1.74272788769,0.0485352630364,2.77868520838,0.0503102618843,2.88013731675,172.171010895,265.128583894,532.000993956,nan,-0.158993085139,0.906597704486,4.31239257265,5.66691344802,3215.19511765,5.66691344802,750,4
west,west_0002,1000,0.0055948048264,50322.9080988,3129830.5614,native,0,0.000259183128744,126.176997493,topo-bathy.tt3,30,30,30,3,gmrt_shore_blend,blend to GMRT,54,unknown,mixed_blend,2,241.510276089,false,unknown,241.510276089,1.36006482143,3.24677305166,8.92155356459,34.5344183292,130.612346305,345.036323728,534.25317665,768.223089269,1192.15167043,1713.26733113,0.0129952998127,0.744533922907,0.0226991220517,1.30034058934,0.0512257295293,2.93245490268,0.0960779279757,5.48801458262,189.216852922,233.969912619,423.92858116,521.1156607,-0.818697701254,-1.35665302186,0,1.7873196656,446.8299164,1.7873196656,0,4
west,west_0003,1500,0.0083922072396,50049.2240059,3130172.95038,native,0,-0.000230236316462,114.120243083,topo-bathy.tt3,30,30,30,3,gmrt_shore_blend,blend to GMRT,54,unknown,mixed_blend,2,195.569305072,false,unknown,195.569305072,2.17876252269,4.60342607352,8.4812736817,28.6946302027,123.599808643,279.876744296,564.204021156,843.290485648,1283.51745468,1788.43430411,0.0183239342572,1.04976661535,0.0155113904327,0.88866593878,0.0404267130421,2.31501942589,0.0949051784408,5.42142816851,284.32727686,279.086464492,440.226969033,504.916849431,0,-0.803949370055,-1.93857867752,-4.05246846091,0,0,0,0
west,west_0004,2000,0.0111896096528,49957.7980244,3130646.00214,native,0,-0.000100070004944,112.985428269,topo-bathy.tt3,30,30,30,3,gmrt_shore_blend,blend to GMRT,54,unknown,mixed_blend,2,249.302925706,false,unknown,249.302925706,2.91099494552,7.27370282253,10.4198523592,32.7470986636,134.890807602,168.163088906,448.930604834,813.44500068,1214.11083287,1713.38551538,0.029362966381,1.68189079237,0.0125845981468,0.721006299855,0.0446544926088,2.55681541532,0.102143708939,5.83217652996,280.767515928,364.514395846,400.665832194,499.274682505,0,0,0,4.05246846091,1013.11711523,4.05246846091,0,4
west,west_0005,2500,0.013987012066,49684.0143251,3131033.93922,native,0,-0.000669173824924,108.386654143,topo-bathy.tt3,30,30,30,3,gmrt_shore_blend,blend to GMRT,54,unknown,mixed_blend,2,61.8444444444,false,unknown,61.8444444444,3.95782419571,7.75957956881,11.6319558972,22.7947038137,116.928645173,138.18449536,389.703477371,935.676310286,1378.45338025,1858.1096527,0.0314635198385,1.80213237678,0.0154895053137,0.887412315029,0.0223254958329,1.2789442279,0.0941339413596,5.37763082402,251.518982011,545.972832915,442.777069959,479.656272454,0,0,0,-5.89992638902,0,0,0,0
west,west_0006,3000,0.0167844144792,49679.5047044,3131483.23379,native,0,-0.000701367991271,74.6445923403,topo-bathy.tt3,30,30,30,3,gmrt_shore_blend,blend to GMRT,54,unknown,mixed_blend,2,264.19958248,false,unknown,264.19958248,5.22810880776,8.88061342054,12.3593920634,21.6017674112,94.5338836568,94.3397088095,315.971389081,959.82606827,1455.06960759,nan,0.0377676727099,2.1629002543,0.0139151145716,0.797225883325,0.0184847506955,1.05897759858,0.0729321162455,4.17131703797,221.631680272,643.854679189,495.243539324,nan,0.51954287382,0,0,-11.1453312524,38.9657155365,0.51954287382,0,1
west,west_0007,3500,0.0195818168924,49924.8785935,3131911.05722,native,0,-9.75249832776e-06,68.201228358,topo-bathy.tt3,30,30,30,3,gmrt_shore_blend,blend to GMRT,54,unknown,mixed_blend,2,264.19958248,false,unknown,264.19958248,4.70856593394,11.2339404501,17.8390739065,39.658244808,121.716712563,106.074221152,216.509094606,594.293805374,1146.84360116,1751.7768397,0.0450294151172,2.57825378415,0.0264205338256,1.5134329983,0.0436383418031,2.49870751461,0.0820584677551,4.69109341273,110.434873455,377.784710767,552.549795791,604.933238532,0,0.190429140269,0,0,38.0858280538,0.190429140269,0,3
west,west_0008,4000,0.0223792193056,50043.8920355,3132394.32375,native,0,0.000154957005463,74.0858153464,topo-bathy.tt3,30,30,30,3,gmrt_shore_blend,blend to GMRT,54,unknown,mixed_blend,2,262.383756272,false,unknown,262.383756272,5.45371331392,13.3547304266,19.8187940329,54.4635297222,172.994433118,91.9899709082,178.476924075,507.270667284,957.179922167,1401.71568319,0.0534052636367,3.0569921123,0.0258562544251,1.48112424489,0.0692894713787,3.96365915877,0.118530903396,6.75978089771,86.4869531665,328.79374321,449.909254883,444.535761018,0.745147379973,2.31121911681,0,0,518.129876861,2.31121911681,150,3
west,west_0009,4500,0.0251766217188,50197.2534103,3132866.33878,native,0,0.000346396175387,77.079610777,topo-bathy.tt3,30,30,30,3,gmrt_shore_blend,blend to GMRT,54,unknown,mixed_blend,2,185.533333333,false,unknown,185.533333333,3.98966939698,11.0435113098,23.8619951235,72.5044381489,212.286304384,122.844524554,228.835406627,440.804179466,792.846416627,1215.22252485,0.0441242830461,2.52649638697,0.0512739352546,2.93520965182,0.0972848860508,5.55652776546,0.139781866235,7.95735213788,105.990882073,211.968772839,352.042237161,422.37610822,-0.718896536964,-0.190429140269,3.48874269862,18.0409084266,5818.50561864,18.0409084266,500,4
west,west_0010,5000,0.027974024132,50263.3732548,3133351.06443,native,0,0.000604429400085,93.9328542356,topo-bathy.tt3,30,30,30,3,gmrt_shore_blend,blend to GMRT,54,unknown,mixed_blend,2,278.3,false,unknown,278.3,4.12580128561,10.5578182003,25.1054932196,77.9585932472,216.556068429,121.10800913,236.961160956,429.468937027,758.024555239,1170.7560162,0.0422811148679,2.42108740209,0.0581907000769,3.33032590683,0.105706200055,6.03411105815,0.138597475182,7.89078126486,115.853151826,192.507776071,328.555618212,412.731460965,0,-0.485693109482,4.73224079472,23.4950635249,7648.35617925,23.4950635249,500,4
west,west_0011,5500,0.0307714265452,50130.8575673,3133832.10685,native,0,0.000268412612346,111.710864416,topo-bathy.tt3,30,30,30,3,gmrt_shore_blend,blend to GMRT,54,unknown,mixed_blend,2,254.991176802,false,unknown,254.991176802,5.46044228405,13.0510445035,20.3732524249,54.1029263324,157.721466653,91.8170240036,186.511480772,487.069418793,954.022454552,1462.36344602,0.0522370781601,2.99024624835,0.0292888316852,1.67764683703,0.0674593478151,3.859288769,0.103618540321,5.91579308754,94.6944567684,300.557938021,466.953035759,508.340991465,1.47077288708,2.49322630321,0,0,608.953227173,2.49322630321,150,3
west,west_0012,6000,0.0335688289584,49896.9938083,3134271.2274,native,0,-0.000346001340865,109.311764091,topo-bathy.tt3,30,30,30,3,gmrt_shore_blend,blend to GMRT,54,unknown,mixed_blend,2,154.611111111,false,unknown,154.611111111,3.42578455665,9.05151354401,18.6209043378,37.3998170419,128.057077576,145.35805318,273.732003734,554.374142246,1170.63961103,1721.83042492,0.0357714647421,2.04868042578,0.0382775631753,2.19207265025,0.0375578254082,2.15089392039,0.0906572605345,5.18011803447,128.373950555,280.642138512,616.265468788,551.190813882,-0.700016728962,-0.2916719062,0,0,0,0,0,0
west,west_0013,6500,0.0363662313716,49807.2544274,3134755.56449,native,0,-0.000297387340107,91.8864478781,topo-bathy.tt3,30,30,30,3,gmrt_shore_blend,blend to GMRT,54,unknown,mixed_blend,2,345.720954521,false,unknown,345.720954521,3.75310441929,9.34318545021,17.5776558548,35.2674763195,132.12036191,132.206546124,268.85869932,581.431551726,1197.78429359,1712.41018595,0.0373049101516,2.1364232187,0.0329378816185,1.8865195692,0.0353796409294,2.02625895235,0.0968528855903,5.53200700633,136.652153196,312.572852406,616.352741866,514.625892356,-0.516338808861,0.0897792589944,0,0,17.9558517989,0.0897792589944,0,3
west,west_0014,7000,0.0391636337848,49864.7137862,3135251.29193,native,0,0.000157289780433,92.2727246223,topo-bathy.tt3,30,30,30,3,gmrt_shore_blend,blend to GMRT,54,unknown,mixed_blend,2,69.1441909042,false,unknown,69.1441909042,4.32586880401,8.60762838594,14.8948078821,35.1776913393,131.784034375,120.52095792,309.000704213,670.780853129,1200.67660168,1715.32148771,0.034539833041,1.9782002441,0.0251487179848,1.44061174308,0.0405657669143,2.3229735815,0.096606343036,5.51801210353,188.479746293,361.780148916,529.895748553,514.644886031,0.0564255758576,-0.645777805275,0,0,4.23191818932,0.0564255758576,0,1
west,west_0015,7500,0.041961036198,49768.2310524,3135738.83447,native,0,6.54477048913e-05,100.898488457,topo-bathy.tt3,30,30,30,3,gmrt_shore_blend,blend to GMRT,54,unknown,mixed_blend,2,216.455555556,false,unknown,216.455555556,4.26944322815,9.25340619122,11.5050306197,22.4113216409,109.525785868,117.634051269,293.405475775,935.756645801,1405.01449218,1910.20491371,0.0371414444388,2.12707028238,0.00900649771391,0.516020354829,0.0218125820424,1.24957073922,0.0871144642267,4.97872213032,175.771424507,642.351170026,469.257846382,505.190421527,-0.0564255758576,-0.0897792589944,-1.83751949838,0,0,0,0,0
west,west_0016,8000,0.0447584386112,49679.2902167,3136214.3197,native,0,-0.000114699227226,96.0226018914,topo-bathy.tt3,30,30,30,3,gmrt_shore_blend,blend to GMRT,54,unknown,mixed_blend,2,216.455555556,false,unknown,216.455555556,4.80020467812,10.2758770933,12.130285579,14.7933784775,99.6211837902,104.759370371,241.01083955,1147.68242727,1533.92779898,nan,0.0409890588396,2.34718616135,0.00741763394261,0.424991324475,0.00532618579713,0.305165081433,0.0848278053126,4.84866751869,136.25146918,906.671587719,386.245371706,nan,0,0,-1.2122645391,0,0,0,0,0
west,west_0017,8500,0.0475558410244,49666.6445432,3136701.7116,native,0,-6.88067203355e-05,94.326706824,topo-bathy.tt3,30,30,30,3,gmrt_shore_blend,blend to GMRT,54,unknown,mixed_blend,2,278.3,false,unknown,278.3,5.53520645372,11.5579800071,13.3425501181,13.9092841501,98.5972485839,89.7211892954,200.403387679,1171.9747447,1559.08163055,nan,0.0462598896583,2.64860819457,0.00713828044373,0.40898639586,0.001133468064,0.064942908468,0.0846879644338,4.84071237548,110.682198384,971.571357018,387.106885852,nan,0,0,0,-0.88409432746,0,0,0,0
west,west_0018,9000,0.0503532434376,49605.1236849,3137194.59149,native,0,-0.000102739277318,92.080267214,topo-bathy.tt3,30,30,30,3,gmrt_shore_blend,blend to GMRT,54,unknown,mixed_blend,2,249.302925706,false,unknown,249.302925706,7.08659704107,13.6417662879,16.5046557746,13.9552350269,92.4128834871,67.8003551905,152.984998514,1242.47476496,1616.09234315,nan,0.0545133677965,3.12029747712,0.0114515579467,0.656097260398,0.00509884149541,0.292139566411,0.0784576484602,4.48610230087,85.1846433237,1089.48976644,373.617578198,nan,0.00205177406192,0.2711960731,0,-0.838143450667,54.3930976747,0.2711960731,150,3
west,west_0019,9500,0.0531506458508,49630.6088621,3137693.78852,native,0,-1.99281921488e-05,88.4401798435,topo-bathy.tt3,30,30,30,3,gmrt_shore_blend,blend to GMRT,54,unknown,mixed_blend,2,276.576763617,false,unknown,276.576763617,7.08454526701,13.3705702148,18.2153704565,22.3989385529,99.2841934817,68.0700938623,157.955801052,863.167501341,1508.37355782,nan,0.0535447398313,3.06496072274,0.019379200967,1.11020745892,0.00836713619274,0.479390403455,0.0768852549288,4.39655105542,89.8857071895,705.211700289,645.206056482,nan,-0.00205177406192,-0.2711960731,0,0,0,0,0,0
west,west_0020,10000,0.055948048264,49632.3299025,3138193.6915,native,0,3.695706526e-05,90.9384659106,topo-bathy.tt3,30,30,30,3,gmrt_shore_blend,blend to GMRT,54,unknown,mixed_blend,2,249.302925706,false,unknown,249.302925706,8.77679484895,17.0759373233,24.1918054769,31.4970881373,105.856024941,53.7703489307,117.293755699,345.032298463,1395.68999996,1944.60388344,0.0682477907123,3.90425618233,0.0284634726144,1.63039664709,0.0146105653208,0.837064170261,0.074358936804,4.25262682367,63.523406768,227.738542764,1050.6577015,548.913883477,1.69019780788,3.17886887456,0,0,762.538610504,3.17886887456,150,4
west,west_0021,10500,0.0587454506772,49614.2356454,3138693.3265,native,0,-0.000118893613556,90.5576637061,topo-bathy.tt3,30,30,30,3,gmrt_shore_blend,blend to GMRT,54,unknown,mixed_blend,2,225.117175799,false,unknown,225.117175799,8.736520863,17.7306237491,27.2260199445,33.4438763582,104.364896115,53.5376286023,118.519518169,299.820888527,1387.6666945,1958.22074703,0.0709565493226,4.05870828843,0.0379815847817,2.17513895689,0.0124357128274,0.71247713429,0.0709210197565,4.0566827872,64.9818895669,181.301370358,1087.84580597,570.554052527,1.65197559599,3.83355530031,3.03421446757,0.852257144459,2241.50394122,3.83355530031,900,4
west,west_0022,11000,0.0615428530904,49622.6170665,3139191.58132,native,0,-0.000475041459748,84.1263636428,topo-bathy.tt3,30,30,30,1,copernicus_a2_land_core,land/a2 core,30,false,high,1,30.9222222222,false,false,30.9222222222,6.68834908224,13.8970684488,24.4501490278,33.6407291154,102.17611744,68.9740658045,165.920778094,378.751805903,1381.27920458,1978.41442223,0.0565597455505,3.23718572593,0.0422123223163,2.41715290147,0.0183811601751,1.05304431495,0.068535388325,3.9206575955,96.946712289,212.83102781,1002.52739868,597.135217651,0,0,0.258343550903,0.196852757183,146.092020884,0.258343550903,500,3
west,west_0023,11500,0.0643402555036,49714.6866499,3139669.7647,native,0,-0.000573946449969,63.3397929688,topo-bathy.tt3,30,30,30,3,gmrt_shore_blend,blend to GMRT,54,unknown,mixed_blend,2,216.455555556,false,unknown,216.455555556,6.16091852221,12.4562861075,22.0797215734,32.5916192138,92.7057153318,78.9538321396,192.292861208,429.008436005,1433.10054284,nan,0.0497214212469,2.84648342244,0.0384937418637,2.20444055308,0.0210237952806,1.20439731198,0.0601140961181,3.44014409442,113.339029068,236.715574797,1004.09210684,nan,-0.39640280714,-1.26905944362,-2.3704274544,-1.04910990164,0,0,0,0
west,west_0024,12000,0.0671376579168,50048.5213598,3140039.86494,native,0,-4.64698215423e-05,51.241654393,topo-bathy.tt3,30,30,30,3,gmrt_shore_blend,blend to GMRT,54,unknown,mixed_blend,2,87.4612520908,false,unknown,87.4612520908,6.55732132935,13.7253455511,21.7858660573,38.5878898312,103.261383789,75.3928825626,164.592130898,439.64282314,1245.86344623,1960.65347046,0.0550777449066,3.15253710156,0.0322420820248,1.84669548813,0.0336040475477,1.92464585983,0.0646734939576,3.70036486821,89.199248335,275.050692243,806.220623091,714.790024226,0,0,-2.6642829705,0,0,0,0,0
west,west_0025,12500,0.06993506033,50338.5043544,3140446.79357,native,0,0.00041061071537,60.6772683197,topo-bathy.tt3,30,30,30,5,gmrt_core,GMRT core,54,unknown,high,1,92.7666666667,false,unknown,92.7666666667,5.1000258413,13.2047863683,26.460891383,55.9672462941,142.222346121,98.0207276737,192.766629807,378.120811394,910.836944016,1569.5678362,0.0528731791999,3.02659176424,0.0530244200586,3.03523300076,0.0590127098223,3.37726240592,0.086255099827,4.92985140698,94.7459021332,185.354181587,532.716132622,658.73089218,-1.45729548804,-0.520559182819,0,0,0,0,0,0
west,west_0026,13000,0.0727324627432,50534.0705135,3140904.29957,native,0,0.000403632807099,74.7679154066,topo-bathy.tt3,30,30,30,5,gmrt_core,GMRT core,54,unknown,high,1,278.3,false,unknown,278.3,7.09570818805,18.6567207921,36.0884187549,68.0346141543,139.866588795,70.8921448061,139.069516851,268.498925965,720.989633133,1473.42291643,0.0747234951141,4.27339905731,0.0697267918511,3.98859529976,0.0638923907988,3.65579513144,0.0718319746409,4.10861209461,68.1773720448,129.429409114,452.490707167,752.433283297,0,0,0,1.29259674086,323.149185214,1.29259674086,0,4
west,west_0027,13500,0.0755298651564,50597.8717134,3141399.31558,native,0,0.000175181626046,83.8037246395,topo-bathy.tt3,30,30,30,5,gmrt_core,GMRT core,54,unknown,high,1,127.495588401,false,unknown,127.495588401,10.8791278812,26.4708062085,47.3172355695,70.7747255897,113.029814766,46.481594867,92.0067351249,186.740770556,546.71191512,1723.75074013,0.105961221474,6.04856086007,0.0833857174441,4.76662236703,0.0469149800405,2.68606082056,0.0422550891767,2.41959889918,45.5251402579,94.7340354314,359.971144564,1177.03882501,1.3809218789,4.98068577042,6.41883104004,4.0327081763,4514.94497909,6.41883104004,900,4
west,west_0028,14000,0.0783272675696,50641.8560691,3141897.08357,native,0,-0.000264904078902,84.8050832273,topo-bathy.tt3,30,30,30,3,gmrt_shore_blend,blend to GMRT,54,unknown,mixed_blend,2,197.998830586,false,unknown,197.998830586,10.8679937077,27.3223411784,46.6203626326,66.7420174134,93.4331730091,46.2986814541,92.0638492105,182.75989416,560.42796317,nan,0.109272625554,6.2361179999,0.077192085817,4.41402744857,0.0402433095616,2.30452824877,0.0266911555957,1.52892755651,45.7651677564,90.6960449498,377.668069009,nan,0.595298368621,0.851534969902,4.50652907792,0,1904.90277585,4.50652907792,400,4
west,west_0029,14500,0.0811246699828,50688.319867,3142394.15132,native,0,-0.00055497375529,68.6258389426,topo-bathy.tt3,30,30,30,3,gmrt_shore_blend,blend to GMRT,54,unknown,mixed_blend,2,218.653130227,false,unknown,218.653130227,9.49820600231,21.490120438,40.8984045294,61.9054265186,92.695111119,50.7536094631,105.929296557,230.406499739,695.958840122,nan,0.085494322671,4.88658118361,0.0776331363656,4.43914724743,0.0420140439783,2.40581250199,0.0307896846004,1.76356183267,55.1756870936,124.477203182,465.552340383,nan,-0.774489336745,-4.98068577042,-1.21542902526,-0.425944863958,0,0,0,0
west,west_0030,15000,0.083922072396,50989.4492326,3142785.21555,native,0,-0.0002961777943,53.0074293087,topo-bathy.tt3,30,30,30,3,gmrt_shore_blend,blend to GMRT,54,unknown,mixed_blend,2,280.012631549,false,unknown,280.012631549,10.2726953391,26.6659613059,42.1138335547,62.3313713826,96.5581695056,50.0565917561,97.4170070962,188.902378,671.851825347,nan,0.106875864265,6.10037919059,0.0617914889951,3.53589586366,0.0404350756557,2.3154977864,0.0342267981231,1.96028584324,47.3604153401,91.4853709039,482.949447347,nan,0.774489336745,5.17584086789,1.21542902526,0.425944863958,1655.5269743,5.17584086789,900,4
west,west_0031,15500,0.0867194748092,51285.8071232,3143187.25763,native,0,2.43970927547e-05,51.6561013437,topo-bathy.tt3,30,30,30,3,gmrt_shore_blend,blend to GMRT,54,unknown,mixed_blend,2,61.8444444444,false,unknown,61.8444444444,8.63292557938,20.2164588123,36.6669474621,57.6984678131,91.8867109887,57.0798283659,116.72249254,247.082625846,787.556633888,nan,0.0807368636254,4.61586948671,0.0658019545993,3.76474688627,0.042063040702,2.40861485504,0.0341882431756,1.95807938936,59.6426641742,130.360133306,540.474008042,nan,0,0,0,0,0,0,0,0
west,west_0032,16000,0.0895168772224,51608.675406,3143568.05798,native,0,5.69058049547e-05,54.4052797559,topo-bathy.tt3,30,30,30,3,gmrt_shore_blend,blend to GMRT,54,unknown,mixed_blend,2,43.7306260454,false,unknown,43.7306260454,8.12276026343,18.9462732525,33.1985001484,51.0782117073,73.7124455239,60.4574367942,124.97474262,265.955883528,959.210565857,nan,0.075958126925,4.34373897449,0.0570089075835,3.26283809927,0.0357594231178,2.04799137295,0.0226342338166,1.29662467648,64.5173058255,140.981140908,693.254682329,nan,0,0,0,0,0,0,0,0
west,west_0033,16500,0.0923142796356,51862.0230555,3143992.26424,native,0,-5.6048681605e-05,54.9165637974,topo-bathy.tt3,30,30,30,3,gmrt_shore_blend,blend to GMRT,54,unknown,mixed_blend,2,285.088802496,false,unknown,285.088802496,3.76870562671,13.3420610848,27.2073533114,40.4296310068,36.3473853568,122.353232389,202.068070815,361.949585175,nan,nan,0.0531463891779,3.04220167836,0.0554611689063,3.17443877492,0.0264445553909,1.51480837166,0.00408224565007,0.23389414743,79.7148384265,159.88151436,nan,nan,-2.69890464433,-1.71419445467,0,0,0,0,0,0
west,west_0034,17000,0.0951116820488,52174.015847,3144372.95058,native,0,-9.33981047918e-05,51.1939268527,topo-bathy.tt3,30,30,30,3,gmrt_shore_blend,blend to GMRT,54,unknown,mixed_blend,2,154.611111111,false,unknown,154.611111111,6.46761027104,15.0562555395,25.2115811204,27.8787927042,8.10938066584,77.4665762133,156.654426598,359.762443771,nan,nan,0.0601345363141,3.44131101305,0.0406213023234,2.32615029136,0.00533442316769,0.305637034591,0.0197694120384,1.13255634309,79.1878503852,203.108017172,nan,nan,0.706432638296,0.495245637443,0,0,152.031575361,0.706432638296,150,4
west,west_0035,17500,0.097909084462,52483.0119742,3144764.45107,native,0,-5.53709100806e-05,49.5652465783,topo-bathy.tt3,30,30,30,3,gmrt_shore_blend,blend to GMRT,54,unknown,mixed_blend,2,285.088802496,false,unknown,285.088802496,5.76117763274,14.5610099021,22.7523291612,7.02763205879,-31.3786397356,86.8860142256,171.989950105,360.005290418,nan,nan,0.0582822498955,3.33555359541,0.0327652770363,1.87664071666,0.0314493942047,1.80132383764,0.0384062717944,2.1994362856,85.1039358791,188.015340313,nan,nan,0,0,-2.45925195922,-20.8511606454,0,0,0,0
west,west_0036,18000,0.100706486875,52821.0642616,3145132.29623,native,0,0.000249474264882,48.0214073972,topo-bathy.tt3,30,30,30,3,gmrt_shore_blend,blend to GMRT,54,unknown,mixed_blend,2,127.495588401,false,unknown,127.495588401,4.10392830214,9.61653596664,13.1692868469,-1.50089174194,-15.6739047124,122.207309624,263.818348096,nan,nan,nan,0.0384049793486,2.19936234298,0.0142110035212,0.814175719056,0.0293403571778,1.68059649551,0.0141730129704,0.811999459161,141.611038472,nan,nan,nan,-2.3636819689,-5.43971957288,-12.0422942734,-29.3796844462,0,0,0,0
west,west_0037,18500,0.103503889288,53148.2802105,3145503.86168,native,0,0.000572052526927,63.8590690531,topo-bathy.tt3,30,30,30,3,gmrt_shore_blend,blend to GMRT,54,unknown,mixed_blend,2,185.533333333,false,unknown,185.533333333,7.07135744298,18.2672444532,29.7317909414,58.129911998,302.562045446,71.2351603219,137.528764314,276.20379925,887.353948855,1330.27774575,0.0732873895929,4.19156447784,0.0458581859527,2.62564099135,0.0567962421133,3.2506925914,0.244432133448,13.7356027071,66.2936039919,138.675034936,611.150149605,442.923796897,0,0,0,0,0,0,0,0
west,west_0038,19000,0.106301291702,53242.9036357,3145991.82278,native,0,0.000158261656789,80.7976028499,topo-bathy.tt3,30,30,30,3,gmrt_shore_blend,blend to GMRT,54,unknown,mixed_blend,2,304.548569582,false,unknown,304.548569582,15.8896661117,34.396490952,51.7526661605,121.253084497,420.28527405,30.2711915633,61.4685387518,130.583152344,479.149221903,874.585309152,0.137514261536,7.82987847221,0.069424700834,3.97137014285,0.139000836673,7.91345535464,0.299032189553,16.6483577992,31.1973471885,69.1146135921,348.56606956,395.436087248,3.44376285905,4.10739449767,0,0.264896398089,1145.98521348,4.10739449767,150,4
west,west_0039,19500,0.109098694115,53307.5966573,3146487.25044,native,0,-0.000237474395928,72.9267940459,topo-bathy.tt3,30,30,30,3,gmrt_shore_blend,blend to GMRT,54,unknown,mixed_blend,2,247.377777778,false,unknown,247.377777778,16.0721674805,32.9164347402,53.1765293309,120.988188099,402.072720215,29.9557952817,60.8966486625,129.818350968,463.320564971,877.066389629,0.13144026503,7.48804681357,0.0810403783628,4.63314655672,0.135623317536,7.72351910334,0.281084532116,15.6998517976,30.9408533808,68.9217023052,333.502214004,413.745824658,3.62626422786,2.62733828582,1.42386317036,-0.264896398089,1331.38616314,3.62626422786,400,4
west,west_0040,20000,0.111896096528,53530.5663355,3146928.44328,native,0,4.05854394015e-05,67.1913222208,topo-bathy.tt3,30,30,30,3,gmrt_shore_blend,blend to GMRT,54,unknown,mixed_blend,2,262.383756272,false,unknown,262.383756272,12.4459032526,30.2890964544,63.0965413741,138.19763739,429.776374177,40.8979420843,80.6599804697,162.972013098,392.341969278,784.743721916,0.121330747162,6.91792537562,0.131229779679,7.4761913843,0.150202192033,8.54209510272,0.291578736786,16.2555615676,39.7620383855,82.3120326284,229.36995618,392.401752637,0,0,11.3438752136,16.9445528933,8490.09142841,16.9445528933,500,4
west,west_0041,20500,0.114693498941,53690.6521457,3147398.11724,native,0,0.000293689856494,75.2521684333,topo-bathy.tt3,30,30,30,3,gmrt_shore_blend,blend to GMRT,54,unknown,mixed_blend,2,69.1441909042,false,unknown,69.1441909042,11.2915330191,27.3357500493,50.2744185098,127.841576645,390.139238595,46.4459361441,89.0718368745,177.731132628,496.630571855,855.318929626,0.109329168948,6.23931945101,0.0917546738419,5.24247644907,0.15513431627,8.81824803578,0.26229766195,14.6974575862,42.6259007304,88.6592957536,318.899439226,358.688357771,-0.899291632749,0,0,6.85338854547,1713.34713637,6.85338854547,0,4
west,west_0042,21000,0.117490901354,53783.0368246,3147887.5408,native,0,0.000284255109565,84.0185114838,topo-bathy.tt3,30,30,30,3,gmrt_shore_blend,blend to GMRT,54,unknown,mixed_blend,2,87.4612520908,false,unknown,87.4612520908,12.1908246518,19.9902072739,23.2578451724,99.6672749496,312.95150928,38.3299765866,80.6785353974,253.151487729,716.816861459,1001.69605466,0.0799491114955,4.57102409344,0.0130705515938,0.748844800132,0.152818859554,8.68865469221,0.213284234331,12.0398844074,42.3485588108,172.472952332,463.66537373,284.879193197,0.750497415011,-0.351496494253,-7.02211285452,0,56.2873061258,0.750497415011,0,1
west,west_0043,21500,0.120288303768,53794.2656597,3148387.00726,native,0,-2.22203928264e-05,91.5387865164,topo-bathy.tt3,30,30,30,3,gmrt_shore_blend,blend to GMRT,54,unknown,mixed_blend,2,218.653130227,false,unknown,218.653130227,11.4403272368,20.3417037682,30.2799580269,84.4959159092,244.519278592,40.8019344868,86.4448771553,240.668193408,718.731244713,1100.99174997,0.0813723998143,4.65204535671,0.0397530170349,2.27648142762,0.108431915765,6.18851294346,0.160023362683,9.09158208683,45.6429426685,154.223316252,478.063051306,382.26050526,0,0,0,0,0,0,0,0
west,west_0044,22000,0.123085706181,53756.2345464,3148885.26736,native,0,-0.000473828976431,82.7453767557,topo-bathy.tt3,30,30,30,3,gmrt_shore_blend,blend to GMRT,54,unknown,mixed_blend,2,157.673014515,false,unknown,157.673014515,6.76796145291,17.3944322432,30.0060402077,73.9957137416,222.980814162,75.1589537908,144.635281854,290.589765243,764.997011395,1196.41567094,0.0695565764147,3.97888974526,0.0504464318581,2.88791953045,0.0879793470678,5.02789934707,0.148985100421,8.47388727029,69.4763280628,145.95448339,474.407246152,431.418659548,-5.4228631989,-2.94727152503,-0.273917819227,-10.5002021677,0,0,0,0
west,west_0045,22500,0.125883108594,53916.0365342,3149343.58797,native,0,-0.000228285288834,64.3903859559,topo-bathy.tt3,30,30,30,3,gmrt_shore_blend,blend to GMRT,54,unknown,mixed_blend,2,276.576763617,false,unknown,276.576763617,13.7264408936,27.9684851862,41.5080024968,82.3348558915,229.606354246,34.8775341517,71.688199355,156.673745256,628.696850975,1150.55402981,0.111665718278,6.37157896204,0.0541580692424,3.10000029452,0.0816537067894,4.66805667379,0.147271498354,8.37781318257,36.8106652033,84.9855459007,472.023105719,521.857178837,0,0,0,-2.1610600177,0,0,0,0
west,west_0046,23000,0.128680511007,54176.2335582,3149761.49558,native,0,0.000248698036359,69.6655931806,topo-bathy.tt3,30,30,30,3,gmrt_shore_blend,blend to GMRT,54,unknown,mixed_blend,2,249.302925706,false,unknown,249.302925706,17.7660172199,42.5182771908,66.0414592792,115.043046179,243.64035087,27.6178962138,55.2661758674,113.408565132,303.029588341,862.537790129,0.170239263689,9.66136853255,0.0940927283539,5.37529022417,0.0980031737988,5.59729394096,0.128597304691,7.32786513823,27.6482796537,58.142389265,189.621023209,559.508201787,0,0,4.04117917964,2.89240467541,2238.54336122,4.04117917964,500,4
west,west_0047,23500,0.13147791342,54253.2117291,3150253.41148,native,0,-0.000103855505276,78.6397338125,topo-bathy.tt3,30,30,30,3,gmrt_shore_blend,blend to GMRT,54,unknown,mixed_blend,2,185.533333333,false,unknown,185.533333333,25.8268322581,53.3139867857,68.3210984206,115.683644065,225.029076931,19.0693453748,38.1780583812,77.1200577766,226.849071773,844.120965108,0.213214743288,12.0360760503,0.0600284465397,3.43525437988,0.0947250912886,5.4112018683,0.109345432866,6.24024029653,19.1087130064,38.9419993954,149.729013996,617.271893335,5.89437527344,9.43459188887,2.27963914135,0.640597886267,3344.01067285,9.43459188887,900,4
west,west_0048,24000,0.134275315834,54371.5746275,3150733.7587,native,0,-0.000256033656077,63.7151110491,topo-bathy.tt3,30,30,30,3,gmrt_shore_blend,blend to GMRT,54,unknown,mixed_blend,2,264.19958248,false,unknown,264.19958248,23.3756064622,45.4132294167,62.0002800996,112.150641503,220.023868743,19.6252260765,39.6441751682,84.356405094,297.947203146,878.108790434,0.181259567333,10.2738613732,0.0663482027315,3.79590854885,0.100300722807,5.72765218121,0.107873227239,6.15687254673,20.0189490917,44.7122299259,213.590798052,580.161587288,3.44314947759,1.53383451993,-4.04117917964,-3.53300256168,565.003114806,3.44314947759,150,3
west,west_0049,24500,0.137072718247,54682.1780923,3151121.93557,native,0,0.000147460180146,63.9700859059,topo-bathy.tt3,30,30,30,3,gmrt_shore_blend,blend to GMRT,54,unknown,mixed_blend,2,328.707731076,false,unknown,328.707731076,19.9324569846,43.8793948968,72.3968391839,128.745847222,235.852436983,24.7684542261,48.9067034045,100.391098043,293.053809627,742.880894931,0.176039742602,9.9840379404,0.114069777148,6.50758868148,0.112698016076,6.4299901724,0.107106589761,6.11344917396,24.1382491784,51.4843946388,192.662711583,449.827085304,0,0,10.3965590843,7.1256971258,5680.13393806,10.3965590843,500,4
west,west_0050,25000,0.13987012066,54798.2592275,3151607.43377,native,0,0.00032545260449,72.1639570177,topo-bathy.tt3,30,30,30,3,gmrt_shore_blend,blend to GMRT,54,unknown,mixed_blend,2,166.52126287,false,unknown,166.52126287,19.3045293481,39.0917318364,59.6810729885,121.620150096,224.048252391,24.7573511611,49.5812133398,104.324245431,382.264302132,822.522743866,0.156313340988,8.88420179636,0.0823573646085,4.70810398099,0.123878154215,7.06171948368,0.102428102295,5.84830235395,24.8238621787,54.7430320915,277.940056701,440.258441734,0,0,0,0,0,0,0,0
west,west_0051,25500,0.142667523073,54985.9642411,3152066.07766,native,0,0.000473827812099,82.6171465747,topo-bathy.tt3,30,30,30,3,gmrt_shore_blend,blend to GMRT,54,unknown,mixed_blend,2,216.455555556,false,unknown,216.455555556,7.48829346836,19.799994078,53.8769349284,125.575115,207.577358933,64.9890968858,134.046774781,252.010346127,476.249761001,800.459390419,0.0792563319676,4.53158068871,0.136307763402,7.76202315132,0.143396360142,8.16037704307,0.0820022439331,4.68789355679,69.0576778951,117.963571346,224.239414873,324.209629418,-11.8162358798,-19.2917377584,0,3.95496490332,988.741225831,3.95496490332,0,4
west,west_0052,26000,0.145464925486,54918.8219411,3152537.8953,native,0,0.00016312752982,99.3122908669,topo-bathy.tt3,30,30,30,3,gmrt_shore_blend,blend to GMRT,54,unknown,mixed_blend,2,195.569305072,false,unknown,195.569305072,12.4862459216,22.5072960418,42.183348214,99.1979843116,165.733463355,36.7483691305,78.168033753,202.546824542,568.408156231,1007.36827998,0.0899090908749,5.13759765832,0.0787042086886,4.5001424638,0.114029272195,6.50529771786,0.0665354790438,3.8065915309,41.4196646225,124.378790789,365.861331689,438.960123751,-6.81828342657,-14.4790436525,0,0,0,0,0,0
west,west_0053,26500,0.1482623279,54828.1405049,3153028.5551,native,0,-0.00074203823957,91.9636655558,topo-bathy.tt3,30,30,30,3,gmrt_shore_blend,blend to GMRT,54,unknown,mixed_blend,2,185.533333333,false,unknown,185.533333333,28.1834707471,48.6428053703,41.8185267245,81.1914156223,153.659281028,16.7431682422,33.6241082722,69.3113602584,645.543688095,1179.84563588,0.194407993856,11.0015284585,0.0272971145834,1.56362116735,0.0787457777957,4.50250952803,0.0724678654059,4.14485727218,16.88094003,35.6872519862,576.232327836,534.301947785,15.6972248256,23.6716877006,-0.364821489523,-6.1150589294,5911.62940204,23.6716877006,150,4
west,west_0054,27000,0.151059730313,54885.054548,3153522.77357,native,0,-0.00103493042932,56.7966315022,topo-bathy.tt3,30,30,30,3,gmrt_shore_blend,blend to GMRT,54,unknown,mixed_blend,2,185.533333333,false,unknown,185.533333333,20.6545001801,36.9863396943,36.9856355228,74.18588952,166.260057075,21.9388309498,44.3772141463,96.519194102,732.251320307,1255.37274728,0.147500092964,8.3906322263,2.81668594681e-06,0.000161384216966,0.0744005079944,4.25499557269,0.0920741675553,5.26062873503,22.4383831965,52.1419799558,635.732126205,523.121426976,8.16825425858,12.0152220246,-5.19771269115,-13.1205850317,3015.66347432,12.0152220246,150,3
west,west_0055,27500,0.153857132726,55290.2668017,3153734.6675,native,0,-0.000295116822243,32.6665198663,topo-bathy.tt3,30,30,30,3,gmrt_shore_blend,blend to GMRT,54,unknown,mixed_blend,2,235.496628374,false,unknown,235.496628374,8.90219396209,24.9711176697,46.6169724109,87.3064745517,163.149778254,58.6997618423,110.500531426,202.391703365,541.230070309,1167.99985076,0.0999572788098,5.70816961844,0.0865834189648,4.94852326096,0.0813790042817,4.65242127548,0.075843303702,4.33719777177,51.8007695834,91.891171939,338.838366945,626.769780453,0,0,0,0,0,0,0,0
west,west_0056,28000,0.156654535139,55682.2281335,3154033.89236,native,0,0.000267186540165,39.8876831244,topo-bathy.tt3,30,30,30,3,gmrt_shore_blend,blend to GMRT,54,unknown,mixed_blend,2,276.576763617,false,unknown,276.576763617,5.89271734265,20.369476571,57.0363497344,118.891595907,181.590537222,86.3791947924,151.001385547,246.7394699,451.027947799,819.309663349,0.0814569601603,4.65685840508,0.146667492654,8.34393791302,0.123710492346,7.0522581613,0.0626989413149,3.58768837981,64.6221907548,95.7380843528,204.288477899,368.28171555,-0.102641237001,0,9.47486873623,28.9782671399,10797.6425611,28.9782671399,500,4
west,west_0057,28500,0.159451937552,56050.7642042,3154370.2643,native,0,0.000335666285676,47.9751809604,topo-bathy.tt3,30,30,30,3,gmrt_shore_blend,blend to GMRT,54,unknown,mixed_blend,2,174.922504182,false,unknown,174.922504182,5.99535857965,19.7095454653,56.1901475327,111.429904619,175.42605852,85.1415243046,150.964703791,252.415142486,459.849102204,880.788044316,0.0788325311059,4.50744946078,0.145922408269,8.30214224397,0.110479514172,6.3044427485,0.0639961539015,3.66171610919,65.8231794863,101.450438695,207.433959718,420.938942112,0.102641237001,-0.0828196624463,8.6286665345,21.516575851,8622.59200595,21.516575851,500,4
west,west_0058,29000,0.162249339966,56347.6824916,3154772.3108,native,0,0.00050554879826,59.1199446184,topo-bathy.tt3,30,30,30,3,gmrt_shore_blend,blend to GMRT,54,unknown,mixed_blend,2,180.305990259,false,unknown,180.305990259,5.83169703547,19.7923651278,47.5614809982,89.9133287676,156.34700295,87.0195320159,153.947314066,251.789638666,524.464932468,1141.73464909,0.0791427411752,4.52511298483,0.111076463482,6.33823078482,0.0847036955388,4.8416072819,0.0664336741824,3.80078421151,66.9277820499,97.8423246006,272.675293802,617.269716621,-0.0468409804373,0.0828196624463,0,0,16.5639324893,0.0828196624463,0,1
west,west_0059,29500,0.165046742379,56560.9817723,3155223.44958,native,0,0.000559644913301,76.9409934386,topo-bathy.tt3,30,30,30,3,gmrt_shore_blend,blend to GMRT,54,unknown,mixed_blend,2,216.455555556,false,unknown,216.455555556,5.87853801591,16.5137669167,34.701929139,65.8748739534,124.795051021,85.9311456854,158.229726576,299.913902508,731.435707101,1587.82220067,0.0660445194734,3.77858469239,0.0727526488892,4.1610885882,0.0623458896289,3.56753877432,0.0589201770676,3.37197904009,72.2985808905,141.684175932,431.521804592,856.386493573,0.0468409804373,0,0,0,3.5130735328,0.0468409804373,0,1
west,west_0060,30000,0.167844144792,56564.9023076,3155708.79202,native,0,-0.000123874114047,91.1852361765,topo-bathy.tt3,30,30,30,3,gmrt_shore_blend,blend to GMRT,54,unknown,mixed_blend,2,218.653130227,false,unknown,218.653130227,5.1045048478,12.5036259043,20.7709418404,40.7791001323,84.3296997336,98.0618014963,191.267171648,474.467523915,1186.12631223,nan,0.0500140900785,2.86321051435,0.0330692637442,1.89403902004,0.0400163165839,2.29154342002,0.0435505996013,2.49368979283,93.2053701519,283.200352267,711.658788311,nan,0,0,0,-0.727792230641,0,0,0,0
west,west_0061,30500,0.170641547205,56541.1525131,3156181.88371,native,0,-0.000672703445539,69.8435295128,topo-bathy.tt3,30,30,30,3,gmrt_shore_blend,blend to GMRT,54,unknown,mixed_blend,2,154.611111111,false,unknown,154.611111111,4.24876868561,10.8222514343,17.6922904794,34.7046520448,88.108846996,117.065481012,230.717115001,640.111752575,1290.32372566,nan,0.0432498518555,2.47649061245,0.0274801561801,1.57410081712,0.0340247231308,1.94872126681,0.0534041949512,3.05693105527,113.65163399,409.394637574,650.211973086,nan,-0.0665648972767,0,-1.82004499442,-6.80224031819,0,0,0,0
west,west_0062,31000,0.173438949618,56874.7104874,3156552.80416,native,0,-0.000193336234607,52.6421678832,topo-bathy.tt3,30,30,30,3,gmrt_shore_blend,blend to GMRT,54,unknown,mixed_blend,2,264.19958248,false,unknown,264.19958248,3.57159047724,8.89096710454,19.4080534711,41.506892363,95.8889334511,139.414500764,280.274378804,514.357417255,1160.67003144,nan,0.0355729607699,2.03732144038,0.0420683454661,2.40891825876,0.0441976777838,2.53069341068,0.0543820410881,3.11279525175,140.859878039,234.083038451,646.312614186,nan,-0.677178208372,-0.922633662655,0,0.727792230641,181.94805766,0.727792230641,0,4
west,west_0063,31500,0.176236352032,57144.2801791,3156971.94635,native,0,1.83441974085e-05,58.7661792429,topo-bathy.tt3,30,30,30,3,gmrt_shore_blend,blend to GMRT,54,unknown,mixed_blend,2,188.092534687,false,unknown,188.092534687,4.31533358288,9.81360076719,19.5123354738,45.8209800305,83.9309194958,118.273133585,254.799412191,510.986072575,1098.97099423,nan,0.0392539882828,2.24793373629,0.0387949388263,2.22167213433,0.0526172891135,3.01197101814,0.0381099394652,2.18248250888,136.526278606,256.186660384,587.984921653,nan,0.0665648972767,0,1.02342126839,5.61664375734,1792.93628228,5.61664375734,500,4
west,west_0064,32000,0.179033754445,57390.8073423,3157403.84722,native,0,-0.000191707069333,53.6932129733,topo-bathy.tt3,30,30,30,3,gmrt_shore_blend,blend to GMRT,54,unknown,mixed_blend,2,127.495588401,false,unknown,127.495588401,3.89583935143,9.11244749747,18.4889142054,40.2043362732,73.1092366225,131.107097845,274.482523855,532.885187992,1249.91315695,nan,0.0364401582724,2.0869438601,0.0375058668316,2.14792110088,0.0434308441356,2.48684126369,0.0329049003493,1.88463192753,143.375426011,258.402664136,717.027968959,nan,-0.325570039694,-0.701153269726,0,0,0,0,0,0
west,west_0065,32500,0.181831156858,57730.3912854,3157769.64187,native,0,-0.000147551904783,47.7821732673,topo-bathy.tt3,30,30,30,3,gmrt_shore_blend,blend to GMRT,54,unknown,mixed_blend,2,185.533333333,false,unknown,185.533333333,4.35533591935,9.86059642386,16.7577275029,31.8010015565,64.2236232256,116.10240917,254.291016934,630.431069832,1553.79790605,nan,0.039436620388,2.25838161123,0.0275885243162,1.58030515019,0.0300865481071,1.72331237111,0.0324226216691,1.85702884546,138.188607765,376.140052897,923.366836221,nan,0.133926528227,0.0469956566649,0,0,19.44362095,0.133926528227,150,3
west,west_0066,33000,0.184628559271,58060.0594989,3158141.46819,native,0,-0.00035841591088,45.2391115701,topo-bathy.tt3,30,30,30,3,gmrt_shore_blend,blend to GMRT,54,unknown,mixed_blend,2,333.042525739,false,unknown,333.042525739,4.22140939112,9.82021082272,13.3863853078,18.7644627969,48.5786516415,119.551534208,256.496196714,1047.70454946,nan,nan,0.039258118412,2.24817001115,0.0142646979402,0.817251559123,0.0107561549783,0.616258518794,0.0298141888446,1.70772132051,136.944662507,791.208352748,nan,nan,0.325570039694,0.707763325248,-0.0943301738152,0,165.970418027,0.707763325248,150,3
west,west_0067,33500,0.187425961684,58429.3233397,3158474.43209,native,0,-0.00108972468804,27.2464542635,topo-bathy.tt3,30,30,30,3,gmrt_shore_blend,blend to GMRT,54,unknown,mixed_blend,2,92.7666666667,false,unknown,92.7666666667,3.07386958718,7.61622632603,13.4807154816,11.9982145233,49.9162656978,162.421948143,335.391317198,1269.65049897,nan,nan,0.0304520108792,1.74423267749,0.0234579566222,1.3437954606,0.00296500191663,0.169881598249,0.0379180511745,2.17150398439,172.969369055,934.259181777,nan,nan,0,0,0.0943301738152,-2.82870798291,35.3738151807,0.0943301738152,0,1
west,west_0068,34000,0.190223364098,58908.7685303,3158578.51561,native,0,-0.00164297795048,-17.197513886,topo-bathy.tt3,30,30,30,3,gmrt_shore_blend,blend to GMRT,54,unknown,mixed_blend,2,30.9222222222,false,unknown,30.9222222222,2.58408610963,6.07871113091,10.68793768,14.8269225062,48.2702244214,201.923940816,457.395204165,1215.57527751,nan,nan,0.0243905313712,1.39719748825,0.0184369061964,1.05623724463,0.00827796965232,0.474281890859,0.0334433019152,1.9154461525,255.471263349,758.180073345,nan,nan,-0.246454966329,0,-0.695781167495,2.50719019916,626.797549791,2.50719019916,0,4
west,west_0069,34500,0.193020766511,59216.5889069,3158230.77012,native,0,-0.000896699271269,-66.8892481318,topo-bathy.tt3,30,30,30,3,gmrt_shore_blend,blend to GMRT,54,unknown,mixed_blend,2,197.998830586,false,unknown,197.998830586,2.83054107596,5.39272897197,11.3837188475,12.319732307,-1.57251463661,220.246087875,445.211114212,nan,nan,nan,0.021588313566,1.23672715027,0.0239639595022,1.37277099911,0.00187202691901,0.107259116298,0.0138922469436,0.795915917987,224.965026337,nan,nan,nan,0,-0.685982158943,0,0,0,0,0,0
west,west_0070,35000,0.195818168924,59186.5011936,3157927.71893,native,0,0.000588539271809,-68.5745976222,topo-bathy.tt3,30,30,30,3,gmrt_shore_blend,blend to GMRT,54,unknown,mixed_blend,2,30.9222222222,false,unknown,30.9222222222,-0.19692408423,-3.3664467237,-3.26866706872,-1.89133333352,34.7640422818,1533.66982957,1631.93540483,1810.56532498,nan,nan,0.0140651353924,0.805819761152,0.000391118619916,0.0224094450675,0.0027546674704,0.157830420801,0.0366553756153,2.09925845638,98.2655752613,178.629920146,nan,nan,-2.78101019386,-9.44515785461,-14.6523859162,-16.7182558397,0,0,0,0
west,west_0071,35500,0.198615571337,59401.4309138,3157759.72376,native,0,0.00135584559245,-33.1684317795,topo-bathy.tt3,30,30,30,1,copernicus_a2_land_core,land/a2 core,30,false,high,1,30.9222222222,false,false,30.9222222222,2.92337002278,7.03529156651,18.3611119737,40.9198099937,65.6075246967,183.710246706,328.526926373,528.231756588,1225.27931096,nan,0.0281029320936,1.60975570862,0.0453032816288,2.59391323406,0.0451173960399,2.58328449924,0.0246877147031,1.41421459162,144.816679666,199.704830215,697.047554372,nan,0.0928289468201,0,0,0,6.96217101151,0.0928289468201,0,2
west,west_0072,36000,0.20141297375,59804.0382519,3157524.09977,native,0,0.00143906467419,9.10963249658,topo-bathy.tt3,30,30,30,3,gmrt_shore_blend,blend to GMRT,54,unknown,mixed_blend,2,197.998830586,false,unknown,197.998830586,2.40653605315,8.32710161954,23.0570613512,55.5950974173,147.764418857,173.288230382,282.405966995,447.392407798,934.018555908,1445.84247858,0.0336469031558,1.92709853213,0.0589198389266,3.37195973306,0.0650760721322,3.72333422623,0.0921693214397,5.26603477312,109.117736613,164.986440803,486.62614811,511.823922668,-0.261247799282,0.824632209897,0,0,164.926441979,0.824632209897,0,3
west,west_0073,36500,0.204210376164,60130.0399235,3157876.55365,native,0,0.000907521808419,49.2839004979,topo-bathy.tt3,30,30,30,1,copernicus_a2_land_core,land/a2 core,30,false,high,1,30.9222222222,false,false,30.9222222222,9.06184225572,17.1060880731,29.4430411053,82.5109427373,237.424748292,36.3908804913,117.428336586,308.775883897,745.327260459,1132.58521202,0.066616846377,3.81123296306,0.0493478121289,2.82512959247,0.106135803264,6.05845241653,0.154913805554,8.80591021079,81.0374560945,191.347547311,436.551376562,387.257951556,6.13847223294,8.77898645354,0.974341586556,0,2581.56080314,8.77898645354,400,4
west,west_0074,37000,0.207007778577,60434.0920997,3158256.18875,native,0,0.00029928238264,61.1068019351,topo-bathy.tt3,30,30,30,3,gmrt_shore_blend,blend to GMRT,54,unknown,mixed_blend,2,69.1441909042,false,unknown,69.1441909042,2.66778385243,7.50246940964,28.4686995187,96.6256273158,266.497836,178.543711372,301.491188137,427.621260115,654.943213407,1026.70524118,0.0304182976828,1.74230284122,0.0838649204364,4.79388800164,0.136313855594,7.76236584085,0.169872208684,9.64092892223,122.947476765,126.130071978,227.321953292,371.762027771,-4.17469265649,-8.17317820057,-0.974341586556,3.86797696164,966.994240409,3.86797696164,0,4
west,west_0075,37500,0.20980518099,60596.9988908,3158722.68576,native,0,0.000181076953243,66.4315179059,topo-bathy.tt3,30,30,30,3,gmrt_shore_blend,blend to GMRT,54,unknown,mixed_blend,2,30.9222222222,false,unknown,30.9222222222,6.84247650892,15.6756476102,38.538156088,92.7576503542,255.193108623,65.18179411,157.545513689,303.286255032,609.784954008,1059.53120022,0.062878245833,3.59792142907,0.0914500339111,5.22516710941,0.108438988532,6.18891347367,0.162435458269,9.22628337538,92.3637195786,145.740741344,306.498698976,449.746246213,-1.6530492313,-1.43044046286,0,-3.86797696164,0,0,0,0
west,west_0076,38000,0.212602583403,60827.9599307,3159159.07008,native,0,0.000189990884247,71.481747123,topo-bathy.tt3,30,30,30,3,gmrt_shore_blend,blend to GMRT,54,unknown,mixed_blend,2,87.4612520908,false,unknown,87.4612520908,10.8214771548,25.8052550834,54.4088575876,102.647516298,264.096530094,38.1747939709,90.1957085977,200.287940407,448.152315961,975.710195276,0.104296389688,5.95421575429,0.114414410017,6.52708030005,0.0964773174205,5.51068774571,0.161449013796,9.17120862556,52.0209146268,110.092231809,247.864375554,527.557879315,3.97900064586,7.7331705303,5.1616247927,5.36062253716,5120.82408605,7.7331705303,900,4
west,west_0077,38500,0.215399985816,60907.1390771,3159648.61668,native,0,0.000118735294938,77.3171937192,topo-bathy.tt3,30,30,30,3,gmrt_shore_blend,blend to GMRT,54,unknown,mixed_blend,2,43.7306260454,false,unknown,43.7306260454,8.49552574022,21.8623884081,49.5425796651,97.2868937607,252.597529032,56.8803980134,117.424882687,230.109017488,505.272597543,1024.50376216,0.0867126172448,4.95587061407,0.110720765028,6.31809836349,0.0954886281912,5.45455714615,0.155310635271,8.8281126912,60.5444846734,112.684134802,275.163580054,519.231164617,1.6530492313,3.79030385499,0.295346870171,0,992.79453966,3.79030385499,400,4
west,west_0078,39000,0.21819738823,61045.6223242,3160126.26752,native,0,-0.00015874509183,78.2847784022,topo-bathy.tt3,30,30,30,3,gmrt_shore_blend,blend to GMRT,54,unknown,mixed_blend,2,30.9222222222,false,unknown,30.9222222222,6.16340894328,18.0720845531,49.2472327949,101.474781647,257.318067664,77.5850107473,156.285168765,268.300439012,507.245941883,987.752840753,0.0726725379317,4.1565227088,0.124700592967,7.10812488698,0.104455097703,5.96321105624,0.155843286018,8.85791010796,78.7001580182,112.015270247,238.94550287,480.50689887,-2.33211679695,-3.79030385499,-0.295346870171,0,0,0,0,0
west,west_0079,39500,0.220994790643,61106.4955235,3160609.98629,native,0,-4.23341429981e-05,68.2217699389,topo-bathy.tt3,30,30,30,3,gmrt_shore_blend,blend to GMRT,54,unknown,mixed_blend,2,30.9222222222,false,unknown,30.9222222222,4.33196309045,12.5087523984,32.9778037833,92.1646641724,245.772775623,115.071476932,210.65307064,352.258086572,623.104530604,1065.35525796,0.0497987324806,2.85090208893,0.0818762055396,4.68072025063,0.118373720778,6.75089961003,0.153608111451,8.73283831007,95.5815937079,141.605015932,270.846444032,442.250727359,-3.41950314498,-5.56333215467,-16.2694290116,-5.12222958831,0,0,0,0
west,west_0080,40000,0.223792193056,61369.6614749,3160937.31678,native,0,0.000597845000171,75.8592106791,topo-bathy.tt3,30,30,30,3,gmrt_shore_blend,blend to GMRT,54,unknown,mixed_blend,2,30.9222222222,false,unknown,30.9222222222,14.6891781649,30.9881903909,60.7156994356,117.577502585,284.758639682,27.7066721491,56.4269214284,153.788232655,395.882957243,879.280573464,0.125370875189,7.14593805939,0.118910036179,6.7812016894,0.113723606298,6.48800855528,0.167181137098,9.49100012222,28.7202492793,97.3613112269,242.094724588,483.397616221,8.52576922158,18.4794379924,27.7378956522,25.4128384121,21090.2407627,27.7378956522,900,4
west,west_0081,40500,0.226589595469,61310.4907031,3161419.68504,native,0,0.000703504667354,102.475765252,topo-bathy.tt3,30,30,30,3,gmrt_shore_blend,blend to GMRT,54,unknown,mixed_blend,2,30.9222222222,false,unknown,30.9222222222,7.75146623543,9.62645646581,26.2986822707,88.936150407,232.596802485,37.2279490087,265.554006712,442.568037176,692.426399752,1088.18783968,0.039259271497,2.24823597639,0.0666889032196,3.81534325561,0.125274936273,7.14052616271,0.143660652078,8.17521420354,228.326057703,177.014030464,249.858362576,395.761439926,2.14899150932,-1.65348079204,0,0,161.174363199,2.14899150932,0,2
west,west_0082,41000,0.229386997882,61158.1495888,3161893.29865,native,0,0.000194568721135,116.167058986,topo-bathy.tt3,30,30,30,3,gmrt_shore_blend,blend to GMRT,54,unknown,mixed_blend,2,69.1441909042,false,unknown,69.1441909042,5.60247472611,11.2799372579,22.380169306,58.3626039051,157.889272559,85.7936757852,215.321374015,457.935901899,894.210502948,1434.76870217,0.047075724295,2.69525049194,0.0444009281927,2.54231599277,0.0719648691981,4.11618723306,0.0995266686543,5.68374050636,129.52769823,242.614527884,436.274601049,540.558199227,-1.980746095,0,0,0,0,0,0,0
west,west_0083,41500,0.232184400296,60879.3755345,3162297.0998,native,0,-0.000391766537663,113.623731798,topo-bathy.tt3,30,30,30,3,gmrt_shore_blend,blend to GMRT,54,unknown,mixed_blend,2,30.9222222222,false,unknown,30.9222222222,3.74220572178,7.90819650619,15.8790401627,42.197673533,121.720581161,142.365754168,333.125900124,583.161667602,1120.6502828,1746.51365722,0.0312992029279,1.79272697366,0.0318833746262,1.8261641749,0.0526372667405,3.01311249039,0.0795229076283,4.54675868636,190.760145956,250.035767478,537.488615193,625.863374428,-3.84101509934,-3.37174075167,-6.45235925941,-3.5504747748,0,0,0,0
west,west_0084,42000,0.234981802709,60773.7246859,3162772.21999,native,0,-0.000516399422951,93.7204898237,topo-bathy.tt3,30,30,30,3,gmrt_shore_blend,blend to GMRT,54,unknown,mixed_blend,2,235.496628374,false,unknown,235.496628374,7.58322082112,14.3049457526,18.6356993467,41.9973720892,132.293293236,63.5604291467,141.571551501,553.21687425,1123.42106296,1699.1334335,0.0569677936054,3.26049006749,0.0173230143765,0.9924363478,0.046723345485,2.67510498492,0.0902959211466,5.15958291356,78.0111223544,411.645322749,570.204188711,575.712370536,0,0,-2.98871974248,-3.75077621858,0,0,0,0
west,west_0085,42500,0.237779205122,60816.0885095,3163270.35377,native,0,-0.00021585698063,84.0362243199,topo-bathy.tt3,30,30,30,3,gmrt_shore_blend,blend to GMRT,54,unknown,mixed_blend,2,154.611111111,false,unknown,154.611111111,8.24985055615,16.4097913044,22.3313994221,45.7481483078,132.483051631,58.514291223,124.811398242,405.479339481,1065.54666794,1684.7126305,0.0651991271983,3.73035497378,0.0236864324711,1.35687889262,0.0468334977713,2.68140246575,0.0867349033232,4.95713798043,66.2971070192,280.667941239,660.067328461,619.165962562,0,2.10484555177,1.4176611497,0,952.592041491,2.10484555177,250,4
west,west_0086,43000,0.240576607535,60877.3876104,3163764.54148,native,0,-0.000242823885126,81.3527958552,topo-bathy.tt3,30,30,30,3,gmrt_shore_blend,blend to GMRT,54,unknown,mixed_blend,2,61.8444444444,false,unknown,61.8444444444,9.97980623961,15.5799947393,21.6244190892,47.7078192302,125.29537369,43.035038985,100.392242953,450.062435587,1038.81785007,1719.7201135,0.065613625357,3.75400280328,0.0241776973996,1.38501018706,0.052166800282,2.98623056545,0.0775875544601,4.43655123336,57.3572039682,349.670192634,588.755414484,680.902263432,1.72995568346,0,0,0,129.746676259,1.72995568346,0,3
west,west_0087,43500,0.243374009948,60965.4341039,3164252.38278,native,0,-0.000170083694885,70.1234405372,topo-bathy.tt3,30,30,30,3,gmrt_shore_blend,blend to GMRT,54,unknown,mixed_blend,2,61.8444444444,false,unknown,61.8444444444,8.74897321739,12.9130685943,20.9137382724,48.041215168,120.739996443,42.5574488628,130.935794721,481.724090051,1034.33959455,1763.58925044,0.0511629422392,2.92886685972,0.0320026787127,1.83299282786,0.0542549537912,3.10553510706,0.0726987812751,4.15801843937,88.3783458583,350.78829533,552.615504497,729.249655892,0,-3.49672271009,-1.4176611497,0,0,0,0,0
west,west_0088,44000,0.246171412362,61206.2546334,3164674.1892,native,0,0.000230685820165,71.6077179743,topo-bathy.tt3,30,30,30,3,gmrt_shore_blend,blend to GMRT,54,unknown,mixed_blend,2,166.52126287,false,unknown,166.52126287,7.7282612202,18.7593835106,33.9479061955,59.0773362247,122.795908045,65.3478357073,131.407540846,266.607065518,828.962964499,1711.97237167,0.0758914250252,4.33993914156,0.0607540907398,3.47667964588,0.0502588600583,2.8771996371,0.0637185718208,3.6458764181,66.0597051388,135.199524672,562.35589898,883.009407171,-2.25154501941,0,2.13610668652,7.9769575095,2795.27938482,7.9769575095,500,4
west,west_0089,44500,0.248968814775,61269.3541727,3165166.41127,native,0,0.000159914545019,83.3407644262,topo-bathy.tt3,30,30,30,3,gmrt_shore_blend,blend to GMRT,54,unknown,mixed_blend,2,216.455555556,false,unknown,216.455555556,10.0010572841,24.453031639,36.1426129753,56.0783533472,83.3184263878,49.9475241176,99.9894183397,201.778466787,833.016994836,nan,0.0977031726682,5.58026816837,0.0467583253453,2.67710481425,0.0398714807436,2.28325815693,0.0272400730407,1.56035535608,50.0418942221,101.789048447,631.238528049,nan,1.25208406672,5.69364812846,4.33081346634,4.97797463197,4101.18463857,5.69364812846,900,4
west,west_0090,45000,0.251766217188,61321.757774,3165663.49447,native,0,-0.000254889164118,80.7701464866,topo-bathy.tt3,30,30,30,3,gmrt_shore_blend,blend to GMRT,54,unknown,mixed_blend,2,207.432572713,false,unknown,207.432572713,11.3420533566,22.2933514699,31.811799509,51.1003787152,61.8886918229,42.2810227832,87.6403168146,212.536347367,957.614363647,nan,0.0891751058114,5.09587791381,0.0380737921562,2.18041442141,0.0385771584124,2.20921288244,0.0107883131077,0.618100830102,45.3592940314,124.896030552,745.07801628,nan,3.61379213643,3.53396795938,0,0,977.828002107,3.61379213643,150,4
west,west_0091,45500,0.254563619601,61429.2734753,3166150.53361,native,0,-0.000312298305857,68.7366910786,topo-bathy.tt3,30,30,30,3,gmrt_shore_blend,blend to GMRT,54,unknown,mixed_blend,2,154.611111111,false,unknown,154.611111111,5.84497444683,11.9911494852,20.9541041248,45.2770209705,57.6115278046,84.3687130231,191.280302017,478.190332969,1318.25044523,nan,0.0476334158963,2.72713237245,0.0358518185582,2.05327846345,0.0486458336915,2.78500551774,0.0123345068341,0.706679347344,106.911588994,286.910030952,840.060112262,nan,0,0,-4.02781235624,0,0,0,0,0
west,west_0092,46000,0.257361022014,61678.9933767,3166581.49298,native,0,-0.000430508431017,62.876771612,topo-bathy.tt3,30,30,30,3,gmrt_shore_blend,blend to GMRT,54,unknown,mixed_blend,2,276.576763617,false,unknown,276.576763617,4.15696820437,10.7888127947,24.981916481,37.8075634529,45.0615806584,120.489637633,233.498712015,403.807540042,nan,nan,0.0435123607723,2.49150301324,0.0567724147455,3.2493317717,0.0256512939437,1.46938865809,0.00725401720546,0.415617280457,113.009074382,170.308828028,nan,nan,-0.497287218023,-1.20233669057,2.20282624766,0,826.059842872,2.20282624766,0,4
west,west_0093,46500,0.260158424428,61881.0516631,3167032.50371,native,0,-0.000483662972701,44.0703749366,topo-bathy.tt3,30,30,30,3,gmrt_shore_blend,blend to GMRT,54,unknown,mixed_blend,2,69.1441909042,false,unknown,69.1441909042,4.59962322248,10.351370711,21.3994927057,34.8795219043,49.6221118497,109.812548773,240.331458703,472.781643073,nan,nan,0.0410976126606,2.35339537736,0.0441924879788,2.53039663642,0.0269600583972,1.54432347294,0.0147425899454,0.844626994985,130.51890993,232.45018437,nan,nan,-0.0546321999088,-1.63977877425,-1.37959752768,-2.34980153532,0,0,0,0
west,west_0094,47000,0.262955826841,62333.1660507,3167214.77485,native,0,0.000139912970609,35.1649245695,topo-bathy.tt3,30,30,30,3,gmrt_shore_blend,blend to GMRT,54,unknown,mixed_blend,2,276.576763617,false,unknown,276.576763617,4.65425542239,12.4649249712,22.7790902334,31.3983111672,49.6382939022,106.664940259,202.445188485,408.654470106,nan,nan,0.0505054563945,2.8912927928,0.0412566610487,2.36249275361,0.0172384418676,0.987592146578,0.018239982735,1.04495815458,95.7802482254,206.209281621,nan,nan,0.0546321999088,0.902394333875,-1.30788769837,-5.83101227243,184.576281768,0.902394333875,150,3
west,west_0095,47500,0.265753229254,62663.4359292,3167583.6981,native,0,0.000324846959373,52.0867976516,topo-bathy.tt3,30,30,30,3,gmrt_shore_blend,blend to GMRT,54,unknown,mixed_blend,2,334.474973321,false,unknown,334.474973321,6.04605776568,15.1089350168,24.0869779317,37.2293234396,9.94766314491,83.4343453931,162.723331331,348.907520256,nan,nan,0.0601884682766,3.44438994299,0.0359121716597,2.05673199496,0.0262846910158,1.50565518002,0.0272816602947,1.56273636076,79.2889859381,186.184188925,nan,nan,1.39180234329,2.64401004564,0,0,633.187184875,2.64401004564,150,4
west,west_0096,48000,0.268550631667,62936.6075644,3167989.56122,native,0,-7.74327852274e-05,53.7772843292,topo-bathy.tt3,30,30,30,3,gmrt_shore_blend,blend to GMRT,54,unknown,mixed_blend,2,264.19958248,false,unknown,264.19958248,4.35653726212,11.5625306373,27.2851708674,71.7523321905,191.465857405,114.305826255,220.028097567,383.446716837,799.595507308,1243.58428088,0.046135115209,2.64147437031,0.0628905609205,3.59862425233,0.0889343226461,5.08219060524,0.119713525215,6.82659207199,105.722271311,163.41861927,416.148790471,443.988773574,-1.68952050356,-1.78763014145,0,0,0,0,0,0
west,west_0097,48500,0.27134803408,63241.8489388,3168373.34219,native,0,-0.000125779400483,47.6502258621,topo-bathy.tt3,30,30,30,3,gmrt_shore_blend,blend to GMRT,54,unknown,mixed_blend,2,180.305990259,false,unknown,180.305990259,6.35724871056,13.3501607788,28.4741297596,108.498619452,341.799207699,77.7867067746,170.805014494,389.050052217,663.664887746,954.322123371,0.0531114821124,3.04020728039,0.0604958759233,3.46193920362,0.160048979384,9.09301316356,0.233300588247,13.1322430103,93.0183077191,218.245037723,274.614835528,290.657235626,0,-1.75877423806,0,0,0,0,0,0
west,west_0098,49000,0.274145436494,63599.6763979,3168716.99384,native,0,-1.19833937368e-06,46.5706555319,topo-bathy.tt3,30,30,30,3,gmrt_shore_blend,blend to GMRT,54,unknown,mixed_blend,2,195.569305072,false,unknown,195.569305072,9.65414933374,25.9627236952,62.9605413379,183.379825296,540.752256338,52.5077369364,103.435098302,198.637511645,424.24398608,684.188871981,0.104065245518,5.94111436674,0.147991270571,8.41817343841,0.240838567916,13.5411542822,0.357372431042,19.6654888597,50.9273613657,95.2024133431,225.606474435,259.944885901,0,0,0,0,0,0,0,0
west,west_0099,49500,0.276942838907,63924.1783988,3169094.14552,native,0,-0.000120411054481,47.5815660736,topo-bathy.tt3,30,30,30,3,gmrt_shore_blend,blend to GMRT,54,unknown,mixed_blend,2,262.383756272,false,unknown,262.383756272,13.3999548666,35.4010122285,86.6727863037,232.926233634,677.45678197,37.6563277706,74.7834453667,148.67872118,326.295150307,558.5664128,0.141841401545,8.07306052499,0.205087096301,11.5899151358,0.29250689466,16.3045619041,0.444530548337,23.9666084776,37.1271175962,73.8952758132,177.616429127,232.271262493,2.5389365311,1.71610001178,0,0,533.640242189,2.5389365311,150,4
west,west_0100,50000,0.27974024132,64271.3595232,3169452.10561,native,0,0.000259168055084,39.6716103034,topo-bathy.tt3,30,30,30,3,gmrt_shore_blend,blend to GMRT,54,unknown,mixed_blend,2,278.3,false,unknown,278.3,10.8610183355,33.6849122168,88.2956657313,241.817630033,683.75932632,46.9332908777,92.2446429025,167.077790395,332.326488467,545.852154167,0.133710545538,7.61587747176,0.218443014058,12.3223004296,0.307043928604,17.0687863216,0.441941696287,23.8426340127,45.3113520248,74.8331474926,165.248698072,213.525665699,-0.490763165089,0,1.62287942764,8.89139639957,2831.42888526,8.89139639957,500,4
west,west_0101,50500,0.282537643733,64683.5253897,3169723.93222,native,0,0.00110041088294,62.4308018145,topo-bathy.tt3,30,30,30,5,gmrt_core,GMRT core,54,unknown,high,1,216.455555556,false,unknown,216.455555556,12.9587473349,37.7133474035,95.491646792,257.00146869,641.492732284,41.5817261565,78.5888716514,145.589603768,311.985506868,516.899813849,0.151586856673,8.61966434508,0.231113197554,13.0133267622,0.323019643797,17.9014757756,0.384491263594,21.0313156018,37.0071454949,67.0007321166,166.3959031,204.91430698,1.60696583428,4.02843518675,8.81886048825,24.0752350566,10252.0909222,24.0752350566,900,4
west,west_0102,51000,0.285335046146,64651.2561668,3170179.73333,native,0,0.000620688209105,102.720509626,topo-bathy.tt3,30,30,30,5,gmrt_core,GMRT core,54,unknown,high,1,61.8444444444,false,unknown,61.8444444444,11.3517815006,29.3389771648,68.169727334,171.732787919,409.440633299,44.9305952134,88.3228996844,174.535967228,392.139482462,674.24115548,0.117337167318,6.69232309869,0.155323000677,8.82880448834,0.20712612117,11.7019820284,0.23770784538,13.3714907242,43.3923044711,86.213067544,217.603515234,282.101673018,0,0,0,0,0,0,0,0
west,west_0103,51500,0.28813244856,64475.0830801,3170647.32236,native,0,-0.000529758379245,97.9936165898,topo-bathy.tt3,30,30,30,3,gmrt_shore_blend,blend to GMRT,54,unknown,mixed_blend,2,185.533333333,false,unknown,185.533333333,6.53391210125,20.9250364636,48.0343959009,118.602864686,266.739337218,78.6136483949,137.272918509,240.522021326,516.616851852,878.67065766,0.0832190466517,4.75713864435,0.108437437749,6.18882565301,0.14113693757,8.03348988586,0.148136472532,8.42631442386,58.659270114,103.249102817,276.094830526,362.053805808,-4.81786939937,-6.9414937421,-3.71300560264,-4.11395249403,0,0,0,0
west,west_0104,52000,0.290929850973,64516.4745391,3171139.53033,native,0,-0.000559902485427,72.3675903338,topo-bathy.tt3,30,30,30,3,gmrt_shore_blend,blend to GMRT,54,unknown,mixed_blend,2,276.576763617,false,unknown,276.576763617,11.6600130602,27.8665302057,46.8859363932,116.524140744,390.37341005,42.070462055,85.5388088999,174.603685688,530.919634069,898.57231313,0.111000438552,6.33392792945,0.07607762475,4.35054635758,0.139276408701,7.92894460371,0.273849269307,15.3149367666,43.4683468449,89.0648767877,356.315948382,367.652679061,0.308231559606,0,-4.86146511038,-2.07872394214,23.1173669705,0.308231559606,0,2
west,west_0105,52500,0.293727253386,64768.1050933,3171569.23511,native,0,-1.65750698888e-05,65.9135672359,topo-bathy.tt3,30,30,30,3,gmrt_shore_blend,blend to GMRT,54,unknown,mixed_blend,2,249.302925706,false,unknown,249.302925706,8.5801419109,22.7721937004,51.7474015036,122.71681718,352.61181563,58.0956645609,115.855374421,220.122324874,487.573430766,840.345781182,0.091475819196,5.22663224089,0.115900831213,6.61113132253,0.141938831353,8.07853267209,0.22989499845,12.947050501,57.7597098605,104.266950452,267.451105892,352.772350417,-3.07987114932,-0.706606314011,3.71300560264,6.19267643618,2940.54621003,6.19267643618,500,4
west,west_0106,53000,0.296524655799,64919.7598899,3172041.65906,native,0,-0.000522355869961,71.417908784,topo-bathy.tt3,30,30,30,3,gmrt_shore_blend,blend to GMRT,54,unknown,mixed_blend,2,222.983315547,false,unknown,222.983315547,14.0344739548,33.3220335161,54.2489863748,91.8430591586,137.524894136,35.9877704715,71.406026565,142.99122388,447.890164355,1137.69213636,0.133626194744,7.61112936283,0.0837078114347,4.78494907161,0.0751881455676,4.29987282721,0.0456818349772,2.61555794768,35.4182560935,71.5851973153,304.898940475,689.801972006,2.37446089457,9.84323350167,2.50158487121,-10.3946459076,3084.82559413,9.84323350167,400,4
west,west_0107,53500,0.299322058212,65082.2780032,3172503.74717,native,0,-0.000602963039368,35.9847804833,topo-bathy.tt3,30,30,30,3,gmrt_shore_blend,blend to GMRT,54,unknown,mixed_blend,2,304.548569582,false,unknown,304.548569582,11.9110551716,23.4788000144,38.2017696349,82.1170549402,248.079850096,38.0774216718,82.5401099073,197.486351037,625.477682107,1203.12944706,0.0922900231764,5.27289214228,0.0588918784818,3.3703632572,0.0878305706107,5.0194404483,0.165962795155,9.42307883733,44.4626882355,114.94624113,427.991331069,577.651764956,3.33091326071,0.706606314011,-13.5456318687,-9.72600421832,391.139757355,3.33091326071,150,3
west,west_0108,54000,0.302119460626,65533.5405389,3172487.34775,native,0,0.000455396882555,36.8706714259,topo-bathy.tt3,30,30,30,5,gmrt_core,GMRT core,54,unknown,high,1,61.8444444444,false,unknown,61.8444444444,3.55339538298,17.4374271115,54.5097704661,102.237705066,319.224713323,121.224704525,182.085932704,269.359575559,470.45989024,967.046734427,0.0709914150402,4.06069593452,0.148289373418,8.43488669169,0.0954558692002,5.45269714801,0.216987008257,12.2426527404,60.8612281791,87.2736428553,201.100314681,496.586844187,0,0,16.3080008312,20.1206501259,11145.6628432,20.1206501259,500,4
west,west_0109,54500,0.304916863039,65644.781808,3172925.6369,native,0,2.71263438732e-06,62.0770998571,topo-bathy.tt3,30,30,30,3,gmrt_shore_blend,blend to GMRT,54,unknown,mixed_blend,2,241.510276089,false,unknown,241.510276089,2.93519881207,8.22408903074,21.2936699776,58.9466247602,229.256421808,163.726163824,289.826697842,476.818884789,897.480750127,1398.3558326,0.0328977368014,1.88422193029,0.0522783237874,2.99260301271,0.0753059095652,4.3065822179,0.170309797048,9.66529592771,126.100534018,186.992186947,420.661865338,500.875082472,-0.61819657091,-6.21195803003,-10.9739474454,-16.1006488873,0,0,0,0
west,west_0110,55000,0.307714265452,65946.3724345,3173266.29852,native,0,-0.000651164052265,37.0260939276,topo-bathy.tt3,30,30,30,3,gmrt_shore_blend,blend to GMRT,54,unknown,mixed_blend,2,309.222222222,false,unknown,309.222222222,2.53268777506,9.02347435724,23.4731549893,59.892823405,171.588955898,164.926125143,267.072061607,441.577542661,879.022235357,1466.37317522,0.0361863176355,2.07241901621,0.0577987225281,3.30794253185,0.0728393368314,4.16602925954,0.111696132493,6.37330010106,102.145936464,174.505481053,437.444692696,587.350939865,-1.02070760793,-5.41257270353,-8.79446243369,-15.1544502425,0,0,0,0
west,west_0111,55500,0.310511667865,66391.6897932,3173489.00594,native,0,-0.000124040646748,24.7681478917,topo-bathy.tt3,30,30,30,3,gmrt_shore_blend,blend to GMRT,54,unknown,mixed_blend,2,304.548569582,false,unknown,304.548569582,4.71531881445,14.4360470608,32.2676174229,75.0472736475,193.632180618,104.891214326,186.509184872,324.241558879,719.964663667,1242.80742791,0.0576999707643,3.3023032794,0.0713262814487,4.07978570365,0.0855593124491,4.89027778358,0.118584906971,6.7628321858,81.6179705462,137.732374006,395.723104789,522.842764243,0.0385586733091,0,0,0,2.89190049818,0.0385586733091,0,1
west,west_0112,56000,0.313309070278,66851.057934,3173683.71175,native,0,0.000211986957721,29.9190883809,topo-bathy.tt3,30,30,30,3,gmrt_shore_blend,blend to GMRT,54,unknown,mixed_blend,2,218.653130227,false,unknown,218.653130227,5.47048595247,17.0928594974,42.6631680843,132.348367834,406.604518406,92.0930480788,161.923399702,283.190183237,556.56415075,853.681439598,0.0684456835543,3.91554188829,0.102281234348,5.8399746851,0.179370399499,10.1690285384,0.274256150572,15.3366207709,69.830351623,121.266783535,273.373967513,297.117288847,0.755167138026,0,0,0,56.6375353519,0.755167138026,0,2
west,west_0113,56500,0.316106472692,67245.7884784,3173980.51317,native,0,0.000577613150842,36.9141058809,topo-bathy.tt3,30,30,30,3,gmrt_shore_blend,blend to GMRT,54,unknown,mixed_blend,2,254.991176802,false,unknown,254.991176802,4.67676014114,18.0187505649,59.2359269956,206.345586193,590.224938282,104.785531102,171.710016204,266.894035145,457.330767287,660.346313219,0.0720733790261,4.12237230777,0.164868705723,9.36206170913,0.294219318395,16.3949017241,0.383879352089,21.0007648902,66.9244851019,95.1840189406,190.436732143,203.015545932,-0.793725811335,0.173336262281,16.2212811579,64.2798577425,22187.6121223,64.2798577425,750,4
west,west_0114,57000,0.318903875105,67636.7315479,3174273.91471,native,0,0.00102561030043,63.0138841153,topo-bathy.tt3,30,30,30,3,gmrt_shore_blend,blend to GMRT,54,unknown,mixed_blend,2,61.8444444444,false,unknown,61.8444444444,7.70855368352,34.5536481793,112.1019024,319.107052836,817.10021564,70.3316857132,117.024064285,180.585179516,310.997233309,467.487601387,0.138710969874,7.89716137413,0.310193016882,17.2335250963,0.414010300871,22.4900587806,0.497993162804,26.4729907149,46.6923785715,63.5611152316,130.412053793,156.490368078,2.23806773105,16.7082338766,69.0872565621,177.041324385,73677.5541622,177.041324385,900,4
west,west_0115,57500,0.321701277518,67636.0389531,3174746.88189,native,0,8.06043398908e-05,95.6772475209,topo-bathy.tt3,30,30,30,3,gmrt_shore_blend,blend to GMRT,54,unknown,mixed_blend,2,61.8444444444,false,unknown,61.8444444444,5.72144721304,17.8454143027,43.0146458377,142.06572845,580.837986882,88.787985416,155.635031298,274.768905342,554.765583741,823.26551416,0.0714179050129,4.08500874115,0.10067692614,5.74899155907,0.198102165225,11.2053387218,0.438772258431,23.6905331686,66.8470458824,119.133874044,279.996678399,268.499930419,1.0446870719,0,0,0,78.3515303925,1.0446870719,0,2
west,west_0116,58000,0.324498679931,67541.1291777,3175235.59092,native,0,-0.00150083782595,67.6321726015,topo-bathy.tt3,30,30,30,3,gmrt_shore_blend,blend to GMRT,54,unknown,mixed_blend,2,285.088802496,false,unknown,285.088802496,1.22667920141,4.03370221203,11.9408635614,98.1613977086,542.909628381,283.453374726,451.620295349,616.032030373,810.959727011,1006.39433225,0.0161037920295,0.922599569731,0.0316286453977,1.81158396858,0.172441068294,9.78392466407,0.444748230672,23.9770219663,168.166920623,164.411735023,194.927696638,195.434605238,-4.49476801163,-13.8117120906,-31.0737822763,-43.9043307418,0,0,0,0
west,west_0117,58500,0.327296082344,67894.1246854,3175374.04414,native,0,-0.000223334916577,9.68557436052,topo-bathy.tt3,30,30,30,3,gmrt_shore_blend,blend to GMRT,54,unknown,mixed_blend,2,334.474973321,false,unknown,334.474973321,1.06252819367,6.07341476795,21.6043891874,66.9711348212,296.445877987,226.034351179,316.816816016,474.991979522,862.352225431,1215.99545502,0.0242987093953,1.39193959272,0.0621238976776,3.55486864619,0.0907334912677,5.18445009969,0.229474743166,12.9241782747,90.7824648376,158.175163506,387.360245909,353.643229586,-4.65891901937,-11.7719995347,-21.4102566504,-75.0945936292,0,0,0,0
west,west_0118,59000,0.330093484758,68264.062679,3175358.97688,native,0,0.00175268037328,54.8360244638,topo-bathy.tt3,30,30,30,5,gmrt_core,GMRT core,54,unknown,high,1,123.688888889,false,unknown,123.688888889,13.4894326686,44.2406491446,113.794485965,296.414287091,885.746429935,41.2712013256,76.4448790324,136.479933937,271.81917655,452.522661192,0.177435199481,10.0615699197,0.278215347281,15.5473833465,0.365239602253,20.0641954848,0.589332142844,30.5122118662,35.1736777068,60.0350549046,135.339242613,180.703484641,7.85173003061,22.6779430703,50.9802284079,110.737356318,51926.3930989,110.737356318,900,4
west,west_0119,59500,0.332890887171,68229.6405239,3175850.30361,native,0,0.00113896193647,110.106762585,topo-bathy.tt3,30,30,30,5,gmrt_core,GMRT core,54,unknown,high,1,30.9222222222,false,unknown,30.9222222222,8.32524954706,27.0751212245,71.743504962,218.73560551,927.55244349,64.1931379678,115.227224088,199.691393805,386.027864848,640.775683688,0.108319420128,6.18214224395,0.17867353495,10.1303410328,0.293984201097,16.3825029387,0.70881683798,35.3296563991,51.0340861202,84.464169717,186.336471043,254.747818839,2.25989198866,5.51241515029,8.92924740493,33.0586747371,12885.1113903,33.0586747371,900,4
west,west_0120,60000,0.335688289584,67937.9710581,3176249.73832,native,0,-0.000215689565989,120.093736449,topo-bathy.tt3,30,30,30,3,gmrt_shore_blend,blend to GMRT,54,unknown,mixed_blend,2,249.302925706,false,unknown,249.302925706,5.63770263802,21.5627060743,62.814257557,185.676930773,603.649959741,89.9225739092,151.358783134,237.818249837,427.180330493,685.756459209,0.0861410717408,4.92336626422,0.165006205931,9.36973124587,0.245725346432,13.8055000597,0.417973028968,22.6836120582,61.4362092246,86.4594667031,189.362080656,258.576128716,-2.68754690903,-5.51241515029,-8.92924740493,-12.6879799439,0,0,0,0
west,west_0121,60500,0.338485691997,67747.804333,3176681.72413,native,0,-0.000706099896068,97.7486607689,topo-bathy.tt3,30,30,30,3,gmrt_shore_blend,blend to GMRT,54,unknown,mixed_blend,2,306.114382318,false,unknown,306.114382318,6.06535755839,21.4759519227,57.8541070481,170.923955481,664.764008834,84.3726340732,144.092365899,236.976550464,451.391581778,725.486718059,0.0859198178369,4.91078248492,0.145512620501,8.27915131472,0.226139696866,12.7425216101,0.493840053353,26.2820048981,59.7197318261,92.8841845642,214.415031315,274.095136281,-2.25989198866,-4.99559307454,-13.8893979139,-27.4409552361,0,0,0,0
west,west_0122,61000,0.34128309441,67811.9199167,3177176.10664,native,0,-0.000606884569946,79.6371924901,topo-bathy.tt3,30,30,30,3,gmrt_shore_blend,blend to GMRT,54,unknown,mixed_blend,2,69.1441909042,false,unknown,69.1441909042,13.0459244043,33.2119019435,73.2969766789,198.364910717,701.048173567,38.7699821857,76.925803399,151.936466604,361.188776148,628.28019974,0.132811068123,7.56524044994,0.160340298942,9.10928692215,0.250135868076,14.0435699794,0.50268326285,26.687910832,38.1558212133,75.0106632048,209.252309544,267.091423591,6.67926819168,7.64926854848,0,0,2030.79882407,7.64926854848,150,4
west,west_0123,61500,0.344080496824,67925.8273153,3177655.25385,native,0,-0.000577886472928,62.9767362594,topo-bathy.tt3,30,30,30,3,gmrt_shore_blend,blend to GMRT,54,unknown,mixed_blend,2,276.576763617,false,unknown,276.576763617,9.1544493089,26.4715449973,73.9683987209,201.839847843,646.876470193,56.4857582339,108.278001108,199.969122708,387.912510112,622.600545966,0.105754618619,6.03685456801,0.189987414894,10.7572711371,0.255742898244,14.3455108685,0.44503662235,23.9908154568,51.7922428743,91.6911215999,187.943387404,234.688035854,2.71608303043,0,0,0,203.706227282,2.71608303043,0,2
west,west_0124,62000,0.346877899237,68249.081444,3178033.22393,native,0,-5.391778955e-05,46.5267365536,topo-bathy.tt3,30,30,30,3,gmrt_shore_blend,blend to GMRT,54,unknown,mixed_blend,2,97.7846525361,false,unknown,97.7846525361,6.36665621267,25.562633395,86.7409478712,246.470615315,636.721912556,81.5310561028,137.164423832,214.541364707,370.958594967,537.34984242,0.102276707076,5.83971797697,0.244713257905,13.750800862,0.319459334888,17.7165668636,0.39025129724,21.3182799691,55.6333677297,77.3769408746,156.41723026,166.391247453,-0.0717100658061,-0.908911602261,12.7725491503,29.1393776601,12074.5503464,29.1393776601,500,4
west,west_0125,62500,0.34967530165,68609.9098119,3178376.80042,native,0,0.000607381214152,59.8874744775,topo-bathy.tt3,30,30,30,3,gmrt_shore_blend,blend to GMRT,54,unknown,mixed_blend,2,225.117175799,false,unknown,225.117175799,6.43836627847,29.601067908,110.18095711,363.642333063,1041.45172713,81.1867230658,133.723738521,203.981220608,323.901613187,472.532684591,0.118579386097,6.76252024938,0.322319556807,17.8651462225,0.506922751908,26.8814872809,0.677809394069,34.1297883205,52.5370154553,70.257482087,119.920392579,148.631071404,0.0717100658061,4.03843451294,36.2125583888,146.311095408,50970.5484054,146.311095408,900,4
west,west_0126,63000,0.352472704063,68728.2192666,3178859.36375,native,0,0.00023657643284,81.32711668,topo-bathy.tt3,30,30,30,3,gmrt_shore_blend,blend to GMRT,54,unknown,mixed_blend,2,188.092534687,false,unknown,188.092534687,2.95960844143,3.05386775787,14.1361559454,217.331237655,868.169989416,414.025869103,468.008489707,529.772097369,639.079909572,768.683616706,0.012235254806,0.700993483132,0.04432915275,2.53821164125,0.40639016342,22.1163411426,0.650838751761,33.0576380437,53.9826206039,61.7636076622,109.307812203,129.603707134,0,-3.21963406097,0,0,0,0,0,0
west,west_0127,63500,0.355270106476,68759.1641383,3179355.27876,native,0,-0.00100172238508,73.4423056115,topo-bathy.tt3,30,30,30,3,gmrt_shore_blend,blend to GMRT,54,unknown,mixed_blend,2,304.548569582,false,unknown,304.548569582,2.76625945898,4.22947320935,5.18494855573,75.080809618,747.117592345,491.575172502,694.981180191,808.488904801,936.316813489,1047.42990599,0.0167540447112,0.959846249466,0.00382190138552,0.218977752912,0.139791722125,7.95790601579,0.672036782727,33.9025525844,203.406007689,113.50772461,127.827908688,111.113092504,-0.0981394413244,-0.677179178277,-3.75758145664,0,0,0,0,0
west,west_0128,64000,0.35806750889,68997.0771407,3179763.66787,native,0,-0.00141014263887,23.932651771,topo-bathy.tt3,30,30,30,3,gmrt_shore_blend,blend to GMRT,54,unknown,mixed_blend,2,174.922504182,false,unknown,174.922504182,2.8643989003,6.27350181884,5.69482014667,46.7114712704,534.557866948,186.489219731,750.041942233,862.71368687,1010.94985542,1153.9002612,0.0248327793911,1.42252109352,0.00231472668869,0.132623833124,0.0820333022475,4.68966117649,0.487846395677,26.0052673592,563.552722502,112.671744637,148.236168551,142.950405776,0,1.36684943121,-3.24770986571,-28.3693383476,273.369886242,1.36684943121,0,3
west,west_0129,64500,0.360864911303,69436.04029,3179655.69058,native,0,0.000758525908219,-7.35291610717,topo-bathy.tt3,30,30,30,3,gmrt_shore_blend,blend to GMRT,54,unknown,mixed_blend,2,61.8444444444,false,unknown,61.8444444444,2.18736512292,4.90665238763,8.94253001237,51.3174426535,274.922532375,263.110710489,522.399947461,687.403740676,991.0963081,1223.24586284,0.0196018183917,1.12295765421,0.016143510499,0.924874678933,0.0847498252822,4.84423148335,0.223605089722,12.6042894457,259.289236972,165.003793215,303.692567424,232.14955474,-0.677033777386,-1.36684943121,0,-23.7633669646,0,0,0,0
west,west_0130,65000,0.363662313716,69626.9534674,3179682.38751,native,0,0.00145193760988,67.3929849633,topo-bathy.tt3,30,30,30,5,gmrt_core,GMRT core,54,unknown,high,1,127.495588401,false,unknown,127.495588401,12.0266695877,54.6094019422,174.560267836,453.54031706,1093.60832264,55.5974206894,87.1931708215,136.49416703,236.609679989,352.799085031,0.219176824451,12.3624236556,0.479803463575,25.631853052,0.557960098447,29.1597738212,0.64006800558,32.6220071975,31.5957501321,49.3009962086,100.115512958,116.189405042,8.11893821284,40.1336883907,113.229065882,216.875822535,105315.513384,216.875822535,900,4
west,west_0131,65500,0.366459716129,69648.0691956,3180164.88159,native,0,-0.000135916772643,75.8369810552,topo-bathy.tt3,30,30,30,3,gmrt_shore_blend,blend to GMRT,54,unknown,mixed_blend,2,174.922504182,false,unknown,174.922504182,9.20038912612,27.6391500566,76.2039111558,249.462128037,886.833130856,57.5417527779,107.169069404,193.865670217,383.140650108,585.732357579,0.110380775035,6.29885357171,0.194259044397,10.9933048518,0.346516433762,19.1120417358,0.637371002819,32.5122550737,49.6273166261,86.6966008134,189.27497989,202.591707471,1.42553016444,4.02198426887,2.50799706585,0,1851.8105158,4.02198426887,400,4
west,west_0132,66000,0.369257118542,69862.2168819,3180614.66934,native,0,-0.000319346576141,59.6055275258,topo-bathy.tt3,30,30,30,3,gmrt_shore_blend,blend to GMRT,54,unknown,mixed_blend,2,328.707731076,false,unknown,328.707731076,3.90773137483,14.4757135514,61.3312019539,236.664494525,914.878281608,122.428440361,203.053900569,293.083759996,455.323694231,634.314148073,0.0574769776365,3.28956894692,0.18742195361,10.6153353564,0.350666585141,19.3240636574,0.678213787083,34.1456614571,80.6254602076,90.0298594275,162.239934235,178.990453842,-3.86712758685,-9.14145223633,-12.364712136,-24.2823047931,0,0,0,0
west,west_0133,66500,0.372054520956,70146.7292704,3181015.01501,native,0,-4.8400338398e-05,57.5397700404,topo-bathy.tt3,30,30,30,3,gmrt_shore_blend,blend to GMRT,54,unknown,mixed_blend,2,276.576763617,false,unknown,276.576763617,7.77485896168,23.6171657878,73.6959140899,260.946799318,952.974506078,67.5473665803,123.795951614,219.131741838,402.692399088,587.749436774,0.094370500903,5.39106534211,0.200314993209,11.3272850583,0.374501770456,20.5310140963,0.69202770676,34.6843077248,56.2485850335,95.3357902244,183.56065725,185.057037686,3.20926171275,9.14145223633,8.93755907308,0,5420.56972813,9.14145223633,400,4
west,west_0134,67000,0.374851923369,70390.5110654,3181445.1967,native,0,-2.93765542295e-05,56.8323924086,topo-bathy.tt3,30,30,30,3,gmrt_shore_blend,blend to GMRT,54,unknown,mixed_blend,2,291.719661006,false,unknown,291.719661006,3.78282213663,12.4873627414,64.7583550169,296.375660502,963.426734051,132.610998515,220.166482203,306.561800646,447.52397526,597.688199103,0.0501876757436,2.87313133808,0.209083969102,11.8095019803,0.463234610971,24.8552049068,0.667051073549,33.7053128229,87.5554836877,86.3953184433,140.962174613,150.164223843,-0.782775112291,-1.98835081001,0,0,0,0,0,0
west,west_0135,67500,0.377649325782,70679.2648441,3181829.81969,native,0,0.000156555023628,55.8566174664,topo-bathy.tt3,30,30,30,3,gmrt_shore_blend,blend to GMRT,54,unknown,mixed_blend,2,235.496628374,false,unknown,235.496628374,4.56559724893,6.67393664889,55.9119907598,361.246364347,972.981021764,127.150050847,309.199610297,384.049867699,484.770627951,587.12453099,0.0259478798122,1.48637047307,0.196952216444,11.1419257011,0.610668747175,31.4111081173,0.611734657416,31.4555705537,182.04955945,74.8502574021,100.720760251,102.353903039,-3.20926171275,-16.9432291389,-17.7839233301,23.6727512789,5918.18781972,23.6727512789,0,4
west,west_0136,68000,0.380446728195,70911.4983242,3182213.43804,native,0,0.000146376181516,65.802334524,topo-bathy.tt3,30,30,30,3,gmrt_shore_blend,blend to GMRT,54,unknown,mixed_blend,2,276.576763617,false,unknown,276.576763617,11.5387459256,46.8638675514,154.276184309,391.870506076,991.978226926,51.6897155902,88.6312675022,146.190089329,259.406362795,385.664623072,0.18746050831,10.6174694,0.429649267029,23.2507429766,0.475188643534,25.4165362124,0.60010772085,30.968294515,36.9415519119,57.558821827,113.216273465,126.258260277,5.40729074098,19.9736854493,38.6693527522,54.2968930072,32475.5144293,54.2968930072,900,4
west,west_0137,68500,0.383244130608,71061.4054668,3182680.2138,native,0,-7.10858470207e-05,64.2433548885,topo-bathy.tt3,30,30,30,3,gmrt_shore_blend,blend to GMRT,54,unknown,mixed_blend,2,241.510276089,false,unknown,241.510276089,12.7486099206,45.8396625063,137.591037734,337.573613069,887.744571074,45.6738131764,81.1324719644,138.461554656,263.775282879,399.154043218,0.182980462231,10.3692960196,0.367005500912,20.1534145753,0.399965150669,21.7996881557,0.550170958006,28.8183134858,35.458658788,57.3290826919,125.313728223,135.378760338,2.12822481659,9.63569879288,21.9842061778,0,10330.8339365,21.9842061778,400,4
west,west_0138,69000,0.386041533022,71333.0560766,3183087.15874,native,0,-4.5785734831e-05,61.7294155066,topo-bathy.tt3,30,30,30,3,gmrt_shore_blend,blend to GMRT,54,unknown,mixed_blend,2,218.653130227,false,unknown,218.653130227,6.1314551846,26.8901821022,115.606831556,324.744954274,891.245948186,83.8543189464,141.234072402,213.569466862,329.444162747,461.925707136,0.108060172894,6.16746032401,0.354866597817,19.5380741083,0.418276245435,22.6983997724,0.566500993912,29.5315966231,57.3797534557,72.3353944602,115.874695884,132.481544389,-4.48892991939,-9.31378161125,0,0,0,0,0,0
west,west_0139,69500,0.388838935435,71521.9221488,3183536.53901,native,0,-0.000123148365576,61.6200255208,topo-bathy.tt3,30,30,30,3,gmrt_shore_blend,blend to GMRT,54,unknown,mixed_blend,2,262.383756272,false,unknown,262.383756272,10.620385104,36.2039637134,98.8372339897,246.609036684,866.708281096,51.2574040086,94.6197315801,164.891990485,305.39329414,504.448279901,0.144634736722,8.22988907363,0.250533081105,14.0649864932,0.295543605388,16.4647077816,0.620099244412,31.8030200428,43.3623275715,70.2722589053,140.501303655,199.05498576,0,3.48916794994,0,-78.1359175899,697.833589987,3.48916794994,0,3
west,west_0140,70000,0.391636337848,71798.6141943,3183948.91023,native,0,-8.02400570654e-05,54.6735339052,topo-bathy.tt3,30,30,30,3,gmrt_shore_blend,blend to GMRT,54,unknown,mixed_blend,2,222.983315547,false,unknown,222.983315547,10.1690757551,32.7147957635,85.2550491268,243.122588633,931.658148877,51.8070046056,98.4236510597,173.261795781,336.37778897,562.01701841,0.130704778477,7.44661828232,0.210161013453,11.8686145701,0.315735079012,17.5227343565,0.688535560244,34.5487934521,46.6166464541,74.8381447208,163.11599319,225.63922944,-0.45130934885,0,-13.582184863,-81.6223656412,0,0,0,0
west,west_0141,70500,0.394433740261,72095.3564788,3184345.63663,native,0,0.00020575460302,57.0226089031,topo-bathy.tt3,30,30,30,3,gmrt_shore_blend,blend to GMRT,54,unknown,mixed_blend,2,293.353957608,false,unknown,293.353957608,11.7904703491,29.3312107562,89.0099875506,336.543554532,1142.5281591,39.6031551041,83.7279937019,176.407108631,364.657081888,530.209410512,0.116961496121,6.67109012548,0.238715107178,13.4261035799,0.495067133963,26.3384994118,0.805984604564,38.8682795807,44.1248385978,92.679114929,188.249973257,165.552328624,0,-6.8727529572,-9.82724643909,0,0,0,0,0
west,west_0142,71000,0.397231142674,72330.5365351,3184768.70683,native,0,0.00022817126668,66.4624042736,topo-bathy.tt3,30,30,30,3,gmrt_shore_blend,blend to GMRT,54,unknown,mixed_blend,2,254.991176802,false,unknown,254.991176802,14.6709345532,59.6006753606,167.227150627,484.540420822,1260.51370289,40.4539316319,72.5006118261,123.201778531,223.295390526,353.581867187,0.238373346932,13.4075764179,0.430505901066,23.2921631387,0.63462654039,32.4002958372,0.775973282069,37.8105073789,32.0466801941,50.7011667052,100.093611995,130.286476661,0,0,0,0,0,0,0,0
west,west_0143,71500,0.400028545088,72485.4702172,3185241.2293,native,0,0.000171309700621,70.09585949,topo-bathy.tt3,30,30,30,3,gmrt_shore_blend,blend to GMRT,54,unknown,mixed_blend,2,328.707731076,false,unknown,328.707731076,24.467805,80.3080297254,212.878127528,573.416191336,1091.59133034,22.293588155,44.8002738282,83.2197052705,176.754943829,288.004295991,0.321042755153,17.7988510271,0.530280391212,27.9361304046,0.721076127616,35.7944734726,0.518175139,27.3920678678,22.5066856732,38.4194314422,93.5352385581,111.249352162,0,0,0,0,0,0,0,0
west,west_0144,72000,0.402825947501,72669.7096928,3185705.45083,native,0,0.000402651549763,76.2777271088,topo-bathy.tt3,30,30,30,3,gmrt_shore_blend,blend to GMRT,54,unknown,mixed_blend,2,195.569305072,false,unknown,195.569305072,30.8404611412,97.6751660085,308.401276214,714.460138768,1039.73659868,18.2724111674,35.4844788599,67.3947389436,149.906743109,253.771280873,0.391932757114,21.4018397909,0.842904440824,40.1276879427,0.812117725107,39.0806632391,0.325276459915,18.0184871674,17.2120676925,31.9102600837,82.5120041654,103.864537764,0.66956062407,0,9.05653972118,48.3577608057,15535.8596437,48.3577608057,500,4
west,west_0145,72500,0.405623349914,72719.7669882,3186200.73212,native,0,0.000529897627145,93.1660939058,topo-bathy.tt3,30,30,30,3,gmrt_shore_blend,blend to GMRT,54,unknown,mixed_blend,2,154.611111111,false,unknown,154.611111111,30.1709005171,114.768926962,372.678039656,777.020230709,1001.4408011,19.0711593032,37.3724806723,69.5864606874,145.154060738,228.356762585,0.459917000036,24.6985050895,1.03163645078,45.8921323582,0.808684382104,38.9619270702,0.224420570394,12.6487804101,18.3013213692,32.2139800151,75.5676000505,83.2027018467,0,17.0937609537,73.3333031631,110.917852746,58648.2040634,110.917852746,750,4
west,west_0146,73000,0.408420752327,72615.3868415,3186687.51312,native,0,0.000198150891477,106.638624718,topo-bathy.tt3,30,30,30,3,gmrt_shore_blend,blend to GMRT,54,unknown,mixed_blend,2,188.092534687,false,unknown,188.092534687,33.0306760773,109.189929881,299.344736493,666.102377962,980.314890704,16.4700821278,32.8992056453,63.4509003487,140.046337383,234.474285407,0.436809580505,23.5961664306,0.760619226448,37.2573165371,0.733515282938,36.2606163761,0.314212512741,17.4433712401,16.4291235175,30.5516947034,76.5954370348,94.4279480235,2.8597755602,11.5147638727,0,0,2517.43594156,11.5147638727,150,4
west,west_0147,73500,0.41121815474,72435.0727729,3187153.37373,native,0,-0.000294823102732,104.519303694,topo-bathy.tt3,30,30,30,3,gmrt_shore_blend,blend to GMRT,54,unknown,mixed_blend,2,218.653130227,false,unknown,218.653130227,24.8645604874,84.6670875926,225.747623803,517.985116834,908.189062091,21.3965913197,43.8463771979,81.9751384288,171.799334677,278.071190889,0.337730083463,18.6613726873,0.56432214484,29.4369995345,0.584474986062,30.3052176345,0.390203945257,21.3159254421,22.4497858782,38.1287612309,89.8241962482,106.271856212,0,0,0,0,0,0,0,0
west,west_0148,74000,0.414015557154,72366.7806208,3187647.46772,native,0,-0.000562783137648,89.7465052287,topo-bathy.tt3,30,30,30,3,gmrt_shore_blend,blend to GMRT,54,unknown,mixed_blend,2,216.455555556,false,unknown,216.455555556,17.8590464204,67.6500655347,176.510079215,459.753395589,912.676474267,30.2561034648,59.594833991,108.57920466,206.809887636,332.895592011,0.269809233516,15.099387184,0.435440054722,23.5302382476,0.566486632747,29.5309736958,0.452923078679,24.3668694265,29.3387305262,48.9843706688,98.2306829759,126.085704375,0,0,0,-0.748894912942,0,0,0,0
west,west_0149,74500,0.416812959567,72439.4405012,3188140.57661,native,0,-0.000352800649738,72.2742051258,topo-bathy.tt3,30,30,30,3,gmrt_shore_blend,blend to GMRT,54,unknown,mixed_blend,2,247.377777778,false,unknown,247.377777778,17.2864834946,62.7819173498,164.872561575,439.162028336,939.686317263,32.119494585,62.4165492782,110.649843813,211.738566973,346.697525637,0.249757485493,14.0231650205,0.408362576899,22.2132667573,0.548578933523,28.7482448243,0.500524288927,26.5890777711,30.2970546933,48.2332945348,101.08872316,134.958958664,0,0,0,-20.5913672525,0,0,0,0
west,west_0150,75000,0.41961036198,72664.1950222,3188577.9437,native,0,-0.000249334896078,69.5325169892,topo-bathy.tt3,30,30,30,3,gmrt_shore_blend,blend to GMRT,54,unknown,mixed_blend,2,216.455555556,false,unknown,216.455555556,14.5087793937,48.8772330161,149.984599544,460.502290502,860.035992405,38.4916790604,71.6883079641,127.702206036,253.72144001,399.673108708,0.19619282082,11.1000342557,0.404429466113,22.019859002,0.621035381915,31.8417440204,0.399533701903,21.7783739622,33.1966289037,56.0138980716,126.019233974,145.951668698,-2.77770410095,-13.9046843337,-14.8879620303,0.748894912942,187.223728235,0.748894912942,0,2
west,west_0151,75500,0.422407764393,72779.2549907,3189051.02659,native,0,-0.000161679663783,57.9883678952,topo-bathy.tt3,30,30,30,3,gmrt_shore_blend,blend to GMRT,54,unknown,mixed_blend,2,328.707731076,false,unknown,328.707731076,9.20221722849,40.678277027,141.219995322,404.122765946,823.614812398,60.6226323298,105.244673151,165.419826838,278.156709486,409.052673195,0.16066621857,9.12749176094,0.40216687318,21.9083576299,0.525805541249,27.7356423808,0.419492046452,22.757661705,44.6220408213,60.1751536871,112.736882648,130.895963708,-8.08426626613,-22.1036403228,-23.6525662527,-35.0392623899,0,0,0,0
west,west_0152,76000,0.425205166806,73146.6047579,3189349.612,native,0,0.000498601505583,60.2689546214,topo-bathy.tt3,30,30,30,3,gmrt_shore_blend,blend to GMRT,54,unknown,mixed_blend,2,247.377777778,false,unknown,247.377777778,26.9766902797,90.3893215646,221.279022888,479.847170243,811.470418792,23.4064896392,45.1633684237,78.0125608927,158.514957293,270.733413233,0.363073690216,19.9546276823,0.523558805294,27.6347019339,0.51713629471,27.345125501,0.331623248548,18.3467210528,21.7568787845,32.849192469,80.5023964004,112.21845594,2.6270541123,14.9345898627,71.2944233438,75.7244042969,48850.4568591,75.7244042969,900,4
west,west_0153,76500,0.42800256922,73230.913928,3189841.87301,native,0,0.000750203499529,86.556129824,topo-bathy.tt3,30,30,30,3,gmrt_shore_blend,blend to GMRT,54,unknown,mixed_blend,2,185.533333333,false,unknown,185.533333333,29.2201620972,86.3777956405,191.283561714,384.963800624,730.547159443,19.2937629756,38.3481928696,71.4769586775,155.85638732,286.45862483,0.345762392473,19.0734608282,0.419623064293,22.7640448573,0.38736047782,21.1743987857,0.345583358819,19.0642978386,19.054429894,33.128765808,84.3794286427,130.602237509,4.87052592977,10.9230639386,42.8048974942,0,18601.7387928,42.8048974942,400,4
west,west_0154,77000,0.430799971633,73205.9216873,3190335.28093,native,0,0.000358565372356,103.25244892,topo-bathy.tt3,30,30,30,3,gmrt_shore_blend,blend to GMRT,54,unknown,mixed_blend,2,247.377777778,false,unknown,247.377777778,24.3496361674,75.4547317019,148.47866422,281.414834338,583.899124371,23.3439083233,46.1407000997,83.8940295087,173.77981426,331.119907076,0.302298921144,16.8200102839,0.292095730071,16.2828582685,0.265872340236,14.8889187434,0.302484290033,16.8297413258,22.7967917764,37.753329409,89.885784751,157.340092816,0,0,0,0,0,0,0,0
west,west_0155,77500,0.433597374046,73007.1963057,3190791.78579,native,0,-0.000170965814929,107.10041234,topo-bathy.tt3,30,30,30,3,gmrt_shore_blend,blend to GMRT,54,unknown,mixed_blend,2,293.353957608,false,unknown,293.353957608,11.747397972,41.1368946878,101.514890349,198.689947734,447.158201954,47.2753854052,86.4835375458,151.52901719,281.733744798,493.247935234,0.164219423142,9.32584121935,0.241511982645,13.5776172176,0.194350114771,10.9983329671,0.24846825422,13.9536136801,39.2081521407,65.0454796439,130.204727608,211.514190436,-1.33404358699,0,0,0,0,0,0,0
west,west_0156,78000,0.436394776459,72916.6265603,3191275.62536,native,0,-0.000346819251248,93.4568292839,topo-bathy.tt3,30,30,30,3,gmrt_shore_blend,blend to GMRT,54,unknown,mixed_blend,2,280.012631549,false,unknown,280.012631549,10.6268117085,35.0995802979,86.9750956766,182.730166702,443.794420365,50.6477603153,94.5022930784,165.023378729,327.885032268,556.870768174,0.140390104788,7.99153091184,0.207502061515,11.7226342104,0.191510142051,10.8414539624,0.261064253662,14.6313175681,43.8545327631,70.5210856504,162.86165354,228.985735906,-2.45462985048,-6.03731438988,-7.04389364826,0,0,0,0,0
west,west_0157,78500,0.439192178872,72947.8326041,3191774.52497,native,0,-0.000129672900936,87.2291329892,topo-bathy.tt3,30,30,30,3,gmrt_shore_blend,blend to GMRT,54,unknown,mixed_blend,2,247.377777778,false,unknown,247.377777778,13.081441559,39.7439420484,94.0189893249,182.728446626,427.768719865,42.4648192302,78.562323526,141.819655457,301.946385696,527.983331539,0.159138944835,9.04216708917,0.217100189106,12.248845784,0.177418914602,10.0606653414,0.245040273239,13.768477488,36.0975042959,63.2573319314,160.126730238,226.036945843,0,-1.39295263942,0,0,0,0,0,0
west,west_0158,79000,0.441989581286,72964.9450665,3192273.97277,native,0,4.19576019511e-06,86.027119343,topo-bathy.tt3,30,30,30,3,gmrt_shore_blend,blend to GMRT,54,unknown,mixed_blend,2,278.3,false,unknown,278.3,13.9960956481,42.901149393,93.8996493831,180.165931427,394.453521087,36.7850912336,72.4145676846,135.737532529,284.16802535,528.898586544,0.17112289237,9.71056357241,0.20399399996,11.5298003465,0.172532564088,9.78901552511,0.21428758966,12.0948598107,35.629476451,63.3229648442,148.430492821,244.730561194,0,0,-0.119339941799,0,0,0,0,1
west,west_0159,79500,0.444786983699,73016.9941044,3192770.35383,native,0,4.4242934045e-05,87.4695323402,topo-bathy.tt3,30,30,30,3,gmrt_shore_blend,blend to GMRT,54,unknown,mixed_blend,2,247.377777778,false,unknown,247.377777778,16.2479374303,47.7565021935,99.4219097119,179.336927691,365.888808097,34.0718548602,64.8264590668,117.985858552,261.023881041,503.05765855,0.191273423729,10.828370268,0.206661630074,11.6764610757,0.159830035958,9.08078152259,0.186551880407,10.5671679664,30.7546042066,53.1593994849,143.038022489,242.033777509,0,0,4.50364311747,0,1688.86616905,4.50364311747,0,4
west,west_0160,80000,0.447584386112,73008.9722725,3193270.20472,native,0,3.77529747082e-06,88.5620527371,topo-bathy.tt3,30,30,30,3,gmrt_shore_blend,blend to GMRT,54,unknown,mixed_blend,2,247.377777778,false,unknown,247.377777778,18.5360024151,50.3076947523,94.9182665944,169.748495076,333.874485029,27.9847832266,55.55515782,107.204991172,248.513982452,531.673130675,0.201229046579,11.3776271942,0.178442287369,10.1175009034,0.149660456964,8.51173837152,0.164125989952,9.3206283916,27.5703745933,51.6498333519,141.30899128,283.159148223,0.27521306337,0.698180538614,0,-1.04983978831,160.277087476,0.698180538614,150,3
west,west_0161,80500,0.450381788525,73042.0442776,3193768.28184,native,0,6.73062914324e-06,87.6858409517,topo-bathy.tt3,30,30,30,3,gmrt_shore_blend,blend to GMRT,54,unknown,mixed_blend,2,247.377777778,false,unknown,247.377777778,18.2607893517,51.6304119316,95.9992347835,170.798334865,323.380371439,28.9584573629,56.9877709835,108.166080203,242.20797183,524.154761894,0.206658693734,11.6762997268,0.177475291407,10.0637968898,0.149598200162,8.50824943316,0.152582036574,8.67539491881,28.0293136206,51.1783092196,134.041891626,281.946790065,0,2.02089771799,1.08096818907,0.0635739705118,825.436107129,2.02089771799,750,4
west,west_0162,81000,0.453179190938,73049.2552312,3194267.01967,native,0,0.000132588203366,88.9476893805,topo-bathy.tt3,30,30,30,3,gmrt_shore_blend,blend to GMRT,54,unknown,mixed_blend,2,276.576763617,false,unknown,276.576763617,18.4446298667,49.6095142137,93.9316807523,170.734760894,314.564452251,29.2188374503,57.4646534389,107.880863641,251.951087237,538.633876831,0.198223794762,11.2120442638,0.177288666154,10.0534302309,0.153606160284,8.73272909343,0.143829691356,8.18470336922,28.2458159886,50.4162102025,144.070223596,286.682789593,0.18384051497,0,0,0.80721194015,215.59102366,0.80721194015,0,3
west,west_0163,81500,0.455976593352,73060.3791322,3194766.45827,native,0,0.000132740188623,95.2825854178,topo-bathy.tt3,30,30,30,3,gmrt_shore_blend,blend to GMRT,54,unknown,mixed_blend,2,154.611111111,false,unknown,154.611111111,10.1186228868,33.7571434,87.4657831604,169.927548954,305.398958211,52.9997044403,98.9107791561,171.782131503,321.834799493,559.796202851,0.135498515046,7.71649748207,0.214834559042,12.1248196044,0.164923531587,9.36511984679,0.135471409257,7.71497242885,45.9110747158,72.8713523471,150.05266799,237.961403358,0,0,0,0,0,0,0,0
west,west_0164,82000,0.458773995765,72958.0148499,3195253.822,native,0,-9.39464372369e-05,96.5531419603,topo-bathy.tt3,30,30,30,3,gmrt_shore_blend,blend to GMRT,54,unknown,mixed_blend,2,131.191878136,false,unknown,131.191878136,7.04897786754,21.2148614448,62.7288950286,145.154471291,281.511119353,70.7333391112,137.998023453,239.249196593,427.11564008,705.89614926,0.0845325066385,4.83186861149,0.166056134335,9.42828334659,0.164851152524,9.36108259606,0.136356648063,7.76477292743,67.2646843419,101.25117314,187.866443487,278.78050918,-1.2701640543,-3.83034187914,0,0,0,0,0,0
west,west_0165,82500,0.461571398178,72947.0853602,3195752.69135,native,0,1.98338713698e-05,89.8998510638,topo-bathy.tt3,30,30,30,3,gmrt_shore_blend,blend to GMRT,54,unknown,mixed_blend,2,322.837477937,false,unknown,322.837477937,8.31914192184,25.0452033239,58.4249562914,135.991042675,276.925520529,60.5633003562,118.439957307,210.615804169,446.474584035,759.86109768,0.0998659516307,5.70298867443,0.13351901187,7.60509588371,0.155132172767,8.81812810833,0.140934477854,8.0221160367,57.8766569506,92.1758468622,235.858779866,313.386513645,0.609534884419,1.29954689598,0,0,305.624495528,1.29954689598,150,3
west,west_0166,83000,0.464368800591,72959.7529172,3196248.17924,native,0,0.000205270949165,97.6895390812,topo-bathy.tt3,30,30,30,3,gmrt_shore_blend,blend to GMRT,54,unknown,mixed_blend,2,188.092534687,false,unknown,188.092534687,7.70960703742,23.7456564279,53.907677657,122.234558291,258.596885082,68.2515970335,123.558093149,218.351608648,470.169872259,829.533128469,0.0951799018464,5.43702774778,0.120648084916,6.87937601399,0.136653761269,7.78148485551,0.13636232679,7.76509235516,55.3064961156,94.7935154987,251.818263611,359.36325621,0.660629169878,2.53079498316,0,0,555.706184373,2.53079498316,150,3
west,west_0167,83500,0.467166203004,72815.5735077,3196726.71329,native,0,-8.77307638211e-05,101.661010108,topo-bathy.tt3,30,30,30,3,gmrt_shore_blend,blend to GMRT,54,unknown,mixed_blend,2,166.52126287,false,unknown,166.52126287,4.79486815182,14.0958628706,29.0364967364,81.576747474,213.038003848,103.192347855,181.740936496,352.221897928,728.223510966,1162.41609392,0.0563476091339,3.22506981824,0.0597625354632,3.42007325937,0.105080501475,5.99865500861,0.131461256374,7.4892290999,78.5485886418,170.480961432,376.001613038,434.192582952,-0.664690533249,0,0,0,0,0,0,0
west,west_0168,84000,0.469963605418,72759.6192135,3197217.91109,native,0,-0.000349376082666,92.6629365808,topo-bathy.tt3,30,30,30,3,gmrt_shore_blend,blend to GMRT,54,unknown,mixed_blend,2,278.3,false,unknown,278.3,4.44751764525,11.4097458353,15.2583663353,57.8457072845,204.71810044,111.587270106,218.178645054,619.979586578,936.073613314,1305.18798458,0.0456032801129,2.61106644239,0.0153944820003,0.881969178162,0.0851746818983,4.86839951502,0.146872393156,8.355430285,106.591374948,401.800941524,316.094026736,369.114371263,-1.01204103982,-0.457421314681,0,0,0,0,0,0
west,west_0169,84500,0.472761007831,72769.5046561,3197717.21751,native,0,-0.000613885023239,81.6432351081,topo-bathy.tt3,30,30,30,3,gmrt_shore_blend,blend to GMRT,54,unknown,mixed_blend,2,225.117175799,false,unknown,225.117175799,5.45955868507,11.8671671499,8.09059038671,48.1074083284,199.632749191,91.1479262315,193.185664506,756.264587757,1014.57375262,1335.01129717,0.0471982308003,2.70225403651,0.0151063070529,0.865461809222,0.0800336358834,4.57583619333,0.151525340862,8.6162188883,102.037738275,563.078923251,258.309164863,320.437544553,0.612269231661,0.457421314681,-7.16777594862,-9.73829895605,137.404455311,0.612269231661,150,2
west,west_0170,85000,0.475558410244,72902.416397,3198190.00699,native,0,-0.000761766089404,57.4899156429,topo-bathy.tt3,30,30,30,3,gmrt_shore_blend,blend to GMRT,54,unknown,mixed_blend,2,293.353957608,false,unknown,293.353957608,6.81618808438,10.7259457311,6.74302119411,45.2702972873,184.009707359,71.0072941935,184.641147131,761.064898054,1040.99314373,1403.61036669,0.0423060700933,2.42251467815,0.015931698148,0.912741845841,0.0770545521864,4.40619394573,0.138739410072,7.89876011028,113.633852938,576.423750923,279.928245676,362.61722296,1.35662939931,-0.683800104145,-8.51534514122,-12.5754099972,101.747204948,1.35662939931,0,2
west,west_0171,85500,0.478355812657,73278.6343998,3198516.08081,native,0,-0.000377048526181,37.9972532091,topo-bathy.tt3,30,30,30,3,gmrt_shore_blend,blend to GMRT,54,unknown,mixed_blend,2,334.474973321,false,unknown,334.474973321,4.84728945341,11.0975630466,26.6831336054,65.2314694008,177.868873537,103.744285981,225.16680191,404.887070773,828.207723159,1315.98046008,0.044596154415,2.55347952619,0.0623422822348,3.56733288611,0.0770966715908,4.40859295814,0.112637404136,6.42656089534,121.422515928,179.720268863,423.320652386,487.772736917,-1.96889863097,-0.76960410329,0,0,0,0,0,0
west,west_0172,86000,0.48115321507,73681.5825454,3198798.69815,native,0,0.000124671806849,35.8866264211,topo-bathy.tt3,30,30,30,3,gmrt_shore_blend,blend to GMRT,54,unknown,mixed_blend,2,241.510276089,false,unknown,241.510276089,9.25902599043,25.1178492313,57.6914458171,122.989823216,225.51152249,55.4782173768,107.196463165,201.928789362,447.207802859,787.185636835,0.10042552055,5.73473125931,0.130294386343,7.42349828227,0.130596754799,7.44053285739,0.102521699274,5.85360933666,51.718245788,94.7323261967,245.279013497,339.977833976,2.44283790605,13.4033993918,23.3804869364,12.6815013948,14801.9506712,23.3804869364,900,4
west,west_0173,86500,0.483950617484,74075.4650148,3199092.60658,native,0,-0.000222387894061,45.1404215658,topo-bathy.tt3,30,30,30,3,gmrt_shore_blend,blend to GMRT,54,unknown,mixed_blend,2,127.495588401,false,unknown,127.495588401,10.9450921217,28.3192322046,59.1834502947,137.372991746,337.258429194,48.9552949162,91.9028458337,177.782210257,427.488971688,784.303995358,0.113734256248,6.4886109608,0.12345687236,7.03794540426,0.156379082902,8.88787865296,0.199885437448,11.3036208439,42.9475509175,85.8793644237,249.70676143,356.81502367,1.77818328934,3.2013829733,1.49200447755,14.3831685291,4928.93415272,14.3831685291,900,4
west,west_0174,87000,0.486748019897,74371.0597547,3199491.56324,native,0,-0.00059889662841,23.1447386766,topo-bathy.tt3,30,30,30,3,gmrt_shore_blend,blend to GMRT,54,unknown,mixed_blend,2,180.305990259,false,unknown,180.305990259,3.9946864804,11.7144498395,34.3109588807,110.308321822,266.312206464,122.51427099,220.900506587,354.633153562,627.57567424,938.73287233,0.0460745965124,2.63801425943,0.0903860361648,5.16470432541,0.151994725882,8.64250721907,0.156003884642,8.86689332977,98.3862355968,133.732646975,272.942520678,311.157198089,-5.26433951003,-16.6047823651,-24.8724914139,-27.0646699239,0,0,0,0
west,west_0175,87500,0.48954542231,74852.6860181,3199424.83697,native,0,0.000640964046433,10.8261723932,topo-bathy.tt3,30,30,30,3,gmrt_shore_blend,blend to GMRT,54,unknown,mixed_blend,2,249.302925706,false,unknown,249.302925706,9.16690883241,31.7373611507,75.0630191763,169.225339121,286.89317596,59.5175029669,106.472148803,177.973930186,358.510790628,628.532956698,0.12686125561,7.22999362697,0.173302632102,9.83185621261,0.18832463989,10.6652921729,0.117667836839,6.71101104505,46.9546458361,71.5017813834,180.536860441,270.022166071,-1.77818328934,0,0,0,0,0,0,0
west,west_0176,88000,0.492342824723,75206.2663542,3199651.28285,native,0,0.00108591126579,59.8692733568,topo-bathy.tt3,30,30,30,3,gmrt_shore_blend,blend to GMRT,54,unknown,mixed_blend,2,262.383756272,false,unknown,262.383756272,15.1855787133,53.1755183533,134.039936162,313.926164577,541.432178677,39.1447054613,70.3906105622,122.848412522,239.266612587,391.419112394,0.213313272054,12.0414757463,0.323457671236,17.9241987312,0.359772456829,19.787334031,0.2275060141,12.8169752744,31.2459051009,52.4578019599,116.418200065,152.152499807,0.88019500643,0,0,22.6225954042,5721.66347652,22.6225954042,0,4
west,west_0177,88500,0.495140227136,75271.7399894,3200146.85031,native,0,0.000272808459925,73.044304849,topo-bathy.tt3,30,30,30,3,gmrt_shore_blend,blend to GMRT,54,unknown,mixed_blend,2,97.7846525361,false,unknown,97.7846525361,16.005127225,55.2494582974,139.659467585,291.303569173,540.92733347,35.8843222284,66.8076242196,117.403093262,232.213167014,383.965013305,0.220920071566,12.4576913508,0.337640037149,18.6567415121,0.303288203176,16.8719316141,0.249623764297,14.0159529969,30.9233019912,50.5954690423,114.810073752,151.751846291,1.69974351811,2.07393994408,5.6195314224,0,2649.59303607,5.6195314224,400,4
west,west_0178,89000,0.49793762955,75486.2165796,3200569.49764,native,0,0.000485401502488,75.500046726,topo-bathy.tt3,30,30,30,3,gmrt_shore_blend,blend to GMRT,54,unknown,mixed_blend,2,216.455555556,false,unknown,216.455555556,14.3053837069,59.8690121578,155.929522964,332.578270127,539.902828067,43.5773460821,74.9150395532,123.06987249,222.396385728,358.173020067,0.239119279775,13.4480104863,0.384242043224,21.0188743663,0.353297494326,19.4581868967,0.20732455794,11.7128834838,31.3376934711,48.1548329367,99.3265132381,135.776634339,0,6.69349380443,21.8895868014,41.274700954,19865.9690499,41.274700954,750,4
west,west_0179,89500,0.500735031963,75479.023492,3200948.35884,native,0,0.0003836048285,100.855762311,topo-bathy.tt3,30,30,30,3,gmrt_shore_blend,blend to GMRT,54,unknown,mixed_blend,2,216.455555556,false,unknown,216.455555556,9.98218664069,42.4978421881,116.751635976,284.639246524,508.089368519,57.6444231928,100.108857923,158.584967366,275.804947871,444.578099689,0.169786420894,9.63615143618,0.297015175151,16.5422185032,0.335775221097,18.5607753209,0.223450121994,12.5958329731,42.46443473,58.4761094434,117.219980504,168.773151818,-4.10312780965,-4.20701919992,0,0,0,0,0,1
west,west_0180,90000,0.503532434376,75327.0849763,3201399.30626,native,0,-0.000234060689781,97.4789843999,topo-bathy.tt3,30,30,30,3,gmrt_shore_blend,blend to GMRT,54,unknown,mixed_blend,2,127.495588401,false,unknown,127.495588401,10.4876869976,34.5426405724,95.490342025,230.396265774,506.206620416,52.358070776,95.7660942703,168.255731329,317.698151557,519.668485215,0.138088693821,7.86217767931,0.24379080581,13.7009238673,0.269811847498,15.0995267911,0.275810354642,15.4194078088,43.4080234943,72.4896370583,149.442420229,201.970333658,-2.9078556941,-7.95520161569,-7.06811315289,-3.77890642307,0,0,0,0
west,west_0181,90500,0.506329836789,75354.3050425,3201898.38208,native,0,-0.000268262497389,87.4450726365,topo-bathy.tt3,30,30,30,3,gmrt_shore_blend,blend to GMRT,54,unknown,mixed_blend,2,218.653130227,false,unknown,218.653130227,14.0853144503,46.704861388,102.558455178,234.175172197,505.50906327,40.0493522908,73.9450436463,131.462715407,264.153427851,489.272387881,0.186871177704,10.5848460739,0.22341437516,12.593882216,0.263233434039,14.7476105281,0.271333891072,15.1807845951,33.8956913556,57.5176717603,132.690712445,225.118960029,3.59762745277,4.26005140465,7.06811315289,3.77890642307,4717.10137799,7.06811315289,900,4
west,west_0182,91000,0.509127239202,75371.6496921,3202398.03426,native,0,-0.000393229960228,82.1086754979,topo-bathy.tt3,30,30,30,3,gmrt_shore_blend,blend to GMRT,54,unknown,mixed_blend,2,276.576763617,false,unknown,276.576763617,13.3955426917,42.4448099833,94.3150009878,222.633151334,503.661158027,41.8714021077,77.1661080154,138.504907053,288.075641885,526.112376098,0.169564281753,9.62377997202,0.207480764018,11.7214643206,0.256636300692,14.3935463385,0.281028006693,15.6968502311,35.2947059077,61.3387990373,149.570734832,238.036734213,0,0,-1.17534103725,-7.76311444025,0,0,0,0
west,west_0183,91500,0.511924641616,75489.8594272,3202876.35758,native,0,-0.000203784975711,64.9146555374,topo-bathy.tt3,30,30,30,3,gmrt_shore_blend,blend to GMRT,54,unknown,mixed_blend,2,218.653130227,false,unknown,218.653130227,6.78331529812,26.8187332643,86.0469407876,221.348239458,505.374969015,76.2840412092,131.227943797,208.355620496,355.67194236,555.871404028,0.10682269234,6.09736705259,0.236912830093,13.3283682019,0.27060259734,15.1417505774,0.284026729557,15.8559636087,54.9439025881,77.1276766987,147.316321864,200.199461668,-7.30199915222,-18.9427369696,-16.5115143903,-12.8269327396,0,0,0,0
west,west_0184,92000,0.514722044029,75780.9538482,3203272.3872,native,0,0.000391459410811,70.4326564614,topo-bathy.tt3,30,30,30,3,gmrt_shore_blend,blend to GMRT,54,unknown,mixed_blend,2,123.688888889,false,unknown,123.688888889,18.4737663905,53.4607353418,123.324973965,318.735519263,509.873665485,29.5530073019,57.1374353964,107.118890191,236.323612706,417.121190935,0.214592094555,12.111539643,0.279456954492,15.613390188,0.390821090596,21.3466064156,0.191138146223,10.8208928111,27.5844280945,49.9814547947,129.204722515,180.797578228,3.02059156355,7.69926510788,15.6691830907,73.6856893916,26063.7633957,73.6856893916,900,4
west,west_0185,92500,0.517519446442,75807.535239,3203770.10654,native,0,0.000384207437887,87.3436276275,topo-bathy.tt3,30,30,30,3,gmrt_shore_blend,blend to GMRT,54,unknown,mixed_blend,2,185.533333333,false,unknown,185.533333333,15.4531748269,45.7614702339,107.655790874,252.703389827,503.300592107,35.4278340451,67.5907720964,123.196415149,270.024750331,474.078046511,0.182886192138,10.3640696398,0.247577282561,13.9055230745,0.290095197907,16.1771901931,0.25059720228,14.0684433353,32.1629380513,55.6056430521,146.828335183,204.053296179,0,-0.203165365291,0,7.65355995653,1913.38998913,7.65355995653,0,4
west,west_0186,93000,0.520316848855,75827.1825495,3204268.78795,native,0,0.000251320959937,92.4461211099,topo-bathy.tt3,30,30,30,3,gmrt_shore_blend,blend to GMRT,54,unknown,mixed_blend,2,185.533333333,false,unknown,185.533333333,19.4380013377,53.0425882067,113.729922992,245.049829871,503.612379903,28.890099736,56.0564662019,102.439160629,236.415933448,444.623503064,0.21242071685,11.9925529118,0.242749339143,13.6445863023,0.262639813757,14.7157979742,0.258562550032,14.4970444028,27.1663664659,46.3826944275,133.976772818,208.207569616,3.98482651077,7.07795260755,6.0741321183,0,3992.25205418,7.07795260755,400,4
west,west_0187,93500,0.523114251268,75765.0408192,3204764.85347,native,0,0.000180699684496,101.743257935,topo-bathy.tt3,30,30,30,3,gmrt_shore_blend,blend to GMRT,54,unknown,mixed_blend,2,278.3,false,unknown,278.3,15.0085282344,45.9646355992,101.799244645,223.796325117,464.836218925,37.6207882306,69.9368634601,127.389631658,269.258672139,491.961041916,0.184262733009,10.440368376,0.223338436181,12.5897380163,0.243994160945,13.7119211037,0.241039893808,13.5520565129,32.3160752295,57.4527681981,141.869040481,222.702369777,0,0.203165365291,0,0,40.6330730583,0.203165365291,0,1
west,west_0188,94000,0.525911653682,75624.91949,3205241.77936,native,0,-4.95919571545e-05,102.799450391,topo-bathy.tt3,30,30,30,3,gmrt_shore_blend,blend to GMRT,54,unknown,mixed_blend,2,291.719661006,false,unknown,291.719661006,12.8016978295,41.4915638999,92.5307988933,199.293350485,414.031381255,44.3723516566,80.4654492241,141.936297868,293.787028716,536.540799573,0.16585348027,9.41698333752,0.204156939974,11.5387628615,0.213525103184,12.0530840442,0.21473803077,12.1195328371,36.0930975674,61.4708486441,151.850730847,242.753770857,-1.63123883766,0,0,0,0,0,0,0
west,west_0189,94500,0.528709056095,75544.6430588,3205734.98091,native,0,-0.000166363870663,98.9018480923,topo-bathy.tt3,30,30,30,3,gmrt_shore_blend,blend to GMRT,54,unknown,mixed_blend,2,154.611111111,false,unknown,154.611111111,13.3902905317,39.3346264806,90.260523606,191.747741312,398.051239281,40.1084118207,76.302419496,142.739115576,298.236514727,550.555679221,0.157402444581,8.94510435932,0.203703588502,11.5138248469,0.202974435413,11.4737062284,0.206303497969,11.6567806919,36.1940076753,66.4366960796,155.497399151,252.319164495,0,0,0,0,0,0,0,0
west,west_0190,95000,0.531506458508,75470.2905878,3206229.01054,native,0,-0.000235244116239,93.2675027384,topo-bathy.tt3,30,30,30,3,gmrt_shore_blend,blend to GMRT,54,unknown,mixed_blend,2,310.764487262,false,unknown,310.764487262,14.4329366672,37.7027778668,83.006404754,181.944100111,378.944411818,34.9445477689,69.6139970896,138.641765362,316.901630753,590.300109026,0.150666017398,8.5680822384,0.181214507549,10.2713617427,0.197875390713,11.1928356156,0.197000311707,11.1445784317,34.6694493207,69.0277682722,178.259865391,273.398478273,1.41783154679,0,0,-3.36499514103,106.337366009,1.41783154679,0,2
west,west_0191,95500,0.534303860921,75487.9346823,3206728.28612,native,0,-0.00016859030611,85.4233530765,topo-bathy.tt3,30,30,30,3,gmrt_shore_blend,blend to GMRT,54,unknown,mixed_blend,2,225.117175799,false,unknown,225.117175799,13.0151051204,35.4637164424,79.3895694857,183.907791447,375.065458501,39.9464853634,77.6679942263,149.802184319,343.952885757,599.51334441,0.141951746985,8.07925806769,0.175703412173,9.96534578987,0.209036443922,11.8068930159,0.191157667054,10.821971847,37.7215088629,72.1341900931,194.150701437,255.560458653,0,-2.23906142435,-3.61683526828,-1.40130380515,0,0,0,0
west,west_0192,96000,0.537101263334,75549.8338457,3207222.70658,native,0,6.73095162165e-05,83.6079897315,topo-bathy.tt3,30,30,30,3,gmrt_shore_blend,blend to GMRT,54,unknown,mixed_blend,2,235.496628374,false,unknown,235.496628374,1.4733241451,4.70102919592,51.7265975086,185.309095252,369.855908847,253.718841885,308.847037459,369.917273535,493.522969302,656.123274281,0.0189115557231,1.08342317828,0.188102273251,10.6529873914,0.267164995486,14.95807043,0.184546813595,10.4561097086,55.1281955745,61.070236076,123.605695766,162.600304979,-11.5417809753,-33.0017486709,-31.2798072454,1.40130380515,350.325951287,1.40130380515,0,2
west,west_0193,96500,0.539898665748,75598.9961814,3207719.66967,native,0,0.000393733658738,89.2799042768,topo-bathy.tt3,30,30,30,3,gmrt_shore_blend,blend to GMRT,54,unknown,mixed_blend,2,30.9222222222,false,unknown,30.9222222222,11.0873367942,38.4933732154,100.539907899,190.332641841,335.06787284,50.080356454,91.083216353,157.550625964,301.517824987,497.629251758,0.153653531187,8.73538066353,0.248186138734,13.9383885334,0.179585467883,10.1809664996,0.144735231,8.23552890872,41.002859899,66.4674096111,143.967199023,196.111426771,-1.92776832621,0,9.74777928085,6.4248503941,5261.62982884,9.74777928085,500,4
west,west_0194,97000,0.542696068161,75562.2404743,3208209.81149,native,0,0.000400508661448,106.167266629,topo-bathy.tt3,30,30,30,3,gmrt_shore_blend,blend to GMRT,54,unknown,mixed_blend,2,30.9222222222,false,unknown,30.9222222222,19.1336649377,53.247830039,116.452421872,180.223992832,268.167961337,24.4960542892,49.7720000933,104.211510252,236.325903985,434.854533706,0.21237421841,11.9900037471,0.252818367332,14.1881240902,0.127543141921,7.26844074358,0.0879439685047,5.02588786805,25.2759458041,54.4395101588,132.114393733,198.528629721,5.14377833291,14.3317138862,25.6602932539,0,12874.7361224,25.6602932539,400,4
west,west_0195,97500,0.545493470574,75334.6711601,3208631.42629,native,0,5.54822595503e-05,112.227360236,topo-bathy.tt3,30,30,30,3,gmrt_shore_blend,blend to GMRT,54,unknown,mixed_blend,2,30.9222222222,false,unknown,30.9222222222,17.0337541588,41.2726967362,90.7921286181,150.760755576,214.101225258,32.0517013223,62.4042792796,119.431724856,296.013547129,545.360236414,0.16422929174,9.32639179944,0.198077727528,11.2039914127,0.119937253916,6.83922933486,0.0633404696817,3.62429984461,30.3525779574,57.0274455761,176.581822273,249.346689285,3.043867554,2.35658058332,0,0,699.606183214,3.043867554,150,3
west,west_0196,98000,0.548290872987,75199.7222625,3209096.92409,native,0,-0.000194370797713,109.346165939,topo-bathy.tt3,30,30,30,3,gmrt_shore_blend,blend to GMRT,54,unknown,mixed_blend,2,241.510276089,false,unknown,241.510276089,13.9898866048,38.9161161528,82.2568950741,130.865578172,187.703184442,37.6063268479,72.7483741573,138.180606362,310.833539279,648.973792459,0.155926786843,8.86258085303,0.173363115685,9.83522058641,0.097217366195,5.55269540829,0.0568376062702,3.25305495692,35.1420473094,65.4322322045,172.652932917,338.140253179,0,0,0,0,0,0,0,0
west,west_0197,98500,0.5510882754,75010.1057174,3209555.85122,native,0,-0.000496004592829,101.090733867,topo-bathy.tt3,30,30,30,3,gmrt_shore_blend,blend to GMRT,54,unknown,mixed_blend,2,247.377777778,false,unknown,247.377777778,13.8578361878,38.0498436354,73.2372933083,108.470041018,169.631531554,38.0633174421,73.7071601908,138.880151283,320.321386136,858.826926867,0.151606851687,8.62078423807,0.140749798692,8.01174051427,0.0704654954204,4.03071295092,0.0611614905356,3.49993551904,35.6438427487,65.1729910918,181.441234853,538.505540732,0,0,0,0,0,0,0,0
west,west_0198,99000,0.553885677814,75013.2197671,3210048.3497,native,0,-0.000518536738811,80.9271961512,topo-bathy.tt3,30,30,30,3,gmrt_shore_blend,blend to GMRT,54,unknown,mixed_blend,2,225.117175799,false,unknown,225.117175799,12.7316481873,34.303782561,64.4115154839,103.845495597,182.345043044,40.605956174,79.2263445724,153.265545716,362.558529153,947.637787323,0.137217318167,7.81317996077,0.120430931691,6.86711224059,0.0788679602257,4.50946685694,0.0784995474473,4.48848824125,38.6203883984,74.0392011434,209.292983437,585.07925817,0,0,0,0,0,0,0,0
west,west_0199,99500,0.556683080227,75164.736371,3210524.18562,native,0,-0.000265546209426,71.3807672103,topo-bathy.tt3,30,30,30,3,gmrt_shore_blend,blend to GMRT,54,unknown,mixed_blend,2,235.496628374,false,unknown,235.496628374,9.92714477533,26.1256078274,54.6858539429,97.3503975242,178.714854411,50.14385358,100.713822669,196.879512954,452.547830661,1032.84867006,0.104708251772,5.97755879003,0.114240984462,6.51727195089,0.0853290871626,4.87718245162,0.0813644568866,4.65159325377,50.5699690889,96.1656902848,255.668317708,580.300839397,0,0,0,0,0,0,0,0
west,west_0200,100000,0.55948048264,75330.8186817,3210991.0289,native,0,-0.000606300615344,65.7125190854,topo-bathy.tt3,30,30,30,3,gmrt_shore_blend,blend to GMRT,54,unknown,mixed_blend,2,247.377777778,false,unknown,247.377777778,4.59374185177,12.7942048053,37.2332743412,83.832076195,167.509039147,109.276979242,208.878461334,328.167670853,619.184787182,1201.52556347,0.0511185109078,2.92632777261,0.0977562781433,5.58328210159,0.0931976037077,5.32444920915,0.0836769629524,4.78319387788,99.6014820911,119.289209519,291.017116329,582.34077629,-2.12379612531,-8.82195477731,-14.4389942839,-13.5183213292,0,0,0,0
west,west_0201,100500,0.562277885053,75570.8263881,3211424.09953,native,0,-0.000558817558914,36.6423008349,topo-bathy.tt3,30,30,30,3,gmrt_shore_blend,blend to GMRT,54,unknown,mixed_blend,2,154.611111111,false,unknown,154.611111111,4.7783730484,10.6232930832,27.7921175393,76.7921458189,162.106233728,105.443955249,233.867214664,414.092710772,718.40347555,1272.16561573,0.0420581543809,2.40833538388,0.0686752978244,3.92863626616,0.0980000565592,5.59711703535,0.0853140879095,4.8763292687,128.423259416,180.225496108,304.310764778,553.762140177,-1.93916492868,-10.1584948601,-12.5595811868,-7.03993037611,0,0,0,0
west,west_0202,101000,0.565075287466,76034.7772394,3211514.64148,native,0,0.000323724125947,33.6946314418,topo-bathy.tt3,30,30,30,3,gmrt_shore_blend,blend to GMRT,54,unknown,mixed_blend,2,349.845008363,false,unknown,349.845008363,6.71753797708,21.6161595826,51.6722686251,98.2534405051,186.478201438,77.4135144151,136.724211955,235.346878057,485.428058787,1020.679635,0.0873168218478,4.99022884135,0.12022443617,6.85544977667,0.0931623437601,5.32244635278,0.0882247609332,5.04185222389,59.3106975395,98.6226661026,250.08118073,535.251576214,1.93916492868,8.82195477731,14.4389942839,15.7820900632,11269.9736974,15.7820900632,900,4
west,west_0203,101500,0.56787268988,76311.229001,3211917.78647,native,0,7.74912376238e-05,55.1903269782,topo-bathy.tt3,30,30,30,3,gmrt_shore_blend,blend to GMRT,54,unknown,mixed_blend,2,315.34602903,false,unknown,315.34602903,7.28080449047,20.7817879433,40.3516987261,82.4713504419,179.813497817,69.9554527403,132.561271991,241.90932654,617.190065287,1198.66055507,0.0831629966667,4.75394928949,0.0782796431312,4.47596560281,0.0842393034316,4.81518808701,0.0973421473751,5.55977781992,62.6058192503,109.348054549,375.280738748,581.470489785,2.50243144207,7.52277751106,1.99467680885,0.562824985509,2580.94791006,7.52277751106,900,4
west,west_0204,102000,0.570670092293,76585.9261005,3212307.35516,native,0,-0.0005487762138,38.1345523069,topo-bathy.tt3,30,30,30,3,gmrt_shore_blend,blend to GMRT,54,unknown,mixed_blend,2,216.455555556,false,unknown,216.455555556,2.56683140274,8.14926678298,27.4014818156,73.3577271417,172.988451896,175.889289003,282.089550178,416.641588936,738.858399157,1285.32217653,0.032265559537,1.84803925256,0.0770088601305,4.40359142682,0.0919124906521,5.25144306707,0.0996307247541,5.68964394371,106.200261175,134.552038759,322.216810221,546.463777369,-4.13609382143,-5.62781496265,-10.9555401016,-9.11362330023,0,0,0,0
west,west_0205,102500,0.573467494706,77020.2087004,3212474.3883,native,0,-0.000191986779932,23.7477660303,topo-bathy.tt3,30,30,30,3,gmrt_shore_blend,blend to GMRT,54,unknown,mixed_blend,2,154.611111111,false,unknown,154.611111111,3.83109896273,13.2590104322,38.3570219172,81.9085254564,180.754196189,121.915026106,205.320684635,328.565037304,631.473984359,1191.07265127,0.0530473409988,3.03654259027,0.10039204594,5.73283244911,0.0871030070783,4.97807062763,0.0988456707325,5.64510231949,83.4056585296,123.244352669,302.908947055,559.598666913,-0.867469450611,0,1.84271713691,-0.388065160848,691.018926342,1.84271713691,0,4
west,west_0206,103000,0.576264897119,77415.5986303,3212672.3812,native,0,-0.000259579136109,27.1345200945,topo-bathy.tt3,30,30,30,3,gmrt_shore_blend,blend to GMRT,54,unknown,mixed_blend,2,30.9222222222,false,unknown,30.9222222222,6.70292522417,13.7770817456,36.5143047803,86.7921076177,201.739037518,85.5735594873,191.331780787,331.521252347,614.556426728,1136.8420123,0.0537702657214,3.07784530799,0.0909488921388,5.19669064995,0.100555605675,5.74211007406,0.1149469299,6.55719537806,105.7582213,140.18947156,283.035174382,522.28558557,2.00435681083,0.518071313387,0,4.49551700046,1377.8202736,4.49551700046,150,4
west,west_0207,103500,0.579062299532,77703.9159035,3212824.77891,native,0,-0.000443529167393,8.87497708162,topo-bathy.tt3,30,30,30,1,copernicus_a2_land_core,land/a2 core,30,false,high,1,30.9222222222,false,false,30.9222222222,4.69856841334,12.03531764,31.5067561951,82.2965906173,178.221163701,106.558184753,211.699549392,361.580148249,674.067578014,1205.21655763,0.0480270140299,2.74963241005,0.0778857542204,4.45353419314,0.101579668844,5.8001912865,0.0959245730834,5.47930823433,105.141364638,149.880598858,312.487429764,531.14897962,-1.24274274342,-1.74176410562,-6.85026572214,-4.49551700046,0,0,0,0
west,west_0208,104000,0.581859701946,78155.4450763,3212787.90705,native,0,0.000263477700761,1.72217071195,topo-bathy.tt3,30,30,30,3,gmrt_shore_blend,blend to GMRT,54,unknown,mixed_blend,2,195.569305072,false,unknown,195.569305072,5.94131115677,19.5253941043,55.706353852,103.526252111,200.901754441,85.5023280631,150.936723855,253.628198508,460.052124606,955.02344023,0.0781592547579,4.46910980284,0.144723838991,8.23488958637,0.0956397965177,5.46314006953,0.0973755023298,5.56167097333,65.4343957915,102.691474653,206.423926098,494.971315624,-0.761614067406,0,0,0,0,0,0,0
west,west_0209,104500,0.584657104359,78630.2550865,3212852.63079,native,0,0.000704657076481,23.971137331,topo-bathy.tt3,30,30,30,3,gmrt_shore_blend,blend to GMRT,54,unknown,mixed_blend,2,235.496628374,false,unknown,235.496628374,9.32112897841,32.4421456943,88.9876153371,175.244033769,322.750849159,57.9861248285,105.334119896,177.885085596,331.002272074,549.054201309,0.129722893789,7.39129842168,0.226181878571,12.7448208411,0.172512836863,9.78791790795,0.147506815391,8.39100919123,47.3479950671,72.5509657007,153.117186478,218.051929235,0,0,0,0,0,0,0,0
west,west_0210,105000,0.587454506772,78989.3626306,3213158.68782,native,0,0.000484337885173,42.0960471984,topo-bathy.tt3,30,30,30,1,copernicus_a2_land_core,land/a2 core,30,false,high,1,30.9222222222,false,false,30.9222222222,30.7311679694,57.4405742295,116.493939816,224.897890083,287.774588456,10.3221825728,23.0365925507,48.4654125064,211.398775953,434.92023928,0.225999279351,12.7348674628,0.236213462345,13.2904209893,0.216807900534,12.2328517086,0.0628766983726,3.59783311527,12.7144099778,25.4288199557,162.933363447,223.521463327,8.31497754856,24.9984285352,27.5063244787,49.6538563143,28351.6447813,49.6538563143,900,4
west,west_0211,105500,0.590251909185,79329.2127946,3213484.09995,native,0,0.00054620670696,51.7216540097,topo-bathy.tt3,30,30,30,1,copernicus_a2_land_core,land/a2 core,30,false,high,1,43.7306260454,false,false,43.7306260454,37.461244084,63.4321479683,119.151727147,217.248977731,272.935430941,6.07327962058,15.4586535562,34.2294014276,174.459304,422.207529523,0.24667060071,13.8565639776,0.222878316716,12.5646251644,0.196194501168,11.100126964,0.05568645321,3.1873068722,9.38537393567,18.7707478713,140.229902572,247.748225523,15.0450536632,30.990002274,30.1641118103,42.0049439626,29139.1573991,42.0049439626,900,4
west,west_0212,106000,0.593049311598,79577.3913974,3213903.84021,native,0,0.000669857340368,73.3913862489,topo-bathy.tt3,30,30,30,1,copernicus_a2_land_core,land/a2 core,30,false,high,1,30.9222222222,false,false,30.9222222222,22.4161904208,31.2728060741,52.7975768281,89.1764530289,177.989898399,15.4127182223,30.0477423431,78.4252451457,464.893820169,1264.23314459,0.126154009154,7.19010970108,0.0860990830162,4.920978199,0.0727577524017,4.16137945826,0.08881344537,5.07531912236,14.6350241209,48.3775028026,386.468575023,799.339324426,0,0,0,0,0,0,0,0
west,west_0213,106500,0.595846714012,79588.8242017,3214354.47115,native,0,0.000310418911464,90.1016524887,topo-bathy.tt3,30,30,30,3,gmrt_shore_blend,blend to GMRT,54,unknown,mixed_blend,2,92.7666666667,false,unknown,92.7666666667,15.8129991066,19.9788819131,34.5774463018,86.5765596024,212.806247096,24.2222713549,44.2990494332,250.565661575,664.071895155,1111.79511292,0.0840451676378,4.80414312282,0.058394257555,3.34194939441,0.103998226601,5.93731557843,0.126229687494,7.19437778395,20.0767780783,206.266612141,413.50623358,447.723217768,-2.89215750459,-9.5082057219,-12.5037897401,-0.347292077696,0,0,0,0
west,west_0214,107000,0.598644116425,79575.736376,3214836.68155,native,0,-0.000105322601755,91.1770797568,topo-bathy.tt3,30,30,30,3,gmrt_shore_blend,blend to GMRT,54,unknown,mixed_blend,2,61.8444444444,false,unknown,61.8444444444,18.7051566112,29.4870876349,47.0812360419,86.9238516801,220.220049322,22.1942399888,49.0308623775,116.993290239,554.50993188,1098.87469722,0.114488613817,6.53127689282,0.0703765936278,4.02564438905,0.0796852312764,4.55600058217,0.133296197642,7.59255280541,26.8366223886,67.9624278613,437.516641641,544.364765341,0.0162395921496,1.31920930143,0.379531289241,0,407.384063164,1.31920930143,400,4
west,west_0215,107500,0.601441518838,79569.1423237,3215312.37556,native,0,-6.69676810248e-05,84.0671119208,topo-bathy.tt3,30,30,30,3,gmrt_shore_blend,blend to GMRT,54,unknown,mixed_blend,2,61.8444444444,false,unknown,61.8444444444,17.7789667612,27.1218418923,43.3407416558,85.8928519559,222.938642155,20.7111954239,41.1396767229,136.72464335,604.204919605,1103.31765273,0.10876415185,6.20732678709,0.0648755990538,3.71189625448,0.0851042206002,4.86439143351,0.137045790199,7.80353353384,20.428481299,95.5849666275,467.480276255,499.112733127,0,0,0,-0.683707646499,0,0,0,0
west,west_0216,108000,0.604238921251,79673.8221593,3215780.53907,native,0,0.000177314814706,87.3401142703,topo-bathy.tt3,30,30,30,3,gmrt_shore_blend,blend to GMRT,54,unknown,mixed_blend,2,69.1441909042,false,unknown,69.1441909042,18.688917019,28.1678783335,46.7017047527,92.2432534466,210.357582403,26.9444009827,52.8030697973,120.753276727,548.01044666,1067.22553221,0.11363258885,6.48286017072,0.0741353056766,4.23988395076,0.0910830973879,5.20431686938,0.118114328956,6.73624248427,25.8586688147,67.9502069298,427.257169933,519.215085545,0.909950257814,1.04603644117,3.36096309685,6.35040149072,3125.41509157,6.35040149072,900,4
west,west_0217,108500,0.607036323664,79612.6820474,3216249.57748,native,0,7.323960871e-05,94.2265024486,topo-bathy.tt3,30,30,30,1,copernicus_a2_land_core,land/a2 core,30,false,high,1,30.9222222222,false,false,30.9222222222,13.8871282772,20.8387912537,36.6605971148,70.762427168,106.545497617,22.4262335672,45.6890381479,233.107432776,705.919975494,1770.7384676,0.0826359301429,4.72395672138,0.0632872234443,3.62126124061,0.0682036601064,3.90173939986,0.0357830704495,2.04934453377,23.2628045807,187.418394628,472.812542718,1064.81849211,0,0,-4.68599684438,-15.130424788,0,0,0,0
west,west_0218,109000,0.609833726078,79602.4418154,3216746.43738,native,0,0.000168261199782,91.5364347426,topo-bathy.tt3,30,30,30,3,gmrt_shore_blend,blend to GMRT,54,unknown,mixed_blend,2,61.8444444444,false,unknown,61.8444444444,4.64554605835,14.1700128662,37.3005200002,80.8611987165,114.430625509,107.065086901,194.866966434,317.686441277,631.101079403,1700.92535989,0.057116998804,3.26901116937,0.0925220285361,5.28607252454,0.0871213574325,4.979114107,0.0335694267929,1.92266447184,87.8018795331,122.819474843,313.414638126,1069.82428049,-5.85237388521,-3.0889186704,0,-6.15980923025,0,0,0,0
west,west_0219,109500,0.612631128491,79586.9549542,3217208.74645,native,0,0.000718425998871,103.867159052,topo-bathy.tt3,30,30,30,3,gmrt_shore_blend,blend to GMRT,54,unknown,mixed_blend,2,154.611111111,false,unknown,154.611111111,5.57486711762,15.0578445057,41.3465939591,90.5345720981,166.428314665,87.2924564937,181.799252373,302.105762391,589.980339399,1395.81396293,0.0656413312274,3.75558342504,0.105154997814,6.00287668595,0.0983759562779,5.61844884499,0.0758937425671,4.34007116651,94.5067958797,120.306510018,287.874577007,805.833623535,-3.54804094078,0,4.68599684438,9.67337338166,4175.59216206,9.67337338166,500,4
west,west_0220,110000,0.615428530904,79390.2002204,3217606.17879,native,0,0.000596720549693,132.69921237,topo-bathy.tt3,30,30,30,3,gmrt_shore_blend,blend to GMRT,54,unknown,mixed_blend,2,166.52126287,false,unknown,166.52126287,10.4979199436,17.2589315366,36.5407393866,87.0210079467,244.565244517,38.7783932748,93.6254532903,296.250710207,657.028278315,1099.98335172,0.0710469198165,4.06386016445,0.0771272313998,4.41033355618,0.10096053712,5.76507776425,0.157544236571,8.95303185696,54.8470600155,202.625256917,360.777568107,442.955073407,3.61548709848,3.0889186704,0,6.15980923025,2428.89757403,6.15980923025,150,4
west,west_0221,110500,0.618225933317,78989.1000989,3217856.65342,native,0,-0.000366245954231,138.056728098,topo-bathy.tt3,30,30,30,3,gmrt_shore_blend,blend to GMRT,54,unknown,mixed_blend,2,166.52126287,false,unknown,166.52126287,9.1229080584,11.8368259729,18.0017015476,47.7252339223,182.133709089,35.542815813,149.897971725,567.784585197,1022.67241737,1438.53198448,0.046040485157,2.63606395989,0.0246595022988,1.4125991234,0.0594470647495,3.40206210786,0.134408475166,7.65515991027,114.355155912,417.886613472,454.887832172,415.859567115,2.24047521332,-0.366739642242,0,-2.86322626042,168.035640999,2.24047521332,0,2
west,west_0222,111000,0.62102333573,78679.4857596,3218244.83594,native,0,-0.0007250908323,111.714864929,topo-bathy.tt3,30,30,30,3,gmrt_shore_blend,blend to GMRT,54,unknown,mixed_blend,2,174.922504182,false,unknown,174.922504182,6.88243284508,12.2035656151,14.0338474584,42.4746812595,208.446041644,61.4457849045,177.876556769,746.255493639,1064.24663423,1426.75500859,0.0505223955619,2.89226086541,0.00732112737334,0.419462205639,0.0568816676022,3.25557134974,0.165971360385,9.42355643341,116.430771865,568.37893687,317.99114059,362.508374364,0,0.366739642242,0,-8.11377892321,73.3479284484,0.366739642242,0,1
west,west_0223,111500,0.623820738144,78638.7833823,3218736.29608,native,0,-0.000122262845701,96.5120836436,topo-bathy.tt3,30,30,30,3,gmrt_shore_blend,blend to GMRT,54,unknown,mixed_blend,2,69.1441909042,false,unknown,69.1441909042,3.22063259796,7.87945351548,9.3085847841,50.5884601827,220.313999544,156.206460229,584.158878243,760.766943086,995.853184703,1332.89597319,0.0314168201781,1.7994593256,0.00571652507448,0.327529192541,0.0825597507973,4.71962154273,0.169725539361,9.63276088708,427.952418014,176.608064843,235.086241617,337.042788492,0,0,-4.72526267433,0,0,0,0,0
west,west_0224,112000,0.626618140557,78569.987528,3219204.09088,native,0,0.000319837769539,104.709719879,topo-bathy.tt3,30,30,30,3,gmrt_shore_blend,blend to GMRT,54,unknown,mixed_blend,2,30.9222222222,false,unknown,30.9222222222,2.07236930507,2.28995759539,8.85998818656,57.1111451776,196.288929162,399.683939015,522.587181651,677.302917599,949.152397307,1289.91015283,0.00880116942747,0.504256843233,0.0262801223647,1.50539359629,0.0965023139821,5.51210673203,0.139177783985,7.92340127658,122.903242636,154.715735949,271.849479708,340.757755526,-1.14826329289,-5.26093388071,-4.27566756442,6.5226849949,1630.67124872,6.5226849949,0,4
west,west_0225,112500,0.62941554297,78404.6200131,3219628.25725,native,0,0.000432222517228,114.837437967,topo-bathy.tt3,30,30,30,3,gmrt_shore_blend,blend to GMRT,54,unknown,mixed_blend,2,43.7306260454,false,unknown,43.7306260454,1.90367161152,5.69479934357,14.8316028227,59.2834691825,200.711242024,211.611511125,401.255022031,578.020977868,912.28220277,1337.51005221,0.0224524164806,1.28621260195,0.0365472139164,2.09306953855,0.0889037327198,5.08045168054,0.141427772841,8.04982741083,189.643510906,176.765955836,334.261224903,425.227849437,-1.21191562971,-1.72033959867,3.04437823704,8.6950089998,3315.39408884,8.6950089998,500,4
west,west_0226,113000,0.632212945383,78181.2378198,3220043.98061,native,0,4.01392353688e-05,129.474245927,topo-bathy.tt3,30,30,30,3,gmrt_shore_blend,blend to GMRT,54,unknown,mixed_blend,2,138.288381808,false,unknown,138.288381808,4.84886399422,7.5508914761,13.135655751,16.4208111722,155.356132102,107.667154042,377.222060643,1057.19042271,1308.72917985,1654.49549265,0.0338140492092,1.936664412,0.0223390570995,1.27972084391,0.00657031084235,0.376445664493,0.13893532093,7.90977269894,269.554906601,679.968362064,251.538757142,345.766312803,2.14227123544,0.851073119321,1.34843116535,0,836.54665353,2.14227123544,400,4
west,west_0227,113500,0.635010347796,77828.9171087,3220327.28066,native,0,-0.00111103977277,117.137246747,topo-bathy.tt3,30,30,30,3,gmrt_shore_blend,blend to GMRT,54,unknown,mixed_blend,2,111.491657774,false,unknown,111.491657774,3.11558724123,7.41513894224,11.7872245856,11.1932611984,129.338196469,163.80479773,371.131961693,1325.46695131,1537.70671657,1834.45500971,0.0293844921825,1.68312306672,0.0174883425735,1.00190608678,0.00118792677439,0.0680631585268,0.11814493527,6.73797196269,207.327163963,954.334989618,212.239765262,296.748293135,0,0,-1.34843116535,-5.22754997372,0,0,0,0
west,west_0228,114000,0.63780775021,77796.2915895,3220795.02715,native,0,-0.00126041142175,65.8163560758,topo-bathy.tt3,30,30,30,3,gmrt_shore_blend,blend to GMRT,54,unknown,mixed_blend,2,207.432572713,false,unknown,207.432572713,2.70659275878,6.69981835678,11.7026953731,15.4207295667,91.2638287199,186.081180336,396.954125902,1136.73582339,1529.5027088,nan,0.0266713051524,1.52779101898,0.0200115080654,1.14642193796,0.0074360683871,0.426047482086,0.0758430991532,4.33718611902,210.872945566,739.781697484,392.76688541,nan,-0.444188778622,-0.715320585461,-0.084529212491,-1.00008160547,0,0,0,0
west,west_0229,114500,0.640605152623,78181.5886328,3221112.6099,native,0,-0.000371532070219,44.9209918301,topo-bathy.tt3,30,30,30,3,gmrt_shore_blend,blend to GMRT,54,unknown,mixed_blend,2,262.383756272,false,unknown,262.383756272,3.1507815374,8.07206110969,13.4692998432,20.3982449375,76.2550684114,156.937321958,314.428446071,992.411333819,1458.81647133,nan,0.0322943708671,1.84968830187,0.0215889549341,1.23676388084,0.0138578901885,0.793947799816,0.055856823474,3.19703810051,157.491124113,677.982887748,466.405137515,nan,0,0.656922167452,1.6820752576,0,762.16265509,1.6820752576,250,4
west,west_0230,115000,0.643402555036,78499.827181,3221496.62513,native,0,0.000279683044313,44.5291364985,topo-bathy.tt3,30,30,30,3,gmrt_shore_blend,blend to GMRT,54,unknown,mixed_blend,2,222.983315547,false,unknown,222.983315547,3.65096164922,6.9751508216,8.89695892696,52.0812682414,130.742506478,146.354963438,552.784694998,727.642931464,984.558815677,1479.13212247,0.0278764509126,1.59678945094,0.00768723242143,0.440437298354,0.0863686186289,4.93630745932,0.0786612382364,4.49769558679,406.42973156,174.858236466,256.915884213,494.573306796,0,-1.09691028809,-4.57234091627,0,0,0,0,0
west,west_0231,115500,0.646199957449,78882.156864,3221801.75703,native,0,0.000856013719306,60.9456498707,topo-bathy.tt3,30,30,30,3,gmrt_shore_blend,blend to GMRT,54,unknown,mixed_blend,2,154.611111111,false,unknown,154.611111111,8.638386959,27.4913964599,67.1397590932,162.456322204,304.061172541,63.2548958365,111.889478175,194.796966617,392.298842018,684.877408016,0.110089589805,6.28237018975,0.158593450533,9.01168196645,0.190633126221,10.7929745632,0.141604850338,8.05977400487,48.6345823381,82.9074884425,197.501875401,292.578565997,4.98742530978,19.2838288179,38.7579053168,0,18765.0371556,38.7579053168,400,4
west,west_0232,116000,0.648997359862,78943.2396551,3222294.77592,native,0,0.000923361502866,93.5751098201,topo-bathy.tt3,30,30,30,3,gmrt_shore_blend,blend to GMRT,54,unknown,mixed_blend,2,123.688888889,false,unknown,123.688888889,5.8442760598,8.20756764203,28.3818537765,230.335475704,490.544774262,84.5993066551,349.54186548,456.722552236,575.341039792,703.173089225,0.032842889887,1.88108282525,0.0806971445377,4.6136084816,0.403907243855,21.994139246,0.260209298558,14.5854482256,264.942558825,107.180686756,118.618487556,127.832049433,2.19331441058,0,0,67.8791535006,17134.2869559,67.8791535006,0,4
west,west_0233,116500,0.651794762276,78822.7381243,3222752.78335,native,0,0.000161953609344,113.85036695,topo-bathy.tt3,30,30,30,3,gmrt_shore_blend,blend to GMRT,54,unknown,mixed_blend,2,278.3,false,unknown,278.3,1.04719787634,9.80016485953,51.3143807654,186.684389302,519.809489738,195.742569231,251.695465932,329.554439961,493.780643757,691.155364568,0.0391987386211,2.24477302726,0.166056863624,9.42832401044,0.270740017074,15.1490866833,0.333125100435,18.4242103726,55.9528967009,77.8589740283,164.226203796,197.374720812,-1.731748949,1.5925972175,22.932526989,24.2280670989,14975.2338391,24.2280670989,750,4
west,west_0234,117000,0.654592164689,78584.2633117,3223106.75032,native,0,-0.000505622374855,102.854368112,topo-bathy.tt3,30,30,30,3,gmrt_shore_blend,blend to GMRT,54,unknown,mixed_blend,2,127.495588401,false,unknown,127.495588401,2.69157671759,2.74426537704,15.7561793412,139.637359784,486.577373052,380.488994469,451.019611882,526.930296628,670.663602665,859.031610012,0.0109914292453,0.629737147554,0.0520476558566,2.97942257752,0.247762360885,13.9155144095,0.346940013268,19.1337065051,70.5306174126,75.9106847465,143.733306037,188.368007347,-0.087370107751,-1.98451996052,-10.2764269803,-19.5621797245,0,0,0,0
west,west_0235,117500,0.657389567102,78628.4912291,3223604.02462,native,0,-0.000515492874319,84.8803388431,topo-bathy.tt3,30,30,30,3,gmrt_shore_blend,blend to GMRT,54,unknown,mixed_blend,2,315.34602903,false,unknown,315.34602903,2.77894682534,4.02035649313,26.0326063215,159.199539508,506.231774488,293.201290278,383.018918708,463.570323746,612.625696111,795.211621213,0.0161208234734,0.923575146316,0.0880489993133,5.03185944986,0.266333866374,14.9136135802,0.34703223498,19.1384226045,89.8176284297,80.5514050388,149.055372365,182.585925102,0,-0.708428844428,0,0,0,0,0,0
west,west_0236,118000,0.660186969515,78673.2852153,3224100.37023,native,0,-0.000527803427496,73.3188020449,topo-bathy.tt3,30,30,30,3,gmrt_shore_blend,blend to GMRT,54,unknown,mixed_blend,2,247.377777778,false,unknown,247.377777778,3.47573111973,4.72878533756,25.0524489588,151.566698562,501.624164127,262.934015702,375.632983792,465.923847392,621.621781152,817.561907632,0.0188345562795,1.07901300601,0.0812946544849,4.64762015083,0.253028499207,14.1994398854,0.350057465564,19.2929793821,112.69896809,90.2908636,155.69793376,195.940126481,0.696784294386,0.708428844428,0,0,193.944590965,0.708428844428,150,4
west,west_0237,118500,0.662984371928,78908.9108096,3224539.82737,native,0,-0.000536963875288,54.639430035,topo-bathy.tt3,30,30,30,3,gmrt_shore_blend,blend to GMRT,54,unknown,mixed_blend,2,216.455555556,false,unknown,216.455555556,3.56650254181,12.3120357772,39.1600658992,170.649850313,481.574037478,132.268091738,216.992254874,348.522688688,555.880769088,756.288389335,0.0492485667299,2.81945703605,0.107392120488,6.12962284303,0.262979568827,14.7340068388,0.310924187165,17.2717330387,84.7241631364,131.530433814,207.3580804,200.407620247,0.0907714220778,7.58325043968,13.1274595777,11.4503108044,9308.83298733,13.1274595777,900,4
west,west_0238,119000,0.665781774342,79216.2097355,3224865.45376,native,0,0.000583037030532,42.5530382399,topo-bathy.tt3,30,30,30,3,gmrt_shore_blend,blend to GMRT,54,unknown,mixed_blend,2,92.7666666667,false,unknown,92.7666666667,-0.956974436614,-6.30750683203,-11.262826119,-30.0834530469,-137.868587232,nan,nan,nan,nan,nan,0.0255643478946,1.46441028105,0.0198212771479,1.13552683097,0.0376412538558,2.15566727012,0.107785134185,6.15188319832,nan,nan,nan,nan,-4.52347697842,-18.6195426093,-50.4228920182,-200.73330336,0,0,0,0
west,west_0239,119500,0.668579176755,79450.6356146,3225037.15002,native,0,0.000977509317904,88.0449911844,topo-bathy.tt3,30,30,30,5,gmrt_core,GMRT core,54,unknown,high,1,43.7306260454,false,unknown,43.7306260454,17.5046556095,78.8171635796,215.225778848,451.994052679,622.683193442,37.9502243501,65.2675693683,107.666515946,187.878917086,291.462474722,0.31669915502,17.5729505585,0.545634461074,28.6184037599,0.473536547661,25.3392655343,0.170689140764,9.68641673799,27.3173450182,42.3989465777,80.2124011404,103.583557636,7.73102317896,45.6706235417,99.8606598824,153.696656107,85585.8629295,153.696656107,900,4
west,west_0240,120000,0.671376579168,79237.4142921,3225486.65815,native,0,-0.00015798005282,98.5601965905,topo-bathy.tt3,30,30,30,3,gmrt_shore_blend,blend to GMRT,54,unknown,mixed_blend,2,218.653130227,false,unknown,218.653130227,9.77363243053,33.146540038,115.365118966,298.297396571,574.99824177,53.821010054,101.793539832,174.812749263,318.135827409,463.667712329,0.132257359486,7.53406292581,0.328874315711,18.204707464,0.365864555211,20.0957818219,0.276700845198,15.4668114463,47.972529778,73.0192094313,143.323078146,145.531884919,-7.73102317896,-19.2194164969,0,-9.11746732854,0,0,0,0
west,west_0241,120500,0.674173981581,79312.6327631,3225953.95858,native,0,-8.46789549424e-05,78.9934009105,topo-bathy.tt3,30,30,30,1,copernicus_a2_land_core,land/a2 core,30,false,high,1,30.9222222222,false,false,30.9222222222,29.7392107594,63.6001710542,136.71678661,314.990571137,601.542866504,13.602324785,27.0148570138,56.4072551657,193.462895945,379.783013001,0.254683692008,14.2885339503,0.292466462224,16.3024278603,0.356547569054,19.6235691751,0.286552295367,15.9897767546,13.4125322288,29.3923981519,137.05564078,186.320117056,9.23450343014,11.2342145194,21.3516676447,7.57570723772,12840.2328373,21.3516676447,900,4
west,west_0242,121000,0.676971383994,79417.166091,3226410.83269,native,0,0.000554151742288,93.7084498587,topo-bathy.tt3,30,30,30,1,copernicus_a2_land_core,land/a2 core,30,false,high,1,43.7306260454,false,false,43.7306260454,33.5530813503,52.3659565348,49.3896171685,307.4148639,521.259347571,12.2190986239,25.7406680907,53.5295614914,223.435220676,703.967495917,0.207537317762,11.7245708446,0.0119053574654,0.68209451145,0.516050493462,27.2960187337,0.213844483671,12.0705841235,13.5215694668,27.7888934007,169.905659184,480.532275241,13.048374021,19.2194164969,0,9.11746732854,7101.87818309,19.2194164969,150,3
west,west_0243,121500,0.679768786408,79254.1365188,3226856.46676,native,0,-0.000504889562336,110.743956953,topo-bathy.tt3,30,30,30,3,gmrt_shore_blend,blend to GMRT,54,unknown,mixed_blend,2,30.9222222222,false,unknown,30.9222222222,20.5047073293,30.8130707949,34.88972926,145.076343296,603.01028473,11.1961511791,30.4353069772,95.3441181349,798.241169722,921.020426366,0.114891204655,6.55404417272,0.0163066338606,0.934218499283,0.220373228073,12.4278140995,0.457933941434,24.6046510521,19.239155798,64.9088111578,702.897051587,122.779256644,0,-1.21834496083,-7.67633487463,-81.4869614257,0,0,0,0
west,west_0244,122000,0.682566188821,79082.8215011,3227293.60116,native,0,-0.000994893275605,64.7804088166,topo-bathy.tt3,30,30,30,3,gmrt_shore_blend,blend to GMRT,54,unknown,mixed_blend,2,43.7306260454,false,unknown,43.7306260454,3.62070672646,14.6377720057,30.872443719,12.751345234,545.369046998,146.013656955,192.348129453,343.780025368,1130.44461251,1219.43099358,0.058442838962,3.34472343694,0.0649386868532,3.71549575465,0.03624219697,2.07561647286,0.532617701764,28.0405549578,46.3344724979,151.431895916,786.664587146,88.9863810622,-10.3462212046,-17.39364375,-11.6936204156,-213.811959488,0,0,0,0
west,west_0245,122500,0.685363591234,79534.9678304,3227452.73438,native,0,0.000276064539671,53.7407711954,topo-bathy.tt3,30,30,30,3,gmrt_shore_blend,blend to GMRT,54,unknown,mixed_blend,2,235.496628374,false,unknown,235.496628374,9.6648918557,32.0314157557,42.5660641347,226.563304722,528.58902571,60.0126940084,102.216159352,166.637438808,633.689176246,788.868030421,0.128826689333,7.340793725,0.0421385935158,2.41293605317,0.367994481175,20.2033366768,0.302025720988,16.8056666697,42.2034653433,64.421279456,467.051737438,155.178854175,-4.30203607532,0,0,0,0,0,0,0
west,west_0246,123000,0.688160993647,79557.1099407,3227940.23053,native,0,0.000340040038493,80.597741813,topo-bathy.tt3,30,30,30,3,gmrt_shore_blend,blend to GMRT,54,unknown,mixed_blend,2,247.377777778,false,unknown,247.377777778,13.966927931,44.0082193798,119.347201865,354.175529081,593.685911905,40.9000764233,74.7709193756,134.605750031,271.820132601,439.975501704,0.175900803212,9.97631640138,0.301355929941,16.7704919779,0.469656654432,25.1574094848,0.239510382824,13.469205186,33.8708429523,59.8348306555,137.21438257,168.155369103,2.41206175811,6.27485645562,13.0833002977,85.6160424931,27746.1241579,85.6160424931,900,4
west,west_0247,123500,0.69095839606,79695.2457918,3228420.65831,native,0,-0.000218674421085,73.2236302665,topo-bathy.tt3,30,30,30,3,gmrt_shore_blend,blend to GMRT,54,unknown,mixed_blend,2,188.092534687,false,unknown,188.092534687,18.0670233453,55.249498702,134.451560777,332.826100216,610.09895872,31.1205938512,59.8328351486,108.346673005,230.340083475,385.280635837,0.220944879723,12.4590466021,0.3168082483,17.5786311888,0.396749078878,21.6406572379,0.277272858504,15.497250089,28.7122412974,48.5138378566,121.99341047,154.940552363,6.5121571724,17.5161357779,28.1876592095,64.2666136281,30628.6645541,64.2666136281,900,4
west,west_0248,124000,0.693755798474,79845.6772557,3228897.43817,native,0,-0.000107892789114,68.0686203974,topo-bathy.tt3,30,30,30,3,gmrt_shore_blend,blend to GMRT,54,unknown,mixed_blend,2,207.432572713,false,unknown,207.432572713,11.5548661729,37.7333629242,106.263901567,268.559486588,632.812387192,48.7180835523,87.898410173,154.664346048,301.678707055,476.770729736,0.150793396032,8.5752183676,0.274122154573,15.3294801922,0.324591170041,17.9829726445,0.364252900604,20.0142997649,39.1803266207,66.7659358753,147.014361007,175.092022681,0,0,0,-0.300578612245,0,0,0,0
west,west_0249,124500,0.696553200887,80067.3817321,3229344.91253,native,0,7.60485381542e-05,67.0418288103,topo-bathy.tt3,30,30,30,3,gmrt_shore_blend,blend to GMRT,54,unknown,mixed_blend,2,43.7306260454,false,unknown,43.7306260454,7.95792078815,28.704899906,96.4165253127,266.384213084,652.761886503,67.9210071865,118.390919221,197.428784038,341.397560248,510.474163954,0.114681611405,6.54219153353,0.270846501627,15.1547709754,0.339935375543,18.7747141282,0.386377673419,21.1254189429,50.4699120341,79.0378648174,143.96877621,169.076603707,0,-0.198549302084,0,-2.17527350371,0,0,0,0
west,west_0250,125000,0.6993506033,80234.4725231,3229815.24479,native,0,3.24525272478e-05,72.4258806717,topo-bathy.tt3,30,30,30,3,gmrt_shore_blend,blend to GMRT,54,unknown,mixed_blend,2,180.305990259,false,unknown,180.305990259,7.91373117139,28.9034492081,93.1684053292,268.8600652,589.236300857,67.540175498,118.474825384,196.625488568,341.725529524,522.658410359,0.115631240123,6.59588916301,0.257059824484,14.4163106794,0.351383319742,19.3606245457,0.320376235657,17.7642238388,50.9346498862,78.1506631837,145.100040956,180.932880835,0,0.198549302084,0,2.47585211595,658.672889405,2.47585211595,0,4
west,west_0251,125500,0.702148005713,80368.8712746,3230296.81964,native,0,-9.50699804995e-05,68.9012216562,topo-bathy.tt3,30,30,30,3,gmrt_shore_blend,blend to GMRT,54,unknown,mixed_blend,2,180.305990259,false,unknown,180.305990259,6.67306594255,26.3037810641,85.5711751381,246.841569429,541.148410186,78.1802821148,132.13005056,210.521790855,359.1572813,551.241944595,0.105140667095,6.00206457499,0.237069576296,13.3368715108,0.322540788582,17.8766281902,0.294306840757,16.399516766,53.9497684455,78.391740295,148.635490445,192.084663294,-0.459012735088,-1.35501139342,-7.59723019116,-10.6190912626,0,0,0,0
west,west_0252,126000,0.704945408126,80591.350992,3230740.17568,native,0,0.000231314031327,66.9787720307,topo-bathy.tt3,30,30,30,3,gmrt_shore_blend,blend to GMRT,54,unknown,mixed_blend,2,293.353957608,false,unknown,293.353957608,6.40084388616,20.9847940998,74.0558304982,257.460660691,524.91434209,80.1449494383,146.750695144,241.889039989,406.263855938,576.802546516,0.0838978064676,4.79575906746,0.212284145594,11.9850655854,0.366809660386,20.1435250758,0.267453681399,14.9735078449,66.6057457055,95.1383448455,164.374815948,170.538690579,-0.731234791476,-5.31898696428,-11.5153446399,10.6190912626,2654.77281565,10.6190912626,0,4
west,west_0253,126500,0.70774281054,80751.0371269,3231196.21935,native,0,0.000319343407292,82.1545393934,topo-bathy.tt3,30,30,30,3,gmrt_shore_blend,blend to GMRT,54,unknown,mixed_blend,2,218.653130227,false,unknown,218.653130227,7.13207867764,27.6587924575,97.8051436902,243.226286019,461.150552575,74.3622608133,127.161631272,204.910920094,352.689097475,505.993182262,0.110622917173,6.31255993051,0.280585404931,15.6733445017,0.290842284658,16.2166645737,0.217924266556,12.2939289848,52.7993704586,77.7492888222,147.778177381,153.304084787,0.459012735088,5.30982458996,23.749313192,0,10002.3833201,23.749313192,400,4
west,west_0254,127000,0.710540212953,80722.8551799,3231694.54738,native,0,-0.000191851384321,85.2758014839,topo-bathy.tt3,30,30,30,3,gmrt_shore_blend,blend to GMRT,54,unknown,mixed_blend,2,166.52126287,false,unknown,166.52126287,7.33024150576,22.3489678675,65.9225669331,159.271900386,345.110466194,69.9940148819,130.59839112,229.463736423,424.686520014,675.55222062,0.0892589513414,5.10064397252,0.174294396262,9.88701401683,0.186698666907,10.5752951516,0.185838565808,10.5276674808,60.6043762377,98.8653453037,195.222783591,250.865700606,0.929397619595,1.36417376774,0,0,342.539575017,1.36417376774,150,3
west,west_0255,127500,0.713337615366,80832.4293404,3232181.11815,native,0,-0.00019474970852,71.162264778,topo-bathy.tt3,30,30,30,3,gmrt_shore_blend,blend to GMRT,54,unknown,mixed_blend,2,69.1441909042,false,unknown,69.1441909042,5.7838478177,19.1298972202,52.8617922063,134.874191272,346.105253725,87.6088131419,154.045404631,257.40476568,477.826544825,806.29945339,0.0761890181886,4.35689195062,0.134927579944,7.68437263585,0.164024798131,9.31498251837,0.211231062453,11.9273178527,66.4365914892,103.359361049,220.421779145,328.472908566,0,0,0,0,0,0,0,0
west,west_0256,128000,0.716135017779,81040.7135255,3232626.23831,native,0,-1.01077174119e-05,74.1174651243,topo-bathy.tt3,30,30,30,3,gmrt_shore_blend,blend to GMRT,54,unknown,mixed_blend,2,225.117175799,false,unknown,225.117175799,3.64958616076,10.2123766952,30.0754268109,120.714456945,343.068277927,133.232307066,245.404406494,400.85591327,627.333099776,885.067763949,0.0410812004776,2.3524566135,0.0794522004627,4.5427329002,0.181278060268,10.2748872322,0.222353820982,12.5359927364,112.172099428,155.451506775,226.477186506,257.734664173,-1.29968693648,-1.89467656498,0,0,0,0,0,0
west,west_0257,128500,0.718932420192,81087.8676685,3233078.87992,native,0,-0.000109739279861,70.5831352298,topo-bathy.tt3,30,30,30,3,gmrt_shore_blend,blend to GMRT,54,unknown,mixed_blend,2,127.495588401,false,unknown,127.495588401,4.58272114385,10.3208544301,24.1424867718,97.9232684182,308.407560109,109.98764065,240.917333216,448.515154609,705.538939707,1013.69416246,0.0411576636098,2.35683023331,0.055286529367,3.16446325398,0.147561563293,8.39407919228,0.210484291691,11.8863524045,130.929692565,207.597821394,257.023785097,308.155222753,0,0,-1.20280282617,0,0,0,0,0
west,west_0258,129000,0.721729822606,81344.7937239,3233488.91027,native,0,-0.000400250506154,67.8298675414,topo-bathy.tt3,30,30,30,3,gmrt_shore_blend,blend to GMRT,54,unknown,mixed_blend,2,87.4612520908,false,unknown,87.4612520908,4.94927309723,12.1070532602,25.345289598,94.0641860746,300.593656084,101.045951684,205.520828815,411.219794446,729.992503452,1036.42432314,0.0485716877538,2.7807672826,0.0529529453514,3.031149268,0.137437792953,7.82557841476,0.206529470009,11.669198827,104.474877131,205.698965631,318.772709006,306.431819691,1.29968693648,1.89467656498,1.20280282617,0,927.462893045,1.89467656498,400,4
west,west_0259,129500,0.724527225019,81449.0457927,3233965.24039,native,0,-0.000794666988606,47.6504704792,topo-bathy.tt3,30,30,30,3,gmrt_shore_blend,blend to GMRT,54,unknown,mixed_blend,2,318.363763137,false,unknown,318.363763137,3.02383275598,8.21729216074,13.4420702646,62.6958776647,256.052642444,155.856417212,315.807104991,661.393494906,925.528797011,1211.47344854,0.0325441042639,1.86398194871,0.0208991124156,1.19725664753,0.0985076148001,5.62591992203,0.193356764779,10.9434795538,159.950687779,345.586389915,264.135302105,285.944651525,-0.768287176074,-2.10356226936,-10.7004165072,-31.3683084099,0,0,0,0
west,west_0260,130000,0.727324627432,81914.1683367,3234113.55917,native,0,-0.000489525072593,22.2988029759,topo-bathy.tt3,30,30,30,3,gmrt_shore_blend,blend to GMRT,54,unknown,mixed_blend,2,280.012631549,false,unknown,280.012631549,2.34187347189,7.63895717482,22.8827744813,88.9466916098,237.396842016,183.722658522,301.767579763,463.278246539,743.072854071,1074.19445281,0.030801749358,1.7642524374,0.0609752692258,3.48930546712,0.132127834257,7.52676913503,0.148450150406,8.44390011672,118.044921241,161.510666777,279.794607532,331.121598736,-1.45024646016,-4.46809608534,-2.46251511676,-5.11749446475,0,0,0,0
west,west_0261,130500,0.730122029845,82359.4615453,3234338.60688,native,0,-6.14712988993e-05,19.6027498538,topo-bathy.tt3,30,30,30,3,gmrt_shore_blend,blend to GMRT,54,unknown,mixed_blend,2,207.432572713,false,unknown,207.432572713,3.79211993205,12.6997801009,37.4981548439,113.133678036,326.742419197,123.921521524,210.402291495,333.144316352,596.993961937,914.468888749,0.0507172176063,2.90339481704,0.0991934989719,5.66483790441,0.151271046385,8.60197536964,0.21360874116,12.0576671098,86.4807699706,122.742024857,263.849645585,317.474926812,0,0,0,0,0,0,0,0
west,west_0262,131000,0.732919432258,82846.3075864,3234445.52944,native,0,-3.32541577876e-05,18.7767569878,topo-bathy.tt3,30,30,30,3,gmrt_shore_blend,blend to GMRT,54,unknown,mixed_blend,2,154.611111111,false,unknown,154.611111111,6.2754203122,21.6203838366,64.6675959048,152.088665544,435.151967005,82.0151200691,142.361722895,236.30852247,419.901927774,688.717653709,0.0867676254789,4.95899881759,0.172188848273,9.76989023782,0.174842139279,9.91746928304,0.283063301461,15.8048709813,60.3466028262,93.9467995744,183.593405305,268.815725935,0,2.88471209664,5.45054751239,0,2620.89773647,5.45054751239,250,4
west,west_0263,131500,0.735716834672,83296.6142347,3234657.21551,native,0,0.000211836170446,17.6974269613,topo-bathy.tt3,30,30,30,1,copernicus_a2_land_core,land/a2 core,30,false,high,1,30.9222222222,false,false,30.9222222222,6.33354795789,18.7356717399,59.2170483924,158.239578664,391.386847875,75.4272498743,154.444681256,260.485908938,453.172834532,710.20740823,0.0756290825919,4.32499380791,0.16192550661,9.1978141112,0.198045060544,11.2021903838,0.233147269211,13.1239116478,79.0174313817,106.041227682,192.686925594,257.034573698,0,-2.88471209664,-5.45054751239,0,0,0,0,0
west,west_0264,132000,0.738514237085,83758.0692704,3234736.46459,native,0,0.000729205145195,30.9140755026,topo-bathy.tt3,30,30,30,3,gmrt_shore_blend,blend to GMRT,54,unknown,mixed_blend,2,276.576763617,false,unknown,276.576763617,10.3077865923,39.8568763324,114.867339837,308.07710346,395.165445915,56.6817506621,97.4880722656,158.426306797,287.811635899,455.379975027,0.160222182372,9.10268884631,0.300041854019,16.7014442625,0.386419527245,21.1275054646,0.0870883424552,4.97723673227,40.8063216035,60.9382345316,129.385329102,167.568339128,3.97423863444,18.2364924958,50.1997439325,126.405815637,54371.7242806,126.405815637,900,4
west,west_0265,132500,0.741311639498,84074.3352878,3235122.93149,native,0,0.00142008080594,59.4778041802,topo-bathy.tt3,30,30,30,3,gmrt_shore_blend,blend to GMRT,54,unknown,mixed_blend,2,30.9222222222,false,unknown,30.9222222222,11.3813087203,44.0706623006,124.893466315,292.203871039,576.57161439,52.1214361969,89.6361262877,149.688756716,271.397009893,430.66848677,0.176362301355,10.0019626894,0.323291216056,17.9155644478,0.334620809449,18.5013134133,0.284367743351,15.8740420952,37.5146900908,60.0526304284,121.708253177,159.271476877,5.0477607624,25.3349905607,65.6764179222,110.532583216,57707.3826941,110.532583216,900,4
west,west_0266,133000,0.744109041911,84246.242751,3235564.48504,native,0,0.00191394700274,112.278712251,topo-bathy.tt3,30,30,30,5,gmrt_core,GMRT core,54,unknown,high,1,61.8444444444,false,unknown,61.8444444444,5.41364418082,13.3013353026,51.157559775,181.671287823,379.303468188,92.1867554332,195.588648138,327.406603652,495.37675408,631.574349939,0.05447340238,3.11801440708,0.15142489789,8.61059301396,0.261027456096,14.62934373,0.197632180365,11.1794251272,103.401892705,131.817955514,167.970150428,136.197595859,0,0,0,0,0,0,0,0
west,west_0267,133500,0.746906444324,83901.9396607,3235543.72071,native,0,-0.000849815142533,169.138889649,topo-bathy.tt3,30,30,30,3,gmrt_shore_blend,blend to GMRT,54,unknown,mixed_blend,2,276.576763617,false,unknown,276.576763617,0.357414186808,0.263106374797,-3.81532282143,-8.26411040909,-83.7027200692,nan,nan,nan,nan,nan,0.00114231632071,0.0654498755772,0.0163137167849,0.934624213026,0.00889757517531,0.50978005317,0.0754386096601,4.31414242391,nan,nan,nan,nan,-2.10529401454,-4.74755266533,-10.9243208478,-128.244460336,0,0,0,0
west,west_0268,134000,0.749703846738,83777.8003341,3235654.36313,native,0,-0.00246140752958,63.5878912173,topo-bathy.tt3,30,30,30,3,gmrt_shore_blend,blend to GMRT,54,unknown,mixed_blend,2,123.688888889,false,unknown,123.688888889,0.778548378605,-2.84234975305,-2.93578516638,119.980349927,320.598877563,580.711002329,618.738944454,677.712574328,807.435558483,951.868535239,0.0116398472957,0.666884007485,0.000373741653337,0.0214138183674,0.245832270186,13.8112773495,0.200618527636,11.3440044009,38.0279421251,58.9736298738,129.722984155,144.432976755,-1.68415982275,-7.85300879318,-10.0447831927,0,0,0,0,0
west,west_0269,134500,0.752501249151,84128.9527514,3236000.79305,native,0,-0.000397513897037,28.1106265422,topo-bathy.tt3,30,30,30,3,gmrt_shore_blend,blend to GMRT,54,unknown,mixed_blend,2,249.302925706,false,unknown,249.302925706,2.46270820135,5.01065904013,7.10899802633,109.56105124,373.886254579,249.093816241,548.178753384,637.649945306,794.998918068,969.830952917,0.0200840856221,1.150578655,0.0083933559448,0.480892579092,0.204904106428,11.5798534141,0.264325203338,14.8060949765,299.084937143,89.4711919218,157.348972762,174.832034849,0,0,0,-10.4192986867,0,0,0,0
west,west_0270,135000,0.755298651564,84521.9571749,3236051.88326,native,0,0.000807801705369,40.8120226193,topo-bathy.tt3,30,30,30,3,gmrt_shore_blend,blend to GMRT,54,unknown,mixed_blend,2,30.9222222222,false,unknown,30.9222222222,5.46212011215,30.9461817289,136.348655109,336.531011149,405.049391575,94.0202181514,138.967834253,201.265618026,312.437799,428.760403162,0.124778536203,7.11252228215,0.421609893519,22.8607694338,0.40036471208,21.8194214127,0.0685183804259,3.91968766937,44.9476161014,62.2977837733,111.172180974,116.322604162,0,9.49914745792,83.9456107183,154.462322597,71995.0141601,154.462322597,750,4
west,west_0271,135500,0.758096053977,84692.9189826,3236487.80219,native,0,0.000411445416867,74.3942549433,topo-bathy.tt3,30,30,30,3,gmrt_shore_blend,blend to GMRT,54,unknown,mixed_blend,2,345.720954521,false,unknown,345.720954521,6.99091875927,22.8385327377,60.6615945828,209.620372448,405.639567458,75.3637127116,132.347324696,226.535362808,427.254987777,718.190069819,0.0913898418049,5.22174694018,0.15129224738,8.6031629188,0.29791755573,16.589718044,0.196019195011,11.0904546384,56.9836119844,94.1880381124,200.719624968,290.935082043,0.405689889357,0,2.76024385981,0,1065.51818913,2.76024385981,0,2
west,west_0272,136000,0.76089345639,84780.0653759,3236975.96521,native,0,-0.000349072606153,64.3861085057,topo-bathy.tt3,30,30,30,3,gmrt_shore_blend,blend to GMRT,54,unknown,mixed_blend,2,43.7306260454,false,unknown,43.7306260454,6.58522886991,21.447034271,52.4030443904,182.068688552,389.969854887,77.8741960628,139.487264609,236.475526514,480.977101813,815.373811891,0.0856866839292,4.8975225185,0.123824040478,7.0586658351,0.259331288323,14.5383220499,0.207901166335,11.7445555464,61.6130685464,96.9882619044,244.5015753,334.396710077,-0.405689889357,-3.26082602542,-8.25855019235,-27.5516838955,0,0,0,0
west,west_0273,136500,0.763690858804,85103.3433844,3237343.89127,native,0,-7.06606351914e-05,54.3938678671,topo-bathy.tt3,30,30,30,3,gmrt_shore_blend,blend to GMRT,54,unknown,mixed_blend,2,127.495588401,false,unknown,127.495588401,8.73281157671,24.7078602964,57.901350723,246.766209072,384.039505481,59.7624604973,112.687835071,208.84413476,441.493078568,691.505218128,0.0990647709845,5.65753410544,0.132773961706,7.56315124952,0.377729716698,20.6930409134,0.137273296409,7.81632798079,52.925374574,96.1562996887,232.648943808,250.01213956,1.24537713313,1.86932755879,0,51.3694660378,13309.6353062,51.3694660378,150,4
west,west_0274,137000,0.766488261217,85349.5488704,3237771.23151,native,0,0.000369038348383,60.3375523316,topo-bathy.tt3,30,30,30,3,gmrt_shore_blend,blend to GMRT,54,unknown,mixed_blend,2,278.3,false,unknown,278.3,9.32974582382,31.0369244554,74.7556929564,195.396743034,449.974752686,57.5385857579,105.445649386,180.238355282,364.163471106,627.790466631,0.124064514325,7.07223551169,0.174875074004,9.9193003189,0.241282100156,13.5651711832,0.254578009652,14.2828474896,47.9070636282,74.7927058959,183.925115824,263.626995525,1.84231138024,9.31901858038,22.352648566,13.3280544821,13716.2339024,22.352648566,900,4
west,west_0275,137500,0.76928566363,85594.2910675,3238205.92649,native,0,0.000155450467086,75.5382077079,topo-bathy.tt3,30,30,30,3,gmrt_shore_blend,blend to GMRT,54,unknown,mixed_blend,2,262.383756272,false,unknown,262.383756272,7.48743444358,21.717905875,45.9476873294,91.6007233874,111.31173551,69.2563478653,127.750591927,232.772857364,539.204736212,1886.06568793,0.0868759033173,4.96515626578,0.0969191258173,5.53576699712,0.091306072116,5.21698700956,0.019711012123,1.12921157779,58.4942440615,105.022265437,306.431878848,1346.86095172,-0.595583025851,0,0,0,0,0,0,0
west,west_0276,138000,0.772083066043,85583.7796894,3238679.43289,native,0,-0.000285870672784,69.244208019,topo-bathy.tt3,30,30,30,3,gmrt_shore_blend,blend to GMRT,54,unknown,mixed_blend,2,43.7306260454,false,unknown,43.7306260454,4.12045095703,8.66249959071,18.0867999482,42.1267441939,92.976534266,127.800425433,291.304565033,552.545368182,1072.82799943,1741.71479645,0.0344005561014,1.97022973381,0.0376972014301,2.15886828785,0.0480798884914,2.75265491417,0.050849790072,2.91097112077,163.5041396,261.240803149,520.282631245,668.886797024,-3.96256651241,-9.84201151982,-17.1458908727,-49.4739791934,0,0,0,0
west,west_0277,138500,0.774880468456,85911.5845522,3239043.15286,native,0,0.000109415247609,59.1590246709,topo-bathy.tt3,30,30,30,3,gmrt_shore_blend,blend to GMRT,54,unknown,mixed_blend,2,180.305990259,false,unknown,180.305990259,8.08301746943,18.0370733576,29.9902796157,74.5226858249,110.207820254,62.9128320904,124.345471291,289.624764025,769.453983884,1266.24253424,0.0724352781979,4.14299991241,0.0478128250322,2.73738840065,0.0890648124184,5.08960836297,0.0356851344292,2.04374036925,61.4326392003,165.279292734,479.829219859,496.788550361,0.595583025851,0,0,0,44.6687269388,0.595583025851,0,1
west,west_0278,139000,0.77767787087,86080.9323905,3239512.05988,native,0,0.000512538123864,75.5132399213,topo-bathy.tt3,30,30,30,3,gmrt_shore_blend,blend to GMRT,54,unknown,mixed_blend,2,216.455555556,false,unknown,216.455555556,8.3216079269,18.5045111105,35.2326908209,93.8224145793,235.27390614,60.1829937667,120.667219893,276.164581218,681.20954253,1029.27547861,0.0740654290509,4.2359021784,0.0669127188415,3.82810997653,0.117179447517,6.68340898448,0.141451491561,8.05115973987,60.4842261259,155.497361325,405.044961312,348.065936079,4.20115696988,9.84201151982,17.1458908727,51.6956703854,21637.1157503,51.6956703854,900,4
west,west_0279,139500,0.780475273283,86160.1702128,3240005.27942,native,0,0.000632537788867,88.5252960078,topo-bathy.tt3,30,30,30,3,gmrt_shore_blend,blend to GMRT,54,unknown,mixed_blend,2,123.688888889,false,unknown,123.688888889,3.79127316098,5.6440403032,9.49907918552,11.8478487233,113.782091698,175.458860225,528.448220944,1519.22664047,1747.11546723,1949.35368831,0.0226009994373,1.29472146041,0.0154201555292,0.883439813909,0.00469753907563,0.269147183398,0.101934242975,5.82029868586,352.989360719,990.778419525,227.888826761,202.238221082,0,0,0,0,0,0,0,0
west,west_0280,140000,0.783272675696,86106.3729023,3240500.26637,native,0,0.000394395047108,111.754985606,topo-bathy.tt3,30,30,30,3,gmrt_shore_blend,blend to GMRT,54,unknown,mixed_blend,2,195.569305072,false,unknown,195.569305072,1.73132710179,0.0415713118518,-5.36345841012,-13.7689694413,25.5215323641,1819.05550968,1874.75027485,1960.75202829,nan,nan,0.000198873507633,0.0113946124941,0.0216201188879,1.23854861083,0.0168110220624,0.963109892001,0.0392905018054,2.25002258538,55.6947651755,86.0017534368,nan,nan,-0.561689161545,-1.83289856672,-4.49999750652,-2.40914092556,0,0,0,0
west,west_0281,140500,0.786070078109,85813.0804257,3240875.04694,native,0,-0.000117494900036,111.122467668,topo-bathy.tt3,30,30,30,3,gmrt_shore_blend,blend to GMRT,54,unknown,mixed_blend,2,30.9222222222,false,unknown,30.9222222222,2.29301626334,1.87446987857,-0.863460903604,-11.3598285158,-7.19444448858,nan,nan,nan,nan,nan,0.00709467885786,0.406488335523,0.0109517231287,0.627462428474,0.0209927352243,1.20261848692,0.00416538402717,0.238657544545,nan,nan,nan,nan,0.561689161545,0,0,0,42.1266871159,0.561689161545,0,2
west,west_0282,141000,0.788867480522,85771.3057207,3241367.60046,native,0,-6.04585924656e-05,105.02302372,topo-bathy.tt3,30,30,30,3,gmrt_shore_blend,blend to GMRT,54,unknown,mixed_blend,2,87.4612520908,false,unknown,87.4612520908,0.962757302039,0.820616943116,-1.67626175671,-11.3793118768,-8.67738053059,nan,nan,nan,nan,nan,0.00334323590829,0.191552593788,0.00998751479932,0.572223419817,0.0194061002401,1.11174809435,0.00270193134618,0.154808885947,nan,nan,nan,nan,-0.768569799756,-1.05385293545,-0.812800853109,-0.0194833610192,0,0,0,0
west,west_0283,141500,0.791664882936,85560.8164204,3241814.99802,native,0,-0.000122177516362,107.658445484,topo-bathy.tt3,30,30,30,3,gmrt_shore_blend,blend to GMRT,54,unknown,mixed_blend,2,69.1441909042,false,unknown,69.1441909042,1.38109388094,2.87703645414,1.82398169314,-5.4257009524,-9.7896046328,nan,nan,nan,nan,nan,0.0114467083899,0.655819437682,0.00421221904403,0.241340946261,0.0144993652911,0.830694227336,0.0043639036804,0.250031675924,nan,nan,nan,nan,-0.0530788855549,0.318862010419,0,0,63.7724020837,0.318862010419,0,3
west,west_0284,142000,0.794462285349,85477.0439984,3242291.95836,native,0,-0.000240892267997,98.0227676806,topo-bathy.tt3,30,30,30,1,copernicus_a2_land_core,land/a2 core,30,false,high,1,30.9222222222,false,false,30.9222222222,3.29981793364,4.05465733509,3.46867948385,-3.00255804834,-7.6018924682,nan,nan,nan,nan,nan,0.0154199161303,0.88342610062,0.00234391140496,0.13429598512,0.0129424750644,0.741507796746,0.00459933441987,0.263520592677,nan,nan,nan,nan,1.91872405271,1.49648289136,0.488384124215,0,626.344928805,1.91872405271,400,4
west,west_0285,142500,0.797259687762,85424.082062,3242785.11625,native,0,-0.000282431217026,93.8563352109,topo-bathy.tt3,30,30,30,3,gmrt_shore_blend,blend to GMRT,54,unknown,mixed_blend,2,30.9222222222,false,unknown,30.9222222222,1.43417276649,2.55817444373,3.37664873002,-0.653046668619,-3.48076410557,nan,nan,nan,nan,nan,0.0106284078876,0.608939986355,0.00327389714519,0.187579818796,0.00805939079729,0.461759080638,0.00282771743695,0.162015842968,nan,nan,nan,nan,0,-0.318862010419,0,0,0,0,0,0
west,west_0286,143000,0.800057090175,85410.4575138,3243279.77754,native,0,-0.000527146488383,81.8406509423,topo-bathy.tt3,30,30,30,3,gmrt_shore_blend,blend to GMRT,54,unknown,mixed_blend,2,157.673014515,false,unknown,157.673014515,1.0331484219,1.8603443951,2.98029535963,1.25906012302,-2.87895240651,nan,nan,nan,nan,nan,0.0073332082182,0.420154349903,0.00447980385812,0.256672137105,0.00344247047322,0.197238250086,0.00413801252954,0.237089300282,nan,nan,nan,nan,-0.931309653498,-2.11624542713,-0.488384124215,0,0,0,0,0
west,west_0287,143500,0.802854492588,85561.4346838,3243743.09149,native,0,-0.000368081932517,63.6530662414,topo-bathy.tt3,30,30,30,3,gmrt_shore_blend,blend to GMRT,54,unknown,mixed_blend,2,328.707731076,false,unknown,328.707731076,1.9644580754,3.97658982224,4.37397265967,2.39790884226,-5.38516687483,nan,nan,nan,nan,nan,0.0159844658597,0.915764443277,0.00158953134973,0.0910733610412,0.00395212763483,0.226439054637,0.00778307571709,0.44592838614,nan,nan,nan,nan,0,0,0,0,0,0,0,0
west,west_0288,144000,0.805651895002,85837.1876875,3244141.42276,native,0,0.000104158870042,60.751109694,topo-bathy.tt3,30,30,30,3,gmrt_shore_blend,blend to GMRT,54,unknown,mixed_blend,2,197.998830586,false,unknown,197.998830586,2.2791359098,5.92493323629,8.22225468099,6.24514887234,3.36481271882,207.355506661,nan,nan,nan,nan,0.0239358833718,1.37116327752,0.00918928577879,0.526492472668,0.00395421161729,0.226558456171,0.00288033615353,0.165030648794,nan,nan,nan,nan,0,1.4253604743,2.83087551253,0,1346.65041206,2.83087551253,250,4
west,west_0289,144500,0.808449297415,86036.1559423,3244590.8058,native,0,0.000296887918144,69.6209298936,topo-bathy.tt3,30,30,30,3,gmrt_shore_blend,blend to GMRT,54,unknown,mixed_blend,2,154.611111111,false,unknown,154.611111111,3.03998458034,7.60300410842,11.2542565164,12.6142498063,47.3305791846,158.502109717,373.228843108,1469.40355312,nan,nan,0.0304298184199,1.74296232041,0.014605009632,0.83674592065,0.00271998657975,0.155843367026,0.0347163293784,1.9883006279,214.726733391,1096.17471001,nan,nan,0.364560480875,3.10343134643,5.86287734796,0,2846.60731083,5.86287734796,400,4
west,west_0290,145000,0.811246699828,86181.7241541,3245068.89027,native,0,0.000187265081058,77.7615343921,topo-bathy.tt3,30,30,30,3,gmrt_shore_blend,blend to GMRT,54,unknown,mixed_blend,2,30.9222222222,false,unknown,30.9222222222,2.96791681358,4.49957276199,5.39137916845,17.4895372702,97.8602093712,436.126139527,749.56148566,1065.11594704,1570.21002779,nan,0.0179705345765,1.0295249714,0.00356722562586,0.204386105991,0.0241963162034,1.38607634223,0.0803706721011,4.59502352565,313.435346133,315.554461384,505.09408075,nan,0,0,-2.62695282083,0,0,0,0,0
west,west_0291,145500,0.814044102241,86241.4509826,3245537.2563,native,0,0.000153589719654,80.3504286884,topo-bathy.tt3,30,30,30,1,copernicus_a2_land_core,land/a2 core,30,false,high,1,30.9222222222,false,false,30.9222222222,2.67542409946,2.63143409721,1.74246098969,21.0206573616,110.677233001,626.989451692,758.191878369,978.43734618,1467.96629464,1929.32115376,0.0111580255471,0.639281241928,0.00355589243007,0.20373676994,0.0385563927439,2.20802486433,0.0896565756391,5.12324529491,131.202426677,220.245467811,489.52894846,461.354859118,-0.292492714118,-1.86813866478,-6.27587099959,0,0,0,0,0
west,west_0292,146000,0.816841504654,86343.746759,3246021.81081,native,0,-1.53880502023e-05,86.5615771048,topo-bathy.tt3,30,30,30,3,gmrt_shore_blend,blend to GMRT,54,unknown,mixed_blend,2,123.688888889,false,unknown,123.688888889,3.70979759394,4.36557960398,8.01833198928,27.431869288,128.92268175,331.846526399,570.479540436,838.811438664,1351.21762406,1813.34335777,0.0178015108343,1.01984372148,0.0146110095412,0.837089616784,0.0388270745975,2.2235106091,0.101490812462,5.79515214139,238.633014036,268.331898229,512.406185397,462.125733707,0.939746485627,-0.133993158008,0,4.02810184744,1077.50644828,4.02810184744,0,4
west,west_0293,146500,0.819638907068,86297.3162001,3246467.04238,native,0,-0.000524506085106,79.4687583569,topo-bathy.tt3,30,30,30,3,gmrt_shore_blend,blend to GMRT,54,unknown,mixed_blend,2,138.288381808,false,unknown,138.288381808,2.54468287663,5.4741784238,10.2292113346,23.4037674406,112.760997352,223.399827043,487.7499771,909.661703127,1455.04781791,1913.38978753,0.0206097391323,1.18068391844,0.0190201316431,1.08964188336,0.026349112212,1.50934368809,0.0893572299118,5.10623036312,264.350150057,421.911726027,545.386114784,458.341969618,-0.225368231688,0,0,-2.36099302198,0,0,0,0
west,west_0294,147000,0.822436309481,86508.7344582,3246909.30379,native,0,-4.02534476977e-05,56.5095920993,topo-bathy.tt3,30,30,30,3,gmrt_shore_blend,blend to GMRT,54,unknown,mixed_blend,2,291.719661006,false,unknown,291.719661006,2.77005110832,7.45189787395,12.8566253194,25.7647604626,104.079567654,172.666457042,356.256426653,829.138762754,1444.75102238,1966.05660491,0.0296512062685,1.69839135478,0.0216189097816,1.23847936651,0.0258162702864,1.47883485069,0.0783148071911,4.47796807894,183.589969611,472.8823361,615.612259628,521.305582533,0,0.999275956727,0,-1.66710882546,199.855191345,0.999275956727,0,3
west,west_0295,147500,0.825233711894,86831.7040804,3247274.70814,native,0,0.000847716378818,77.162405693,topo-bathy.tt3,30,30,30,3,gmrt_shore_blend,blend to GMRT,54,unknown,mixed_blend,2,111.491657774,false,unknown,111.491657774,3.52030438634,9.5217028631,20.2572079894,47.5591948064,183.921683005,138.850135461,260.53324895,493.72504107,1033.17002414,1491.12657576,0.0383705504869,2.19739261714,0.0429420205053,2.458885872,0.054603973634,3.1254734023,0.136362488199,7.76510143437,121.683113489,233.191792121,539.444983074,457.956551612,0.75025327802,2.06980498915,6.06044481562,14.3125817697,6321.04224197,14.3125817697,900,4
west,west_0296,148000,0.828031114307,86697.6642487,3247738.36306,native,0,0.000419655326117,105.08016283,topo-bathy.tt3,30,30,30,3,gmrt_shore_blend,blend to GMRT,54,unknown,mixed_blend,2,197.998830586,false,unknown,197.998830586,2.10916697581,6.45262191723,14.1967631738,36.7389378194,122.061398361,203.462533822,357.545449046,660.086862715,1228.8808206,1797.7145043,0.0260536878365,1.49242873067,0.0309765650263,1.77425908962,0.0450843492913,2.58139490362,0.0853224605413,4.87680551844,154.082915224,302.541413669,568.793957889,568.833683692,-1.41113741052,-0.999275956727,0,3.49232478271,873.081195677,3.49232478271,0,4
west,west_0297,148500,0.83082851672,86594.4338034,3248155.28295,native,0,-0.000141817264717,101.20688473,topo-bathy.tt3,30,30,30,3,gmrt_shore_blend,blend to GMRT,54,unknown,mixed_blend,2,30.9222222222,false,unknown,30.9222222222,5.52286590248,8.02456216832,14.5026290672,33.2466130367,108.240993361,69.326544455,329.948753613,692.454674658,1317.85638307,1917.25665583,0.0292562515337,1.67578173002,0.0259122675955,1.48433141436,0.0374879679391,2.14689700977,0.0749943803241,4.288833146,260.622209158,362.505921044,625.401708412,599.400272764,2.00256151615,1.57194025109,0.305865893389,0,579.27987395,2.00256151615,400,4
west,west_0298,149000,0.833625919134,86523.6257728,3248616.76761,native,0,-0.000106730839166,96.9546320994,topo-bathy.tt3,30,30,30,3,gmrt_shore_blend,blend to GMRT,54,unknown,mixed_blend,2,61.8444444444,false,unknown,61.8444444444,3.87494452718,5.30116601211,12.6522895567,31.5778933332,99.277580653,222.247436365,430.476300263,715.944058706,1359.92821071,nan,0.0174528264576,0.99987178414,0.0294044941782,1.6842681073,0.037851207553,2.1676796159,0.0676996873198,3.87299660464,208.228863898,285.467758443,643.984152005,nan,0,-1.15145590511,-0.592719669521,-0.526043293254,0,0,0,0
west,west_0299,149500,0.836423321547,86482.0448384,3249076.64836,native,0,-0.000284482923306,95.0916581016,topo-bathy.tt3,30,30,30,3,gmrt_shore_blend,blend to GMRT,54,unknown,mixed_blend,2,185.533333333,false,unknown,185.533333333,1.89720958157,4.68579966655,12.4076242618,32.1039366264,92.2826686019,263.675123214,429.540324078,705.070640819,1371.5789733,nan,0.0188671427901,1.0808794123,0.030887298381,1.76914937649,0.0393926247293,2.25586475563,0.0601787319755,3.4438341073,165.865200864,275.530316741,666.508332481,nan,-2.03739595374,-3.06433873362,-0.837384964408,0.526043293254,131.510823314,0.526043293254,0,4
west,west_0300,150000,0.83922072396,86438.654227,3249570.42322,native,0,-0.000790526781203,80.6549612504,topo-bathy.tt3,30,30,30,3,gmrt_shore_blend,blend to GMRT,54,unknown,mixed_blend,2,185.533333333,false,unknown,185.533333333,3.93460553531,7.75013840017,13.2450092262,30.5480066101,87.2174205482,134.587654791,371.702369612,715.071186864,1434.13754238,nan,0.0306440102597,1.75522317551,0.0219794833041,1.25912889457,0.0346059947678,1.98198650614,0.0566694139381,3.24344918597,237.114714821,343.368817252,719.066355512,nan,0.0596610081287,0,0,-1.02988672309,4.47457560965,0.0596610081287,0,2
west,west_0301,150500,0.842018126373,86633.4753607,3249996.84322,native,0,-0.000821464580957,49.7978099466,topo-bathy.tt3,30,30,30,3,gmrt_shore_blend,blend to GMRT,54,unknown,mixed_blend,2,276.576763617,false,unknown,276.576763617,4.65775508431,10.0749325197,17.2122860645,29.4779039297,68.9171394963,108.744832487,247.774717226,648.360073118,1609.55110074,nan,0.0400242565941,2.29199762163,0.0285494141792,1.63531673788,0.0245312357304,1.40525443343,0.0394392355666,2.25853121724,139.029884738,400.585355892,961.191027626,nan,0.815935434292,0.919315510646,0,-2.62603269676,245.058259701,0.919315510646,150,3
west,west_0302,151000,0.844815528786,87041.6053138,3250283.86417,native,0,-7.92951013796e-05,33.5885077421,topo-bathy.tt3,30,30,30,3,gmrt_shore_blend,blend to GMRT,54,unknown,mixed_blend,2,185.533333333,false,unknown,185.533333333,3.36501379672,9.15561700902,21.3025819443,37.1755519765,67.7758697668,145.454662326,268.778053491,469.796160875,1470.18066539,nan,0.036351238097,2.08185584915,0.0485878597413,2.78169168763,0.0317459400643,1.81829771676,0.0306003177904,1.75272212669,123.323391165,201.018107383,1000.38450452,nan,-0.569591738586,-0.919315510646,0,0,0,0,0,0
west,west_0303,151500,0.8476129312,87457.8249151,3250544.30145,native,0,0.000449882482472,45.2545353014,topo-bathy.tt3,30,30,30,3,gmrt_shore_blend,blend to GMRT,54,unknown,mixed_blend,2,154.611111111,false,unknown,154.611111111,3.84181965002,11.2756516406,29.2275186507,62.9679810519,128.654560191,125.773510283,226.541823618,379.632318509,791.024036196,1610.60998423,0.0452905908896,2.59318759713,0.0718074680403,4.10721517524,0.0674809248024,3.86051943703,0.0656865791392,3.75816480912,100.768313335,153.090494891,411.391717687,819.58594803,-0.815935434292,0,0,0,0,0,0,0
west,west_0304,152000,0.850410333613,87719.9551451,3250968.26804,native,0,0.00023889659281,59.3648752646,topo-bathy.tt3,30,30,30,3,gmrt_shore_blend,blend to GMRT,54,unknown,mixed_blend,2,216.455555556,false,unknown,216.455555556,7.20031604157,24.3280931761,52.5303031884,85.7251502246,148.883230648,72.9454892111,128.002186663,214.667421395,476.417030502,1251.49079297,0.097308456032,5.55786556147,0.112808840049,6.43626020528,0.0663896940724,3.79827540196,0.0631580804239,3.61389134882,55.0566974523,86.6652347311,261.749609107,775.073762467,0,0,1.71161060847,0,641.853978176,1.71161060847,0,4
west,west_0305,152500,0.853207736026,87966.2603927,3251402.81727,native,0,-8.38534154348e-05,58.9423018095,topo-bathy.tt3,30,30,30,3,gmrt_shore_blend,blend to GMRT,54,unknown,mixed_blend,2,264.19958248,false,unknown,264.19958248,10.9416540195,30.3958525118,57.2060910996,94.0493299877,157.339382431,47.9201885097,91.77635856,171.08824922,425.278856895,1104.01074943,0.121524421104,6.92886083548,0.107240954351,6.12106027514,0.0736864777761,4.21430772507,0.0632900524429,3.62142268364,43.8561700503,79.3118906604,254.190607674,678.731892533,3.74133797789,6.06775933571,6.3873985197,8.32417976309,5970.47160114,8.32417976309,900,4
west,west_0306,153000,0.856005138439,88234.8951367,3251823.32051,native,0,6.83112056529e-05,54.5604284624,topo-bathy.tt3,30,30,30,3,gmrt_shore_blend,blend to GMRT,54,unknown,mixed_blend,2,304.548569582,false,unknown,304.548569582,8.66427930479,24.5437283988,50.8186925799,92.3036860082,162.136057469,59.6715929461,113.836569887,210.615196141,491.76408246,1118.59777016,0.0983067625274,5.61452230874,0.105099856724,5.99975186903,0.0829699868566,4.74296642423,0.0698323714606,3.99461525348,54.1649769411,96.7786262538,281.148886319,626.833687695,1.46396326323,0.21563522272,0,6.57853578365,1797.5582352,6.57853578365,150,4
west,west_0307,153500,0.858802540852,88543.460971,3252213.83056,native,0,-0.000328570121526,62.8562455869,topo-bathy.tt3,30,30,30,3,gmrt_shore_blend,blend to GMRT,54,unknown,mixed_blend,2,276.576763617,false,unknown,276.576763617,4.76344410625,15.2501992825,33.9878408481,69.8412895431,162.671590795,103.758997875,179.862513423,315.052515775,712.257121483,1396.90407622,0.0610341068577,3.49266411565,0.0749505662627,4.28633681674,0.07170689739,4.10148241993,0.092830301252,5.30358483895,76.1035155478,135.190002352,397.204605709,684.646954738,0,0,0,0,0,0,0,0
west,west_0308,154000,0.861599943266,88671.0463943,3252674.03219,native,0,-0.00121232324759,35.7347472248,topo-bathy.tt3,30,30,30,3,gmrt_shore_blend,blend to GMRT,54,unknown,mixed_blend,2,218.653130227,false,unknown,218.653130227,2.69712536343,4.36722717447,13.1577714418,54.9655687181,139.701197288,294.898373418,442.500456668,597.77534376,943.136919766,1530.99267493,0.0168461869658,0.965124122123,0.0351621770692,2.01381467216,0.0836155945526,4.77970215809,0.08473562857,4.84342387139,147.60208325,155.274887092,345.361576006,587.855755166,-2.06631874282,-10.882972108,-20.8300694064,-14.8757208251,0,0,0,0
west,west_0309,154500,0.864397345679,89027.4287777,3252562.04195,native,0,-0.000323315812244,-6.60475990567,topo-bathy.tt3,30,30,30,3,gmrt_shore_blend,blend to GMRT,54,unknown,mixed_blend,2,207.432572713,false,unknown,207.432572713,3.96462517982,11.5711620347,27.029109932,64.0614253411,97.275078316,120.826062133,219.235234507,395.679604954,817.889770697,nan,0.046967957075,2.68908950734,0.0618317915894,3.5381962432,0.0740646308182,4.23585669255,0.0332136529749,1.90230283694,98.4091723741,176.444370447,422.210165743,nan,0,-3.67903724781,-6.95873091614,-5.77986420204,0,0,0,0
west,west_0310,155000,0.867194748092,89518.0201766,3252575.96268,native,0,0.000953776724492,17.2101157334,topo-bathy.tt3,30,30,30,3,gmrt_shore_blend,blend to GMRT,54,unknown,mixed_blend,2,154.611111111,false,unknown,154.611111111,8.52624922583,24.3932450331,49.7850574152,98.0668368147,185.545332259,62.4701126528,114.429965225,209.601463703,502.129073292,1021.03708168,0.0977045474702,5.58034619389,0.101567249529,5.79948697858,0.096563558799,5.51558340381,0.0874784954445,4.99942183675,51.9598525723,95.1714984778,292.527609589,518.908008385,4.60796726622,12.8220829984,22.7559474832,19.9361387951,16427.5291496,22.7559474832,900,4
west,west_0311,155500,0.869992150505,89920.3859771,3252838.63115,native,0,0.000885552192934,48.0426210055,topo-bathy.tt3,30,30,30,3,gmrt_shore_blend,blend to GMRT,54,unknown,mixed_blend,2,207.432572713,false,unknown,207.432572713,3.9182819596,15.5510729781,49.6341897712,111.807589834,277.007873297,117.417553552,188.934360271,289.815611479,502.828412237,907.782225629,0.062366966146,3.56874169246,0.136332467172,7.76341274995,0.124346800125,7.08816357363,0.165200283463,9.38055599658,71.5168067194,100.881251208,213.012800758,404.953813392,0,3.97991094348,22.6050798392,33.6768918141,17692.1100819,33.6768918141,750,4
west,west_0312,156000,0.872789552919,90150.9618176,3253279.96803,native,0,0.000502185625556,67.9485189271,topo-bathy.tt3,30,30,30,3,gmrt_shore_blend,blend to GMRT,54,unknown,mixed_blend,2,154.611111111,false,unknown,154.611111111,2.48147955505,8.12471844926,25.4496013501,78.1306980196,291.826386086,175.56456611,282.23694287,429.19691195,755.089538454,1163.09269155,0.0325836406981,1.86624481997,0.0692995316035,3.96423281266,0.105362193339,6.01461802834,0.213695688066,12.062431327,106.672376759,146.95996908,325.892626504,408.003153098,-1.43680240455,0,0,0,0,0,0,0
west,west_0313,156500,0.875586955332,90293.1272424,3253758.81684,native,0,8.83381347383e-05,76.815737882,topo-bathy.tt3,30,30,30,3,gmrt_shore_blend,blend to GMRT,54,unknown,mixed_blend,2,92.7666666667,false,unknown,92.7666666667,2.96232968086,6.88355813914,12.0640436031,50.1737730238,221.876562352,174.665042083,417.362821704,668.696456863,998.391908048,1369.89003707,0.0275959411275,1.58072977889,0.0207219418559,1.18710991656,0.0762194588414,4.35862600177,0.171702789329,9.74284083758,242.697779621,251.333635159,329.695451185,371.498129023,0,-0.456027020938,-3.98798508125,0,0,0,0,0
west,west_0314,157000,0.878384357745,90377.5399812,3254247.1839,native,0,-8.27448555772e-05,73.0099212177,topo-bathy.tt3,30,30,30,3,gmrt_shore_blend,blend to GMRT,54,unknown,mixed_blend,2,30.9222222222,false,unknown,30.9222222222,4.44727113352,7.33958516008,10.5470751523,34.6016724242,170.248101984,121.540877272,467.216006055,758.485641415,1178.76626842,1579.383036,0.0311705545234,1.78536314734,0.0128299599691,0.735062226976,0.0481091945437,2.75433015231,0.13564642956,7.72481940337,345.675128783,291.269635361,420.280627005,400.61676758,1.48494145266,0,-5.50495353202,-5.91590978604,111.370608949,1.48494145266,0,2
west,west_0315,157500,0.881181760158,90574.2650771,3254678.94708,native,0,-0.000233183849275,72.074806881,topo-bathy.tt3,30,30,30,3,gmrt_shore_blend,blend to GMRT,54,unknown,mixed_blend,2,247.377777778,false,unknown,247.377777778,2.79364683856,7.29894177006,16.0520286844,40.5175822102,130.453883338,174.193082701,336.790666405,591.706818385,1147.47519807,1711.40072586,0.0292817665709,1.67724238266,0.0350123476572,2.00524063486,0.0489311070517,2.80131166342,0.0899363011281,5.13914418563,162.597583704,254.916151979,555.768379688,563.925527786,-1.65362429496,-0.0406433900203,0,0,0,0,0,0
west,west_0316,158000,0.883979162571,90672.0846307,3255157.74259,native,0,-0.000334453547186,59.6494708036,topo-bathy.tt3,30,30,30,3,gmrt_shore_blend,blend to GMRT,54,unknown,mixed_blend,2,197.998830586,false,unknown,197.998830586,4.57495105934,11.9965437777,22.8972345395,39.8255437706,114.081108231,108.86564402,209.855677431,417.449664704,1238.06896464,1872.95617941,0.0477223723168,2.73221764017,0.0436027630474,2.49667287349,0.0338566184621,1.93910066143,0.07425556446,4.2467365482,100.990033411,207.593987273,820.619299932,634.887214778,0,0,0,-0.692038439631,0,0,0,0
west,west_0317,158500,0.886776564985,91045.0455143,3255482.96265,native,0,-5.97864280745e-06,52.9120301841,topo-bathy.tt3,30,30,30,3,gmrt_shore_blend,blend to GMRT,54,unknown,mixed_blend,2,61.8444444444,false,unknown,61.8444444444,11.7335360966,26.9498021697,38.9508475081,48.4603570102,110.941743698,42.8215773841,85.2577363934,176.385909261,1067.11912698,1900.21466401,0.108178138731,6.17414117115,0.0480041813533,2.7483272032,0.0190190190044,1.08957815691,0.0624813866876,3.57527205919,42.4361590093,91.1281728675,890.73321772,833.095537032,5.08624598209,9.65214169437,7.18212133044,7.94277480003,6990.88598645,9.65214169437,900,4
west,west_0318,159000,0.889573967398,91258.5684782,3255933.55177,native,0,-0.000176591613035,59.3069198035,topo-bathy.tt3,30,30,30,3,gmrt_shore_blend,blend to GMRT,54,unknown,mixed_blend,2,30.9222222222,false,unknown,30.9222222222,9.69084143246,23.5722522557,40.3507472364,40.8754633923,42.7051455614,51.4668225766,103.171286301,208.564019874,nan,nan,0.094156507291,5.37891239764,0.067113979923,3.83958983343,0.00104943231182,0.0601280202785,0.00182968216904,0.104832949152,51.7044637247,105.392733573,nan,nan,3.04355131795,6.27459178033,8.58202105881,1.04991962177,4963.92250741,8.58202105881,900,4
west,west_0319,159500,0.892371369811,91552.0694764,3256337.1233,native,0,-0.000577090794733,42.7940760598,topo-bathy.tt3,30,30,30,3,gmrt_shore_blend,blend to GMRT,54,unknown,mixed_blend,2,30.9222222222,false,unknown,30.9222222222,6.64729011451,17.2976604754,31.7687261776,33.9661793413,45.9840819055,75.3664531996,148.257495464,287.200878799,nan,nan,0.0691114031492,3.95350522493,0.0578842628091,3.3128272863,0.00439490632731,0.251807962678,0.0120179025642,0.688541948103,72.8910422648,138.943383335,nan,nan,0,0,0,0,0,0,0,0
west,west_0320,160000,0.895168772224,91974.2789627,3256596.1695,native,0,-0.000183543011294,26.2420528695,topo-bathy.tt3,30,30,30,3,gmrt_shore_blend,blend to GMRT,54,unknown,mixed_blend,2,247.377777778,false,unknown,247.377777778,3.49884644128,10.3486929468,20.4932702874,25.0083514899,51.9459986752,136.174081948,243.005234408,485.625129425,1970.17014443,nan,0.0413228259512,2.36627727126,0.0405783093624,2.32369102985,0.00903016240487,0.517376131478,0.0269376471853,1.54304033695,106.83115246,242.619895017,1484.54501501,nan,0,0,0,0,0,0,0,0
west,west_0321,160500,0.897966174637,92438.3099583,3256774.01593,native,0,0.000230433043354,32.2778361535,topo-bathy.tt3,30,30,30,3,gmrt_shore_blend,blend to GMRT,54,unknown,mixed_blend,2,154.611111111,false,unknown,154.611111111,1.86403205815,4.45398691601,6.46077873501,0.991213763087,64.1310957878,291.288686181,1426.25908036,1575.44263694,1879.82843207,nan,0.0178592959143,1.02315351043,0.00802716727599,0.459912928303,0.0109391299438,0.626740978563,0.0631398820247,3.61285279887,1134.97039418,149.183556577,304.385795137,nan,0,0,0,-5.53087027232,0,0,0,0
west,west_0322,161000,0.900763577051,92797.4743874,3257116.12646,native,0,-0.000753615086926,39.444893714,topo-bathy.tt3,30,30,30,3,gmrt_shore_blend,blend to GMRT,54,unknown,mixed_blend,2,254.991176802,false,unknown,254.991176802,1.10049499765,2.04710616821,1.79559218149,6.5220840354,98.8874883651,936.315796846,1102.93225748,1303.65275972,1629.38416323,nan,0.00818313076121,0.468848390745,0.00100605594687,0.0576427402623,0.00945298370783,0.541599938391,0.0923654043297,5.27717465831,166.616460639,200.720502237,325.731403504,nan,0,0,-0.0573528749835,4.84151647897,1210.37911974,4.84151647897,0,4
west,west_0323,161500,0.903560979464,93203.2873137,3257403.37987,native,0,-0.00122636147296,-10.9011277047,topo-bathy.tt3,30,30,30,3,gmrt_shore_blend,blend to GMRT,54,unknown,mixed_blend,2,304.548569582,false,unknown,304.548569582,0.574281100947,1.27836520431,1.85294505647,1.59460668046,15.4088245408,1670.7488245,1861.45945289,nan,nan,nan,0.00506930924113,0.290447536617,0.00229831940864,0.131683770225,0.000516676752017,0.0296033946289,0.0138142178604,0.791446038662,190.710628385,nan,nan,nan,-0.526213896705,-0.768740963896,0,-0.0859608759721,0,0,0,0
west,west_0324,162000,0.906358381877,93441.4645426,3256992.10036,native,0,0.000147388224769,-30.8204428441,topo-bathy.tt3,30,30,30,5,gmrt_core,GMRT core,54,unknown,high,1,197.998830586,false,unknown,197.998830586,0.897967150716,1.69849264781,1.72570890112,1.68056755644,35.0602755463,1199.27382644,1370.49286563,1651.19911233,nan,nan,0.00682751836889,0.391181908845,0.000108865013232,0.00623750577019,9.02826893682e-05,0.00517281704983,0.0333797079898,1.91180655196,171.219039188,280.706246701,nan,nan,-0.202527846935,-0.348613520396,-0.127236155352,-4.84151647897,0,0,0,0
west,west_0325,162500,0.90915578429,93930.5445334,3256969.49579,native,0,0.000643703663146,-2.45640447555,topo-bathy.tt3,30,30,30,5,gmrt_core,GMRT core,54,unknown,high,1,626.127278703,false,unknown,626.127278703,3.30265717386,9.08461883061,21.0136306415,48.7528125823,116.125217454,146.741049945,270.95376756,480.142081156,1020.62795296,1801.89962826,0.036319258271,2.08002595601,0.0477160472434,2.73185606351,0.0554783638818,3.17542095238,0.0673724048721,3.85432984314,124.212717615,209.188313596,540.485871807,781.271675294,0,0,0,0,0,0,0,0
west,west_0326,163000,0.911953186703,94429.786075,3256949.70271,native,0,0.000874162181129,6.06106031128,topo-bathy.tt3,30,30,30,5,gmrt_core,GMRT core,54,unknown,high,1,1135.31308414,false,unknown,1135.31308414,6.58636520359,18.8967314031,46.7139829259,119.734034183,220.161434183,76.941342149,145.485553409,261.310228424,525.848215133,873.762863908,0.0755485659462,4.32040675285,0.111269006091,6.34912798113,0.146040102514,8.30874492091,0.1004274,5.73483786868,68.5442112604,115.824675014,264.53798671,347.914648775,0,0,0,0,0,0,0,0
west,west_0327,163500,0.914750589117,94886.7554106,3257071.02802,native,0,0.00130781474488,47.6293991131,topo-bathy.tt3,30,30,30,5,gmrt_core,GMRT core,54,unknown,high,1,1545.49254293,false,unknown,1545.49254293,9.08004109257,23.1375049631,51.25917347,179.301165946,575.727763522,56.0603844425,110.007447908,217.073167415,491.655617354,710.862027224,0.0928786943141,5.30633385526,0.112486674027,6.41803274969,0.256083984952,14.3638524744,0.396426597576,21.6246915365,53.9470634651,107.065719507,274.58244994,219.206409869,0,0,0,0,0,0,0,0
west,west_0328,164000,0.91754799153,94982.7550602,3257555.9054,native,0,0.000859832029679,80.9933255782,topo-bathy.tt3,30,30,30,5,gmrt_core,GMRT core,54,unknown,high,1,1510.13192396,false,unknown,1510.13192396,14.1857877539,38.5409511863,85.9620595219,223.091610421,419.587542271,36.2630671734,71.3478969553,137.851102056,311.365597094,563.787570319,0.154028832031,8.75638666638,0.189684433342,10.7405154105,0.274259101799,15.3367780348,0.19649593185,11.1167565743,35.0848297819,66.5032051011,173.514495037,252.421973225,5.10574666138,15.4034462232,34.702886052,43.7904444753,27424.8136326,43.7904444753,900,4
west,west_0329,164500,0.920345393943,95041.931756,3258050.03477,native,0,0.000759055680747,96.8941455039,topo-bathy.tt3,30,30,30,5,gmrt_core,GMRT core,54,unknown,high,1,1323.5289084,false,unknown,1323.5289084,15.1686220213,41.4409099553,88.832277395,186.951816725,354.881450806,34.4242191731,67.2223281468,127.57152752,299.798858021,556.280909882,0.165957502149,9.4227836993,0.189565469759,10.7339358834,0.196239078661,11.1025863763,0.167929634081,9.53271470961,32.7981089737,60.3491993727,172.227330501,256.482051862,6.08858092871,18.3034049922,37.5731039251,7.65065077931,20119.9012348,37.5731039251,900,4
west,west_0330,165000,0.923142796356,94866.6801114,3258515.91956,native,0,0.000954594846342,124.4840125,topo-bathy.tt3,30,30,30,5,gmrt_core,GMRT core,54,unknown,high,1,830.881894862,false,unknown,830.881894862,7.77760805891,21.9821790763,50.1269515417,104.852949335,176.601281536,66.2640888009,125.105817275,230.260317897,498.86801569,952.437324934,0.0879339397936,5.02531767468,0.112579089862,6.42326157099,0.109451995587,6.2462736826,0.0717483322013,4.10384430818,58.841728474,105.154500622,268.607697793,453.569309244,0,0,0,0,0,0,0,0
west,west_0331,165500,0.925940198769,94501.8534839,3258836.32347,native,0,0.000711195257018,151.588401344,topo-bathy.tt3,30,30,30,5,gmrt_core,GMRT core,54,unknown,high,1,318.363763137,false,unknown,318.363763137,3.96856220186,10.6963453524,21.1288299544,38.0959635051,48.3442274951,123.574619098,234.743866921,469.869604413,nan,nan,0.0428023954439,2.45090062238,0.041729938408,2.38956294175,0.0339342671014,1.94354449522,0.0102482639899,0.587161718608,111.169247822,235.125737493,nan,nan,-1.25935477763,-0.653194130697,0,0,0,0,0,0
west,west_0332,166000,0.928737601183,94023.0468896,3258972.29108,native,0,-0.000227856504462,165.232499137,topo-bathy.tt3,30,30,30,5,gmrt_core,GMRT core,54,unknown,high,1,154.611111111,false,unknown,154.611111111,5.22791697949,11.3495394831,9.30220760564,8.64118518515,3.06134464878,95.8090000244,201.483307161,1441.78032466,nan,nan,0.0454176818669,2.60045442589,0.00818932750991,0.4692034145,0.00132204484098,0.0757475455847,0.00557984053636,0.319697995225,105.674307137,1240.2970175,nan,nan,0.0117866709703,0.653194130697,-2.45530072526,-2.76298920279,131.522826462,0.653194130697,150,3
west,west_0333,166500,0.931535003596,93537.2995617,3259090.58439,native,0,-0.00165610821094,138.533185304,topo-bathy.tt3,30,30,30,3,gmrt_shore_blend,blend to GMRT,54,unknown,mixed_blend,2,247.377777778,false,unknown,247.377777778,4.07402519231,10.4709166483,9.33058944805,4.52993846903,32.6243742504,118.125459536,234.325097314,1417.85655704,nan,nan,0.0417683178681,2.3917580967,0.00456130880089,0.261341930904,0.00960130195803,0.550097176872,0.0280944357814,1.60926928984,116.199637778,1183.53145973,nan,nan,-1.14210511621,0,-2.42691888285,-4.11124671611,0,0,0,0
west,west_0334,167000,0.934332406009,93428.8649619,3259497.36563,native,0,-0.00183344633664,70.3444882332,topo-bathy.tt3,30,30,30,3,gmrt_shore_blend,blend to GMRT,54,unknown,mixed_blend,2,285.088802496,false,unknown,285.088802496,5.21613030852,9.77030384396,11.7575083309,11.4041743879,54.6738612201,95.610644737,263.132342835,1628.20853251,1958.31565,nan,0.0390011557122,2.2334696412,0.00794881794774,0.45542412889,0.000706667885921,0.0404890806409,0.0432696868322,2.4776249501,167.521698098,1365.07618967,330.107117491,nan,0,0,0,2.76298920279,690.747300698,2.76298920279,0,4
west,west_0335,167500,0.937129808422,93749.6826332,3259685.20169,native,0,-0.000133932614224,33.4844482509,topo-bathy.tt3,30,30,30,3,gmrt_shore_blend,blend to GMRT,54,unknown,mixed_blend,2,30.9222222222,false,unknown,30.9222222222,6.66711610527,8.84621144061,11.7868097057,-2.03687344981,-20.5817885795,76.7127160906,319.017517979,nan,nan,nan,0.0539822473391,3.08995580742,0.0117623930602,0.673904401372,0.0276473663109,1.58367397857,0.0185449151297,1.06242358546,242.304801888,nan,nan,nan,1.45098579676,-0.924092403357,0,-13.4410478377,108.823934757,1.45098579676,0,1
west,west_0336,168000,0.939927210835,94014.2103113,3259884.56883,native,0,0.000655831071053,62.670714699,topo-bathy.tt3,30,30,30,3,gmrt_shore_blend,blend to GMRT,54,unknown,mixed_blend,2,131.191878136,false,unknown,131.191878136,1.74593586727,5.75537534195,15.8022271123,30.6442128328,122.670810922,225.773110603,362.702792218,633.694344458,1356.50608252,1840.93773364,0.0237261669259,1.35915423047,0.0401874070816,2.30133044433,0.0296839714409,1.70026700999,0.0920265980895,5.25792610553,136.929681615,270.99155224,722.811738066,484.431651119,-4.921180238,-4.01492850201,0,0,0,0,0,0
west,west_0337,168500,0.942724613249,94104.0787034,3260370.97125,native,0,-0.000142242624277,71.0608006958,topo-bathy.tt3,30,30,30,3,gmrt_shore_blend,blend to GMRT,54,unknown,mixed_blend,2,254.991176802,false,unknown,254.991176802,8.06462831192,16.5571845753,24.5141660758,40.9293773074,113.899846064,57.2587486256,130.054792625,350.861236842,1193.18345972,1864.26593186,0.0660472388154,3.77873982253,0.0318279260023,1.82299042343,0.0328304224632,1.88036926388,0.0729704687568,4.17350284238,72.7960439996,220.806444217,842.322222882,671.082472132,0.64480416534,0,0,0,48.3603124005,0.64480416534,0,2
west,west_0338,169000,0.945522015662,94327.5359637,3260797.67917,native,0,-0.000356728671001,54.5208126611,topo-bathy.tt3,30,30,30,3,gmrt_shore_blend,blend to GMRT,54,unknown,mixed_blend,2,207.432572713,false,unknown,207.432572713,7.41982414658,19.378502971,31.4573821762,43.7357578452,114.452641534,67.2924334502,134.368901836,257.62809145,1153.46224287,1862.15744435,0.0771076194528,4.40921651753,0.0483155168208,2.76612413367,0.0245567513382,1.40671548991,0.0707168836888,4.04504501929,67.076468386,123.259189614,895.834151418,708.695201487,0,2.82131839569,6.94321610033,0.346571409868,3254.61256923,6.94321610033,750,4
west,west_0339,169500,0.948319418075,94664.9075201,3261157.82869,native,0,-9.17272292027e-05,50.6217534162,topo-bathy.tt3,30,30,30,3,gmrt_shore_blend,blend to GMRT,54,unknown,mixed_blend,2,291.719661006,false,unknown,291.719661006,7.46956326049,19.3443320781,32.8056680993,49.7818034462,125.954891714,67.0698872115,132.858131697,258.952662141,1005.2174538,1758.27409289,0.0773440873509,4.42268480739,0.0538453440851,3.08213456277,0.0339522706937,1.94457483797,0.0761730882675,4.35598449981,65.7882444857,126.094530444,746.264791657,753.056639089,0.0497391139171,2.7871475028,8.29150202351,6.39261701082,5268.62744563,8.29150202351,900,4
west,west_0340,170000,0.951116820488,94955.8566733,3261563.20171,native,0,-1.71582468791e-05,49.2652295613,topo-bathy.tt3,30,30,30,3,gmrt_shore_blend,blend to GMRT,54,unknown,mixed_blend,2,195.569305072,false,unknown,195.569305072,3.68904454339,10.1279615681,22.256541519,43.3891864354,125.929163446,130.844000584,247.022934516,453.351012733,1145.5216677,1783.65045487,0.0403491391213,2.31058200588,0.0485143198037,2.77748806839,0.0422652898328,2.42018231179,0.0825399770109,4.71849625647,116.178933932,206.328078217,692.170654967,638.128787169,-3.73077960319,-1.75185122297,0,0,0,0,0,0
west,west_0341,170500,0.953914222901,95311.7321903,3261908.9093,native,0,0.000447821686128,49.6386582861,topo-bathy.tt3,30,30,30,3,gmrt_shore_blend,blend to GMRT,54,unknown,mixed_blend,2,30.9222222222,false,unknown,30.9222222222,3.14681431886,7.07933803093,16.5673766435,34.1141374258,138.344797366,175.16896479,340.659486987,576.473547825,1320.93662835,1800.8920944,0.0275686793623,1.57916898223,0.0379521544503,2.17345515029,0.0350935215646,2.00988584954,0.10423065994,5.95049021703,165.490522197,235.814060839,744.463080521,479.955466055,-1.2713453994,-3.04862353715,-0.533169575017,0,0,0,0,0
west,west_0342,171000,0.956711625315,95537.8889857,3262248.02299,native,0,-8.34028771946e-05,74.9235221509,topo-bathy.tt3,30,30,30,3,gmrt_shore_blend,blend to GMRT,54,unknown,mixed_blend,2,30.9222222222,false,unknown,30.9222222222,9.02448798341,11.879812791,17.1005462185,21.4205854823,53.6264067772,33.6679541637,157.436334848,923.225703494,1951.55484949,nan,0.0468697461726,2.68347479723,0.0208829337099,1.19633008036,0.00864007852752,0.495027716436,0.0322058212949,1.84462005643,123.768380684,765.789368646,1028.329146,nan,4.96645013759,3.54021343498,0.533169575017,-1.59764361041,1280.46503795,4.96645013759,400,4
west,west_0343,171500,0.959509027728,95527.5743282,3262710.16356,native,0,-0.000858937539445,44.8600254236,topo-bathy.tt3,30,30,30,3,gmrt_shore_blend,blend to GMRT,54,unknown,mixed_blend,2,92.7666666667,false,unknown,92.7666666667,4.41815971826,8.05428356888,11.5847956801,18.1266048947,63.7263627608,118.347348948,398.01323369,1121.47984667,1889.39537829,nan,0.0313932179344,1.79810834908,0.0141220484449,0.809079991286,0.0130836184291,0.749593346638,0.0455997578661,2.61086505131,279.665884742,723.466612978,767.915531625,nan,0.360121872438,0,-2.05100632926,-4.891624198,27.0091404328,0.360121872438,0,2
west,west_0344,172000,0.962306430141,96018.0944286,3262725.88785,native,0,-0.000131660727563,25.7100262753,topo-bathy.tt3,30,30,30,3,gmrt_shore_blend,blend to GMRT,54,unknown,mixed_blend,2,340.144444444,false,unknown,340.144444444,4.05803784582,8.33959935607,13.6358020094,23.0182290927,103.683934161,129.823329255,316.091535435,845.400984924,1632.78708979,1978.97640856,0.0335751318803,1.92299098126,0.0211848106132,1.21361870382,0.0187648541666,1.07502078009,0.0806657050681,4.61181878271,186.268206181,529.309449489,787.386104865,346.18931877,0,0.285315787189,0,0,57.0631574377,0.285315787189,0,4
west,west_0345,172500,0.965103832554,96319.0521309,3263091.2467,native,0,5.3256254338e-05,37.3164214067,topo-bathy.tt3,30,30,30,3,gmrt_shore_blend,blend to GMRT,54,unknown,mixed_blend,2,30.9222222222,false,unknown,30.9222222222,3.43638583586,6.08319346356,11.7542994539,24.1884669678,88.8423758626,179.664260775,446.582450783,756.824091952,1732.09034022,nan,0.0229964480447,1.31736722548,0.0226844239616,1.29949888421,0.0248683350277,1.42455702415,0.0646539088948,3.69924739934,266.918190009,310.241641169,975.266248273,nan,0,-1.97109010532,-1.88150255542,0,0,0,0,0
west,west_0346,173000,0.967901234967,96756.5033825,3263288.73925,native,0,3.34710599842e-05,28.7613848816,topo-bathy.tt3,30,30,30,3,gmrt_shore_blend,blend to GMRT,54,unknown,mixed_blend,2,138.288381808,false,unknown,138.288381808,1.9720895552,5.84733673648,14.6509343106,25.4735036153,107.330621662,220.152386379,376.438806756,713.910636423,1649.00822602,1967.3581612,0.0235192114847,1.34730317045,0.0352143902966,2.01680257006,0.0216451386094,1.23998146474,0.0818571180463,4.67963389871,156.286420377,337.471829667,935.097589594,318.34993518,-1.46429628066,-2.32885214625,0,0,0,0,0,0
west,west_0347,173500,0.970698637381,97175.2704768,3263561.20554,native,0,0.000567247121488,39.2341718796,topo-bathy.tt3,30,30,30,3,gmrt_shore_blend,blend to GMRT,54,unknown,mixed_blend,2,349.845008363,false,unknown,349.845008363,3.10780593705,8.17618888273,14.8317393611,30.0661563698,153.280066751,157.317450611,300.186006776,712.277533075,1314.96309738,1748.39052754,0.0326999405956,1.87290122094,0.0266222019137,1.52497960688,0.0304688340172,1.74519567879,0.123213910381,7.02423329179,142.868556165,412.091526298,602.685564309,433.427430159,0,0,0,0,0,0,0,1
west,west_0348,174000,0.973496039794,97517.591176,3263910.22353,native,0,0.000612895648428,61.2622508837,topo-bathy.tt3,30,30,30,3,gmrt_shore_blend,blend to GMRT,54,unknown,mixed_blend,2,349.845008363,false,unknown,349.845008363,3.54093372099,10.8461719114,26.2960160109,81.2618600246,313.302454026,133.403005906,234.258429837,401.494030462,755.768205563,1118.72456049,0.0434461296735,2.48771541106,0.061799376398,3.53634605941,0.109931688027,6.27343126622,0.232040594002,13.0637581352,100.855423931,167.235600625,354.274175101,362.956354926,0.740123656561,2.40089673828,0,0,535.688621898,2.40089673828,150,4
west,west_0349,174500,0.976293442207,97633.1019465,3264396.14541,native,0,0.000141309893935,74.3505058165,topo-bathy.tt3,30,30,30,3,gmrt_shore_blend,blend to GMRT,54,unknown,mixed_blend,2,154.611111111,false,unknown,154.611111111,2.80081006443,8.71073107005,27.3861843141,94.5883996909,353.643601388,161.175127676,275.129281227,417.589435763,716.50269811,1026.8209898,0.0348585265502,1.99643807803,0.0747018129762,4.27216365829,0.134404430754,7.65493229441,0.259055201697,14.5234992632,113.954153552,142.460154535,298.913262348,310.318291694,-0.306995872621,0,0,0,0,0,0,0
west,west_0350,175000,0.97909084462,97786.8418714,3264871.36488,native,0,1.46973162597e-05,69.3587114096,topo-bathy.tt3,30,30,30,3,gmrt_shore_blend,blend to GMRT,54,unknown,mixed_blend,2,87.4612520908,false,unknown,87.4612520908,2.37140518942,8.44527517314,31.6586380958,104.551258108,352.871061605,173.34817345,275.55690829,397.758333753,657.688103149,975.893413395,0.0337394797639,1.93239676633,0.0928534516908,5.30489992584,0.145785240025,8.29444679048,0.248319803497,13.9456023745,102.20873484,122.201425464,259.929769395,318.205310246,-1.16952853157,-2.40089673828,0,9.96285841743,2490.71460436,9.96285841743,0,4
west,west_0351,175500,0.981888247033,97983.5054546,3265326.34297,native,0,0.000311895533973,75.1926000083,topo-bathy.tt3,30,30,30,3,gmrt_shore_blend,blend to GMRT,54,unknown,mixed_blend,2,123.688888889,false,unknown,123.688888889,4.64093427464,16.2621720084,45.3601069326,117.078380458,299.441943703,105.558217131,178.168601282,284.051017073,538.978087749,891.922320993,0.0650936926941,3.72433955146,0.116391739697,6.6388839248,0.14343654705,8.16263317846,0.182363563245,10.3350916791,72.6103841509,105.88241579,254.927070676,352.944233245,0.698426345426,7.55144093835,13.7014688368,22.4899807667,12323.216169,22.4899807667,900,4
west,west_0352,176000,0.984685649447,98038.4802736,3265823.28018,native,0,5.52930212851e-06,87.2290091553,topo-bathy.tt3,30,30,30,3,gmrt_shore_blend,blend to GMRT,54,unknown,mixed_blend,2,254.991176802,false,unknown,254.991176802,5.57455129659,17.0722744832,37.0232572869,92.3662440476,188.925000905,90.438020961,163.165924048,285.371385831,632.852001796,1078.93118773,0.0682791676125,3.90604560774,0.0798039312148,4.56275861201,0.110685973521,6.31612909089,0.0965587568576,5.51531081447,72.7279030867,122.205461783,347.480615965,446.079185929,1.2022640399,8.62699931008,5.36461919108,0,3827.30186166,8.62699931008,400,4
west,west_0353,176500,0.98748305186,98031.6058663,3266320.13967,native,0,-0.000530764641729,75.509405684,topo-bathy.tt3,30,30,30,3,gmrt_shore_blend,blend to GMRT,54,unknown,mixed_blend,2,127.495588401,false,unknown,127.495588401,3.94250792921,7.91762935953,12.4950689096,73.3256443533,171.836765676,125.614014282,433.322072587,604.100650466,818.982589619,1304.39514652,0.0312936209126,1.7924074607,0.0183097582002,1.04895465954,0.121661150887,6.93658073772,0.0985111213229,5.62611890009,307.708058305,170.778577878,214.881939154,485.412556899,-0.698426345426,-5.26218895508,-11.3982848233,-0.726784397702,0,0,0,0
west,west_0354,177000,0.990280454273,98278.503679,3266752.01075,native,0,-0.00052805068915,56.8184352695,topo-bathy.tt3,30,30,30,3,gmrt_shore_blend,blend to GMRT,54,unknown,mixed_blend,2,154.611111111,false,unknown,154.611111111,4.37228725669,7.03911018064,18.8191090986,74.052428751,187.492648581,126.23766882,346.424216915,512.590965644,771.128368338,1284.3581567,0.0280524800586,1.60686729705,0.0471199956719,2.69778144082,0.110466639305,6.30371396723,0.11344021983,6.47197850803,220.186548095,166.166748729,258.537402694,513.229788365,0,-1.91204827535,-5.07424463432,0.726784397702,181.696099426,0.726784397702,0,3
west,west_0355,177500,0.993077856686,98576.378272,3267153.22407,native,0,-0.000360667383797,45.2543298267,topo-bathy.tt3,30,30,30,3,gmrt_shore_blend,blend to GMRT,54,unknown,mixed_blend,2,391.138610144,false,unknown,391.138610144,6.17988156478,13.1798183146,23.8933537329,67.8207249669,182.680859299,80.3297257,168.769892233,425.082212655,815.121480176,1334.93315631,0.0526836455359,3.01576245096,0.0428541416733,2.4538600346,0.0878547424679,5.02081478884,0.114860134332,6.55228716063,88.4401665329,256.312320422,390.039267521,519.811676134,1.80759430809,4.22865985863,0,-5.50491938642,981.301544832,4.22865985863,150,4
west,west_0356,178000,0.995875259099,98966.0392121,3267445.67733,native,0,-0.000192581957323,36.1537163699,topo-bathy.tt3,30,30,30,3,gmrt_shore_blend,blend to GMRT,54,unknown,mixed_blend,2,241.510276089,false,unknown,241.510276089,2.55707644401,8.95115845599,27.7370737762,72.000408047,190.151706696,167.17344253,267.19665636,404.978582806,756.875469267,1293.03061722,0.0359491166762,2.0588460592,0.075143661281,4.29733838471,0.0885266685415,5.05901620029,0.118151298649,6.73833153814,100.023213829,137.781926446,351.896886461,536.155147954,-3.05826201663,-4.22865985863,0,-2.05202070404,0,0,0,0
west,west_0357,178500,0.998672661513,99371.2726121,3267734.01329,native,0,-7.81730272183e-05,34.2201964617,topo-bathy.tt3,30,30,30,3,gmrt_shore_blend,blend to GMRT,54,unknown,mixed_blend,2,285.088802496,false,unknown,285.088802496,5.61533846065,16.2569054267,35.6014575312,79.7180707092,198.387421449,89.7102542788,165.245069884,297.770366885,677.179568665,1191.78158286,0.065063723567,3.72262968864,0.077378208418,4.42462817,0.0882332263559,5.04233351038,0.11866935074,6.76760331614,75.5348156048,132.525297001,379.40920178,514.602014198,-0.282271552064,1.53854355605,3.93219187749,3.85883133108,2746.98849804,3.93219187749,750,4
west,west_0358,178737.244824,1,99572.9920365,3267858.47488,native,0,-8.88534773362e-05,31.6747318385,topo-bathy.tt3,30,30,30,3,gmrt_shore_blend,blend to GMRT,54,unknown,mixed_blend,2,138.288381808,false,unknown,138.288381808,7.16903060478,19.0428786119,39.2838565235,86.5341140091,207.97422665,71.1611809568,136.401392858,261.74048451,621.21920107,1127.74427335,0.0761651471929,4.35553213425,0.0809639116463,4.62879389591,0.0945005149712,5.39844875374,0.121440112641,6.9241005681,65.2402119014,125.339091652,359.478716561,506.525072282,1.55369214413,2.78597318521,3.6823989923,6.81604329997,3758.63199496,6.81604329997,900,4
