case_id,requested_time_min_s,seaward_distance_m,landward_distance_m,side,zone,rank,point_id,max_displayed_speed_mps,max_frame_index,max_time_s,displayed_frame_count,x_m,y_m,shoreline_distance_m,b0_m,b_current_at_max_m,h_at_max_m,dynamic_wet_at_max,u_at_max_mps,v_at_max_mps,source_topo_id,native_dx_m,native_dy_m,effective_resolution_m,source_precedence_rank,colorbar_fraction_at_max,colorbar_saturated_at_max,station_id,station_alongshore_distance_m,normalized_along_gulf_coordinate,u_parallel_mps,u_normal_mps,angle_to_shoreline_tangent_deg,angle_to_shoreline_normal_deg,angle_to_seaward_normal_deg,bathymetric_gradient_x,bathymetric_gradient_y,isobath_tangent_x,isobath_tangent_y,downslope_x,downslope_y,u_parallel_isobath_mps,u_downslope_mps,angle_to_isobath_tangent_deg,angle_to_bathymetric_gradient_deg,velocity_to_channel_axis_alignment_deg,model_grid_spacing_m,raw_source_class_value,raw_source_id,raw_source_native_resolution_m,raw_source_multibeam,raw_source_confidence,source_overlap_count,distance_to_raw_source_boundary_m,metric_side,metric_station_id,metric_alongshore_distance_m,metric_normalized_along_gulf_coordinate,metric_x_m,metric_y_m,metric_representation,metric_common_scale_m,metric_shoreline_curvature,metric_channel_axis_orientation_deg,metric_source_topo_id,metric_native_resolution_m,metric_effective_resolution_m,metric_model_grid_spacing_m,metric_raw_source_class_value,metric_raw_source_id,metric_raw_source_class,metric_raw_source_native_resolution_m,metric_raw_source_multibeam,metric_raw_source_confidence,metric_source_overlap_count,metric_distance_to_raw_source_boundary_m,metric_distance_to_raw_source_boundary_censored,metric_multibeam_coverage,metric_distance_to_resolution_boundary_m,metric_depth_at_100m_offshore,metric_depth_at_250m_offshore,metric_depth_at_500m_offshore,metric_depth_at_1000m_offshore,metric_depth_at_2000m_offshore,metric_distance_to_5m_isobath,metric_distance_to_10m_isobath,metric_distance_to_20m_isobath,metric_distance_to_50m_isobath,metric_distance_to_100m_isobath,metric_mean_abs_slope_0_250m,metric_slope_angle_0_250m_deg,metric_mean_abs_slope_250_500m,metric_slope_angle_250_500m_deg,metric_mean_abs_slope_500_1000m,metric_slope_angle_500_1000m_deg,metric_mean_abs_slope_1000_2000m,metric_slope_angle_1000_2000m_deg,metric_isobath_spacing_5_10m,metric_isobath_spacing_10_20m,metric_isobath_spacing_20_50m,metric_isobath_spacing_50_100m,metric_channel_anomaly_100m,metric_channel_anomaly_250m,metric_channel_anomaly_500m,metric_channel_anomaly_1000m,metric_integrated_positive_channel_anomaly_0_1000m,metric_max_positive_channel_anomaly_0_1000m,metric_contiguous_positive_channel_run_length_m,metric_channel_persistence_scale_count
aqaba_lsa_c10_angm25,900,1000,500,east,combined_coastal,1,669734,23.6787296587,62,3060,5,85504.0703125,3156553,23.7704479582,-2.94090185383,-1.21296840906,0.704425036907,true,19.8966007233,-12.8377380371,topo-bathy.tt3,30,30,30,1,0.861730313647,false,east_0072,36000,0.208965816102,-7.24359813189,-22.5435694679,72.1869835124,17.8130164873,17.8130164873,0.720989105876,0.454376323362,-0.53316632771,0.846010441422,-0.846010441422,-0.53316632771,-21.4690579652,-9.98808231538,24.9493331472,65.0506668528,72.1869835124,30,3,gmrt_shore_blend,54,unknown,mixed_blend,2,30.9222222222,east,east_0072,36000,0.208965816102,85637.0054091,3156690.47266,native,0,5.50003675444e-05,74.9819911656,topo-bathy.tt3,30,30,30,3,gmrt_shore_blend,blend to GMRT,54,unknown,mixed_blend,2,30.9222222222,false,unknown,30.9222222222,75.7111498115,57.7989122892,276.779316566,615.835728108,991.661599068,0,1.05275420481,23.8356273422,70.9326930391,114.42942577,0.19304397478,10.9262028828,0.875921617109,41.2158186365,0.678112823083,34.1416990011,0.37582587096,20.5975190323,1.05275420481,22.7828731373,47.0970656969,43.4967327312,-93.7372937109,-45.7972449308,2.85180732906,25.9712153068,7562.2315751,25.9712153068,500,4
aqaba_lsa_c10_angm25,900,1000,500,east,combined_coastal,2,667813,18.358914819,44,900,1,85414.0390625,3155832.75,1.39062349246,-12.1270460507,-5.11352074146,1.29332339764,true,-15.7229318619,9.47835254669,topo-bathy.tt3,30,30,30,1,0.668128470287,false,east_0070,35000,0.203161210099,7.19019999598,16.8923289499,66.943027766,23.0569722335,23.0569722335,0.25147183387,0.540116359179,-0.906557427804,0.422082492048,-0.422082492048,-0.906557427804,18.2543873297,-1.95629664197,6.11696025289,83.8830397471,66.943027766,30,3,gmrt_shore_blend,54,unknown,mixed_blend,2,61.8444444444,east,east_0070,35000,0.203161210099,85312.2464068,3155884.94587,native,0,0.000271311904996,81.9738780854,topo-bathy.tt3,30,30,30,3,gmrt_shore_blend,blend to GMRT,54,unknown,mixed_blend,2,61.8444444444,false,unknown,61.8444444444,169.448443522,136.724852622,341.711123819,587.378433147,995.472066358,3.96085668234,6.65908818658,12.0555511951,28.2449402205,56.1202125188,0.556258319657,29.0853637756,0.819945084788,39.3498712016,0.491334618655,26.166484267,0.408093633211,22.2000585665,2.69823150425,5.39646300849,16.1893890255,27.8752722982,31.4917573388,43.6148797866,64.9318072529,-5.15264512023,35434.2854776,64.9318072529,400,4
aqaba_lsa_c10_angm25,900,1000,500,east,combined_coastal,3,668876,17.5300820101,58,2580,2,85564.09375,3156252.75,17.9409922855,3.71568529799,-1.10100951791,0.305731624365,true,15.017531395,9.04309272766,topo-bathy.tt3,30,30,30,1,0.637965097221,false,east_0071,35500,0.206063513101,14.0024552181,-10.54680156,36.987456865,53.012543135,53.012543135,0.265563656207,-0.188397721863,0.578610540477,0.815603974027,-0.815603974027,0.578610540477,16.0648843233,-7.0159295151,23.5920754519,66.4079245481,36.987456865,30,1,copernicus_a2_land_core,30,false,high,1,43.7306260454,east,east_0071,35500,0.206063513101,85552.1890104,3156273.70475,native,0,-0.000122031447677,68.042506727,topo-bathy.tt3,30,30,30,1,copernicus_a2_land_core,land/a2 core,30,false,high,1,43.7306260454,false,false,43.7306260454,137.956686184,86.5145719102,273.927509237,592.531078267,967.707035416,0,0,4.68831560772,22.5361443265,54.5900195342,0.297580210099,16.571963575,0.749651749308,36.8571254023,0.63720713806,32.5055780879,0.375175957148,20.564883373,0,4.68831560772,17.8478287187,32.0538752078,0,-17.0815853098,0,5.15264512023,1288.16128006,5.15264512023,0,4
aqaba_lsa_c10_angm25,900,1000,500,east,combined_coastal,4,676873,17.4225222303,44,900,1,86434.421875,3158323.75,9.22526511452,-4.3614704702,-3.12447661161,0.679392755032,true,-14.2801799774,-9.98101902008,topo-bathy.tt3,30,30,30,1,0.634050718196,false,east_0076,38000,0.220575028108,-16.3774353044,5.94339075911,19.945894786,70.0541052137,70.0541052137,0.60067522858,-0.64123711167,0.729812320427,0.683647553168,-0.683647553168,0.729812320427,-17.2453505166,2.47833944907,8.17801740124,81.8219825988,19.945894786,30,3,gmrt_shore_blend,54,unknown,mixed_blend,2,111.491657774,east,east_0076,38000,0.220575028108,86473.8442771,3158330.13662,native,0,-0.000269609651481,54.8972148634,topo-bathy.tt3,30,30,30,3,gmrt_shore_blend,blend to GMRT,54,unknown,mixed_blend,2,111.491657774,false,unknown,111.491657774,171.433199244,120.338368069,324.741135768,505.101288369,837.252409782,6.94917377357,11.7876680911,21.4646567262,50.209998215,70.7109823342,0.490078002336,26.1084578047,0.817611070797,39.2698129103,0.360720305202,19.8354034178,0.332151121412,18.373965039,4.83849431756,9.67698863511,28.7453414887,20.5009841192,0,6.73170877339,59.5892303689,-15.1325007837,23692.303143,59.5892303689,250,4
aqaba_lsa_c10_angm25,900,1000,500,east,combined_coastal,5,667324,17.2282248025,63,3180,1,85504.0703125,3155652.75,4.29018285819,-11.8395387623,-6.89856910706,2.81227350235,true,12.7591571808,-11.5765123367,topo-bathy.tt3,30,30,30,1,0.626979731457,false,east_0069,34500,0.200258907098,-1.41622669377,-17.1699164762,85.2847446426,4.71525535659,4.71525535659,0.826361249426,0.211775603688,-0.248252270753,0.968695416561,-0.968695416561,-0.248252270753,-14.3816041833,-9.48584160524,33.408109638,56.591890362,85.2847446426,30,1,copernicus_a2_land_core,30,false,high,1,43.7306260454,east,east_0069,34500,0.200258907098,85448.3390242,3155537.21024,native,0,0.000697395795938,52.4974796391,topo-bathy.tt3,30,30,30,1,copernicus_a2_land_core,land/a2 core,30,false,high,1,43.7306260454,false,false,43.7306260454,71.5478818677,132.298483985,99.6035350239,436.284142202,888.651252033,3.28875443425,7.78122032803,16.7661521156,43.7209474783,181.180815745,0.523835135282,27.6471268397,0.130779795845,7.45084422457,0.673361214356,33.9547956782,0.452367109831,24.3404315506,4.49246589378,8.98493178757,26.9547953627,137.459868267,-66.4088043159,39.1885111494,-174.323974213,-151.094290945,7837.70222988,39.1885111494,0,1
aqaba_lsa_c10_angm25,900,1000,500,east,combined_coastal,6,608639,17.1794423147,62,3060,3,76470.7109375,3135335,12.0388961328,2.38725772098,-2.21444505453,0.927855551243,true,8.04090309143,15.1814727783,topo-bathy.tt3,30,30,30,1,0.625204410351,false,east_0018,9000,0.0522414540256,17.1259068635,1.3551945789,4.52445922337,85.4755407767,85.4755407767,0.221662889487,-0.179810248818,0.62997862374,0.776612473265,-0.776612473265,0.62997862374,16.8557181853,3.31933769009,11.140507608,78.859492392,4.52445922337,30,3,gmrt_shore_blend,54,unknown,mixed_blend,2,69.1441909042,east,east_0018,9000,0.0522414540256,76520.9673567,3135395.19668,native,0,0.000339078907206,57.5675029327,topo-bathy.tt3,30,30,30,3,gmrt_shore_blend,blend to GMRT,54,unknown,mixed_blend,2,69.1441909042,false,unknown,69.1441909042,97.843125069,188.745952003,173.364063719,392.099354689,1000.18768563,6.45287240214,12.099540788,23.3928775597,55.9318467738,103.409385275,0.757839311332,37.156279684,0.0615275531362,3.52083072905,0.43747058194,23.6279629749,0.608088330942,31.3032962494,5.64666838586,11.2933367717,32.5389692141,47.4775385011,-6.14525790167,0,-66.5500367986,-141.608631822,0,0,0,1
aqaba_lsa_c10_angm25,900,1000,500,east,combined_coastal,7,664196,16.4277310161,52,1860,1,84663.7578125,3154602.25,2.63403293988,-1.10053009106,-2.94126737118,1.28092861176,true,12.1108846664,11.0994062424,topo-bathy.tt3,30,30,30,1,0.597847688835,false,east_0065,32500,0.188649695092,16.1492592012,-3.01193851023,10.5646439672,79.4353560332,79.4353560332,0.285398111685,-0.108380689808,0.355015693805,0.934860340988,-0.934860340988,0.355015693805,14.675948827,-7.38152236092,26.7009007069,63.2990992931,10.5646439672,30,3,gmrt_shore_blend,54,unknown,mixed_blend,2,61.8444444444,east,east_0065,32500,0.188649695092,84737.7377523,3154595.27281,native,0,9.01323480055e-05,31.9400491058,topo-bathy.tt3,30,30,30,3,gmrt_shore_blend,blend to GMRT,54,unknown,mixed_blend,2,61.8444444444,false,unknown,61.8444444444,28.4095575677,-2.31277633536,-30.3968574831,-63.57350527,-83.3493252796,40.6213411041,58.0459161237,80.8352111527,nan,nan,0.00379318457789,0.217332424887,0.112336324591,6.40952585756,0.0663532955738,3.79619906823,0.0197758200097,1.13292334932,17.4245750196,22.789295029,nan,nan,-73.543832755,-58.0424128149,-208.951847547,-602.806788159,0,0,0,0
aqaba_lsa_c10_angm25,900,1000,500,east,combined_coastal,8,650128,16.2498599584,49,1500,4,82623,3149800.5,18.0750893991,3.26085157871,-3.1873190403,1.89267420769,true,-13.631064415,-8.84601783752,topo-bathy.tt3,30,30,30,1,0.591374500258,false,east_0052,26000,0.150919756074,-14.1874120813,7.92308570592,29.1815608628,60.8184391372,60.8184391372,0.0322738999327,-0.319724232515,0.994943869563,0.100432546612,-0.100432546612,0.994943869563,-14.4505720741,-7.43228870526,27.2178860478,62.7821139522,29.1815608628,30,3,gmrt_shore_blend,54,unknown,mixed_blend,2,30.9222222222,east,east_0052,26000,0.150919756074,82542.9118759,3149759.06978,native,0,-0.000508796516636,62.1635258807,topo-bathy.tt3,30,30,30,3,gmrt_shore_blend,blend to GMRT,54,unknown,mixed_blend,2,30.9222222222,false,unknown,30.9222222222,77.5500266792,57.9806142926,195.335385226,538.041144206,760.52552947,2.43567243426,5.94820117959,12.9732586703,34.0484311423,362.498759047,0.225790941165,12.7235101137,0.549419083733,28.7852335013,0.68541151796,34.4271883864,0.222484385265,12.5431208872,3.51252874534,7.02505749068,21.075172472,328.450327904,0,-16.1510556679,34.9945105467,106.53900063,39757.6916125,106.53900063,500,4
aqaba_lsa_c10_angm25,900,1000,500,east,combined_coastal,9,625734,16.2124860104,57,2460,10,79861.9765625,3141967.5,23.4967141765,-22.0929570839,-4.38952600956,1.46121585369,true,13.1705198288,9.45421123505,topo-bathy.tt3,30,30,30,1,0.590014365471,false,east_0034,17000,0.0986783020483,12.7418020364,-10.0245290914,38.1936667515,51.8063332485,51.8063332485,0.813673793519,-0.405742246824,0.446250187331,0.894908246865,-0.894908246865,0.446250187331,14.3379985427,-7.56746327558,27.8246785545,62.1753214455,38.1936667515,30,1,copernicus_a2_land_core,30,false,high,1,30.9222222222,east,east_0034,17000,0.0986783020483,79898.4603436,3142070.12734,native,0,0.000406958112462,73.8656350286,topo-bathy.tt3,30,30,30,1,copernicus_a2_land_core,land/a2 core,30,false,high,1,30.9222222222,false,false,30.9222222222,75.094592586,129.999981029,257.096940025,277.811219295,556.460714927,5.89031565179,11.3605027328,22.3008768948,57.8615129742,175.777631055,0.521535990668,27.5436621398,0.508387835984,26.9482299099,0.0414285585401,2.37232494905,0.278649495632,15.5704685434,5.47018708099,10.940374162,35.5606360795,117.916118081,-17.1859978727,-21.0023229363,0,-74.6128953966,0,0,0,1
aqaba_lsa_c10_angm25,900,1000,500,east,combined_coastal,10,668793,16.1308621066,65,3420,8,85534.0859375,3156222.75,14.9019690639,3.38959053816,-2.81663835049,1.39354646206,true,12.4729614258,10.2288780212,topo-bathy.tt3,30,30,30,1,0.587043860159,false,east_0071,35500,0.206063513101,14.1507633266,-7.74342363405,28.6878711294,61.3121288706,61.3121288706,0.283000582787,-0.243684280204,0.652506735506,0.757782924141,-0.757782924141,0.652506735506,15.8899604396,-2.77738537644,9.91449770312,80.0855022969,28.6878711294,30,1,copernicus_a2_land_core,30,false,high,1,43.7306260454,east,east_0071,35500,0.206063513101,85552.1890104,3156273.70475,native,0,-0.000122031447677,68.042506727,topo-bathy.tt3,30,30,30,1,copernicus_a2_land_core,land/a2 core,30,false,high,1,43.7306260454,false,false,43.7306260454,137.956686184,86.5145719102,273.927509237,592.531078267,967.707035416,0,0,4.68831560772,22.5361443265,54.5900195342,0.297580210099,16.571963575,0.749651749308,36.8571254023,0.63720713806,32.5055780879,0.375175957148,20.564883373,0,4.68831560772,17.8478287187,32.0538752078,0,-17.0815853098,0,5.15264512023,1288.16128006,5.15264512023,0,4
aqaba_lsa_c10_angm25,900,1000,500,west,combined_coastal,1,674054,7.58303018648,44,900,1,59124.25,3157813.5,79.116836165,-4.51100718677,-4.38289034367,2.38415288925,true,-1.39486980438,7.4536356926,topo-bathy.tt3,30,30,30,1,0.275966112844,false,west_0070,35000,0.195818168924,-7.44807574909,1.42425926186,10.8257009403,79.1742990594,79.1742990594,0.0171999178463,0.00961240481006,-0.487847888669,0.872928655459,-0.872928655459,-0.487847888669,7.18697647246,-2.41861861266,18.5995259902,71.4004740098,10.8257009403,30,3,gmrt_shore_blend,54,unknown,mixed_blend,2,30.9222222222,west,west_0070,35000,0.195818168924,59186.5011936,3157927.71893,native,0,0.000588539271809,-68.5745976222,topo-bathy.tt3,30,30,30,3,gmrt_shore_blend,blend to GMRT,54,unknown,mixed_blend,2,30.9222222222,false,unknown,30.9222222222,-0.19692408423,-3.3664467237,-3.26866706872,-1.89133333352,34.7640422818,1533.66982957,1631.93540483,1810.56532498,nan,nan,0.0140651353924,0.805819761152,0.000391118619916,0.0224094450675,0.0027546674704,0.157830420801,0.0366553756153,2.09925845638,98.2655752613,178.629920146,nan,nan,-2.78101019386,-9.44515785461,-14.6523859162,-16.7182558397,0,0,0,0
aqaba_lsa_c10_angm25,900,1000,500,west,combined_coastal,2,668231,7.25247065007,44,900,2,56513.2773438,3156012.75,27.542556882,-1.39349405977,-2.61085531116,3.10378193855,true,-2.43418765068,6.83176851273,topo-bathy.tt3,30,30,30,1,0.263936194977,false,west_0061,30500,0.170641547205,5.57457265783,-4.63923164036,39.7676661874,50.2323338125,50.2323338125,-0.0459097891429,0.00855554695338,-0.18320161304,-0.983075362818,0.983075362818,-0.18320161304,-6.27019620529,-3.64458091931,30.167496247,59.832503753,39.7676661874,30,3,gmrt_shore_blend,54,unknown,mixed_blend,2,154.611111111,west,west_0061,30500,0.170641547205,56541.1525131,3156181.88371,native,0,-0.000672703445539,69.8435295128,topo-bathy.tt3,30,30,30,3,gmrt_shore_blend,blend to GMRT,54,unknown,mixed_blend,2,154.611111111,false,unknown,154.611111111,4.24876868561,10.8222514343,17.6922904794,34.7046520448,88.108846996,117.065481012,230.717115001,640.111752575,1290.32372566,nan,0.0432498518555,2.47649061245,0.0274801561801,1.57410081712,0.0340247231308,1.94872126681,0.0534041949512,3.05693105527,113.65163399,409.394637574,650.211973086,nan,-0.0665648972767,0,-1.82004499442,-6.80224031819,0,0,0,0
aqaba_lsa_c10_angm25,900,1000,500,west,combined_coastal,3,597624,7.13316457818,44,900,1,49760.7617188,3131523.75,71.9818734715,-3.52274796444,-3.0885335058,3.2369325161,true,-4.86047267914,-5.22090435028,topo-bathy.tt3,30,30,30,1,0.25959433795,false,west_0006,3000,0.0167844144792,-6.32160827082,-3.30443728488,27.5970127985,62.4029872015,62.4029872015,-0.0347106648353,0.0221171613604,-0.537369237998,-0.843347082792,0.843347082792,-0.537369237998,7.01490295324,-1.29351206257,10.447690045,79.552309955,27.5970127985,30,3,gmrt_shore_blend,54,unknown,mixed_blend,2,264.19958248,west,west_0006,3000,0.0167844144792,49679.5047044,3131483.23379,native,0,-0.000701367991271,74.6445923403,topo-bathy.tt3,30,30,30,3,gmrt_shore_blend,blend to GMRT,54,unknown,mixed_blend,2,264.19958248,false,unknown,264.19958248,5.22810880776,8.88061342054,12.3593920634,21.6017674112,94.5338836568,94.3397088095,315.971389081,959.82606827,1455.06960759,nan,0.0377676727099,2.1629002543,0.0139151145716,0.797225883325,0.0184847506955,1.05897759858,0.0729321162455,4.17131703797,221.631680272,643.854679189,495.243539324,nan,0.51954287382,0,0,-11.1453312524,38.9657155365,0.51954287382,0,1
aqaba_lsa_c10_angm25,900,1000,500,west,combined_coastal,4,696803,6.85377274734,44,900,2,61255.0429688,3164926,5.04969664372,0.517811077027,-2.26461598277,0.278365343809,true,6.44932031631,-2.3195836544,topo-bathy.tt3,30,30,30,1,0.249426545442,false,west_0089,44500,0.248968814775,-1.55604478448,6.67479778726,76.8774405745,13.1225594257,13.1225594257,-0.0915115509589,0.00584392866048,-0.063730194237,-0.997967164962,0.997967164962,-0.063730194237,1.90385188702,6.58403742884,73.8721524512,16.1278475488,76.8774405745,30,3,gmrt_shore_blend,54,unknown,mixed_blend,2,216.455555556,west,west_0089,44500,0.248968814775,61269.3541727,3165166.41127,native,0,0.000159914545019,83.3407644262,topo-bathy.tt3,30,30,30,3,gmrt_shore_blend,blend to GMRT,54,unknown,mixed_blend,2,216.455555556,false,unknown,216.455555556,10.0010572841,24.453031639,36.1426129753,56.0783533472,83.3184263878,49.9475241176,99.9894183397,201.778466787,833.016994836,nan,0.0977031726682,5.58026816837,0.0467583253453,2.67710481425,0.0398714807436,2.28325815693,0.0272400730407,1.56035535608,50.0418942221,101.789048447,631.238528049,nan,1.25208406672,5.69364812846,4.33081346634,4.97797463197,4101.18463857,5.69364812846,900,4
aqaba_lsa_c10_angm25,900,1000,500,west,combined_coastal,5,673751,6.74116486755,44,900,1,59214.28125,3157753.5,83.8041448998,-3.65355925761,-3.5019056797,2.73693203926,true,-0.878739774227,6.68364572525,topo-bathy.tt3,30,30,30,1,0.245328452978,false,west_0070,35000,0.195818168924,-6.5427598439,1.62345230806,13.9353364039,76.0646635961,76.0646635961,0.0159861472994,0.0122251644762,-0.607464643379,0.794346717148,-0.794346717148,-0.607464643379,5.84293538401,-3.36205441208,29.9163391098,60.0836608902,13.9353364039,30,3,gmrt_shore_blend,54,unknown,mixed_blend,2,30.9222222222,west,west_0070,35000,0.195818168924,59186.5011936,3157927.71893,native,0,0.000588539271809,-68.5745976222,topo-bathy.tt3,30,30,30,3,gmrt_shore_blend,blend to GMRT,54,unknown,mixed_blend,2,30.9222222222,false,unknown,30.9222222222,-0.19692408423,-3.3664467237,-3.26866706872,-1.89133333352,34.7640422818,1533.66982957,1631.93540483,1810.56532498,nan,nan,0.0140651353924,0.805819761152,0.000391118619916,0.0224094450675,0.0027546674704,0.157830420801,0.0366553756153,2.09925845638,98.2655752613,178.629920146,nan,nan,-2.78101019386,-9.44515785461,-14.6523859162,-16.7182558397,0,0,0,0
aqaba_lsa_c10_angm25,900,1000,500,west,combined_coastal,6,690248,6.6907627327,46,1140,1,60924.9179688,3162315.25,47.3527971402,-2.18417746333,-2.39928239584,1.68662035465,true,-3.30580663681,5.81703948975,topo-bathy.tt3,30,30,30,1,0.243494188721,false,west_0083,41500,0.232184400296,6.65428423693,-0.697715729673,5.98571163727,84.0142883627,84.0142883627,-0.0262310362062,-0.0179846659408,0.565478517654,-0.824763024191,0.824763024191,0.565478517654,-6.66704171804,0.562903788634,4.82608359378,85.1739164062,5.98571163727,30,3,gmrt_shore_blend,54,unknown,mixed_blend,2,30.9222222222,west,west_0083,41500,0.232184400296,60879.3755345,3162297.0998,native,0,-0.000391766537663,113.623731798,topo-bathy.tt3,30,30,30,3,gmrt_shore_blend,blend to GMRT,54,unknown,mixed_blend,2,30.9222222222,false,unknown,30.9222222222,3.74220572178,7.90819650619,15.8790401627,42.197673533,121.720581161,142.365754168,333.125900124,583.161667602,1120.6502828,1746.51365722,0.0312992029279,1.79272697366,0.0318833746262,1.8261641749,0.0526372667405,3.01311249039,0.0795229076283,4.54675868636,190.760145956,250.035767478,537.488615193,625.863374428,-3.84101509934,-3.37174075167,-6.45235925941,-3.5504747748,0,0,0,0
aqaba_lsa_c10_angm25,900,1000,500,west,combined_coastal,7,590659,6.64947994929,44,900,1,50631.0859375,3128912.75,201.194764773,-2.96044226158,-4.03067362309,1.05162131786,true,5.99049043655,2.88610601425,topo-bathy.tt3,30,30,30,1,0.241991801286,false,west_0000,0,0,4.10800503798,5.22875493821,51.8448223775,38.1551776227,38.1551776227,-0.00117286479747,-0.0658778916162,0.999841553264,-0.0178007967787,0.0178007967787,0.999841553264,5.93816627625,2.99228422304,26.7438599997,63.2561400003,51.8448223775,30,3,gmrt_shore_blend,54,unknown,mixed_blend,2,69.1441909042,west,west_0000,0,0,50456.4167906,3129012.6,native,0,0.000757522661872,77.5687179791,topo-bathy.tt3,30,30,30,3,gmrt_shore_blend,blend to GMRT,54,unknown,mixed_blend,2,69.1441909042,false,unknown,69.1441909042,3.57280055807,4.39812940466,2.66500816448,9.16684320736,39.2591864253,850.273247731,1022.19751905,1293.32579585,nan,nan,0.0175959902624,1.00807194761,0.00693248496072,0.397195766879,0.0130036700858,0.745013423198,0.030092343218,1.72364410616,171.924271314,271.128276802,nan,nan,1.71202420566,0,-6.25654540011,-25.3675751219,128.401815424,1.71202420566,0,2
aqaba_lsa_c10_angm25,900,1000,500,west,combined_coastal,8,591864,6.57806188418,44,900,1,50661.0976562,3129272.75,109.731562001,-3.83503468684,-3.63881528378,2.65489983559,true,-3.24133253098,-5.72404241562,topo-bathy.tt3,30,30,30,1,0.239392712884,false,west_0001,500,0.0027974024132,-5.1271404119,-4.12108351636,38.7915609062,51.2084390937,51.2084390937,-0.0238093976534,0.0102922677521,-0.396791365476,-0.917908825692,0.917908825692,-0.396791365476,6.54028181286,-0.703997131052,6.14367335656,83.8563266434,38.7915609062,30,3,gmrt_shore_blend,54,unknown,mixed_blend,2,304.548569582,west,west_0001,500,0.0027974024132,50558.6407786,3129476.33399,native,0,0.000848374521246,99.2701436845,topo-bathy.tt3,30,30,30,3,gmrt_shore_blend,blend to GMRT,54,unknown,mixed_blend,2,304.548569582,false,unknown,304.548569582,1.86077635241,5.40737544357,13.0138061958,37.281437714,87.5916995983,234.246455069,406.417465964,671.546049858,1203.54704381,nan,0.021848656156,1.25163664912,0.0304257230089,1.74272788769,0.0485352630364,2.77868520838,0.0503102618843,2.88013731675,172.171010895,265.128583894,532.000993956,nan,-0.158993085139,0.906597704486,4.31239257265,5.66691344802,3215.19511765,5.66691344802,750,4
aqaba_lsa_c10_angm25,900,1000,500,west,combined_coastal,9,672632,6.43330411403,47,1260,1,59964.5625,3157513.25,116.763948884,-3.90684903977,-3.70422655344,0.894053995609,true,4.45456647873,-4.6415772438,topo-bathy.tt3,30,30,30,1,0.234124602623,false,west_0072,36000,0.20141297375,3.66350854768,5.28829905968,55.2874303179,34.7125696821,34.7125696821,-0.0358253283546,0.0156029403737,-0.3993009213,-0.916819924657,0.916819924657,-0.3993009213,2.476778,5.93742137315,67.3566851449,22.6433148551,55.2874303179,30,3,gmrt_shore_blend,54,unknown,mixed_blend,2,197.998830586,west,west_0072,36000,0.20141297375,59804.0382519,3157524.09977,native,0,0.00143906467419,9.10963249658,topo-bathy.tt3,30,30,30,3,gmrt_shore_blend,blend to GMRT,54,unknown,mixed_blend,2,197.998830586,false,unknown,197.998830586,2.40653605315,8.32710161954,23.0570613512,55.5950974173,147.764418857,173.288230382,282.405966995,447.392407798,934.018555908,1445.84247858,0.0336469031558,1.92709853213,0.0589198389266,3.37195973306,0.0650760721322,3.72333422623,0.0921693214397,5.26603477312,109.117736613,164.986440803,486.62614811,511.823922668,-0.261247799282,0.824632209897,0,0,164.926441979,0.824632209897,0,3
aqaba_lsa_c10_angm25,900,1000,500,west,combined_coastal,10,674827,6.33584451168,47,1260,3,59064.2265625,3157963.5,18.847661524,-2.97801059517,-2.76471722126,1.44945836067,true,-5.9771270752,-2.1016368866,topo-bathy.tt3,30,30,30,1,0.230577795218,false,west_0070,35000,0.195818168924,-0.226980908896,-6.33177742369,87.9469459009,2.0530540987,2.0530540987,0.0925560699504,0.0268525764803,-0.278632760651,0.96039772214,-0.96039772214,-0.278632760651,-0.35298386093,6.32600411556,86.8062722556,3.19372774442,87.9469459009,30,3,gmrt_shore_blend,54,unknown,mixed_blend,2,30.9222222222,west,west_0070,35000,0.195818168924,59186.5011936,3157927.71893,native,0,0.000588539271809,-68.5745976222,topo-bathy.tt3,30,30,30,3,gmrt_shore_blend,blend to GMRT,54,unknown,mixed_blend,2,30.9222222222,false,unknown,30.9222222222,-0.19692408423,-3.3664467237,-3.26866706872,-1.89133333352,34.7640422818,1533.66982957,1631.93540483,1810.56532498,nan,nan,0.0140651353924,0.805819761152,0.000391118619916,0.0224094450675,0.0027546674704,0.157830420801,0.0366553756153,2.09925845638,98.2655752613,178.629920146,nan,nan,-2.78101019386,-9.44515785461,-14.6523859162,-16.7182558397,0,0,0,0
aqaba_lsb_nc10_angm20,900,1000,500,east,combined_coastal,1,656080,27.7789975221,51,1740,2,83883.46875,3151871.25,3.31039869469,3.10748887676,0.298270724481,0.00312534742989,true,3.51830554008,-27.5552940369,topo-bathy.tt3,30,30,30,1,0.946047071698,false,east_0058,29000,0.168333574082,-27.6496665338,-2.67743233373,5.53094428431,84.4690557155,84.4690557155,0.242249431015,-0.0231423526723,0.0950981357242,0.995467902336,-0.995467902336,0.0950981357242,-27.0958264554,-6.122817328,12.7332179228,77.2667820772,5.53094428431,30,3,gmrt_shore_blend,54,unknown,mixed_blend,2,61.8444444444,east,east_0058,29000,0.168333574082,83897.9957873,3151916.63395,native,0,-0.000284271476314,91.7453054908,topo-bathy.tt3,30,30,30,3,gmrt_shore_blend,blend to GMRT,54,unknown,mixed_blend,2,61.8444444444,false,unknown,61.8444444444,101.388935962,74.8353535491,258.549532485,478.315811486,818.708857511,6.99101482707,15.5434491926,32.6483179237,63.9348765777,99.025234791,0.295690010463,16.4724220316,0.734856715743,36.3105559401,0.439532558003,23.7270522442,0.340393046025,18.7982171416,8.55243436553,17.1048687311,31.2865586541,35.0903582133,7.32899240966,-19.4967692456,50.0524232748,11.2817526704,22139.7713264,50.0524232748,500,4
aqaba_lsb_nc10_angm20,900,1000,500,east,combined_coastal,2,685243,18.4864156385,49,1500,1,88115.046875,3160604.5,0.59804499057,3.11016242109,-7.25083303452,2.51764345169,true,-5.03238630295,-17.7882728577,topo-bathy.tt3,30,30,30,1,0.629577052488,false,east_0084,42000,0.243793452119,-18.2591577653,-2.88976138514,8.99324978047,81.0067502181,81.0067502181,0.0232535177493,-0.434151338265,0.998568696119,0.053484195147,-0.053484195147,0.998568696119,-5.97657488575,-17.4936593026,71.1376600221,18.8623399779,8.99324978047,30,3,gmrt_shore_blend,54,unknown,mixed_blend,2,43.7306260454,east,east_0084,42000,0.243793452119,88246.6608816,3160783.6686,native,0,-0.000455156081112,65.2102917684,topo-bathy.tt3,30,30,30,3,gmrt_shore_blend,blend to GMRT,54,unknown,mixed_blend,2,43.7306260454,false,unknown,43.7306260454,156.079883307,141.662977014,359.926149037,533.962129424,730.498789967,6.4327587345,10.8912905222,19.8083540976,46.5595448239,72.5694555008,0.575507859031,29.9207650932,0.873052688091,41.1226725019,0.348071960774,19.1915741908,0.196536660543,11.1190033876,4.45853178771,8.91706357543,26.7511907263,26.0099106769,28.3663234377,15.5611065051,156.059779749,52.1534501292,76800.4754969,156.059779749,900,4
aqaba_lsb_nc10_angm20,900,1000,500,east,combined_coastal,3,682869,18.4476041902,48,1380,1,87995,3159704.25,1.16055041483,-2.72758438587,1.32570567727,0.43139526248,true,17.8179035187,-4.77874612808,topo-bathy.tt3,30,30,30,1,0.628255282074,false,east_0081,40500,0.235086543115,5.27320249193,-17.6778798457,73.3904825237,16.6095174763,16.6095174763,0.700922216376,0.360677996741,-0.457552375079,0.889182671929,-0.889182671929,-0.457552375079,-12.4018023246,-13.6568444181,47.7573608609,42.2426391391,73.3904825237,30,1,copernicus_a2_land_core,30,false,high,1,43.7306260454,east,east_0081,40500,0.235086543115,88072.5387368,3159561.6287,native,0,0.000935326670803,58.3771225558,topo-bathy.tt3,30,30,30,1,copernicus_a2_land_core,land/a2 core,30,false,high,1,43.7306260454,false,false,43.7306260454,42.3467608372,149.720219125,177.159428587,384.065666834,632.334140469,51.2290114997,57.7584918893,70.8174526685,105.882846276,144.31654834,0.586863689837,30.4071251342,0.109756837848,6.2635325248,0.413812476494,22.4803821112,0.248268473635,13.9428321729,6.5294803896,13.0589607792,35.0653936076,38.4337020639,-4.08529516,29.9218456507,-6.47807849941,-0.671908740679,5984.36913014,29.9218456507,0,1
aqaba_lsb_nc10_angm20,900,1000,500,east,combined_coastal,4,650130,17.4609514572,64,3300,8,82623,3149800.5,18.0750893991,3.26085157871,-3.1873190403,1.02615714073,true,-14.4676332474,-9.77611446381,topo-bathy.tt3,30,30,30,1,0.59465364011,false,east_0052,26000,0.150919756074,-15.4005170863,8.22854174601,28.1157217411,61.8842782589,61.8842782589,0.0322738999327,-0.319724232515,0.994943869563,0.100432546612,-0.100432546612,0.994943869563,-15.3763230782,-8.27366390343,28.2837251695,61.7162748305,28.1157217411,30,3,gmrt_shore_blend,54,unknown,mixed_blend,2,30.9222222222,east,east_0052,26000,0.150919756074,82542.9118759,3149759.06978,native,0,-0.000508796516636,62.1635258807,topo-bathy.tt3,30,30,30,3,gmrt_shore_blend,blend to GMRT,54,unknown,mixed_blend,2,30.9222222222,false,unknown,30.9222222222,77.5500266792,57.9806142926,195.335385226,538.041144206,760.52552947,2.43567243426,5.94820117959,12.9732586703,34.0484311423,362.498759047,0.225790941165,12.7235101137,0.549419083733,28.7852335013,0.68541151796,34.4271883864,0.222484385265,12.5431208872,3.51252874534,7.02505749068,21.075172472,328.450327904,0,-16.1510556679,34.9945105467,106.53900063,39757.6916125,106.53900063,500,4
aqaba_lsb_nc10_angm20,900,1000,500,east,combined_coastal,5,667837,17.0890655957,59,2700,1,85293.9921875,3155922.75,19.3157416175,-22.3363805299,1.95402824134,0.096527941525,true,17.0738792419,0.720285058022,topo-bathy.tt3,30,30,30,1,0.581988621151,false,east_0070,35000,0.203161210099,3.09716244402,-16.8060628265,79.5582092611,10.4417907402,10.4417907402,1.61424707244,-0.103872010006,0.0642142297389,0.997936136583,-0.997936136583,0.0642142297389,1.81518449221,-16.992388537,83.9025936105,6.09740638953,79.5582092611,30,3,gmrt_shore_blend,54,unknown,mixed_blend,2,61.8444444444,east,east_0070,35000,0.203161210099,85312.2464068,3155884.94587,native,0,0.000271311904996,81.9738780854,topo-bathy.tt3,30,30,30,3,gmrt_shore_blend,blend to GMRT,54,unknown,mixed_blend,2,61.8444444444,false,unknown,61.8444444444,169.448443522,136.724852622,341.711123819,587.378433147,995.472066358,3.96085668234,6.65908818658,12.0555511951,28.2449402205,56.1202125188,0.556258319657,29.0853637756,0.819945084788,39.3498712016,0.491334618655,26.166484267,0.408093633211,22.2000585665,2.69823150425,5.39646300849,16.1893890255,27.8752722982,31.4917573388,43.6148797866,64.9318072529,-5.15264512023,35434.2854776,64.9318072529,400,4
aqaba_lsb_nc10_angm20,900,1000,500,east,combined_coastal,6,685241,16.8576261061,48,1380,1,88055.0234375,3160604.5,27.0776351643,-15.0725083611,-29.5827236176,21.1795406342,true,9.54923629761,13.8921432495,topo-bathy.tt3,30,30,30,1,0.574106671803,false,east_0083,41500,0.240891149118,14.5221894787,-8.56069919331,30.5189645972,59.481035403,59.481035403,1.44890241005,-0.595324822224,0.380049896792,0.924965986374,-0.924965986374,0.380049896792,16.478946253,-3.55301116294,12.1672342308,77.8327657692,30.5189645972,30,3,gmrt_shore_blend,54,unknown,mixed_blend,2,61.8444444444,east,east_0083,41500,0.240891149118,88076.9146172,3160363.46548,native,0,-0.000427204762851,86.0149569528,topo-bathy.tt3,30,30,30,3,gmrt_shore_blend,blend to GMRT,54,unknown,mixed_blend,2,61.8444444444,false,unknown,61.8444444444,193.555700026,97.296748545,284.625776832,481.808679295,663.558583588,1.75707894819,5.85175102505,14.0410951788,38.6091276399,63.9188747872,0.377769263603,20.6950238322,0.749316113147,36.8448117612,0.394365804926,21.5225806581,0.181749904293,10.3010595937,4.09467207686,8.18934415372,24.5680324612,25.3097471473,65.8421401567,-44.366228469,104.293510467,0,44048.226937,104.293510467,0,4
aqaba_lsb_nc10_angm20,900,1000,500,east,combined_coastal,7,650129,16.3491984186,56,2340,5,82592.9921875,3149800.5,6.13736733955,2.70787844508,-3.1873190999,0.852624475956,true,-10.8194570541,-12.2570648193,topo-bathy.tt3,30,30,30,1,0.556791557228,false,east_0052,26000,0.150919756074,-15.890866887,3.84403934816,13.5987534923,76.401246508,76.401246508,0.0751099188346,-0.553859215962,0.990929619122,0.134381881023,-0.134381881023,0.990929619122,-12.368447884,-10.6919495824,40.8418937963,49.1581062037,13.5987534923,30,3,gmrt_shore_blend,54,unknown,mixed_blend,2,30.9222222222,east,east_0052,26000,0.150919756074,82542.9118759,3149759.06978,native,0,-0.000508796516636,62.1635258807,topo-bathy.tt3,30,30,30,3,gmrt_shore_blend,blend to GMRT,54,unknown,mixed_blend,2,30.9222222222,false,unknown,30.9222222222,77.5500266792,57.9806142926,195.335385226,538.041144206,760.52552947,2.43567243426,5.94820117959,12.9732586703,34.0484311423,362.498759047,0.225790941165,12.7235101137,0.549419083733,28.7852335013,0.68541151796,34.4271883864,0.222484385265,12.5431208872,3.51252874534,7.02505749068,21.075172472,328.450327904,0,-16.1510556679,34.9945105467,106.53900063,39757.6916125,106.53900063,500,4
aqaba_lsb_nc10_angm20,900,1000,500,east,combined_coastal,8,726808,16.1323966592,45,1020,1,88085.0390625,3175700,30.0487471502,-26.4059117811,-2.89658397436,0.812879025936,true,7.93042182922,-14.0485811234,topo-bathy.tt3,30,30,30,1,0.549408113333,false,east_0116,58000,0.336667148165,-14.9418173307,-6.08245976784,22.1500736449,67.849926355,67.849926355,0.671474778456,0.578820434596,-0.652915592741,0.757430675875,-0.757430675875,-0.652915592741,-15.8187223647,3.16579290527,11.3170664016,78.6829335984,22.1500736449,30,1,copernicus_a2_land_core,30,false,high,1,30.9222222222,east,east_0116,58000,0.336667148165,88152.0111316,3175573.78046,native,0,0.0002301632854,97.294647433,topo-bathy.tt3,30,30,30,1,copernicus_a2_land_core,land/a2 core,30,false,high,1,30.9222222222,false,false,30.9222222222,75.986282823,120.237251517,204.376003494,376.281617458,611.411968087,3.85279979553,8.37219994324,17.4110002387,44.5274011249,173.735272307,0.477999055497,25.5477555509,0.336555007908,18.6009174697,0.343811227928,18.9735451261,0.235130350629,13.231628663,4.51940014771,9.03880029542,27.1164008863,129.207871182,0,22.6177522492,-9.52887888324,0,4523.55044984,22.6177522492,0,1
aqaba_lsb_nc10_angm20,900,1000,500,east,combined_coastal,9,679373,15.8678256878,44,900,1,86914.6015625,3158803.75,15.103287375,-13.4391278463,1.08247029781,1.07995975018,true,-12.0664405823,-10.3048000336,topo-bathy.tt3,30,30,30,1,0.540397831642,false,east_0077,38500,0.223477331109,-15.861179529,-0.459212376977,1.65836237546,88.3416376235,88.3416376235,1.34619441459,-0.292742599068,0.212493160454,0.977162553908,-0.977162553908,0.212493160454,-12.6335008131,9.60117436899,37.2340110747,52.7659889253,1.65836237546,30,3,gmrt_shore_blend,54,unknown,mixed_blend,2,69.1441909042,east,east_0077,38500,0.223477331109,86826.731614,3158667.28178,native,0,-0.00034431464501,38.839128589,topo-bathy.tt3,30,30,30,3,gmrt_shore_blend,blend to GMRT,54,unknown,mixed_blend,2,69.1441909042,false,unknown,69.1441909042,204.882369716,75.8293795513,265.151905399,569.591264957,704.149452848,3.33680063666,7.00055234136,14.3280557507,36.3105659789,61.4969578018,0.301532729855,16.7797780533,0.757290103392,37.1362865386,0.608878719116,31.3363455717,0.13455818789,7.66358543542,3.66375170469,7.32750340939,21.9825102282,25.1863918229,71.0827762112,-37.569789433,-36.3480034106,61.7949260629,20779.9397316,71.0827762112,0,4
aqaba_lsb_nc10_angm20,900,1000,500,east,combined_coastal,10,663720,15.8351454551,51,1740,1,84603.7421875,3154512.25,5.9491496781,-2.2486919569,-5.5644903183,2.41697955132,true,14.7047185898,5.87563467026,topo-bathy.tt3,30,30,30,1,0.539284867129,false,east_0065,32500,0.188649695092,15.5868517607,2.79318523789,10.1596456383,79.8403543621,79.8403543621,0.588469149364,-0.180021335633,0.292532586218,0.956255554755,-0.956255554755,0.292532586218,9.92021764983,-12.3426542268,51.2099572746,38.7900427254,10.1596456383,30,3,gmrt_shore_blend,54,unknown,mixed_blend,2,61.8444444444,east,east_0065,32500,0.188649695092,84737.7377523,3154595.27281,native,0,9.01323480055e-05,31.9400491058,topo-bathy.tt3,30,30,30,3,gmrt_shore_blend,blend to GMRT,54,unknown,mixed_blend,2,61.8444444444,false,unknown,61.8444444444,28.4095575677,-2.31277633536,-30.3968574831,-63.57350527,-83.3493252796,40.6213411041,58.0459161237,80.8352111527,nan,nan,0.00379318457789,0.217332424887,0.112336324591,6.40952585756,0.0663532955738,3.79619906823,0.0197758200097,1.13292334932,17.4245750196,22.789295029,nan,nan,-73.543832755,-58.0424128149,-208.951847547,-602.806788159,0,0,0,0
aqaba_lsb_nc10_angm20,900,1000,500,west,combined_coastal,1,670903,12.2636008429,54,2100,1,57173.5234375,3157033.25,3.15420743286,-0.134212446439,-0.283672726713,0.00254667457193,true,-0.587123572826,12.2495384216,topo-bathy.tt3,30,30,30,1,0.417651632555,false,west_0063,31500,0.176236352032,10.1696275869,-6.85380043299,33.9779223551,56.0220776457,56.0220776457,-0.0422301909608,0.0173909425071,-0.380788003337,-0.92466236893,0.92466236893,-0.380788003337,-11.1031176022,-5.20736835107,25.1266035353,64.8733964647,33.9779223551,30,3,gmrt_shore_blend,54,unknown,mixed_blend,2,188.092534687,west,west_0063,31500,0.176236352032,57144.2801791,3156971.94635,native,0,1.83441974085e-05,58.7661792429,topo-bathy.tt3,30,30,30,3,gmrt_shore_blend,blend to GMRT,54,unknown,mixed_blend,2,188.092534687,false,unknown,188.092534687,4.31533358288,9.81360076719,19.5123354738,45.8209800305,83.9309194958,118.273133585,254.799412191,510.986072575,1098.97099423,nan,0.0392539882828,2.24793373629,0.0387949388263,2.22167213433,0.0526172891135,3.01197101814,0.0381099394652,2.18248250888,136.526278606,256.186660384,587.984921653,nan,0.0665648972767,0,1.02342126839,5.61664375734,1792.93628228,5.61664375734,500,4
aqaba_lsb_nc10_angm20,900,1000,500,west,combined_coastal,2,688146,8.07004879548,45,1020,1,61225.03125,3161655,6.64773941247,1.51929095983,0.916188359261,1.02696418762,true,7.54835748672,-2.8544678688,topo-bathy.tt3,30,30,30,1,0.2748351889,false,west_0082,41000,0.229386997882,-5.89066888873,5.51595029027,43.1184542457,46.8815457544,46.8815457544,-0.18449627618,-0.0608336125935,0.313144606772,-0.949705457102,0.949705457102,0.313144606772,5.07463114908,6.27485507898,51.0366715553,38.9633284447,43.1184542457,30,3,gmrt_shore_blend,54,unknown,mixed_blend,2,69.1441909042,west,west_0082,41000,0.229386997882,61158.1495888,3161893.29865,native,0,0.000194568721135,116.167058986,topo-bathy.tt3,30,30,30,3,gmrt_shore_blend,blend to GMRT,54,unknown,mixed_blend,2,69.1441909042,false,unknown,69.1441909042,5.60247472611,11.2799372579,22.380169306,58.3626039051,157.889272559,85.7936757852,215.321374015,457.935901899,894.210502948,1434.76870217,0.047075724295,2.69525049194,0.0444009281927,2.54231599277,0.0719648691981,4.11618723306,0.0995266686543,5.68374050636,129.52769823,242.614527884,436.274601049,540.558199227,-1.980746095,0,0,0,0,0,0,0
aqaba_lsb_nc10_angm20,900,1000,500,west,combined_coastal,3,648949,7.9548959366,50,1620,4,53992.3398438,3149410.25,7.96283319121,-1.23387421195,0.389792323112,0.511948108673,true,6.98052310944,-3.8147957325,topo-bathy.tt3,30,30,30,1,0.270913520205,false,west_0045,22500,0.125883108594,-0.422789405442,7.94365271653,86.9533897455,3.0466102546,3.0466102546,-0.112313766506,0.108587760409,-0.695080948992,-0.718931480983,0.718931480983,-0.695080948992,-2.10945188175,7.67010965506,74.6225561499,15.3774438501,86.9533897455,30,3,gmrt_shore_blend,54,unknown,mixed_blend,2,276.576763617,west,west_0045,22500,0.125883108594,53916.0365342,3149343.58797,native,0,-0.000228285288834,64.3903859559,topo-bathy.tt3,30,30,30,3,gmrt_shore_blend,blend to GMRT,54,unknown,mixed_blend,2,276.576763617,false,unknown,276.576763617,13.7264408936,27.9684851862,41.5080024968,82.3348558915,229.606354246,34.8775341517,71.688199355,156.673745256,628.696850975,1150.55402981,0.111665718278,6.37157896204,0.0541580692424,3.10000029452,0.0816537067894,4.66805667379,0.147271498354,8.37781318257,36.8106652033,84.9855459007,472.023105719,521.857178837,0,0,0,-2.1610600177,0,0,0,0
aqaba_lsb_nc10_angm20,900,1000,500,west,combined_coastal,4,762864,7.24221151327,44,900,1,72809.34375,3188995,61.9538174123,-5.12148593316,-4.70825630426,0.519564211369,true,4.80751848221,-5.41640043259,topo-bathy.tt3,30,30,30,1,0.246642197556,false,west_0151,75500,0.422407764393,-2.04436095298,6.94767701443,73.6034273515,16.3965726484,16.3965726484,-0.0724358340622,0.066481198298,-0.676175955398,-0.736740169491,0.736740169491,-0.676175955398,0.739751369935,7.20433171874,84.1373318484,5.86266815157,73.6034273515,30,3,gmrt_shore_blend,54,unknown,mixed_blend,2,328.707731076,west,west_0151,75500,0.422407764393,72779.2549907,3189051.02659,native,0,-0.000161679663783,57.9883678952,topo-bathy.tt3,30,30,30,3,gmrt_shore_blend,blend to GMRT,54,unknown,mixed_blend,2,328.707731076,false,unknown,328.707731076,9.20221722849,40.678277027,141.219995322,404.122765946,823.614812398,60.6226323298,105.244673151,165.419826838,278.156709486,409.052673195,0.16066621857,9.12749176094,0.40216687318,21.9083576299,0.525805541249,27.7356423808,0.419492046452,22.757661705,44.6220408213,60.1751536871,112.736882648,130.895963708,-8.08426626613,-22.1036403228,-23.6525662527,-35.0392623899,0,0,0,0
aqaba_lsb_nc10_angm20,900,1000,500,west,combined_coastal,5,688053,7.03021053806,46,1140,1,61195.0195312,3161624.75,46.9584583275,6.19269729353,2.81042230129,0.380049347878,true,6.94465780258,-1.09342956543,topo-bathy.tt3,30,30,30,1,0.239422250125,false,west_0081,40500,0.226589595469,-2.56784204887,6.54446693181,68.5765263481,21.4234736518,21.4234736518,-0.0526534957379,0.00071818305613,-0.0136385295701,-0.99990699093,0.99990699093,-0.0136385295701,0.998612945768,6.95892465788,81.8337460106,8.16625398941,68.5765263481,30,3,gmrt_shore_blend,54,unknown,mixed_blend,2,30.9222222222,west,west_0081,40500,0.226589595469,61310.4907031,3161419.68504,native,0,0.000703504667354,102.475765252,topo-bathy.tt3,30,30,30,3,gmrt_shore_blend,blend to GMRT,54,unknown,mixed_blend,2,30.9222222222,false,unknown,30.9222222222,7.75146623543,9.62645646581,26.2986822707,88.936150407,232.596802485,37.2279490087,265.554006712,442.568037176,692.426399752,1088.18783968,0.039259271497,2.24823597639,0.0666889032196,3.81534325561,0.125274936273,7.14052616271,0.143660652078,8.17521420354,228.326057703,177.014030464,249.858362576,395.761439926,2.14899150932,-1.65348079204,0,0,161.174363199,2.14899150932,0,2
aqaba_lsb_nc10_angm20,900,1000,500,west,combined_coastal,6,674467,6.52826190124,66,3540,2,59094.2382812,3157933.5,13.594451134,-1.95907929246,-0.266369140649,0.000809497141745,true,5.66707229614,-3.2407553196,topo-bathy.tt3,30,30,30,1,0.222327787388,false,west_0070,35000,0.195818168924,5.08692174887,4.09162932975,38.8112122425,51.1887877575,51.1887877575,0.0944491073469,0.0729875078588,-0.61146904293,0.791268354946,-0.791268354946,-0.61146904293,-6.02954640366,-2.50255341948,22.5408143233,67.4591856767,38.8112122425,30,3,gmrt_shore_blend,54,unknown,mixed_blend,2,30.9222222222,west,west_0070,35000,0.195818168924,59186.5011936,3157927.71893,native,0,0.000588539271809,-68.5745976222,topo-bathy.tt3,30,30,30,3,gmrt_shore_blend,blend to GMRT,54,unknown,mixed_blend,2,30.9222222222,false,unknown,30.9222222222,-0.19692408423,-3.3664467237,-3.26866706872,-1.89133333352,34.7640422818,1533.66982957,1631.93540483,1810.56532498,nan,nan,0.0140651353924,0.805819761152,0.000391118619916,0.0224094450675,0.0027546674704,0.157830420801,0.0366553756153,2.09925845638,98.2655752613,178.629920146,nan,nan,-2.78101019386,-9.44515785461,-14.6523859162,-16.7182558397,0,0,0,0
aqaba_lsb_nc10_angm20,900,1000,500,west,combined_coastal,7,688329,6.45675979199,45,1020,1,61195.0195312,3161715,17.3074124607,2.42634396907,1.92545902729,0.810310959816,true,6.39206314087,0.911743283272,topo-bathy.tt3,30,30,30,1,0.219892697316,false,west_0082,41000,0.229386997882,-2.00053482357,6.13902332877,71.9506694601,18.0493305399,18.0493305399,-0.12875026017,-0.0649158073135,0.450210889199,-0.892922255992,0.892922255992,0.450210889199,2.06366056108,6.11809219448,71.3605132599,18.6394867401,71.9506694601,30,3,gmrt_shore_blend,54,unknown,mixed_blend,2,69.1441909042,west,west_0082,41000,0.229386997882,61158.1495888,3161893.29865,native,0,0.000194568721135,116.167058986,topo-bathy.tt3,30,30,30,3,gmrt_shore_blend,blend to GMRT,54,unknown,mixed_blend,2,69.1441909042,false,unknown,69.1441909042,5.60247472611,11.2799372579,22.380169306,58.3626039051,157.889272559,85.7936757852,215.321374015,457.935901899,894.210502948,1434.76870217,0.047075724295,2.69525049194,0.0444009281927,2.54231599277,0.0719648691981,4.11618723306,0.0995266686543,5.68374050636,129.52769823,242.614527884,436.274601049,540.558199227,-1.980746095,0,0,0,0,0,0,0
aqaba_lsb_nc10_angm20,900,1000,500,west,combined_coastal,8,762946,6.237464329,48,1380,2,72809.34375,3189025,39.4098081312,-3.16887153822,-2.77391523123,0.504986464977,true,4.36704206467,-4.45363950729,topo-bathy.tt3,30,30,30,1,0.212424327357,false,west_0151,75500,0.422407764393,-1.46148974805,6.0638279141,76.4491462539,13.5508537463,13.5508537463,-0.0532209289571,0.0634148760285,-0.765987758927,-0.642855157227,0.642855157227,-0.765987758927,-0.482055638564,6.21880885836,85.5675382107,4.43246178928,76.4491462539,30,3,gmrt_shore_blend,54,unknown,mixed_blend,2,328.707731076,west,west_0151,75500,0.422407764393,72779.2549907,3189051.02659,native,0,-0.000161679663783,57.9883678952,topo-bathy.tt3,30,30,30,3,gmrt_shore_blend,blend to GMRT,54,unknown,mixed_blend,2,328.707731076,false,unknown,328.707731076,9.20221722849,40.678277027,141.219995322,404.122765946,823.614812398,60.6226323298,105.244673151,165.419826838,278.156709486,409.052673195,0.16066621857,9.12749176094,0.40216687318,21.9083576299,0.525805541249,27.7356423808,0.419492046452,22.757661705,44.6220408213,60.1751536871,112.736882648,130.895963708,-8.08426626613,-22.1036403228,-23.6525662527,-35.0392623899,0,0,0,0
aqaba_lsb_nc10_angm20,900,1000,500,west,combined_coastal,9,691760,6.0045353444,44,900,1,60744.8515625,3163005.5,51.1492081308,4.53069330975,4.62426635623,0.237631112337,true,5.99169778824,0.392431288958,topo-bathy.tt3,30,30,30,1,0.20449165147,false,west_0084,42000,0.234981802709,0.00280791295331,6.00453468787,89.9732066583,0.0267933340501,0.0267933340501,-0.0884614299895,0.00788917571275,-0.0888295447817,-0.996046842259,0.996046842259,-0.0888295447817,-0.923119733169,5.93315216899,81.1564415911,8.84355840894,89.9732066583,30,3,gmrt_shore_blend,54,unknown,mixed_blend,2,235.496628374,west,west_0084,42000,0.234981802709,60773.7246859,3162772.21999,native,0,-0.000516399422951,93.7204898237,topo-bathy.tt3,30,30,30,3,gmrt_shore_blend,blend to GMRT,54,unknown,mixed_blend,2,235.496628374,false,unknown,235.496628374,7.58322082112,14.3049457526,18.6356993467,41.9973720892,132.293293236,63.5604291467,141.571551501,553.21687425,1123.42106296,1699.1334335,0.0569677936054,3.26049006749,0.0173230143765,0.9924363478,0.046723345485,2.67510498492,0.0902959211466,5.15958291356,78.0111223544,411.645322749,570.204188711,575.712370536,0,0,-2.98871974248,-3.75077621858,0,0,0,0
aqaba_lsb_nc10_angm20,900,1000,500,west,combined_coastal,10,698524,5.95906274432,45,1020,2,61345.078125,3165766.5,8.9549219489,-0.952011657663,-0.769453346729,1.64759814739,true,1.07243061066,5.86176776886,topo-bathy.tt3,30,30,30,1,0.202943027546,false,west_0090,45000,0.251766217188,5.95788749301,0.118344460681,1.1379447099,88.8620552908,88.8620552908,-0.102371737061,0.0165748721094,-0.159827334803,-0.98714498583,0.98714498583,-0.159827334803,-5.95781838739,0.121773780232,1.1709239609,88.8290760391,1.1379447099,30,3,gmrt_shore_blend,54,unknown,mixed_blend,2,207.432572713,west,west_0090,45000,0.251766217188,61321.757774,3165663.49447,native,0,-0.000254889164118,80.7701464866,topo-bathy.tt3,30,30,30,3,gmrt_shore_blend,blend to GMRT,54,unknown,mixed_blend,2,207.432572713,false,unknown,207.432572713,11.3420533566,22.2933514699,31.811799509,51.1003787152,61.8886918229,42.2810227832,87.6403168146,212.536347367,957.614363647,nan,0.0891751058114,5.09587791381,0.0380737921562,2.18041442141,0.0385771584124,2.20921288244,0.0107883131077,0.618100830102,45.3592940314,124.896030552,745.07801628,nan,3.61379213643,3.53396795938,0,0,977.828002107,3.61379213643,150,4
aqaba_lsc_c10_angm30,900,1000,500,east,combined_coastal,1,653727,33.1052902202,58,2580,9,83313.2578125,3151031,14.3522295273,-15.2565974382,-3.0969684124,0.533545732498,true,12.045083046,30.8362808228,topo-bathy.tt3,30,30,30,1,0.914760425845,false,east_0055,27500,0.159626665078,29.845459886,14.3251095898,25.6398962236,64.3601037761,64.3601037761,0.913233203186,-0.990072636185,0.735055012009,0.678007469959,-0.678007469959,0.735055012009,29.7610274066,14.4997064891,25.9755521998,64.0244478002,25.6398962236,30,3,gmrt_shore_blend,54,unknown,mixed_blend,2,87.4612520908,east,east_0055,27500,0.159626665078,83280.2250199,3150978.38613,native,0,-0.000527430664092,43.023791224,topo-bathy.tt3,30,30,30,3,gmrt_shore_blend,blend to GMRT,54,unknown,mixed_blend,2,87.4612520908,false,unknown,87.4612520908,194.259581651,132.035238053,333.328758339,507.100693515,927.53941227,2.80181936176,5.8214247564,11.8606355457,29.9782679135,57.5814991663,0.526698472123,27.7757077896,0.805174081142,38.8401166014,0.347543870353,19.1645820834,0.420438718755,22.8037698883,3.01960539464,6.03921078927,18.1176323678,27.6032312528,93.2657607641,37.7031152584,124.831649128,75.5985499393,80247.061017,124.831649128,900,4
aqaba_lsc_c10_angm30,900,1000,500,east,combined_coastal,2,653728,32.4614455626,53,1980,8,83343.265625,3151031,3.47471362921,3.12202569097,-3.09696829319,0.536744475365,true,11.783870697,30.2470798492,topo-bathy.tt3,30,30,30,1,0.896969806603,false,east_0055,27500,0.159626665078,29.2524822629,14.0725878738,25.6909645504,64.3090354501,64.3090354501,0.387974251827,-0.276652726727,0.580582471479,0.814201445474,-0.814201445474,0.580582471479,31.4687249074,7.96647981909,14.2062767885,75.7937232115,25.6909645504,30,3,gmrt_shore_blend,54,unknown,mixed_blend,2,87.4612520908,east,east_0055,27500,0.159626665078,83280.2250199,3150978.38613,native,0,-0.000527430664092,43.023791224,topo-bathy.tt3,30,30,30,3,gmrt_shore_blend,blend to GMRT,54,unknown,mixed_blend,2,87.4612520908,false,unknown,87.4612520908,194.259581651,132.035238053,333.328758339,507.100693515,927.53941227,2.80181936176,5.8214247564,11.8606355457,29.9782679135,57.5814991663,0.526698472123,27.7757077896,0.805174081142,38.8401166014,0.347543870353,19.1645820834,0.420438718755,22.8037698883,3.01960539464,6.03921078927,18.1176323678,27.6032312528,93.2657607641,37.7031152584,124.831649128,75.5985499393,80247.061017,124.831649128,900,4
aqaba_lsc_c10_angm30,900,1000,500,east,combined_coastal,3,742143,24.6108579738,49,1500,7,88355.1328125,3181012,8.59469079178,1.38931069268,-2.82728654146,0.418909370899,true,-22.4048366547,-10.1841850281,topo-bathy.tt3,30,30,30,1,0.680043545029,false,east_0129,64500,0.374397087183,-19.5751458934,14.9167018292,37.3082166453,52.6917833543,52.6917833543,0.408895868202,-0.324152552407,0.621225086298,0.783632179121,-0.783632179121,0.621225086298,-21.8991016904,11.2304797476,27.1500363243,62.8499636757,37.3082166453,30,3,gmrt_shore_blend,54,unknown,mixed_blend,2,69.1441909042,east,east_0129,64500,0.374397087183,88377.7238026,3181063.33186,native,0,0.000130985664105,61.7525282621,topo-bathy.tt3,30,30,30,3,gmrt_shore_blend,blend to GMRT,54,unknown,mixed_blend,2,69.1441909042,false,unknown,69.1441909042,98.1924451776,153.723915063,197.353504404,382.807006621,699.70933897,0,0.363604673669,9.71815878361,37.7818211134,104.499387084,0.576450430985,29.9613172349,0.174518357365,9.89946724561,0.370907004433,20.3501700594,0.316902332349,17.5835299823,0.363604673669,9.35455410994,28.0636623298,66.7175659703,-5.51928628098,-6.53779513171,0,-5.56328438103,0,0,0,0
aqaba_lsc_c10_angm30,900,1000,500,east,combined_coastal,4,781212,22.1504669592,59,2700,6,93066.890625,3196197.75,5.16319940864,-3.12402810654,-1.9410584569,0.710851490498,true,14.6307001114,-16.6308689117,topo-bathy.tt3,30,30,30,1,0.612058388658,false,east_0164,82000,0.475977692233,-20.9992728269,-7.04795908395,18.5532316345,71.446768366,71.446768366,0.590988613515,0.479632317862,-0.630160480168,0.776464918225,-0.776464918225,-0.630160480168,-22.1329752769,-0.880109026555,2.27714433982,87.7228556602,18.5532316345,30,1,copernicus_a2_land_core,30,false,high,1,43.7306260454,east,east_0164,82000,0.475977692233,93149.5847048,3196107.02889,native,0,-0.000108636768726,112.78587617,topo-bathy.tt3,30,30,30,1,copernicus_a2_land_core,land/a2 core,30,false,high,1,43.7306260454,false,false,43.7306260454,90.3851738341,129.04471569,176.309479522,366.232274371,984.551577989,3.54573164041,7.43524772311,15.2142798885,38.5513763847,140.354604485,0.514411113586,27.2217932831,0.189059055329,10.7059243823,0.379845589697,20.7990598765,0.618319303618,31.7293019469,3.8895160827,7.77903216541,23.3370964962,101.803228101,-9.64286912387,-33.8915143825,0,-46.3680495006,0,0,0,0
aqaba_lsc_c10_angm30,900,1000,500,east,combined_coastal,5,653521,20.8055235365,47,1260,1,83253.234375,3150971,14.2840189202,-14.1423476664,-1.0243473649,0.664183616638,true,-18.2211837769,-10.0428218842,topo-bathy.tt3,30,30,30,1,0.574895113245,false,east_0055,27500,0.159626665078,-20.1732063096,5.09033955833,14.1619125761,75.8380874235,75.8380874235,1.05972629886,-0.790152669079,0.597750136193,0.801682464995,-0.801682464995,0.597750136193,-18.9428692879,8.60450537635,24.4291889649,65.5708110351,14.1619125761,30,3,gmrt_shore_blend,54,unknown,mixed_blend,2,87.4612520908,east,east_0055,27500,0.159626665078,83280.2250199,3150978.38613,native,0,-0.000527430664092,43.023791224,topo-bathy.tt3,30,30,30,3,gmrt_shore_blend,blend to GMRT,54,unknown,mixed_blend,2,87.4612520908,false,unknown,87.4612520908,194.259581651,132.035238053,333.328758339,507.100693515,927.53941227,2.80181936176,5.8214247564,11.8606355457,29.9782679135,57.5814991663,0.526698472123,27.7757077896,0.805174081142,38.8401166014,0.347543870353,19.1645820834,0.420438718755,22.8037698883,3.01960539464,6.03921078927,18.1176323678,27.6032312528,93.2657607641,37.7031152584,124.831649128,75.5985499393,80247.061017,124.831649128,900,4
aqaba_lsc_c10_angm30,900,1000,500,east,combined_coastal,6,739952,18.349127481,66,3540,1,87964.9921875,3180291.75,51.3695725495,4.74050816253,4.67197239399,0.273045897484,true,18.2996349335,-1.34678900242,topo-bathy.tt3,30,30,30,1,0.50702034499,false,east_0127,63500,0.36859248118,8.32618055895,-16.3513056548,63.0145392254,26.9854607741,26.9854607741,0.0335414681361,-0.00377061773588,0.111712928467,0.993740520263,-0.993740520263,0.111712928467,0.705947004351,-18.3355424829,87.7951121158,2.20488788417,63.0145392254,30,1,copernicus_a2_land_core,30,false,high,1,30.9222222222,east,east_0127,63500,0.36859248118,87913.4434297,3180288.22891,native,0,4.70826838651e-05,58.8053592892,topo-bathy.tt3,30,30,30,1,copernicus_a2_land_core,land/a2 core,30,false,high,1,30.9222222222,false,false,30.9222222222,116.809036111,189.725248337,198.881972914,471.066010523,764.547781158,2.5276066026,5.34528742836,10.9806490799,27.8867340345,69.5144370613,0.756842036064,37.1199674446,0.0366268983058,2.09762901438,0.544368075219,28.5624615176,0.293481770634,16.3560022488,2.81768082577,5.63536165153,16.9060849546,41.6277030268,13.0973046519,13.1892828293,0,30.5219741621,11250.6479553,30.5219741621,150,4
aqaba_lsc_c10_angm30,900,1000,500,east,combined_coastal,7,738204,18.0186572885,66,3540,3,87484.8125,3179811.75,9.1804923033,-15.1851801715,-1.18946009874,0.670065522194,true,-17.3800106049,-4.75470733643,topo-bathy.tt3,30,30,30,1,0.497888842078,false,east_0126,63000,0.365690178179,-13.582155339,11.8404842311,41.0808663599,48.9191336399,48.9191336399,1.1624013924,-0.591030049043,0.453233572104,0.891391793275,-0.891391793275,0.453233572104,-12.1155113888,13.3374058298,47.7484349758,42.2515650242,41.0808663599,30,3,gmrt_shore_blend,54,unknown,mixed_blend,2,30.9222222222,east,east_0126,63000,0.365690178179,87634.6859075,3179897.99149,native,0,-0.00011320901286,56.3810947563,topo-bathy.tt3,30,30,30,3,gmrt_shore_blend,blend to GMRT,54,unknown,mixed_blend,2,30.9222222222,false,unknown,30.9222222222,106.891891081,177.605967085,221.946668013,440.544036361,722.667377136,15.7885661772,26.1846011942,46.976671228,66.7056722867,95.9667208126,0.720798075721,35.7839906978,0.177362803711,10.0575485033,0.437194736697,23.6146957031,0.282123340775,15.7549980086,10.3960350169,20.7920700339,19.7290010587,29.2610485259,3.18015962276,1.07000157692,23.0646950988,-30.5219741621,9101.77294915,23.0646950988,400,3
aqaba_lsc_c10_angm30,900,1000,500,east,combined_coastal,8,652803,17.9321904857,66,3540,5,83133.1875,3150760.75,13.1413965938,-2.99863725963,-1.88238459826,0.775969803333,true,-13.9733304977,-11.2387495041,topo-bathy.tt3,30,30,30,1,0.49549960432,false,east_0054,27000,0.156724362077,-15.9890034149,8.11881921292,26.9203300258,63.0796699745,63.0796699745,0.759608499452,0.0663787497487,-0.0870537266382,0.996203618081,-0.996203618081,-0.0870537266382,-9.97965242532,14.8986574255,56.1844129415,33.8155870585,26.9203300258,30,3,gmrt_shore_blend,54,unknown,mixed_blend,2,30.9222222222,east,east_0054,27000,0.156724362077,83084.6954823,3150539.20345,native,0,-0.00021288099351,65.7300496905,topo-bathy.tt3,30,30,30,3,gmrt_shore_blend,blend to GMRT,54,unknown,mixed_blend,2,30.9222222222,false,unknown,30.9222222222,117.282316906,74.1316699605,226.973293228,431.502143576,862.755230035,5.5731770617,11.1038245417,22.1651195016,53.3526845797,88.0180450824,0.296680475874,16.5245946382,0.61136649307,31.4402180401,0.409057700695,22.2473937139,0.43125308646,23.328270178,5.53064747998,11.06129496,31.187565078,34.6653605027,16.2884960199,0,18.476184018,-4.77857482424,8150.20620824,18.476184018,0,2
aqaba_lsc_c10_angm30,900,1000,500,east,combined_coastal,9,641254,17.1762494077,57,2460,2,81482.578125,3146499.25,7.51104487589,-1.32271102325,-3.5286077261,1.27323257923,true,8.02044773102,15.1886787415,topo-bathy.tt3,30,30,30,1,0.474611553566,false,east_0045,22500,0.130603635064,17.0594275217,-1.99986908317,6.68624098023,83.3137590173,83.3137590173,0.304822727105,-0.129232959989,0.390330286022,0.920674898003,-0.920674898003,0.390330286022,17.114458908,-1.45562357923,4.86143627133,85.1385637287,6.68624098023,30,1,copernicus_a2_land_core,30,false,high,1,30.9222222222,east,east_0045,22500,0.130603635064,81574.4011911,3146724.59574,native,0,0.000165376901162,68.849752391,topo-bathy.tt3,30,30,30,1,copernicus_a2_land_core,land/a2 core,30,false,high,1,30.9222222222,false,false,30.9222222222,33.8139480911,97.3125447284,136.115697209,403.282120467,767.479946147,12.9656109982,26.6826766762,54.8993084638,141.634292869,256.840239492,0.3881545296,21.2139481247,0.155212609922,8.82262845636,0.534332846516,28.1170541556,0.36419782568,20.0115137917,13.717065678,28.2166317876,86.734984405,115.205946623,-34.2737915106,-28.4534744434,52.4339861074,0,19662.7447903,52.4339861074,0,4
aqaba_lsc_c10_angm30,900,1000,500,east,combined_coastal,10,784005,17.10610419,67,3600,4,93336.9921875,3197158,3.59895252404,-0.623271151187,-2.42167192698,0.847604453564,true,9.82017803192,14.0065307617,topo-bathy.tt3,30,30,30,1,0.472673311404,false,east_0167,83500,0.484684601237,17.0291277747,-1.62098975596,5.43755806686,84.5624419353,84.5624419353,0.375778485643,-0.267463450732,0.579873911843,0.814706233169,-0.814706233169,0.579873911843,17.105672967,0.121461530709,0.406830888198,89.5931691118,5.43755806686,30,3,gmrt_shore_blend,54,unknown,mixed_blend,2,61.8444444444,east,east_0167,83500,0.484684601237,93379.7414901,3197119.76423,native,0,0.000261314405028,60.4027141939,topo-bathy.tt3,30,30,30,3,gmrt_shore_blend,blend to GMRT,54,unknown,mixed_blend,2,61.8444444444,false,unknown,61.8444444444,45.2867071039,136.292217794,154.239621448,388.735479054,522.764779377,59.0583788001,64.1396604614,74.3022237839,104.489038176,156.037566618,0.527425242182,27.8082958674,0.0717896146144,4.10619749545,0.468991715212,25.1261882299,0.134029300324,7.63381923837,5.08128166126,10.1625633225,30.186814392,51.5485284423,0,0.323812268116,3.10795005935,0,1230.24372588,3.10795005935,250,4
aqaba_lsc_c10_angm30,900,1000,500,west,combined_coastal,1,830788,10.6951827492,64,3300,8,79351.78125,3213514.25,4.76470264331,-0.809715163167,-0.746572524309,0.313629567623,true,-6.35723686218,-8.60072517395,topo-bathy.tt3,30,30,30,1,0.295527689415,false,west_0211,105500,0.590251909185,-10.6898563093,0.337499816271,1.8083399054,88.1916600875,88.1916600875,-0.225409689629,0.210419953058,-0.682383373487,-0.730994481229,0.730994481229,-0.682383373487,10.6251553728,1.22188679652,6.56016408832,83.4398359117,1.8083399054,30,1,copernicus_a2_land_core,30,false,high,1,43.7306260454,west,west_0211,105500,0.590251909185,79329.2127946,3213484.09995,native,0,0.00054620670696,51.7216540097,topo-bathy.tt3,30,30,30,1,copernicus_a2_land_core,land/a2 core,30,false,high,1,43.7306260454,false,false,43.7306260454,37.461244084,63.4321479683,119.151727147,217.248977731,272.935430941,6.07327962058,15.4586535562,34.2294014276,174.459304,422.207529523,0.24667060071,13.8565639776,0.222878316716,12.5646251644,0.196194501168,11.100126964,0.05568645321,3.1873068722,9.38537393567,18.7707478713,140.229902572,247.748225523,15.0450536632,30.990002274,30.1641118103,42.0049439626,29139.1573991,42.0049439626,900,4
aqaba_lsc_c10_angm30,900,1000,500,west,combined_coastal,2,830881,10.2717879064,46,1140,6,79381.796875,3213544.25,4.15342861696,-1.10721788828,-1.03755170107,0.74664914608,true,-4.58606100082,-9.19117355347,topo-bathy.tt3,30,30,30,1,0.283828506469,false,west_0211,105500,0.590251909185,-10.0561522535,2.09366392888,11.7608197998,78.2391802013,78.2391802013,-0.229697176668,0.220621929033,-0.692715854841,-0.721210610329,0.721210610329,-0.692715854841,9.80560905468,3.05935579168,17.3279524835,72.6720475165,11.7608197998,30,1,copernicus_a2_land_core,30,false,high,1,43.7306260454,west,west_0211,105500,0.590251909185,79329.2127946,3213484.09995,native,0,0.00054620670696,51.7216540097,topo-bathy.tt3,30,30,30,1,copernicus_a2_land_core,land/a2 core,30,false,high,1,43.7306260454,false,false,43.7306260454,37.461244084,63.4321479683,119.151727147,217.248977731,272.935430941,6.07327962058,15.4586535562,34.2294014276,174.459304,422.207529523,0.24667060071,13.8565639776,0.222878316716,12.5646251644,0.196194501168,11.100126964,0.05568645321,3.1873068722,9.38537393567,18.7707478713,140.229902572,247.748225523,15.0450536632,30.990002274,30.1641118103,42.0049439626,29139.1573991,42.0049439626,900,4
aqaba_lsc_c10_angm30,900,1000,500,west,combined_coastal,3,830974,9.23826342133,54,2100,5,79411.8046875,3213574.25,3.7091312737,-1.32269462144,-1.24598532915,0.742471694946,true,7.81636142731,4.92442941666,topo-bathy.tt3,30,30,30,1,0.255270312544,false,west_0211,105500,0.590251909185,8.70782733409,3.08532885794,19.5100875777,70.4899124221,70.4899124221,-0.248296419269,0.23045384815,-0.680281292578,-0.732951132729,0.732951132729,-0.680281292578,-8.92669057401,2.37901375319,14.9228054183,75.0771945817,19.5100875777,30,1,copernicus_a2_land_core,30,false,high,1,43.7306260454,west,west_0211,105500,0.590251909185,79329.2127946,3213484.09995,native,0,0.00054620670696,51.7216540097,topo-bathy.tt3,30,30,30,1,copernicus_a2_land_core,land/a2 core,30,false,high,1,43.7306260454,false,false,43.7306260454,37.461244084,63.4321479683,119.151727147,217.248977731,272.935430941,6.07327962058,15.4586535562,34.2294014276,174.459304,422.207529523,0.24667060071,13.8565639776,0.222878316716,12.5646251644,0.196194501168,11.100126964,0.05568645321,3.1873068722,9.38537393567,18.7707478713,140.229902572,247.748225523,15.0450536632,30.990002274,30.1641118103,42.0049439626,29139.1573991,42.0049439626,900,4
aqaba_lsc_c10_angm30,900,1000,500,west,combined_coastal,4,831344,8.48242258338,55,2220,9,79471.828125,3213694.25,4.93773259026,-0.677921382648,-0.610688880086,0.417274802923,true,-3.12608361244,-7.88537216187,topo-bathy.tt3,30,30,30,1,0.234385031606,false,west_0212,106000,0.593049311598,-8.44992748589,-0.741767056668,5.0167832932,84.9832167062,84.9832167062,-0.225109416446,0.155278937113,-0.567809931539,-0.82315969389,0.82315969389,-0.567809931539,8.26594185694,1.9041265979,12.9722493425,77.0277506575,5.0167832932,30,1,copernicus_a2_land_core,30,false,high,1,30.9222222222,west,west_0212,106000,0.593049311598,79577.3913974,3213903.84021,native,0,0.000669857340368,73.3913862489,topo-bathy.tt3,30,30,30,1,copernicus_a2_land_core,land/a2 core,30,false,high,1,30.9222222222,false,false,30.9222222222,22.4161904208,31.2728060741,52.7975768281,89.1764530289,177.989898399,15.4127182223,30.0477423431,78.4252451457,464.893820169,1264.23314459,0.126154009154,7.19010970108,0.0860990830162,4.920978199,0.0727577524017,4.16137945826,0.08881344537,5.07531912236,14.6350241209,48.3775028026,386.468575023,799.339324426,0,0,0,0,0,0,0,0
aqaba_lsc_c10_angm30,900,1000,500,west,combined_coastal,5,831437,8.28967155354,49,1500,2,79501.8359375,3213724.25,4.39767022693,-1.80287781649,-1.71224030852,1.33434855938,true,8.14340591431,1.55035305023,topo-bathy.tt3,30,30,30,1,0.22905896399,false,west_0212,106000,0.593049311598,3.81332127829,7.36051868377,62.6123292053,27.3876707947,27.3876707947,-0.243177737494,0.21521967081,-0.662748177519,-0.748842342015,0.748842342015,-0.662748177519,-6.55799743759,5.0706334983,37.7111402087,52.2888597913,62.6123292053,30,1,copernicus_a2_land_core,30,false,high,1,30.9222222222,west,west_0212,106000,0.593049311598,79577.3913974,3213903.84021,native,0,0.000669857340368,73.3913862489,topo-bathy.tt3,30,30,30,1,copernicus_a2_land_core,land/a2 core,30,false,high,1,30.9222222222,false,false,30.9222222222,22.4161904208,31.2728060741,52.7975768281,89.1764530289,177.989898399,15.4127182223,30.0477423431,78.4252451457,464.893820169,1264.23314459,0.126154009154,7.19010970108,0.0860990830162,4.920978199,0.0727577524017,4.16137945826,0.08881344537,5.07531912236,14.6350241209,48.3775028026,386.468575023,799.339324426,0,0,0,0,0,0,0,0
aqaba_lsc_c10_angm30,900,1000,500,west,combined_coastal,6,830685,8.2620505565,65,3420,8,79321.7734375,3213484.25,5.44818685979,-0.476200354669,-0.417611330748,0.312062859535,true,-4.99759864807,-6.57917070389,topo-bathy.tt3,30,30,30,1,0.228295744733,false,west_0211,105500,0.590251909185,-8.26064278719,0.152512755585,1.05770758816,88.9422924129,88.9422924129,-0.220844752796,0.20008748519,-0.671421636144,-0.741075560599,0.741075560599,-0.671421636144,8.23115847874,0.713799338709,4.95624399843,85.0437560016,1.05770758816,30,1,copernicus_a2_land_core,30,false,high,1,43.7306260454,west,west_0211,105500,0.590251909185,79329.2127946,3213484.09995,native,0,0.00054620670696,51.7216540097,topo-bathy.tt3,30,30,30,1,copernicus_a2_land_core,land/a2 core,30,false,high,1,43.7306260454,false,false,43.7306260454,37.461244084,63.4321479683,119.151727147,217.248977731,272.935430941,6.07327962058,15.4586535562,34.2294014276,174.459304,422.207529523,0.24667060071,13.8565639776,0.222878316716,12.5646251644,0.196194501168,11.100126964,0.05568645321,3.1873068722,9.38537393567,18.7707478713,140.229902572,247.748225523,15.0450536632,30.990002274,30.1641118103,42.0049439626,29139.1573991,42.0049439626,900,4
aqaba_lsc_c10_angm30,900,1000,500,west,combined_coastal,7,833750,7.40945129719,44,900,1,79591.875,3214624.5,13.6801782735,-3.5357007239,-3.6303113699,1.70507907867,true,7.40789794922,0.151711896062,topo-bathy.tt3,30,30,30,1,0.204736849573,false,west_0214,107000,0.598644116425,-0.000496656014158,7.40945128055,89.9961594601,0.00384027509534,0.00384027509534,-0.197499668716,-0.139818627999,0.577805510405,-0.816174486336,0.816174486336,0.577805510405,4.15650087674,6.13379727307,55.876897722,34.123102278,89.9961594601,30,3,gmrt_shore_blend,54,unknown,mixed_blend,2,61.8444444444,west,west_0214,107000,0.598644116425,79575.736376,3214836.68155,native,0,-0.000105322601755,91.1770797568,topo-bathy.tt3,30,30,30,3,gmrt_shore_blend,blend to GMRT,54,unknown,mixed_blend,2,61.8444444444,false,unknown,61.8444444444,18.7051566112,29.4870876349,47.0812360419,86.9238516801,220.220049322,22.1942399888,49.0308623775,116.993290239,554.50993188,1098.87469722,0.114488613817,6.53127689282,0.0703765936278,4.02564438905,0.0796852312764,4.55600058217,0.133296197642,7.59255280541,26.8366223886,67.9624278613,437.516641641,544.364765341,0.0162395921496,1.31920930143,0.379531289241,0,407.384063164,1.31920930143,400,4
aqaba_lsc_c10_angm30,900,1000,500,west,combined_coastal,8,831622,6.47261883883,46,1140,4,79531.8515625,3213784.25,1.84881093046,-0.606846983372,-0.556506212801,0.57491093874,true,6.10490274429,2.15057134628,topo-bathy.tt3,30,30,30,1,0.178850435261,false,west_0212,106000,0.593049311598,3.80582790671,5.23550079526,53.9855774111,36.0144225891,36.0144225891,-0.239086635051,0.127653376744,-0.47099179113,-0.882137592832,0.882137592832,-0.47099179113,-4.77245890883,4.37246276098,42.4954960428,47.5045039572,53.9855774111,30,1,copernicus_a2_land_core,30,false,high,1,30.9222222222,west,west_0212,106000,0.593049311598,79577.3913974,3213903.84021,native,0,0.000669857340368,73.3913862489,topo-bathy.tt3,30,30,30,1,copernicus_a2_land_core,land/a2 core,30,false,high,1,30.9222222222,false,false,30.9222222222,22.4161904208,31.2728060741,52.7975768281,89.1764530289,177.989898399,15.4127182223,30.0477423431,78.4252451457,464.893820169,1264.23314459,0.126154009154,7.19010970108,0.0860990830162,4.920978199,0.0727577524017,4.16137945826,0.08881344537,5.07531912236,14.6350241209,48.3775028026,386.468575023,799.339324426,0,0,0,0,0,0,0,0
aqaba_lsc_c10_angm30,900,1000,500,west,combined_coastal,9,833030,6.30055350148,44,900,1,79591.875,3214324.5,18.2712885177,-2.43180859089,-2.3847951889,0.258390426636,true,6.26143026352,0.70104598999,topo-bathy.tt3,30,30,30,1,0.174095951606,false,west_0213,106500,0.595846714012,0.689936046868,6.26266418358,83.713273697,6.28672630304,6.28672630304,-0.167180468962,0.132566374907,-0.621322689502,-0.783554794197,0.783554794197,-0.621322689502,-4.43967663787,4.47059792155,45.1988324746,44.8011675254,83.713273697,30,3,gmrt_shore_blend,54,unknown,mixed_blend,2,92.7666666667,west,west_0213,106500,0.595846714012,79588.8242017,3214354.47115,native,0,0.000310418911464,90.1016524887,topo-bathy.tt3,30,30,30,3,gmrt_shore_blend,blend to GMRT,54,unknown,mixed_blend,2,92.7666666667,false,unknown,92.7666666667,15.8129991066,19.9788819131,34.5774463018,86.5765596024,212.806247096,24.2222713549,44.2990494332,250.565661575,664.071895155,1111.79511292,0.0840451676378,4.80414312282,0.058394257555,3.34194939441,0.103998226601,5.93731557843,0.126229687494,7.19437778395,20.0767780783,206.266612141,413.50623358,447.723217768,-2.89215750459,-9.5082057219,-12.5037897401,-0.347292077696,0,0,0,0
aqaba_lsc_c10_angm30,900,1000,500,west,combined_coastal,10,779939,6.11913434055,44,900,1,72959.3984375,3195717.5,15.6714313877,-1.33739987907,-1.30413427949,0.288225919008,true,6.08989191055,-0.597512841225,topo-bathy.tt3,30,30,30,1,0.169083004497,false,west_0165,82500,0.461571398178,-0.586867237149,6.09092701677,84.4964799934,5.50352000734,5.50352000734,-0.0811938880408,0.00683527278148,-0.083887839314,-0.996475203111,0.996475203111,-0.083887839314,0.0845388557891,6.1185503397,89.2084053936,0.791594606409,84.4964799934,30,3,gmrt_shore_blend,54,unknown,mixed_blend,2,322.837477937,west,west_0165,82500,0.461571398178,72947.0853602,3195752.69135,native,0,1.98338713698e-05,89.8998510638,topo-bathy.tt3,30,30,30,3,gmrt_shore_blend,blend to GMRT,54,unknown,mixed_blend,2,322.837477937,false,unknown,322.837477937,8.31914192184,25.0452033239,58.4249562914,135.991042675,276.925520529,60.5633003562,118.439957307,210.615804169,446.474584035,759.86109768,0.0998659516307,5.70298867443,0.13351901187,7.60509588371,0.155132172767,8.81812810833,0.140934477854,8.0221160367,57.8766569506,92.1758468622,235.858779866,313.386513645,0.609534884419,1.29954689598,0,0,305.624495528,1.29954689598,150,3
aqaba_lsd_nc8_angm40,900,1000,500,east,combined_coastal,1,603423,18.1589740151,53,1980,5,75360.296875,3133594.5,24.5751757539,-29.1884035161,-0.295745640993,0.655716300011,true,-13.3092651367,-12.3536148071,topo-bathy.tt3,30,30,30,1,0.753629740909,false,east_0011,5500,0.0319253330156,-15.4995341441,9.4611193099,31.4004396877,58.5995603122,58.5995603122,1.42464121162,-0.333369783052,0.227847608149,0.973696804689,-0.973696804689,0.227847608149,-15.0611594916,10.1444473506,33.9622460685,56.0377539315,31.4004396877,30,3,gmrt_shore_blend,54,unknown,mixed_blend,2,61.8444444444,east,east_0011,5500,0.0319253330156,75335.5681004,3133373.43289,native,0,-0.000557516973658,74.2678091336,topo-bathy.tt3,30,30,30,3,gmrt_shore_blend,blend to GMRT,54,unknown,mixed_blend,2,61.8444444444,false,unknown,61.8444444444,160.210074072,239.115692117,270.792217477,606.544933894,1078.66449209,3.99084783566,7.89035889455,15.6893810124,39.0864473657,68.7111771239,0.956931220925,43.7392193747,0.126706101438,7.22124458077,0.671505432834,33.8815751153,0.472119558193,25.2729123595,3.8995110589,7.7990221178,23.3970663534,29.6247297581,56.4304488967,36.8408943904,14.6616780315,60.2270473759,32155.3536511,60.2270473759,900,4
aqaba_lsd_nc8_angm40,900,1000,500,east,combined_coastal,2,650084,17.7644312698,67,3600,2,82412.921875,3149590.5,12.4145200545,3.50710035537,-1.30093464255,0.367903500795,true,-16.475151062,-6.64412641525,topo-bathy.tt3,30,30,30,1,0.73725551477,false,east_0052,26000,0.150919756074,-13.5683602579,11.4662381908,40.2002088558,49.7997911446,49.7997911446,0.226475477845,-0.209665357151,0.679348437713,0.733815848955,-0.733815848955,0.679348437713,-16.067933401,7.57605006306,25.2439343487,64.7560656513,40.2002088558,30,3,gmrt_shore_blend,54,unknown,mixed_blend,2,30.9222222222,east,east_0052,26000,0.150919756074,82542.9118759,3149759.06978,native,0,-0.000508796516636,62.1635258807,topo-bathy.tt3,30,30,30,3,gmrt_shore_blend,blend to GMRT,54,unknown,mixed_blend,2,30.9222222222,false,unknown,30.9222222222,77.5500266792,57.9806142926,195.335385226,538.041144206,760.52552947,2.43567243426,5.94820117959,12.9732586703,34.0484311423,362.498759047,0.225790941165,12.7235101137,0.549419083733,28.7852335013,0.68541151796,34.4271883864,0.222484385265,12.5431208872,3.51252874534,7.02505749068,21.075172472,328.450327904,0,-16.1510556679,34.9945105467,106.53900063,39757.6916125,106.53900063,500,4
aqaba_lsd_nc8_angm40,900,1000,500,east,combined_coastal,3,603093,17.0916339277,61,2940,5,75300.2734375,3133474.5,35.6423195518,-43.1089048073,-1.94541460276,0.9280205369,true,-13.3927307129,-10.6187906265,topo-bathy.tt3,30,30,30,1,0.709333227631,false,east_0011,5500,0.0319253330156,-13.8523282015,10.0118406757,35.8577128174,54.1422871828,54.1422871828,1.8460235503,-0.0303782140857,0.0164537996782,0.999864627075,-0.999864627075,0.0164537996782,-10.837714438,13.216198246,50.6471278627,39.3528721373,35.8577128174,30,3,gmrt_shore_blend,54,unknown,mixed_blend,2,61.8444444444,east,east_0011,5500,0.0319253330156,75335.5681004,3133373.43289,native,0,-0.000557516973658,74.2678091336,topo-bathy.tt3,30,30,30,3,gmrt_shore_blend,blend to GMRT,54,unknown,mixed_blend,2,61.8444444444,false,unknown,61.8444444444,160.210074072,239.115692117,270.792217477,606.544933894,1078.66449209,3.99084783566,7.89035889455,15.6893810124,39.0864473657,68.7111771239,0.956931220925,43.7392193747,0.126706101438,7.22124458077,0.671505432834,33.8815751153,0.472119558193,25.2729123595,3.8995110589,7.7990221178,23.3970663534,29.6247297581,56.4304488967,36.8408943904,14.6616780315,60.2270473759,32155.3536511,60.2270473759,900,4
aqaba_lsd_nc8_angm40,900,1000,500,east,combined_coastal,4,607546,16.1001608647,65,3420,1,76050.5546875,3134945,2.23678506491,0.115548335781,-8.41808855534,7.04627370834,true,3.45700883865,15.7246389389,topo-bathy.tt3,30,30,30,1,0.668185330897,false,east_0017,8500,0.0493391510241,13.5911758431,8.6310555015,32.4175266199,57.5824733801,57.5824733801,0.377092459478,-0.350345476954,0.680647407675,0.732611156361,-0.732611156361,0.680647407675,13.8730500207,8.17029148755,30.4952181569,59.5047818431,32.4175266199,30,1,copernicus_a2_land_core,30,false,high,1,30.9222222222,east,east_0017,8500,0.0493391510241,76177.8478293,3135037.06793,native,0,-0.000147563337177,45.1834370373,topo-bathy.tt3,30,30,30,1,copernicus_a2_land_core,land/a2 core,30,false,high,1,30.9222222222,false,false,30.9222222222,145.277816944,197.058828083,239.914100517,573.46671554,1021.13319165,1.71590359426,5.25320335338,12.3278028716,33.5516014263,68.5692426841,0.777937083235,37.8806703656,0.17142108974,9.72716211967,0.667105230045,33.7074601954,0.447666476115,24.1164623587,3.53729975912,7.07459951823,21.2237985547,35.0176412578,41.2894339736,8.31287607964,66.5500367986,39.758729029,39655.2288207,66.5500367986,900,4
aqaba_lsd_nc8_angm40,900,1000,500,east,combined_coastal,5,630453,15.9721977369,44,900,1,80312.140625,3143258,0.398023616233,-0.635147440132,-5.49526143074,0.666486978531,true,-5.4549946785,15.0117998123,topo-bathy.tt3,30,30,30,1,0.662874633346,false,east_0037,18500,0.107385211053,11.6448921225,10.9319526162,43.1912948668,46.8087051331,46.8087051331,0.209932973934,-0.369879001092,0.869684250814,0.493608452001,-0.493608452001,0.869684250814,2.66582830693,15.7481573521,80.3921236086,9.60787639139,43.1912948668,30,1,copernicus_a2_land_core,30,false,high,1,30.9222222222,east,east_0037,18500,0.107385211053,80445.4479659,3143300.4511,native,0,0.000585266264579,66.778860622,topo-bathy.tt3,30,30,30,1,copernicus_a2_land_core,land/a2 core,30,false,high,1,30.9222222222,false,false,30.9222222222,31.1082520686,57.0403359514,113.44418911,214.180944806,677.478969433,17.4528244631,34.8283596485,66.8260793907,206.143209698,438.315387105,0.22825030714,12.8575149596,0.225615412633,12.7139405611,0.201473511393,11.3910882535,0.463298024627,24.858196252,17.3755351854,31.9977197422,139.317130307,232.172177407,-15.3205723628,-25.7324077755,0,-98.4707386007,0,0,0,0
aqaba_lsd_nc8_angm40,900,1000,500,east,combined_coastal,6,607381,15.7858693746,66,3540,2,76020.5390625,3134885,9.59178886192,-2.66426706463,-4.51344549656,1.77571284771,true,15.2738513947,3.98787355423,topo-bathy.tt3,30,30,30,1,0.655141674681,false,east_0017,8500,0.0493391510241,13.5944767048,-8.02395632057,30.550655237,59.449344763,59.449344763,0.526955399857,-0.111201232884,0.206478522363,0.978451133068,-0.978451133068,0.206478522363,7.05566166444,-14.1213069646,63.4511541521,26.5488458479,30.550655237,30,1,copernicus_a2_land_core,30,false,high,1,30.9222222222,east,east_0017,8500,0.0493391510241,76177.8478293,3135037.06793,native,0,-0.000147563337177,45.1834370373,topo-bathy.tt3,30,30,30,1,copernicus_a2_land_core,land/a2 core,30,false,high,1,30.9222222222,false,false,30.9222222222,145.277816944,197.058828083,239.914100517,573.46671554,1021.13319165,1.71590359426,5.25320335338,12.3278028716,33.5516014263,68.5692426841,0.777937083235,37.8806703656,0.17142108974,9.72716211967,0.667105230045,33.7074601954,0.447666476115,24.1164623587,3.53729975912,7.07459951823,21.2237985547,35.0176412578,41.2894339736,8.31287607964,66.5500367986,39.758729029,39655.2288207,66.5500367986,900,4
aqaba_lsd_nc8_angm40,900,1000,500,east,combined_coastal,7,603424,15.3996830175,51,1740,2,75390.3046875,3133594.5,0.960509081338,0.64948280842,-0.295745640993,0.666324853897,true,-12.152718544,-9.45841789246,topo-bathy.tt3,30,30,30,1,0.639114253528,false,east_0011,5500,0.0319253330156,-12.3992050541,9.13290485353,36.3743131419,53.6256868585,53.6256868585,0.573271922212,-0.0416894990176,0.0725304962609,0.997366195092,-0.997366195092,0.0725304962609,-10.3149489719,11.4346869107,47.9471604116,42.0528395884,36.3743131419,30,3,gmrt_shore_blend,54,unknown,mixed_blend,2,61.8444444444,east,east_0011,5500,0.0319253330156,75335.5681004,3133373.43289,native,0,-0.000557516973658,74.2678091336,topo-bathy.tt3,30,30,30,3,gmrt_shore_blend,blend to GMRT,54,unknown,mixed_blend,2,61.8444444444,false,unknown,61.8444444444,160.210074072,239.115692117,270.792217477,606.544933894,1078.66449209,3.99084783566,7.89035889455,15.6893810124,39.0864473657,68.7111771239,0.956931220925,43.7392193747,0.126706101438,7.22124458077,0.671505432834,33.8815751153,0.472119558193,25.2729123595,3.8995110589,7.7990221178,23.3970663534,29.6247297581,56.4304488967,36.8408943904,14.6616780315,60.2270473759,32155.3536511,60.2270473759,900,4
aqaba_lsd_nc8_angm40,900,1000,500,east,combined_coastal,8,607630,15.3611796676,67,3600,4,76110.578125,3134975,21.294040899,7.67844290675,-0.123638510704,0.678994059563,true,11.0966882706,10.6221160889,topo-bathy.tt3,30,30,30,1,0.63751629598,false,east_0017,8500,0.0493391510241,15.3563607711,-0.384739717333,1.43519364013,88.5648063567,88.5648063567,0.110907016704,-0.278122630264,0.928870073846,0.370405704483,-0.370405704483,0.928870073846,14.2418740464,5.7562891196,22.007603094,67.992396906,1.43519364013,30,1,copernicus_a2_land_core,30,false,high,1,30.9222222222,east,east_0017,8500,0.0493391510241,76177.8478293,3135037.06793,native,0,-0.000147563337177,45.1834370373,topo-bathy.tt3,30,30,30,1,copernicus_a2_land_core,land/a2 core,30,false,high,1,30.9222222222,false,false,30.9222222222,145.277816944,197.058828083,239.914100517,573.46671554,1021.13319165,1.71590359426,5.25320335338,12.3278028716,33.5516014263,68.5692426841,0.777937083235,37.8806703656,0.17142108974,9.72716211967,0.667105230045,33.7074601954,0.447666476115,24.1164623587,3.53729975912,7.07459951823,21.2237985547,35.0176412578,41.2894339736,8.31287607964,66.5500367986,39.758729029,39655.2288207,66.5500367986,900,4
aqaba_lsd_nc8_angm40,900,1000,500,east,combined_coastal,9,607299,15.2629868726,48,1380,4,76020.5390625,3134855,21.8604742873,1.37110063806,-0.988109141588,0.754054963589,true,-9.15930557251,-12.2092542648,topo-bathy.tt3,30,30,30,1,0.633441120227,false,east_0017,8500,0.0493391510241,-15.1166807687,-2.10825302328,7.93956331017,82.0604366898,82.0604366898,0.187145727294,-0.113964549912,0.520112636268,0.854097679188,-0.854097679188,0.520112636268,-15.1917662999,1.47275420992,5.53719243409,84.4628075659,7.93956331017,30,1,copernicus_a2_land_core,30,false,high,1,30.9222222222,east,east_0017,8500,0.0493391510241,76177.8478293,3135037.06793,native,0,-0.000147563337177,45.1834370373,topo-bathy.tt3,30,30,30,1,copernicus_a2_land_core,land/a2 core,30,false,high,1,30.9222222222,false,false,30.9222222222,145.277816944,197.058828083,239.914100517,573.46671554,1021.13319165,1.71590359426,5.25320335338,12.3278028716,33.5516014263,68.5692426841,0.777937083235,37.8806703656,0.17142108974,9.72716211967,0.667105230045,33.7074601954,0.447666476115,24.1164623587,3.53729975912,7.07459951823,21.2237985547,35.0176412578,41.2894339736,8.31287607964,66.5500367986,39.758729029,39655.2288207,66.5500367986,900,4
aqaba_lsd_nc8_angm40,900,1000,500,east,combined_coastal,10,604418,14.1455877897,50,1620,9,75510.3515625,3133894.5,4.78403581292,-1.91923254081,-0.969398569316,0.912789046764,true,-12.8853645325,-5.83652591705,topo-bathy.tt3,30,30,30,1,0.587067069541,false,east_0012,6000,0.034827636017,-12.7934482778,6.03534051063,25.2557097705,64.7442902296,64.7442902296,0.551809498325,0.0377446642945,-0.0682421624354,0.997668786355,-0.997668786355,-0.0682421624354,-4.94359458872,13.2536231446,69.5445105856,20.4554894144,25.2557097705,30,3,gmrt_shore_blend,54,unknown,mixed_blend,2,69.1441909042,east,east_0012,6000,0.034827636017,75517.4845118,3133802.39106,native,0,-0.000716951812081,49.6242282523,topo-bathy.tt3,30,30,30,3,gmrt_shore_blend,blend to GMRT,54,unknown,mixed_blend,2,69.1441909042,false,unknown,69.1441909042,103.779625175,202.274797727,256.130539445,546.317886518,1075.45298302,8.30940519683,16.7357507384,33.5884418216,63.6827252759,97.4476265797,0.808821632043,38.9666812753,0.215422966873,12.1570416408,0.580374694146,30.1297948855,0.529135096498,27.8848879792,8.42634554161,16.8526910832,30.0942834542,33.7649013038,0,0,0,0,0,0,0,3
aqaba_lsd_nc8_angm40,900,1000,500,west,combined_coastal,1,694584,7.3963755071,45,1020,1,60894.9101562,3163965.75,11.7448656013,2.04207063653,-2.81312310696,1.29671406746,true,6.49238491058,3.54334712029,topo-bathy.tt3,30,30,30,1,0.306962747589,false,west_0086,43000,0.240576607535,4.47919875873,5.88584311053,52.7284204157,37.2715795843,37.2715795843,-0.116600748288,0.00738252462515,-0.0631880308565,-0.998001639656,0.998001639656,-0.0631880308565,-3.94650725398,6.25551365887,57.752803521,32.247196479,52.7284204157,30,3,gmrt_shore_blend,54,unknown,mixed_blend,2,61.8444444444,west,west_0086,43000,0.240576607535,60877.3876104,3163764.54148,native,0,-0.000242823885126,81.3527958552,topo-bathy.tt3,30,30,30,3,gmrt_shore_blend,blend to GMRT,54,unknown,mixed_blend,2,61.8444444444,false,unknown,61.8444444444,9.97980623961,15.5799947393,21.6244190892,47.7078192302,125.29537369,43.035038985,100.392242953,450.062435587,1038.81785007,1719.7201135,0.065613625357,3.75400280328,0.0241776973996,1.38501018706,0.052166800282,2.98623056545,0.0775875544601,4.43655123336,57.3572039682,349.670192634,588.755414484,680.902263432,1.72995568346,0,0,0,129.746676259,1.72995568346,0,3
aqaba_lsd_nc8_angm40,900,1000,500,west,combined_coastal,2,703185,6.14880558743,44,900,1,62485.5,3167237,74.2113097697,-3.95533945799,-3.55804926157,0.884519636631,true,4.15622329712,-4.53140354156,topo-bathy.tt3,30,30,30,1,0.255186375502,false,west_0094,47000,0.262955826841,0.787922525823,6.09811349889,82.6377398083,7.36226019186,7.36226019186,-0.0427453985082,0.0363961224953,-0.648294842064,-0.76138938642,0.76138938642,-0.648294842064,0.755704436144,6.10218984932,82.9403480663,7.05965193372,82.6377398083,30,3,gmrt_shore_blend,54,unknown,mixed_blend,2,276.576763617,west,west_0094,47000,0.262955826841,62333.1660507,3167214.77485,native,0,0.000139912970609,35.1649245695,topo-bathy.tt3,30,30,30,3,gmrt_shore_blend,blend to GMRT,54,unknown,mixed_blend,2,276.576763617,false,unknown,276.576763617,4.65425542239,12.4649249712,22.7790902334,31.3983111672,49.6382939022,106.664940259,202.445188485,408.654470106,nan,nan,0.0505054563945,2.8912927928,0.0412566610487,2.36249275361,0.0172384418676,0.987592146578,0.018239982735,1.04495815458,95.7802482254,206.209281621,nan,nan,0.0546321999088,0.902394333875,-1.30788769837,-5.83101227243,184.576281768,0.902394333875,150,3
aqaba_lsd_nc8_angm40,900,1000,500,west,combined_coastal,3,649885,6.14483433307,46,1140,2,54082.3710938,3149530.25,4.23502486988,-0.315035374637,-3.06484401226,0.553749442101,true,5.97628450394,-1.42933988571,topo-bathy.tt3,30,30,30,1,0.255021561378,false,west_0046,23000,0.128680511007,0.736487676877,6.10053890101,83.1162792497,6.88372075002,6.88372075002,-0.129906036094,0.0828567352965,-0.537749467469,-0.843104685218,0.843104685218,-0.537749467469,-2.00866065503,5.80726022784,70.9201197037,19.0798802963,83.1162792497,30,3,gmrt_shore_blend,54,unknown,mixed_blend,2,249.302925706,west,west_0046,23000,0.128680511007,54176.2335582,3149761.49558,native,0,0.000248698036359,69.6655931806,topo-bathy.tt3,30,30,30,3,gmrt_shore_blend,blend to GMRT,54,unknown,mixed_blend,2,249.302925706,false,unknown,249.302925706,17.7660172199,42.5182771908,66.0414592792,115.043046179,243.64035087,27.6178962138,55.2661758674,113.408565132,303.029588341,862.537790129,0.170239263689,9.66136853255,0.0940927283539,5.37529022417,0.0980031737988,5.59729394096,0.128597304691,7.32786513823,27.6482796537,58.142389265,189.621023209,559.508201787,0,0,4.04117917964,2.89240467541,2238.54336122,4.04117917964,500,4
aqaba_lsd_nc8_angm40,900,1000,500,west,combined_coastal,4,690328,5.92718449588,45,1020,1,60954.9296875,3162195,15.9030333319,1.5964412434,-0.804476618767,1.90003633499,true,-3.43955731392,4.82710695267,topo-bathy.tt3,30,30,30,1,0.245988705762,false,west_0083,41500,0.232184400296,5.80090890274,-1.21695190964,11.8480582358,78.151941764,78.151941764,-0.0784061735879,-0.065704208934,0.642291942283,-0.766460084335,0.766460084335,0.642291942283,-5.90898474979,0.464128511335,4.4911469117,85.5088530883,11.8480582358,30,3,gmrt_shore_blend,54,unknown,mixed_blend,2,30.9222222222,west,west_0083,41500,0.232184400296,60879.3755345,3162297.0998,native,0,-0.000391766537663,113.623731798,topo-bathy.tt3,30,30,30,3,gmrt_shore_blend,blend to GMRT,54,unknown,mixed_blend,2,30.9222222222,false,unknown,30.9222222222,3.74220572178,7.90819650619,15.8790401627,42.197673533,121.720581161,142.365754168,333.125900124,583.161667602,1120.6502828,1746.51365722,0.0312992029279,1.79272697366,0.0318833746262,1.8261641749,0.0526372667405,3.01311249039,0.0795229076283,4.54675868636,190.760145956,250.035767478,537.488615193,625.863374428,-3.84101509934,-3.37174075167,-6.45235925941,-3.5504747748,0,0,0,0
aqaba_lsd_nc8_angm40,900,1000,500,west,combined_coastal,5,699490,5.79041946285,46,1140,1,61375.0859375,3165916.5,12.2236035213,-1.09557080319,-0.885996073484,0.374365776777,true,5.78134679794,-0.324016600847,topo-bathy.tt3,30,30,30,1,0.240312713477,false,west_0091,45500,0.254563619601,1.7946728099,5.50527992577,71.9444873256,18.0555126746,18.0555126746,-0.0832286709326,0.0183767452667,-0.215605215312,-0.976480614826,0.976480614826,-0.215605215312,-0.930092591556,5.71523274476,80.7567598778,9.24324012223,71.9444873256,30,3,gmrt_shore_blend,54,unknown,mixed_blend,2,154.611111111,west,west_0091,45500,0.254563619601,61429.2734753,3166150.53361,native,0,-0.000312298305857,68.7366910786,topo-bathy.tt3,30,30,30,3,gmrt_shore_blend,blend to GMRT,54,unknown,mixed_blend,2,154.611111111,false,unknown,154.611111111,5.84497444683,11.9911494852,20.9541041248,45.2770209705,57.6115278046,84.3687130231,191.280302017,478.190332969,1318.25044523,nan,0.0476334158963,2.72713237245,0.0358518185582,2.05327846345,0.0486458336915,2.78500551774,0.0123345068341,0.706679347344,106.911588994,286.910030952,840.060112262,nan,0,0,-4.02781235624,0,0,0,0,0
aqaba_lsd_nc8_angm40,900,1000,500,west,combined_coastal,6,677191,5.63402816423,44,900,1,58283.9375,3158323.75,36.154553365,-1.26812686039,-0.914731293917,1.33984553814,true,-1.16335475445,5.51261091232,topo-bathy.tt3,30,30,30,1,0.23382219624,false,west_0067,33500,0.187425961684,1.48950217035,-5.4335675794,74.6701184887,15.3298815114,15.3298815114,-0.021899244266,0.0275968644186,-0.783330768086,-0.621605105971,0.621605105971,-0.783330768086,-2.51537551697,-5.04134499553,63.4831299618,26.5168700382,74.6701184887,30,3,gmrt_shore_blend,54,unknown,mixed_blend,2,92.7666666667,west,west_0067,33500,0.187425961684,58429.3233397,3158474.43209,native,0,-0.00108972468804,27.2464542635,topo-bathy.tt3,30,30,30,3,gmrt_shore_blend,blend to GMRT,54,unknown,mixed_blend,2,92.7666666667,false,unknown,92.7666666667,3.07386958718,7.61622632603,13.4807154816,11.9982145233,49.9162656978,162.421948143,335.391317198,1269.65049897,nan,nan,0.0304520108792,1.74423267749,0.0234579566222,1.3437954606,0.00296500191663,0.169881598249,0.0379180511745,2.17150398439,172.969369055,934.259181777,nan,nan,0,0,0.0943301738152,-2.82870798291,35.3738151807,0.0943301738152,0,1
aqaba_lsd_nc8_angm40,900,1000,500,west,combined_coastal,7,673161,5.62279562039,44,900,1,59634.4375,3157543.25,25.9786929133,-0.573117863383,-0.305276870728,2.09991669655,true,-3.46427559853,4.42884016037,topo-bathy.tt3,30,30,30,1,0.233356025679,false,west_0072,36000,0.20141297375,-2.7193894053,-4.92145830532,61.0768193758,28.9231806242,28.9231806242,0.0177670226262,0.022509357373,-0.78494250581,0.619568610061,-0.619568610061,-0.78494250581,5.46322751147,-1.33002847587,13.6825479447,76.3174520553,61.0768193758,30,3,gmrt_shore_blend,54,unknown,mixed_blend,2,197.998830586,west,west_0072,36000,0.20141297375,59804.0382519,3157524.09977,native,0,0.00143906467419,9.10963249658,topo-bathy.tt3,30,30,30,3,gmrt_shore_blend,blend to GMRT,54,unknown,mixed_blend,2,197.998830586,false,unknown,197.998830586,2.40653605315,8.32710161954,23.0570613512,55.5950974173,147.764418857,173.288230382,282.405966995,447.392407798,934.018555908,1445.84247858,0.0336469031558,1.92709853213,0.0589198389266,3.37195973306,0.0650760721322,3.72333422623,0.0921693214397,5.26603477312,109.117736613,164.986440803,486.62614811,511.823922668,-0.261247799282,0.824632209897,0,0,164.926441979,0.824632209897,0,3
aqaba_lsd_nc8_angm40,900,1000,500,west,combined_coastal,8,633555,5.59504322337,45,1020,1,51951.578125,3143948.25,88.4265707641,-3.5637475102,-3.00514018536,1.11372876167,true,4.25834608078,-3.62918686867,topo-bathy.tt3,30,30,30,1,0.232204251809,false,west_0033,16500,0.0923142796356,-0.522257296231,5.57061540478,84.6440515679,5.35594843169,5.35594843169,-0.0347984841068,0.0353737096475,-0.712879226935,-0.701286822779,0.701286822779,-0.712879226935,-0.490585533687,5.57349392263,84.9697219978,5.0302780022,84.6440515679,30,3,gmrt_shore_blend,54,unknown,mixed_blend,2,285.088802496,west,west_0033,16500,0.0923142796356,51862.0230555,3143992.26424,native,0,-5.6048681605e-05,54.9165637974,topo-bathy.tt3,30,30,30,3,gmrt_shore_blend,blend to GMRT,54,unknown,mixed_blend,2,285.088802496,false,unknown,285.088802496,3.76870562671,13.3420610848,27.2073533114,40.4296310068,36.3473853568,122.353232389,202.068070815,361.949585175,nan,nan,0.0531463891779,3.04220167836,0.0554611689063,3.17443877492,0.0264445553909,1.51480837166,0.00408224565007,0.23389414743,79.7148384265,159.88151436,nan,nan,-2.69890464433,-1.71419445467,0,0,0,0,0,0
aqaba_lsd_nc8_angm40,900,1000,500,west,combined_coastal,9,657153,5.56659127683,44,900,1,54982.7070312,3152051.25,5.2174054189,-0.443485289727,0.250602483749,0.440624177456,true,5.55346870422,-0.381999731064,topo-bathy.tt3,30,30,30,1,0.231023445389,false,west_0051,25500,0.142667523073,0.334781346562,5.55651508531,86.5520838009,3.44791619903,3.44791619903,-0.0791988743855,0.0507671909303,-0.539656182497,-0.841885505691,0.841885505691,-0.539656182497,-2.67536368377,4.88153332497,61.2747004594,28.7252995406,86.5520838009,30,3,gmrt_shore_blend,54,unknown,mixed_blend,2,216.455555556,west,west_0051,25500,0.142667523073,54985.9642411,3152066.07766,native,0,0.000473827812099,82.6171465747,topo-bathy.tt3,30,30,30,3,gmrt_shore_blend,blend to GMRT,54,unknown,mixed_blend,2,216.455555556,false,unknown,216.455555556,7.48829346836,19.799994078,53.8769349284,125.575115,207.577358933,64.9890968858,134.046774781,252.010346127,476.249761001,800.459390419,0.0792563319676,4.53158068871,0.136307763402,7.76202315132,0.143396360142,8.16037704307,0.0820022439331,4.68789355679,69.0576778951,117.963571346,224.239414873,324.209629418,-11.8162358798,-19.2917377584,0,3.95496490332,988.741225831,3.95496490332,0,4
aqaba_lsd_nc8_angm40,900,1000,500,west,combined_coastal,10,672634,5.51452667196,46,1140,1,59784.4960938,3157423.25,95.1054450547,-2.33025101652,-2.07026290894,3.18325686455,true,-2.23619103432,5.04077911377,topo-bathy.tt3,30,30,30,1,0.228862671622,false,west_0072,36000,0.20141297375,-1.40990975748,-5.33124365337,75.1865953399,14.81340466,14.81340466,-0.000280923163345,0.0305510175378,-0.999957726695,-0.00919482591529,0.00919482591529,-0.999957726695,2.18974741671,-5.06112741065,66.6037949853,23.3962050147,75.1865953399,30,3,gmrt_shore_blend,54,unknown,mixed_blend,2,197.998830586,west,west_0072,36000,0.20141297375,59804.0382519,3157524.09977,native,0,0.00143906467419,9.10963249658,topo-bathy.tt3,30,30,30,3,gmrt_shore_blend,blend to GMRT,54,unknown,mixed_blend,2,197.998830586,false,unknown,197.998830586,2.40653605315,8.32710161954,23.0570613512,55.5950974173,147.764418857,173.288230382,282.405966995,447.392407798,934.018555908,1445.84247858,0.0336469031558,1.92709853213,0.0589198389266,3.37195973306,0.0650760721322,3.72333422623,0.0921693214397,5.26603477312,109.117736613,164.986440803,486.62614811,511.823922668,-0.261247799282,0.824632209897,0,0,164.926441979,0.824632209897,0,3
aqaba_lse_c10_angm40,900,1000,500,east,combined_coastal,1,653734,35.0387643355,54,2100,11,83313.2578125,3151031,14.3522295273,-15.2565974382,-3.096968472,0.574825823307,true,12.377366066,32.7798080444,topo-bathy.tt3,30,30,30,1,0.844164177086,false,east_0055,27500,0.159626665078,31.4144546639,15.5192475439,26.2901151415,63.7098848585,63.7098848585,0.913233203186,-0.990072636185,0.735055012009,0.678007469959,-0.678007469959,0.735055012009,31.3229996802,15.7030155446,26.6257711175,63.3742288825,26.2901151415,30,3,gmrt_shore_blend,54,unknown,mixed_blend,2,87.4612520908,east,east_0055,27500,0.159626665078,83280.2250199,3150978.38613,native,0,-0.000527430664092,43.023791224,topo-bathy.tt3,30,30,30,3,gmrt_shore_blend,blend to GMRT,54,unknown,mixed_blend,2,87.4612520908,false,unknown,87.4612520908,194.259581651,132.035238053,333.328758339,507.100693515,927.53941227,2.80181936176,5.8214247564,11.8606355457,29.9782679135,57.5814991663,0.526698472123,27.7757077896,0.805174081142,38.8401166014,0.347543870353,19.1645820834,0.420438718755,22.8037698883,3.01960539464,6.03921078927,18.1176323678,27.6032312528,93.2657607641,37.7031152584,124.831649128,75.5985499393,80247.061017,124.831649128,900,4
aqaba_lse_c10_angm40,900,1000,500,east,combined_coastal,2,653735,33.1519422692,45,1020,5,83343.265625,3151031,3.47471362921,3.12202569097,-3.096968472,0.548976242542,true,12.0357179642,30.8900108337,topo-bathy.tt3,30,30,30,1,0.798706307006,false,east_0055,27500,0.159626665078,29.8752734446,14.3707798269,25.6887588407,64.3112411593,64.3112411593,0.387974251827,-0.276652726727,0.580582471479,0.814201445474,-0.814201445474,0.580582471479,32.1384183532,8.13469987007,14.2040710792,75.7959289208,25.6887588407,30,3,gmrt_shore_blend,54,unknown,mixed_blend,2,87.4612520908,east,east_0055,27500,0.159626665078,83280.2250199,3150978.38613,native,0,-0.000527430664092,43.023791224,topo-bathy.tt3,30,30,30,3,gmrt_shore_blend,blend to GMRT,54,unknown,mixed_blend,2,87.4612520908,false,unknown,87.4612520908,194.259581651,132.035238053,333.328758339,507.100693515,927.53941227,2.80181936176,5.8214247564,11.8606355457,29.9782679135,57.5814991663,0.526698472123,27.7757077896,0.805174081142,38.8401166014,0.347543870353,19.1645820834,0.420438718755,22.8037698883,3.01960539464,6.03921078927,18.1176323678,27.6032312528,93.2657607641,37.7031152584,124.831649128,75.5985499393,80247.061017,124.831649128,900,4
aqaba_lse_c10_angm40,900,1000,500,east,combined_coastal,3,742250,27.6873734511,48,1380,15,88355.1328125,3181012,8.59469079178,1.38931069268,-2.82728636265,0.762763619423,true,-25.9438400269,-9.66994380951,topo-bathy.tt3,30,30,30,1,0.667052313865,false,east_0129,64500,0.374397087183,-20.7970871602,18.277631528,41.3107955529,48.6892044471,48.6892044471,0.408895868202,-0.324152552407,0.621225086298,0.783632179121,-0.783632179121,0.621225086298,-23.694643399,14.3232162175,31.1526152316,58.8473847684,41.3107955529,30,3,gmrt_shore_blend,54,unknown,mixed_blend,2,69.1441909042,east,east_0129,64500,0.374397087183,88377.7238026,3181063.33186,native,0,0.000130985664105,61.7525282621,topo-bathy.tt3,30,30,30,3,gmrt_shore_blend,blend to GMRT,54,unknown,mixed_blend,2,69.1441909042,false,unknown,69.1441909042,98.1924451776,153.723915063,197.353504404,382.807006621,699.70933897,0,0.363604673669,9.71815878361,37.7818211134,104.499387084,0.576450430985,29.9613172349,0.174518357365,9.89946724561,0.370907004433,20.3501700594,0.316902332349,17.5835299823,0.363604673669,9.35455410994,28.0636623298,66.7175659703,-5.51928628098,-6.53779513171,0,-5.56328438103,0,0,0,0
aqaba_lse_c10_angm40,900,1000,500,east,combined_coastal,4,678686,21.1756641504,59,2700,2,86974.625,3158683.75,17.6684376468,2.36036501072,-4.45161676407,2.01849007607,true,7.95423936844,19.6249542236,topo-bathy.tt3,30,30,30,1,0.510170305396,false,east_0077,38500,0.223477331109,18.503148671,10.2976813636,29.0975434324,60.9024565678,60.9024565678,0.472165830794,-0.282977667111,0.51406580209,0.857750751163,-0.857750751163,0.51406580209,20.9223216678,3.26576304073,8.87170434174,81.1282956583,29.0975434324,30,3,gmrt_shore_blend,54,unknown,mixed_blend,2,69.1441909042,east,east_0077,38500,0.223477331109,86826.731614,3158667.28178,native,0,-0.00034431464501,38.839128589,topo-bathy.tt3,30,30,30,3,gmrt_shore_blend,blend to GMRT,54,unknown,mixed_blend,2,69.1441909042,false,unknown,69.1441909042,204.882369716,75.8293795513,265.151905399,569.591264957,704.149452848,3.33680063666,7.00055234136,14.3280557507,36.3105659789,61.4969578018,0.301532729855,16.7797780533,0.757290103392,37.1362865386,0.608878719116,31.3363455717,0.13455818789,7.66358543542,3.66375170469,7.32750340939,21.9825102282,25.1863918229,71.0827762112,-37.569789433,-36.3480034106,61.7949260629,20779.9397316,71.0827762112,0,4
aqaba_lse_c10_angm40,900,1000,500,east,combined_coastal,5,653528,18.9225517718,57,2460,3,83253.234375,3150971,14.2840189202,-14.1423476664,-1.0243473351,0.756697237492,true,-15.3549585342,-11.0584001541,topo-bathy.tt3,30,30,30,1,0.455887661786,false,east_0055,27500,0.159626665078,-18.7707248044,2.392249124,7.26294992173,82.7370500791,82.7370500791,1.05972629886,-0.790152669079,0.597750136193,0.801682464995,-0.801682464995,0.597750136193,-18.0437540495,5.6996408094,17.5302263093,72.4697736907,7.26294992173,30,3,gmrt_shore_blend,54,unknown,mixed_blend,2,87.4612520908,east,east_0055,27500,0.159626665078,83280.2250199,3150978.38613,native,0,-0.000527430664092,43.023791224,topo-bathy.tt3,30,30,30,3,gmrt_shore_blend,blend to GMRT,54,unknown,mixed_blend,2,87.4612520908,false,unknown,87.4612520908,194.259581651,132.035238053,333.328758339,507.100693515,927.53941227,2.80181936176,5.8214247564,11.8606355457,29.9782679135,57.5814991663,0.526698472123,27.7757077896,0.805174081142,38.8401166014,0.347543870353,19.1645820834,0.420438718755,22.8037698883,3.01960539464,6.03921078927,18.1176323678,27.6032312528,93.2657607641,37.7031152584,124.831649128,75.5985499393,80247.061017,124.831649128,900,4
aqaba_lse_c10_angm40,900,1000,500,east,combined_coastal,6,738312,17.4530394263,56,2340,6,87514.8203125,3179811.75,11.5326164482,2.89139683736,-1.18946009874,0.346250295639,true,-15.3231201172,-8.35527229309,topo-bathy.tt3,30,30,30,1,0.420483739777,false,east_0126,63000,0.365690178179,-15.4416537105,8.1341204751,27.7786851739,62.2213148257,62.2213148257,0.326358819974,-0.315107685529,0.694597500322,0.71939857697,-0.71939857697,0.694597500322,-16.6541719284,5.21987955777,17.4024385571,72.5975614429,27.7786851739,30,3,gmrt_shore_blend,54,unknown,mixed_blend,2,30.9222222222,east,east_0126,63000,0.365690178179,87634.6859075,3179897.99149,native,0,-0.00011320901286,56.3810947563,topo-bathy.tt3,30,30,30,3,gmrt_shore_blend,blend to GMRT,54,unknown,mixed_blend,2,30.9222222222,false,unknown,30.9222222222,106.891891081,177.605967085,221.946668013,440.544036361,722.667377136,15.7885661772,26.1846011942,46.976671228,66.7056722867,95.9667208126,0.720798075721,35.7839906978,0.177362803711,10.0575485033,0.437194736697,23.6146957031,0.282123340775,15.7549980086,10.3960350169,20.7920700339,19.7290010587,29.2610485259,3.18015962276,1.07000157692,23.0646950988,-30.5219741621,9101.77294915,23.0646950988,400,3
aqaba_lse_c10_angm40,900,1000,500,east,combined_coastal,7,653529,17.261978345,52,1860,1,83283.25,3150971,7.38731326278,2.25448340098,-1.0243472904,1.23587703705,true,-12.3280439377,-12.0828485489,topo-bathy.tt3,30,30,30,1,0.415880640224,false,east_0055,27500,0.159626665078,-17.2568201651,-0.421964661598,1.40072024267,88.5992797484,88.5992797484,0.325013173324,-0.167252356485,0.457570249581,0.889173473906,-0.889173473906,0.457570249581,-16.3846945603,5.43301762839,18.3450575777,71.6549424223,1.40072024267,30,3,gmrt_shore_blend,54,unknown,mixed_blend,2,87.4612520908,east,east_0055,27500,0.159626665078,83280.2250199,3150978.38613,native,0,-0.000527430664092,43.023791224,topo-bathy.tt3,30,30,30,3,gmrt_shore_blend,blend to GMRT,54,unknown,mixed_blend,2,87.4612520908,false,unknown,87.4612520908,194.259581651,132.035238053,333.328758339,507.100693515,927.53941227,2.80181936176,5.8214247564,11.8606355457,29.9782679135,57.5814991663,0.526698472123,27.7757077896,0.805174081142,38.8401166014,0.347543870353,19.1645820834,0.420438718755,22.8037698883,3.01960539464,6.03921078927,18.1176323678,27.6032312528,93.2657607641,37.7031152584,124.831649128,75.5985499393,80247.061017,124.831649128,900,4
aqaba_lse_c10_angm40,900,1000,500,east,combined_coastal,8,996183,17.0704831199,66,3540,8,109543.023438,3266664,38.71755846,-38.3387510275,-0.952277183533,0.348397016525,true,12.5385131836,11.5839147568,topo-bathy.tt3,30,30,30,1,0.41126708115,false,east_0342,171000,0.992587626486,14.8913688565,-8.34556933514,29.2675768656,60.7324231341,60.7324231341,1.40628829339,-0.00724296785997,0.00515034636185,0.999986736878,-0.999986736878,0.00515034636185,11.6483388037,-12.4786857105,46.9710927585,43.0289072415,29.2675768656,30,1,copernicus_a2_land_core,30,false,high,1,30.9222222222,east,east_0342,171000,0.992587626486,109635.333528,3266810.94733,native,0,-0.000493505660923,72.0013896932,topo-bathy.tt3,30,30,30,1,copernicus_a2_land_core,land/a2 core,30,false,high,1,30.9222222222,false,false,30.9222222222,112.117705206,162.289736101,294.789447998,475.585488339,669.591610954,3.69752740653,7.74229667458,15.8318352107,40.100450819,87.8531994127,0.647441952216,32.9207134602,0.529998847589,27.9235381668,0.361592080682,19.8795891581,0.194006122615,10.9793398083,4.04476926805,8.0895385361,24.2686156083,47.7527485938,0,-29.1316726221,-54.361070907,-36.4541863708,0,0,0,0
aqaba_lse_c10_angm40,900,1000,500,east,combined_coastal,9,676511,16.7388568764,51,1740,3,86404.40625,3158293.75,31.2371270778,-24.4826037173,-2.05233210325,1.52130782604,true,-11.2746868134,-12.372177124,topo-bathy.tt3,30,30,30,1,0.403277444521,false,east_0076,38000,0.220575028108,-16.6053999132,2.10950782219,7.239929254,82.7600707466,82.7600707466,1.52583275459,-0.232184505291,0.150437288323,0.988619553864,-0.988619553864,0.150437288323,-13.9275095396,9.28513907023,33.6904454912,56.3095545088,7.239929254,30,3,gmrt_shore_blend,54,unknown,mixed_blend,2,111.491657774,east,east_0076,38000,0.220575028108,86473.8442771,3158330.13662,native,0,-0.000269609651481,54.8972148634,topo-bathy.tt3,30,30,30,3,gmrt_shore_blend,blend to GMRT,54,unknown,mixed_blend,2,111.491657774,false,unknown,111.491657774,171.433199244,120.338368069,324.741135768,505.101288369,837.252409782,6.94917377357,11.7876680911,21.4646567262,50.209998215,70.7109823342,0.490078002336,26.1084578047,0.817611070797,39.2698129103,0.360720305202,19.8354034178,0.332151121412,18.373965039,4.83849431756,9.67698863511,28.7453414887,20.5009841192,0,6.73170877339,59.5892303689,-15.1325007837,23692.303143,59.5892303689,250,4
aqaba_lse_c10_angm40,900,1000,500,east,combined_coastal,10,665483,16.7379383988,64,3300,8,84783.8046875,3155082.5,43.7206574552,-14.7220649337,1.73929986358,0.344009548426,true,-11.4214696884,-12.2355470657,topo-bathy.tt3,30,30,30,1,0.403255316289,false,east_0067,33500,0.194454301095,-11.1849534477,12.452124245,48.0686578813,41.9313421192,41.9313421192,1.35726489472,0.215543849841,-0.156842054206,0.987623698598,-0.987623698598,-0.156842054206,-10.2927494794,13.1991624732,52.0527794367,37.9472205633,48.0686578813,30,1,copernicus_a2_land_core,30,false,high,1,43.7306260454,east,east_0067,33500,0.194454301095,84860.9121465,3155007.99081,native,0,-0.00054744675296,95.0395234566,topo-bathy.tt3,30,30,30,1,copernicus_a2_land_core,land/a2 core,30,false,high,1,43.7306260454,false,false,43.7306260454,131.647301126,51.8595556397,204.181587573,539.233282889,921.077783237,6.35917765229,9.87065463536,16.8936086015,37.9624705,75.4698841926,0.223657612194,12.6071554309,0.609288127733,31.3534554793,0.670103390631,33.8261735353,0.381844500349,20.8990815637,3.51147698307,7.02295396615,21.0688618984,37.5074136926,60.0994192584,-3.87008083987,36.2401393031,102.949140687,43834.7938547,102.949140687,500,4
aqaba_lse_c10_angm40,900,1000,500,west,combined_coastal,1,710633,5.62186791555,45,1020,1,64706.328125,3170088,8.33984526804,-0.966976214573,-1.52102279663,0.649142205715,true,5.4871006012,1.22357094288,topo-bathy.tt3,30,30,30,1,0.135443689086,false,west_0102,51000,0.285335046146,-0.0146949190364,5.6218487101,89.8502352221,0.149764757403,0.149764757403,-0.102257541021,-0.0525554107807,0.457112879157,-0.889408688798,0.889408688798,0.457112879157,1.41996972608,5.43958498757,75.3697816371,14.6302183629,89.8502352221,30,5,gmrt_core,54,unknown,high,1,61.8444444444,west,west_0102,51000,0.285335046146,64651.2561668,3170179.73333,native,0,0.000620688209105,102.720509626,topo-bathy.tt3,30,30,30,5,gmrt_core,GMRT core,54,unknown,high,1,61.8444444444,false,unknown,61.8444444444,11.3517815006,29.3389771648,68.169727334,171.732787919,409.440633299,44.9305952134,88.3228996844,174.535967228,392.139482462,674.24115548,0.117337167318,6.69232309869,0.155323000677,8.82880448834,0.20712612117,11.7019820284,0.23770784538,13.3714907242,43.3923044711,86.213067544,217.603515234,282.101673018,0,0,0,0,0,0,0,0
aqaba_lse_c10_angm40,900,1000,500,west,combined_coastal,2,690046,5.19528445023,48,1380,1,60834.8867188,3162315.25,24.793711216,3.40071307184,-0.313236169517,0.285278707743,true,4.69136333466,2.23205971718,topo-bathy.tt3,30,30,30,1,0.125166315246,false,west_0083,41500,0.232184400296,0.165042786409,5.19266226492,88.1795325269,1.82046747144,1.82046747144,-0.0998790090609,-0.0824788754237,0.636744367504,-0.771074970708,0.771074970708,0.636744367504,1.26611379822,5.0386442987,75.8947179289,14.1052820711,88.1795325269,30,3,gmrt_shore_blend,54,unknown,mixed_blend,2,30.9222222222,west,west_0083,41500,0.232184400296,60879.3755345,3162297.0998,native,0,-0.000391766537663,113.623731798,topo-bathy.tt3,30,30,30,3,gmrt_shore_blend,blend to GMRT,54,unknown,mixed_blend,2,30.9222222222,false,unknown,30.9222222222,3.74220572178,7.90819650619,15.8790401627,42.197673533,121.720581161,142.365754168,333.125900124,583.161667602,1120.6502828,1746.51365722,0.0312992029279,1.79272697366,0.0318833746262,1.8261641749,0.0526372667405,3.01311249039,0.0795229076283,4.54675868636,190.760145956,250.035767478,537.488615193,625.863374428,-3.84101509934,-3.37174075167,-6.45235925941,-3.5504747748,0,0,0,0
aqaba_lse_c10_angm40,900,1000,500,west,combined_coastal,3,726886,5.19063385084,44,900,1,68277.65625,3175700,11.7238805815,-0.893262821288,-1.01926138997,0.262306839228,true,5.19063138962,0.00505475606769,topo-bathy.tt3,30,30,30,1,0.125054271643,false,west_0119,59500,0.332890887171,-1.77963943159,4.87601920289,69.9490333433,20.0509666567,20.0509666567,-0.0794392694984,-0.013560442719,0.168268014992,-0.985741282047,0.985741282047,0.168268014992,0.868434558759,5.1174701944,80.3686628939,9.63133710614,69.9490333433,30,5,gmrt_core,54,unknown,high,1,30.9222222222,west,west_0119,59500,0.332890887171,68229.6405239,3175850.30361,native,0,0.00113896193647,110.106762585,topo-bathy.tt3,30,30,30,5,gmrt_core,GMRT core,54,unknown,high,1,30.9222222222,false,unknown,30.9222222222,8.32524954706,27.0751212245,71.743504962,218.73560551,927.55244349,64.1931379678,115.227224088,199.691393805,386.027864848,640.775683688,0.108319420128,6.18214224395,0.17867353495,10.1303410328,0.293984201097,16.3825029387,0.70881683798,35.3296563991,51.0340861202,84.464169717,186.336471043,254.747818839,2.25989198866,5.51241515029,8.92924740493,33.0586747371,12885.1113903,33.0586747371,900,4
aqaba_lse_c10_angm40,900,1000,500,west,combined_coastal,4,684194,5.00869027152,44,900,1,61074.9765625,3160214.25,8.947010135,-0.761698152621,-1.08599019051,0.273951768875,true,4.87985134125,-1.12872898579,topo-bathy.tt3,30,30,30,1,0.120670833619,false,west_0078,39000,0.21819738823,-0.114375021978,5.00738420639,88.69151907,1.30848092789,1.30848092789,-0.0964449156582,-0.0117128597695,0.120560282361,-0.992706007999,0.992706007999,0.120560282361,1.70881230118,4.70817785936,70.0518583139,19.9481416861,88.69151907,30,3,gmrt_shore_blend,54,unknown,mixed_blend,2,30.9222222222,west,west_0078,39000,0.21819738823,61045.6223242,3160126.26752,native,0,-0.00015874509183,78.2847784022,topo-bathy.tt3,30,30,30,3,gmrt_shore_blend,blend to GMRT,54,unknown,mixed_blend,2,30.9222222222,false,unknown,30.9222222222,6.16340894328,18.0720845531,49.2472327949,101.474781647,257.318067664,77.5850107473,156.285168765,268.300439012,507.245941883,987.752840753,0.0726725379317,4.1565227088,0.124700592967,7.10812488698,0.104455097703,5.96321105624,0.155843286018,8.85791010796,78.7001580182,112.015270247,238.94550287,480.50689887,-2.33211679695,-3.79030385499,-0.295346870171,0,0,0,0,0
aqaba_lse_c10_angm40,900,1000,500,west,combined_coastal,5,688512,4.89334818706,44,900,2,61195.0195312,3161775,1.90991938936,0.0692717374768,-0.61578329606,0.618040323257,true,4.78687620163,1.01522052288,topo-bathy.tt3,30,30,30,1,0.117891978323,false,west_0082,41000,0.229386997882,-1.19979149381,4.74398111834,75.8070408293,14.1929591707,14.1929591707,-0.106425309559,-0.0481246916629,0.412025073437,-0.911172507739,0.911172507739,0.412025073437,1.04727198877,4.77996630337,77.6419894321,12.3580105679,75.8070408293,30,3,gmrt_shore_blend,54,unknown,mixed_blend,2,69.1441909042,west,west_0082,41000,0.229386997882,61158.1495888,3161893.29865,native,0,0.000194568721135,116.167058986,topo-bathy.tt3,30,30,30,3,gmrt_shore_blend,blend to GMRT,54,unknown,mixed_blend,2,69.1441909042,false,unknown,69.1441909042,5.60247472611,11.2799372579,22.380169306,58.3626039051,157.889272559,85.7936757852,215.321374015,457.935901899,894.210502948,1434.76870217,0.047075724295,2.69525049194,0.0444009281927,2.54231599277,0.0719648691981,4.11618723306,0.0995266686543,5.68374050636,129.52769823,242.614527884,436.274601049,540.558199227,-1.980746095,0,0,0,0,0,0,0
aqaba_lse_c10_angm40,900,1000,500,west,combined_coastal,6,690681,4.78343911835,47,1260,1,60804.875,3162555.25,28.3875132737,-1.53899449464,-1.64542639256,1.04027926922,true,4.14717960358,2.38373470306,topo-bathy.tt3,30,30,30,1,0.115244016835,false,west_0084,42000,0.234981802709,2.1096038695,4.2931179011,63.8308665891,26.1691334111,26.1691334111,-0.0506760451256,-0.00926540741935,0.179854571366,-0.983693210894,0.983693210894,0.179854571366,-1.59897443399,4.50827800367,70.4716658815,19.5283341185,63.8308665891,30,3,gmrt_shore_blend,54,unknown,mixed_blend,2,235.496628374,west,west_0084,42000,0.234981802709,60773.7246859,3162772.21999,native,0,-0.000516399422951,93.7204898237,topo-bathy.tt3,30,30,30,3,gmrt_shore_blend,blend to GMRT,54,unknown,mixed_blend,2,235.496628374,false,unknown,235.496628374,7.58322082112,14.3049457526,18.6356993467,41.9973720892,132.293293236,63.5604291467,141.571551501,553.21687425,1123.42106296,1699.1334335,0.0569677936054,3.26049006749,0.0173230143765,0.9924363478,0.046723345485,2.67510498492,0.0902959211466,5.15958291356,78.0111223544,411.645322749,570.204188711,575.712370536,0,0,-2.98871974248,-3.75077621858,0,0,0,0
aqaba_lse_c10_angm40,900,1000,500,west,combined_coastal,7,690752,4.78275296333,46,1140,1,60774.8632812,3162585.25,1.87209746295,-0.168610828491,-0.225825756788,0.386170595884,true,4.50189065933,1.61483943462,topo-bathy.tt3,30,30,30,1,0.115227485788,false,west_0084,42000,0.234981802709,1.31931215844,4.59718841649,73.9874526952,16.0125473051,16.0125473051,-0.0562324360507,-0.00562464467593,0.0995282655187,-0.995034735254,0.995034735254,0.0995282655187,-1.15875596043,4.64025974837,75.978969436,14.021030564,73.9874526952,30,3,gmrt_shore_blend,54,unknown,mixed_blend,2,235.496628374,west,west_0084,42000,0.234981802709,60773.7246859,3162772.21999,native,0,-0.000516399422951,93.7204898237,topo-bathy.tt3,30,30,30,3,gmrt_shore_blend,blend to GMRT,54,unknown,mixed_blend,2,235.496628374,false,unknown,235.496628374,7.58322082112,14.3049457526,18.6356993467,41.9973720892,132.293293236,63.5604291467,141.571551501,553.21687425,1123.42106296,1699.1334335,0.0569677936054,3.26049006749,0.0173230143765,0.9924363478,0.046723345485,2.67510498492,0.0902959211466,5.15958291356,78.0111223544,411.645322749,570.204188711,575.712370536,0,0,-2.98871974248,-3.75077621858,0,0,0,0
aqaba_lse_c10_angm40,900,1000,500,west,combined_coastal,8,690609,4.70389224839,47,1260,1,60804.875,3162525.25,25.0747497148,-1.25163369181,-1.36513602734,1.06115198135,true,4.22016048431,2.07770252228,topo-bathy.tt3,30,30,30,1,0.113327550336,false,west_0083,41500,0.232184400296,0.212445650967,4.69909237298,87.4114243208,2.58857568043,2.58857568043,-0.0477389431759,-0.00997957404862,0.204621576379,-0.97884115692,0.97884115692,0.204621576379,-1.17020484977,4.5560095362,75.595039915,14.404960085,87.4114243208,30,3,gmrt_shore_blend,54,unknown,mixed_blend,2,30.9222222222,west,west_0083,41500,0.232184400296,60879.3755345,3162297.0998,native,0,-0.000391766537663,113.623731798,topo-bathy.tt3,30,30,30,3,gmrt_shore_blend,blend to GMRT,54,unknown,mixed_blend,2,30.9222222222,false,unknown,30.9222222222,3.74220572178,7.90819650619,15.8790401627,42.197673533,121.720581161,142.365754168,333.125900124,583.161667602,1120.6502828,1746.51365722,0.0312992029279,1.79272697366,0.0318833746262,1.8261641749,0.0526372667405,3.01311249039,0.0795229076283,4.54675868636,190.760145956,250.035767478,537.488615193,625.863374428,-3.84101509934,-3.37174075167,-6.45235925941,-3.5504747748,0,0,0,0
aqaba_lse_c10_angm40,900,1000,500,west,combined_coastal,9,790041,4.66614006046,49,1500,1,74429.953125,3199409,100.099446477,-3.74794553111,-3.64869457483,0.885023415089,true,0.706429243088,-4.61235523224,topo-bathy.tt3,30,30,30,1,0.112418013563,false,west_0174,87000,0.486748019897,-1.16333814594,4.51879490817,75.5630260137,14.4369739861,14.4369739861,-0.00564630275923,0.0420293420787,-0.991096460497,-0.133145807258,0.133145807258,-0.991096460497,-0.0860237616611,4.66534703707,88.9436498568,1.05635014318,75.5630260137,30,3,gmrt_shore_blend,54,unknown,mixed_blend,2,180.305990259,west,west_0174,87000,0.486748019897,74371.0597547,3199491.56324,native,0,-0.00059889662841,23.1447386766,topo-bathy.tt3,30,30,30,3,gmrt_shore_blend,blend to GMRT,54,unknown,mixed_blend,2,180.305990259,false,unknown,180.305990259,3.9946864804,11.7144498395,34.3109588807,110.308321822,266.312206464,122.51427099,220.900506587,354.633153562,627.57567424,938.73287233,0.0460745965124,2.63801425943,0.0903860361648,5.16470432541,0.151994725882,8.64250721907,0.156003884642,8.86689332977,98.3862355968,133.732646975,272.942520678,311.157198089,-5.26433951003,-16.6047823651,-24.8724914139,-27.0646699239,0,0,0,0
aqaba_lse_c10_angm40,900,1000,500,west,combined_coastal,10,694225,4.61194849947,44,900,1,60924.9179688,3164055.75,5.79229841639,0.127343457847,0.699067592621,0.299595654011,true,4.56272697449,0.672005593777,topo-bathy.tt3,30,30,30,1,0.111112414597,false,west_0087,43500,0.243374009948,2.18327601808,4.06243458909,61.7450625244,28.2549374754,28.2549374754,-0.0905650687576,0.0556978180812,-0.523861830111,-0.851803253664,0.851803253664,-0.523861830111,-2.96265505441,3.53450760225,50.0299682122,39.9700317878,61.7450625244,30,3,gmrt_shore_blend,54,unknown,mixed_blend,2,61.8444444444,west,west_0087,43500,0.243374009948,60965.4341039,3164252.38278,native,0,-0.000170083694885,70.1234405372,topo-bathy.tt3,30,30,30,3,gmrt_shore_blend,blend to GMRT,54,unknown,mixed_blend,2,61.8444444444,false,unknown,61.8444444444,8.74897321739,12.9130685943,20.9137382724,48.041215168,120.739996443,42.5574488628,130.935794721,481.724090051,1034.33959455,1763.58925044,0.0511629422392,2.92886685972,0.0320026787127,1.83299282786,0.0542549537912,3.10553510706,0.0726987812751,4.15801843937,88.3783458583,350.78829533,552.615504497,729.249655892,0,-3.49672271009,-1.4176611497,0,0,0,0,0
aqaba_lsf_nc10_angm30,900,1000,500,east,combined_coastal,1,738308,15.4424089415,44,900,2,87544.8359375,3179841.75,9.14002827672,1.13133585126,-0.767416805029,0.312130540609,true,-14.7329072952,-4.62703323364,topo-bathy.tt3,30,30,30,1,0.29436756817,false,east_0126,63000,0.365690178179,-12.0102241613,9.70682798397,38.9456190498,51.0543809507,51.0543809507,0.283261753542,-0.267664918541,0.686813284904,0.726833895522,-0.726833895522,0.686813284904,-13.4818410455,7.53046850718,29.1861451738,60.8138548262,38.9456190498,30,3,gmrt_shore_blend,54,unknown,mixed_blend,2,30.9222222222,east,east_0126,63000,0.365690178179,87634.6859075,3179897.99149,native,0,-0.00011320901286,56.3810947563,topo-bathy.tt3,30,30,30,3,gmrt_shore_blend,blend to GMRT,54,unknown,mixed_blend,2,30.9222222222,false,unknown,30.9222222222,106.891891081,177.605967085,221.946668013,440.544036361,722.667377136,15.7885661772,26.1846011942,46.976671228,66.7056722867,95.9667208126,0.720798075721,35.7839906978,0.177362803711,10.0575485033,0.437194736697,23.6146957031,0.282123340775,15.7549980086,10.3960350169,20.7920700339,19.7290010587,29.2610485259,3.18015962276,1.07000157692,23.0646950988,-30.5219741621,9101.77294915,23.0646950988,400,3
aqaba_lsf_nc10_angm30,900,1000,500,east,combined_coastal,2,741153,14.5555561902,44,900,1,88115.046875,3180682,2.2258653012,1.77427948704,-2.10649985075,1.31030130386,true,6.4664812088,13.0402774811,topo-bathy.tt3,30,30,30,1,0.27746213012,false,east_0128,64000,0.371494784182,14.5097822051,1.15344543413,4.54513166741,85.4548683295,85.4548683295,0.272359521363,-0.525431937229,0.887814367325,0.460201748335,-0.460201748335,0.887814367325,11.7421934188,8.60145974376,36.2237387811,53.7762612189,4.54513166741,30,1,copernicus_a2_land_core,30,false,high,1,43.7306260454,east,east_0128,64000,0.371494784182,88108.7064781,3180680.85774,native,0,5.14378021886e-05,59.0787338299,topo-bathy.tt3,30,30,30,1,copernicus_a2_land_core,land/a2 core,30,false,high,1,43.7306260454,false,false,43.7306260454,103.711731459,176.535965508,187.221414494,440.135751246,761.707097644,4.64427227156,8.67367522514,16.7324811323,40.9088988538,95.6261331962,0.70919577481,35.3441048096,0.0427417959422,2.44743486713,0.505828673505,26.8315945257,0.321571346398,17.8263029831,4.02940295358,8.05880590716,24.1764177215,54.7172343424,0,0,-10.1320899107,0,0,0,0,2
aqaba_lsf_nc10_angm30,900,1000,500,east,combined_coastal,3,738307,13.5139710909,47,1260,2,87514.8203125,3179841.75,10.8480304157,-13.6116686056,-0.767416805029,1.05805802345,true,-10.0972585678,-8.98180294037,topo-bathy.tt3,30,30,30,1,0.257607140273,false,east_0126,63000,0.365690178179,-13.0700062807,3.43545491408,14.7270785054,75.2729214953,75.2729214953,0.759900033431,-0.728259170342,0.691916079608,0.721977935106,-0.721977935106,0.691916079608,-13.4711191034,1.0753440127,4.56400854407,85.4359914559,14.7270785054,30,3,gmrt_shore_blend,54,unknown,mixed_blend,2,30.9222222222,east,east_0126,63000,0.365690178179,87634.6859075,3179897.99149,native,0,-0.00011320901286,56.3810947563,topo-bathy.tt3,30,30,30,3,gmrt_shore_blend,blend to GMRT,54,unknown,mixed_blend,2,30.9222222222,false,unknown,30.9222222222,106.891891081,177.605967085,221.946668013,440.544036361,722.667377136,15.7885661772,26.1846011942,46.976671228,66.7056722867,95.9667208126,0.720798075721,35.7839906978,0.177362803711,10.0575485033,0.437194736697,23.6146957031,0.282123340775,15.7549980086,10.3960350169,20.7920700339,19.7290010587,29.2610485259,3.18015962276,1.07000157692,23.0646950988,-30.5219741621,9101.77294915,23.0646950988,400,3
aqaba_lsf_nc10_angm30,900,1000,500,east,combined_coastal,4,725141,13.1725895713,45,1020,24,87995,3175160,46.818200599,-61.9251386854,-2.84279364347,1.96023738384,true,5.5802822113,-11.9322071075,topo-bathy.tt3,30,30,30,1,0.251099629165,false,east_0115,57500,0.333764845163,-12.1454801593,-5.09945366815,22.7757968051,67.2242031949,67.2242031949,1.51573470522,0.387463262346,-0.247663570292,0.968846095079,-0.968846095079,-0.247663570292,-12.9425048775,-2.45126161614,10.7245751733,79.2754248267,22.7757968051,30,1,copernicus_a2_land_core,30,false,high,1,30.9222222222,east,east_0115,57500,0.333764845163,88078.5356799,3175116.19253,native,0,-0.000146325999533,92.288075641,topo-bathy.tt3,30,30,30,1,copernicus_a2_land_core,land/a2 core,30,false,high,1,30.9222222222,false,false,30.9222222222,105.722580061,77.9740234352,228.838291042,378.386217131,643.191671109,3.7095646267,8.94114690382,19.404311458,50.6716091011,94.9340883734,0.306077518901,17.0181718487,0.603457070427,31.1091782084,0.299095852177,16.6517059432,0.264805453979,14.8318113016,5.23158227712,10.4631645542,31.267297643,44.2624792724,20.7376029635,-19.6454758324,14.933408665,0,7155.34847163,20.7376029635,0,4
aqaba_lsf_nc10_angm30,900,1000,500,east,combined_coastal,5,731546,12.9129095554,58,2580,3,87364.765625,3177500.75,17.5075255352,-9.48105934859,-6.04735815525,4.14275789261,true,5.79199075699,-11.5410604477,topo-bathy.tt3,30,30,30,1,0.246149535234,false,east_0120,60000,0.34827636017,-12.7305221771,2.16264613043,9.64129729431,80.3587027051,80.3587027051,0.607694633484,0.573728390022,-0.686493600929,0.727135844174,-0.727135844174,-0.686493600929,-12.3680833226,3.71130005675,16.7029632075,73.2970367925,9.64129729431,30,1,copernicus_a2_land_core,30,false,high,1,43.7306260454,east,east_0120,60000,0.34827636017,87496.6581978,3177395.93274,native,0,0.000133667377529,126.291517989,topo-bathy.tt3,30,30,30,1,copernicus_a2_land_core,land/a2 core,30,false,high,1,43.7306260454,false,false,43.7306260454,52.031432708,95.7490714559,117.719059403,273.077877421,538.18774472,7.34366444519,14.0389096992,27.4294002072,93.3069729872,267.147022248,0.384933240085,21.053374234,0.0878799517879,5.02224811027,0.310717636037,17.2609411329,0.265109867299,14.8481087755,6.69524525402,13.390490508,65.87757278,173.84004926,0,7.81497840718,-15.8663400116,-72.8700382283,1562.99568144,7.81497840718,0,3
aqaba_lsf_nc10_angm30,900,1000,500,east,combined_coastal,6,740737,12.4495748659,46,1140,1,87934.9765625,3180532,6.90316538794,-5.22524039417,-12.142837286,9.66118335724,true,-10.283823967,-7.01675701141,topo-bathy.tt3,30,30,30,1,0.237317318296,false,east_0128,64000,0.371494784182,-11.3039377754,5.2165989986,24.772620636,65.2273793641,65.2273793641,0.646930063661,-0.612981754219,0.68780415835,0.725896300967,-0.725896300967,0.68780415835,-12.1666948476,2.63883512686,12.2373474641,77.7626525359,24.772620636,30,1,copernicus_a2_land_core,30,false,high,1,43.7306260454,east,east_0128,64000,0.371494784182,88108.7064781,3180680.85774,native,0,5.14378021886e-05,59.0787338299,topo-bathy.tt3,30,30,30,1,copernicus_a2_land_core,land/a2 core,30,false,high,1,43.7306260454,false,false,43.7306260454,103.711731459,176.535965508,187.221414494,440.135751246,761.707097644,4.64427227156,8.67367522514,16.7324811323,40.9088988538,95.6261331962,0.70919577481,35.3441048096,0.0427417959422,2.44743486713,0.505828673505,26.8315945257,0.321571346398,17.8263029831,4.02940295358,8.05880590716,24.1764177215,54.7172343424,0,0,-10.1320899107,0,0,0,0,2
aqaba_lsf_nc10_angm30,900,1000,500,east,combined_coastal,7,740572,12.1527656264,45,1020,1,87904.96875,3180472,12.9618776041,2.25781619897,0.972867131233,1.11480438709,true,-11.2484674454,-4.60018396378,topo-bathy.tt3,30,30,30,1,0.231659456601,false,east_0127,63500,0.36859248118,-9.76116578988,7.23943055725,36.5627143983,53.4372856015,53.4372856015,0.499706578181,-0.177147727665,0.334129212628,0.942527277732,-0.942527277732,0.334129212628,-8.09424043925,9.06493155421,48.237760589,41.762239411,36.5627143983,30,1,copernicus_a2_land_core,30,false,high,1,30.9222222222,east,east_0127,63500,0.36859248118,87913.4434297,3180288.22891,native,0,4.70826838651e-05,58.8053592892,topo-bathy.tt3,30,30,30,1,copernicus_a2_land_core,land/a2 core,30,false,high,1,30.9222222222,false,false,30.9222222222,116.809036111,189.725248337,198.881972914,471.066010523,764.547781158,2.5276066026,5.34528742836,10.9806490799,27.8867340345,69.5144370613,0.756842036064,37.1199674446,0.0366268983058,2.09762901438,0.544368075219,28.5624615176,0.293481770634,16.3560022488,2.81768082577,5.63536165153,16.9060849546,41.6277030268,13.0973046519,13.1892828293,0,30.5219741621,11250.6479553,30.5219741621,150,4
aqaba_lsf_nc10_angm30,900,1000,500,east,combined_coastal,8,681027,11.8932364298,49,1500,1,87334.7578125,3159104,20.1598501673,-2.30423130409,-17.6863365173,13.4697389603,true,-10.9203414917,-4.71117973328,topo-bathy.tt3,30,30,30,1,0.226712237629,false,east_0079,39500,0.229281937112,-11.769130907,1.71365996303,8.28440909594,81.7155909048,81.7155909048,0.397947761675,-0.690983832049,0.866563565863,0.499066715298,-0.499066715298,0.866563565863,-11.8143630582,1.3674422491,6.60226742826,83.3977325717,8.28440909594,30,3,gmrt_shore_blend,54,unknown,mixed_blend,2,43.7306260454,east,east_0079,39500,0.229281937112,87398.4633561,3159070.13762,native,0,1.61898850618e-05,31.620415233,topo-bathy.tt3,30,30,30,3,gmrt_shore_blend,blend to GMRT,54,unknown,mixed_blend,2,43.7306260454,false,unknown,43.7306260454,46.4320559972,113.399168984,311.876971917,447.608049872,656.158483365,55.0408163791,60.4664683941,71.3177724239,101.356683894,120.368808144,0.439852155491,23.7423972006,0.793911211731,38.4464548953,0.27146215591,15.1876294576,0.208550433493,11.7802099119,5.42565201494,10.8513040299,30.03891147,19.0121242501,-30.949399964,0,46.7250665178,0,17521.8999442,46.7250665178,0,4
aqaba_lsf_nc10_angm30,900,1000,500,east,combined_coastal,9,731466,11.3598930727,50,1620,5,87424.7890625,3177470.75,0.295106192778,-3.50663634554,-1.1371538043,0.593541920185,true,6.1386680603,-9.55844783783,topo-bathy.tt3,30,30,30,1,0.216545495664,false,east_0120,60000,0.34827636017,-11.3377010297,0.709722469338,3.58195295207,86.4180470483,86.4180470483,0.413512087146,0.38820507791,-0.684445333809,0.729064184436,-0.729064184436,-0.684445333809,-11.170304687,2.06675199815,10.4824363597,79.5175636403,3.58195295207,30,1,copernicus_a2_land_core,30,false,high,1,43.7306260454,east,east_0120,60000,0.34827636017,87496.6581978,3177395.93274,native,0,0.000133667377529,126.291517989,topo-bathy.tt3,30,30,30,1,copernicus_a2_land_core,land/a2 core,30,false,high,1,43.7306260454,false,false,43.7306260454,52.031432708,95.7490714559,117.719059403,273.077877421,538.18774472,7.34366444519,14.0389096992,27.4294002072,93.3069729872,267.147022248,0.384933240085,21.053374234,0.0878799517879,5.02224811027,0.310717636037,17.2609411329,0.265109867299,14.8481087755,6.69524525402,13.390490508,65.87757278,173.84004926,0,7.81497840718,-15.8663400116,-72.8700382283,1562.99568144,7.81497840718,0,3
aqaba_lsf_nc10_angm30,900,1000,500,east,combined_coastal,10,738204,11.0084845445,48,1380,1,87484.8125,3179811.75,9.1804923033,-15.1851801715,-1.18946015835,0.627726078033,true,-9.66442394257,-5.27120876312,topo-bathy.tt3,30,30,30,1,0.20984684688,false,east_0126,63000,0.365690178179,-9.74040531757,5.12944794453,27.7719839369,62.2280160633,62.2280160633,1.1624013924,-0.591030049043,0.453233572104,0.891391793275,-0.891391793275,0.453233572104,-9.0789536179,6.22569941212,34.4395525525,55.5604474475,27.7719839369,30,3,gmrt_shore_blend,54,unknown,mixed_blend,2,30.9222222222,east,east_0126,63000,0.365690178179,87634.6859075,3179897.99149,native,0,-0.00011320901286,56.3810947563,topo-bathy.tt3,30,30,30,3,gmrt_shore_blend,blend to GMRT,54,unknown,mixed_blend,2,30.9222222222,false,unknown,30.9222222222,106.891891081,177.605967085,221.946668013,440.544036361,722.667377136,15.7885661772,26.1846011942,46.976671228,66.7056722867,95.9667208126,0.720798075721,35.7839906978,0.177362803711,10.0575485033,0.437194736697,23.6146957031,0.282123340775,15.7549980086,10.3960350169,20.7920700339,19.7290010587,29.2610485259,3.18015962276,1.07000157692,23.0646950988,-30.5219741621,9101.77294915,23.0646950988,400,3
aqaba_lsf_nc10_angm30,900,1000,500,west,combined_coastal,1,834711,4.32988240976,51,1740,22,79621.8828125,3215074.75,0.860570865966,2.34534468628,-0.580422073603,0.325723946095,true,-1.59962141514,-4.02356719971,topo-bathy.tt3,30,30,30,1,0.0825374434944,false,west_0214,107000,0.598644116425,-3.98985797268,-1.68193788239,22.8580172659,67.1419827341,67.1419827341,-0.0935791436982,0.00662489866829,-0.0706178638215,-0.997503442254,0.997503442254,-0.0706178638215,4.12648397911,-1.31149214732,17.6314614758,72.3685385242,22.8580172659,30,3,gmrt_shore_blend,54,unknown,mixed_blend,2,61.8444444444,west,west_0214,107000,0.598644116425,79575.736376,3214836.68155,native,0,-0.000105322601755,91.1770797568,topo-bathy.tt3,30,30,30,3,gmrt_shore_blend,blend to GMRT,54,unknown,mixed_blend,2,61.8444444444,false,unknown,61.8444444444,18.7051566112,29.4870876349,47.0812360419,86.9238516801,220.220049322,22.1942399888,49.0308623775,116.993290239,554.50993188,1098.87469722,0.114488613817,6.53127689282,0.0703765936278,4.02564438905,0.0796852312764,4.55600058217,0.133296197642,7.59255280541,26.8366223886,67.9624278613,437.516641641,544.364765341,0.0162395921496,1.31920930143,0.379531289241,0,407.384063164,1.31920930143,400,4
aqaba_lsf_nc10_angm30,900,1000,500,west,combined_coastal,2,746969,3.84707872211,44,900,1,71098.7109375,3182692.75,22.7669878283,-2.43273204259,-1.95280861855,0.313673257828,true,3.82453989983,-0.415823578835,topo-bathy.tt3,30,30,30,1,0.0733341030067,false,west_0137,68500,0.383244130608,1.28744211883,3.62525964377,70.4484717376,19.5515282624,19.5515282624,-0.0890881425934,0.064720698208,-0.587751811071,-0.809041289789,0.809041289789,-0.587751811071,-1.91146180809,3.33861175495,60.2074851703,29.7925148297,70.4484717376,30,3,gmrt_shore_blend,54,unknown,mixed_blend,2,241.510276089,west,west_0137,68500,0.383244130608,71061.4054668,3182680.2138,native,0,-7.10858470207e-05,64.2433548885,topo-bathy.tt3,30,30,30,3,gmrt_shore_blend,blend to GMRT,54,unknown,mixed_blend,2,241.510276089,false,unknown,241.510276089,12.7486099206,45.8396625063,137.591037734,337.573613069,887.744571074,45.6738131764,81.1324719644,138.461554656,263.775282879,399.154043218,0.182980462231,10.3692960196,0.367005500912,20.1534145753,0.399965150669,21.7996881557,0.550170958006,28.8183134858,35.458658788,57.3290826919,125.313728223,135.378760338,2.12822481659,9.63569879288,21.9842061778,0,10330.8339365,21.9842061778,400,4
aqaba_lsf_nc10_angm30,900,1000,500,west,combined_coastal,3,811717,3.76574160072,44,900,1,75540.359375,3207302,23.6789618228,0.90134012146,0.916075527668,0.781078159809,true,0.904613316059,3.65547323227,topo-bathy.tt3,30,30,30,1,0.0717836317873,false,west_0192,96000,0.537101263334,3.73345973286,0.492024619826,7.5076226907,82.4923773087,82.4923773087,-0.0377472423799,0.00741052273481,-0.192642325439,-0.981269042847,0.981269042847,-0.192642325439,-3.76126953261,0.183470178751,2.79260535128,87.2073946487,7.5076226907,30,3,gmrt_shore_blend,54,unknown,mixed_blend,2,235.496628374,west,west_0192,96000,0.537101263334,75549.8338457,3207222.70658,native,0,6.73095162165e-05,83.6079897315,topo-bathy.tt3,30,30,30,3,gmrt_shore_blend,blend to GMRT,54,unknown,mixed_blend,2,235.496628374,false,unknown,235.496628374,1.4733241451,4.70102919592,51.7265975086,185.309095252,369.855908847,253.718841885,308.847037459,369.917273535,493.522969302,656.123274281,0.0189115557231,1.08342317828,0.188102273251,10.6529873914,0.267164995486,14.95807043,0.184546813595,10.4561097086,55.1281955745,61.070236076,123.605695766,162.600304979,-11.5417809753,-33.0017486709,-31.2798072454,1.40130380515,350.325951287,1.40130380515,0,2
aqaba_lsf_nc10_angm30,900,1000,500,west,combined_coastal,4,744437,3.73802382684,46,1140,2,70678.5546875,3181822.5,6.00226126349,-0.594520327097,-0.141043438343,0.137824863195,true,1.97194027901,-3.17557454109,topo-bathy.tt3,30,30,30,1,0.0712552677396,false,west_0135,67500,0.377649325782,-1.52143587155,3.41438940643,65.9824719526,24.0175280475,24.0175280475,-0.033399516224,0.0592809003698,-0.871236151866,-0.49086410307,0.49086410307,-0.871236151866,-0.15925011155,3.7346300395,87.558302978,2.441697022,65.9824719526,30,3,gmrt_shore_blend,54,unknown,mixed_blend,2,235.496628374,west,west_0135,67500,0.377649325782,70679.2648441,3181829.81969,native,0,0.000156555023628,55.8566174664,topo-bathy.tt3,30,30,30,3,gmrt_shore_blend,blend to GMRT,54,unknown,mixed_blend,2,235.496628374,false,unknown,235.496628374,4.56559724893,6.67393664889,55.9119907598,361.246364347,972.981021764,127.150050847,309.199610297,384.049867699,484.770627951,587.12453099,0.0259478798122,1.48637047307,0.196952216444,11.1419257011,0.610668747175,31.4111081173,0.611734657416,31.4555705537,182.04955945,74.8502574021,100.720760251,102.353903039,-3.20926171275,-16.9432291389,-17.7839233301,23.6727512789,5918.18781972,23.6727512789,0,4
aqaba_lsf_nc10_angm30,900,1000,500,west,combined_coastal,5,778142,3.71416763452,44,900,1,73049.4375,3194967.25,18.503316075,-1.23406289663,-1.32612401247,0.554738402367,true,3.61131739616,-0.868002235889,topo-bathy.tt3,30,30,30,1,0.0708005142524,false,west_0163,81500,0.455976593352,-1.19680215019,3.51606396851,71.2023899824,18.7976100176,18.7976100176,-0.0705215186272,-0.0185406562354,0.254267068824,-0.967134043301,0.967134043301,0.254267068824,1.7577136009,3.27192361074,61.7548155135,28.2451844865,71.2023899824,30,3,gmrt_shore_blend,54,unknown,mixed_blend,2,154.611111111,west,west_0163,81500,0.455976593352,73060.3791322,3194766.45827,native,0,0.000132740188623,95.2825854178,topo-bathy.tt3,30,30,30,3,gmrt_shore_blend,blend to GMRT,54,unknown,mixed_blend,2,154.611111111,false,unknown,154.611111111,10.1186228868,33.7571434,87.4657831604,169.927548954,305.398958211,52.9997044403,98.9107791561,171.782131503,321.834799493,559.796202851,0.135498515046,7.71649748207,0.214834559042,12.1248196044,0.164923531587,9.36511984679,0.135471409257,7.71497242885,45.9110747158,72.8713523471,150.05266799,237.961403358,0,0,0,0,0,0,0,0
aqaba_lsf_nc10_angm30,900,1000,500,west,combined_coastal,6,704923,3.1703576157,44,900,2,62995.6914062,3168047.25,34.7844229804,-1.84348791206,-1.64653080702,0.531947076321,true,2.84069633484,-1.40769731998,topo-bathy.tt3,30,30,30,1,0.0604342538203,false,west_0096,48000,0.268550631667,0.543013885447,3.12350817698,80.1378418156,9.86215818399,9.86215818399,-0.0459843163611,0.0176840848679,-0.358940344427,-0.933360503312,0.933360503312,-0.358940344427,0.294248558246,3.15667312173,84.6745757194,5.32542428061,80.1378418156,30,3,gmrt_shore_blend,54,unknown,mixed_blend,2,264.19958248,west,west_0096,48000,0.268550631667,62936.6075644,3167989.56122,native,0,-7.74327852274e-05,53.7772843292,topo-bathy.tt3,30,30,30,3,gmrt_shore_blend,blend to GMRT,54,unknown,mixed_blend,2,264.19958248,false,unknown,264.19958248,4.35653726212,11.5625306373,27.2851708674,71.7523321905,191.465857405,114.305826255,220.028097567,383.446716837,799.595507308,1243.58428088,0.046135115209,2.64147437031,0.0628905609205,3.59862425233,0.0889343226461,5.08219060524,0.119713525215,6.82659207199,105.722271311,163.41861927,416.148790471,443.988773574,-1.68952050356,-1.78763014145,0,0,0,0,0,0
aqaba_lsf_nc10_angm30,900,1000,500,west,combined_coastal,7,720855,3.16193121734,47,1260,3,67017.1875,3173719.5,50.3335813117,-2.15533883311,-1.45484605432,0.989402711391,true,0.195899412036,-3.15585684776,topo-bathy.tt3,30,30,30,1,0.0602736274307,false,west_0112,56000,0.313309070278,-1.40427528585,2.83298781232,63.6329821307,26.3670178693,26.3670178693,-0.0191398989619,0.0433518448716,-0.914808004434,-0.40388898849,0.40388898849,-0.914808004434,1.09540547987,2.96612472055,69.7305463487,20.2694536513,63.6329821307,30,3,gmrt_shore_blend,54,unknown,mixed_blend,2,218.653130227,west,west_0112,56000,0.313309070278,66851.057934,3173683.71175,native,0,0.000211986957721,29.9190883809,topo-bathy.tt3,30,30,30,3,gmrt_shore_blend,blend to GMRT,54,unknown,mixed_blend,2,218.653130227,false,unknown,218.653130227,5.47048595247,17.0928594974,42.6631680843,132.348367834,406.604518406,92.0930480788,161.923399702,283.190183237,556.56415075,853.681439598,0.0684456835543,3.91554188829,0.102281234348,5.8399746851,0.179370399499,10.1690285384,0.274256150572,15.3366207709,69.830351623,121.266783535,273.373967513,297.117288847,0.755167138026,0,0,0,56.6375353519,0.755167138026,0,2
aqaba_lsf_nc10_angm30,900,1000,500,west,combined_coastal,8,768995,3.15148075747,44,900,2,72959.3984375,3191005.75,30.4159710565,-2.71684348074,-2.81244814396,1.06990623474,true,2.59846806526,1.78319787979,topo-bathy.tt3,30,30,30,1,0.0600744178079,false,west_0155,77500,0.433597374046,0.94029203535,3.00793647754,72.6405632011,17.3594367993,17.3594367993,-0.0913584911318,-0.0165197903221,0.177938162849,-0.984041670968,0.984041670968,0.177938162849,-1.29237438754,2.87429981162,65.7898374582,24.2101625418,72.6405632011,30,3,gmrt_shore_blend,54,unknown,mixed_blend,2,293.353957608,west,west_0155,77500,0.433597374046,73007.1963057,3190791.78579,native,0,-0.000170965814929,107.10041234,topo-bathy.tt3,30,30,30,3,gmrt_shore_blend,blend to GMRT,54,unknown,mixed_blend,2,293.353957608,false,unknown,293.353957608,11.747397972,41.1368946878,101.514890349,198.689947734,447.158201954,47.2753854052,86.4835375458,151.52901719,281.733744798,493.247935234,0.164219423142,9.32584121935,0.241511982645,13.5776172176,0.194350114771,10.9983329671,0.24846825422,13.9536136801,39.2081521407,65.0454796439,130.204727608,211.514190436,-1.33404358699,0,0,0,0,0,0,0
aqaba_lsf_nc10_angm30,900,1000,500,west,combined_coastal,9,742393,3.1169101818,48,1380,2,70198.375,3181102.25,16.1076382986,-1.23357952765,-1.47995769978,0.856550991535,true,-1.29578638077,-2.83479571342,topo-bathy.tt3,30,30,30,1,0.059415423714,false,west_0133,66500,0.372054520956,-3.08736589131,0.428136584035,7.89506868309,82.1049313168,82.1049313168,-0.0634776216996,0.0286462847781,-0.411335910367,-0.911483828075,0.911483828075,-0.411335910367,3.11687391925,-0.0150350552291,0.276379009935,89.7236209901,7.89506868309,30,3,gmrt_shore_blend,54,unknown,mixed_blend,2,276.576763617,west,west_0133,66500,0.372054520956,70146.7292704,3181015.01501,native,0,-4.8400338398e-05,57.5397700404,topo-bathy.tt3,30,30,30,3,gmrt_shore_blend,blend to GMRT,54,unknown,mixed_blend,2,276.576763617,false,unknown,276.576763617,7.77485896168,23.6171657878,73.6959140899,260.946799318,952.974506078,67.5473665803,123.795951614,219.131741838,402.692399088,587.749436774,0.094370500903,5.39106534211,0.200314993209,11.3272850583,0.374501770456,20.5310140963,0.69202770676,34.6843077248,56.2485850335,95.3357902244,183.56065725,185.057037686,3.20926171275,9.14145223633,8.93755907308,0,5420.56972813,9.14145223633,400,4
aqaba_lsf_nc10_angm30,900,1000,500,west,combined_coastal,10,790916,3.04608422122,46,1140,1,74369.9296875,3199469,17.2769325972,-0.865497332976,-1.15874293447,0.861835181713,true,0.598986208439,-2.98661088943,topo-bathy.tt3,30,30,30,1,0.0580653192155,false,west_0174,87000,0.486748019897,-0.623126300524,2.98166777096,78.1958858103,11.8041141897,11.8041141897,-0.0189203518294,0.0316323293235,-0.85819885374,-0.513317374964,0.513317374964,-0.85819885374,1.01902998431,2.87057607003,70.4555723206,19.5444276794,78.1958858103,30,3,gmrt_shore_blend,54,unknown,mixed_blend,2,180.305990259,west,west_0174,87000,0.486748019897,74371.0597547,3199491.56324,native,0,-0.00059889662841,23.1447386766,topo-bathy.tt3,30,30,30,3,gmrt_shore_blend,blend to GMRT,54,unknown,mixed_blend,2,180.305990259,false,unknown,180.305990259,3.9946864804,11.7144498395,34.3109588807,110.308321822,266.312206464,122.51427099,220.900506587,354.633153562,627.57567424,938.73287233,0.0460745965124,2.63801425943,0.0903860361648,5.16470432541,0.151994725882,8.64250721907,0.156003884642,8.86689332977,98.3862355968,133.732646975,272.942520678,311.157198089,-5.26433951003,-16.6047823651,-24.8724914139,-27.0646699239,0,0,0,0
