side,station_id,distance_offshore_m,bed_elevation_m,water_depth_m,source_topo_id,native_resolution_m,effective_resolution_m,valid_source_data
east,east_0000,0,-0.159476262573,0.159476262573,topo-bathy.tt3,30,30,true
east,east_0000,50,-63.7964049782,63.7964049782,topo-bathy.tt3,30,30,true
east,east_0000,100,-137.420316524,137.420316524,topo-bathy.tt3,30,30,true
east,east_0000,150,-166.782415872,166.782415872,topo-bathy.tt3,30,30,true
east,east_0000,200,-190.266791254,190.266791254,topo-bathy.tt3,30,30,true
east,east_0000,250,-213.341378696,213.341378696,topo-bathy.tt3,30,30,true
east,east_0000,300,-222.618928998,222.618928998,topo-bathy.tt3,30,30,true
east,east_0000,350,-242.615067966,242.615067966,topo-bathy.tt3,30,30,true
east,east_0000,400,-120.486263049,120.486263049,topo-bathy.tt3,30,30,true
east,east_0000,450,-106.943104284,106.943104284,topo-bathy.tt3,30,30,true
east,east_0000,500,-131.598500073,131.598500073,topo-bathy.tt3,30,30,true
east,east_0000,550,-163.12371275,163.12371275,topo-bathy.tt3,30,30,true
east,east_0000,600,-195.520107483,195.520107483,topo-bathy.tt3,30,30,true
east,east_0000,650,-222.862422512,222.862422512,topo-bathy.tt3,30,30,true
east,east_0000,700,-245.141013473,245.141013473,topo-bathy.tt3,30,30,true
east,east_0000,750,-268.298924187,268.298924187,topo-bathy.tt3,30,30,true
east,east_0000,800,-290.700782629,290.700782629,topo-bathy.tt3,30,30,true
east,east_0000,850,-302.488228132,302.488228132,topo-bathy.tt3,30,30,true
east,east_0000,900,-303.783576826,303.783576826,topo-bathy.tt3,30,30,true
east,east_0000,950,-309.670732148,309.670732148,topo-bathy.tt3,30,30,true
east,east_0000,1000,-333.218459787,333.218459787,topo-bathy.tt3,30,30,true
east,east_0000,1050,-366.119255208,366.119255208,topo-bathy.tt3,30,30,true
east,east_0000,1100,-398.062902396,398.062902396,topo-bathy.tt3,30,30,true
east,east_0000,1150,-428.655373002,428.655373002,topo-bathy.tt3,30,30,true
east,east_0000,1200,-454.736265493,454.736265493,topo-bathy.tt3,30,30,true
east,east_0000,1250,-479.867058834,479.867058834,topo-bathy.tt3,30,30,true
east,east_0000,1300,-506.006094103,506.006094103,topo-bathy.tt3,30,30,true
east,east_0000,1350,-529.617994586,529.617994586,topo-bathy.tt3,30,30,true
east,east_0000,1400,-548.052214921,548.052214921,topo-bathy.tt3,30,30,true
east,east_0000,1450,-569.383742354,569.383742354,topo-bathy.tt3,30,30,true
east,east_0000,1500,-591.273095745,591.273095745,topo-bathy.tt3,30,30,true
east,east_0000,1550,-611.456060524,611.456060524,topo-bathy.tt3,30,30,true
east,east_0000,1600,-630.182433736,630.182433736,topo-bathy.tt3,30,30,true
east,east_0000,1650,-648.419037309,648.419037309,topo-bathy.tt3,30,30,true
east,east_0000,1700,-666.31599612,666.31599612,topo-bathy.tt3,30,30,true
east,east_0000,1750,-683.330345833,683.330345833,topo-bathy.tt3,30,30,true
east,east_0000,1800,-700.848070709,700.848070709,topo-bathy.tt3,30,30,true
east,east_0000,1850,-718.101919782,718.101919782,topo-bathy.tt3,30,30,true
east,east_0000,1900,-736.075393793,736.075393793,topo-bathy.tt3,30,30,true
east,east_0000,1950,-754.00934515,754.00934515,topo-bathy.tt3,30,30,true
east,east_0000,2000,-777.040191108,777.040191108,topo-bathy.tt3,30,30,true
east,east_0020,0,0.506796110702,-0.506796110702,topo-bathy.tt3,30,30,true
east,east_0020,50,-15.2025905408,15.2025905408,topo-bathy.tt3,30,30,true
east,east_0020,100,-53.2537121394,53.2537121394,topo-bathy.tt3,30,30,true
east,east_0020,150,-83.9962817395,83.9962817395,topo-bathy.tt3,30,30,true
east,east_0020,200,-108.152451341,108.152451341,topo-bathy.tt3,30,30,true
east,east_0020,250,-136.682799442,136.682799442,topo-bathy.tt3,30,30,true
east,east_0020,300,-172.10780002,172.10780002,topo-bathy.tt3,30,30,true
east,east_0020,350,-212.390065829,212.390065829,topo-bathy.tt3,30,30,true
east,east_0020,400,-251.67237992,251.67237992,topo-bathy.tt3,30,30,true
east,east_0020,450,-276.694973184,276.694973184,topo-bathy.tt3,30,30,true
east,east_0020,500,-240.568358798,240.568358798,topo-bathy.tt3,30,30,true
east,east_0020,550,-142.522684181,142.522684181,topo-bathy.tt3,30,30,true
east,east_0020,600,-167.766645771,167.766645771,topo-bathy.tt3,30,30,true
east,east_0020,650,-196.129660232,196.129660232,topo-bathy.tt3,30,30,true
east,east_0020,700,-228.561159443,228.561159443,topo-bathy.tt3,30,30,true
east,east_0020,750,-264.347522542,264.347522542,topo-bathy.tt3,30,30,true
east,east_0020,800,-311.055955153,311.055955153,topo-bathy.tt3,30,30,true
east,east_0020,850,-364.089523778,364.089523778,topo-bathy.tt3,30,30,true
east,east_0020,900,-411.188735265,411.188735265,topo-bathy.tt3,30,30,true
east,east_0020,950,-443.238657961,443.238657961,topo-bathy.tt3,30,30,true
east,east_0020,1000,-468.462108216,468.462108216,topo-bathy.tt3,30,30,true
east,east_0020,1050,-493.026186799,493.026186799,topo-bathy.tt3,30,30,true
east,east_0020,1100,-522.813458465,522.813458465,topo-bathy.tt3,30,30,true
east,east_0020,1150,-557.142393616,557.142393616,topo-bathy.tt3,30,30,true
east,east_0020,1200,-588.340569626,588.340569626,topo-bathy.tt3,30,30,true
east,east_0020,1250,-606.634277462,606.634277462,topo-bathy.tt3,30,30,true
east,east_0020,1300,-620.172518975,620.172518975,topo-bathy.tt3,30,30,true
east,east_0020,1350,-639.311292768,639.311292768,topo-bathy.tt3,30,30,true
east,east_0020,1400,-663.203403333,663.203403333,topo-bathy.tt3,30,30,true
east,east_0020,1450,-687.040243692,687.040243692,topo-bathy.tt3,30,30,true
east,east_0020,1500,-705.173406638,705.173406638,topo-bathy.tt3,30,30,true
east,east_0020,1550,-715.213265956,715.213265956,topo-bathy.tt3,30,30,true
east,east_0020,1600,-722.136643478,722.136643478,topo-bathy.tt3,30,30,true
east,east_0020,1650,-719.845774321,719.845774321,topo-bathy.tt3,30,30,true
east,east_0020,1700,-710.271187061,710.271187061,topo-bathy.tt3,30,30,true
east,east_0020,1750,-702.89862979,702.89862979,topo-bathy.tt3,30,30,true
east,east_0020,1800,-707.086290191,707.086290191,topo-bathy.tt3,30,30,true
east,east_0020,1850,-720.860229195,720.860229195,topo-bathy.tt3,30,30,true
east,east_0020,1900,-740.070441351,740.070441351,topo-bathy.tt3,30,30,true
east,east_0020,1950,-759.374975831,759.374975831,topo-bathy.tt3,30,30,true
east,east_0020,2000,-776.385615958,776.385615958,topo-bathy.tt3,30,30,true
east,east_0040,0,2.56618382359,-2.56618382359,topo-bathy.tt3,30,30,true
east,east_0040,50,-14.4695383255,14.4695383255,topo-bathy.tt3,30,30,true
east,east_0040,100,-33.8305086378,33.8305086378,topo-bathy.tt3,30,30,true
east,east_0040,150,-39.2708219392,39.2708219392,topo-bathy.tt3,30,30,true
east,east_0040,200,-46.0071111028,46.0071111028,topo-bathy.tt3,30,30,true
east,east_0040,250,-54.53904307,54.53904307,topo-bathy.tt3,30,30,true
east,east_0040,300,-62.8875135563,62.8875135563,topo-bathy.tt3,30,30,true
east,east_0040,350,-71.6086724321,71.6086724321,topo-bathy.tt3,30,30,true
east,east_0040,400,-80.6379967155,80.6379967155,topo-bathy.tt3,30,30,true
east,east_0040,450,-88.0724838324,88.0724838324,topo-bathy.tt3,30,30,true
east,east_0040,500,-86.4252130045,86.4252130045,topo-bathy.tt3,30,30,true
east,east_0040,550,-91.9772873125,91.9772873125,topo-bathy.tt3,30,30,true
east,east_0040,600,-112.811771228,112.811771228,topo-bathy.tt3,30,30,true
east,east_0040,650,-135.104172467,135.104172467,topo-bathy.tt3,30,30,true
east,east_0040,700,-155.308636399,155.308636399,topo-bathy.tt3,30,30,true
east,east_0040,750,-170.818735172,170.818735172,topo-bathy.tt3,30,30,true
east,east_0040,800,-188.446058432,188.446058432,topo-bathy.tt3,30,30,true
east,east_0040,850,-200.620571368,200.620571368,topo-bathy.tt3,30,30,true
east,east_0040,900,-211.874036247,211.874036247,topo-bathy.tt3,30,30,true
east,east_0040,950,-224.853538544,224.853538544,topo-bathy.tt3,30,30,true
east,east_0040,1000,-239.799839037,239.799839037,topo-bathy.tt3,30,30,true
east,east_0040,1050,-256.948283139,256.948283139,topo-bathy.tt3,30,30,true
east,east_0040,1100,-272.955829489,272.955829489,topo-bathy.tt3,30,30,true
east,east_0040,1150,-281.563504351,281.563504351,topo-bathy.tt3,30,30,true
east,east_0040,1200,-286.09400616,286.09400616,topo-bathy.tt3,30,30,true
east,east_0040,1250,-304.755665251,304.755665251,topo-bathy.tt3,30,30,true
east,east_0040,1300,-340.7236514,340.7236514,topo-bathy.tt3,30,30,true
east,east_0040,1350,-379.255328349,379.255328349,topo-bathy.tt3,30,30,true
east,east_0040,1400,-397.503343645,397.503343645,topo-bathy.tt3,30,30,true
east,east_0040,1450,-410.966580275,410.966580275,topo-bathy.tt3,30,30,true
east,east_0040,1500,-425.673488159,425.673488159,topo-bathy.tt3,30,30,true
east,east_0040,1550,-440.612510906,440.612510906,topo-bathy.tt3,30,30,true
east,east_0040,1600,-461.038452495,461.038452495,topo-bathy.tt3,30,30,true
east,east_0040,1650,-493.720721742,493.720721742,topo-bathy.tt3,30,30,true
east,east_0040,1700,-521.751390954,521.751390954,topo-bathy.tt3,30,30,true
east,east_0040,1750,-550.987190174,550.987190174,topo-bathy.tt3,30,30,true
east,east_0040,1800,-581.880713445,581.880713445,topo-bathy.tt3,30,30,true
east,east_0040,1850,-612.29795336,612.29795336,topo-bathy.tt3,30,30,true
east,east_0040,1900,-644.479980988,644.479980988,topo-bathy.tt3,30,30,true
east,east_0040,1950,-674.563657975,674.563657975,topo-bathy.tt3,30,30,true
east,east_0040,2000,-699.883184487,699.883184487,topo-bathy.tt3,30,30,true
east,east_0060,0,-4.73505497254,4.73505497254,topo-bathy.tt3,30,30,true
east,east_0060,50,-34.2062822588,34.2062822588,topo-bathy.tt3,30,30,true
east,east_0060,100,-57.2635838259,57.2635838259,topo-bathy.tt3,30,30,true
east,east_0060,150,-76.5032162009,76.5032162009,topo-bathy.tt3,30,30,true
east,east_0060,200,-99.314884451,99.314884451,topo-bathy.tt3,30,30,true
east,east_0060,250,-125.673806067,125.673806067,topo-bathy.tt3,30,30,true
east,east_0060,300,-138.582590753,138.582590753,topo-bathy.tt3,30,30,true
east,east_0060,350,-64.4253894217,64.4253894217,topo-bathy.tt3,30,30,true
east,east_0060,400,-68.7581272887,68.7581272887,topo-bathy.tt3,30,30,true
east,east_0060,450,-88.206279269,88.206279269,topo-bathy.tt3,30,30,true
east,east_0060,500,-116.283432486,116.283432486,topo-bathy.tt3,30,30,true
east,east_0060,550,-152.783180645,152.783180645,topo-bathy.tt3,30,30,true
east,east_0060,600,-195.536808543,195.536808543,topo-bathy.tt3,30,30,true
east,east_0060,650,-234.3113455,234.3113455,topo-bathy.tt3,30,30,true
east,east_0060,700,-272.204244592,272.204244592,topo-bathy.tt3,30,30,true
east,east_0060,750,-307.399040467,307.399040467,topo-bathy.tt3,30,30,true
east,east_0060,800,-343.01686484,343.01686484,topo-bathy.tt3,30,30,true
east,east_0060,850,-381.470481741,381.470481741,topo-bathy.tt3,30,30,true
east,east_0060,900,-412.589801177,412.589801177,topo-bathy.tt3,30,30,true
east,east_0060,950,-439.347823144,439.347823144,topo-bathy.tt3,30,30,true
east,east_0060,1000,-467.034058816,467.034058816,topo-bathy.tt3,30,30,true
east,east_0060,1050,-491.640483103,491.640483103,topo-bathy.tt3,30,30,true
east,east_0060,1100,-515.446296892,515.446296892,topo-bathy.tt3,30,30,true
east,east_0060,1150,-543.915393852,543.915393852,topo-bathy.tt3,30,30,true
east,east_0060,1200,-571.177765755,571.177765755,topo-bathy.tt3,30,30,true
east,east_0060,1250,-591.732945818,591.732945818,topo-bathy.tt3,30,30,true
east,east_0060,1300,-609.840388578,609.840388578,topo-bathy.tt3,30,30,true
east,east_0060,1350,-627.358198016,627.358198016,topo-bathy.tt3,30,30,true
east,east_0060,1400,-645.90708506,645.90708506,topo-bathy.tt3,30,30,true
east,east_0060,1450,-664.364735088,664.364735088,topo-bathy.tt3,30,30,true
east,east_0060,1500,-683.629622138,683.629622138,topo-bathy.tt3,30,30,true
east,east_0060,1550,-715.083183937,715.083183937,topo-bathy.tt3,30,30,true
east,east_0060,1600,-754.591382941,754.591382941,topo-bathy.tt3,30,30,true
east,east_0060,1650,-784.549282938,784.549282938,topo-bathy.tt3,30,30,true
east,east_0060,1700,-807.475563033,807.475563033,topo-bathy.tt3,30,30,true
east,east_0060,1750,-826.564276935,826.564276935,topo-bathy.tt3,30,30,true
east,east_0060,1800,-841.700190079,841.700190079,topo-bathy.tt3,30,30,true
east,east_0060,1850,-854.364304684,854.364304684,topo-bathy.tt3,30,30,true
east,east_0060,1900,-867.00997695,867.00997695,topo-bathy.tt3,30,30,true
east,east_0060,1950,-880.404058338,880.404058338,topo-bathy.tt3,30,30,true
east,east_0060,2000,-895.169384323,895.169384323,topo-bathy.tt3,30,30,true
east,east_0080,0,0.239584453512,-0.239584453512,topo-bathy.tt3,30,30,true
east,east_0080,50,-62.4498635786,62.4498635786,topo-bathy.tt3,30,30,true
east,east_0080,100,-109.856787039,109.856787039,topo-bathy.tt3,30,30,true
east,east_0080,150,-141.427845036,141.427845036,topo-bathy.tt3,30,30,true
east,east_0080,200,-164.134810144,164.134810144,topo-bathy.tt3,30,30,true
east,east_0080,250,-188.401658962,188.401658962,topo-bathy.tt3,30,30,true
east,east_0080,300,-208.988894107,208.988894107,topo-bathy.tt3,30,30,true
east,east_0080,350,-226.279500426,226.279500426,topo-bathy.tt3,30,30,true
east,east_0080,400,-130.267679349,130.267679349,topo-bathy.tt3,30,30,true
east,east_0080,450,-140.458533223,140.458533223,topo-bathy.tt3,30,30,true
east,east_0080,500,-183.637507086,183.637507086,topo-bathy.tt3,30,30,true
east,east_0080,550,-220.029118535,220.029118535,topo-bathy.tt3,30,30,true
east,east_0080,600,-245.962003959,245.962003959,topo-bathy.tt3,30,30,true
east,east_0080,650,-269.308111052,269.308111052,topo-bathy.tt3,30,30,true
east,east_0080,700,-287.896145039,287.896145039,topo-bathy.tt3,30,30,true
east,east_0080,750,-305.557799696,305.557799696,topo-bathy.tt3,30,30,true
east,east_0080,800,-323.223099949,323.223099949,topo-bathy.tt3,30,30,true
east,east_0080,850,-339.933231682,339.933231682,topo-bathy.tt3,30,30,true
east,east_0080,900,-355.154400392,355.154400392,topo-bathy.tt3,30,30,true
east,east_0080,950,-369.27432986,369.27432986,topo-bathy.tt3,30,30,true
east,east_0080,1000,-384.737575574,384.737575574,topo-bathy.tt3,30,30,true
east,east_0080,1050,-398.314841055,398.314841055,topo-bathy.tt3,30,30,true
east,east_0080,1100,-411.293204026,411.293204026,topo-bathy.tt3,30,30,true
east,east_0080,1150,-424.482977953,424.482977953,topo-bathy.tt3,30,30,true
east,east_0080,1200,-437.785323916,437.785323916,topo-bathy.tt3,30,30,true
east,east_0080,1250,-450.994887844,450.994887844,topo-bathy.tt3,30,30,true
east,east_0080,1300,-464.359071967,464.359071967,topo-bathy.tt3,30,30,true
east,east_0080,1350,-478.047781511,478.047781511,topo-bathy.tt3,30,30,true
east,east_0080,1400,-491.312582584,491.312582584,topo-bathy.tt3,30,30,true
east,east_0080,1450,-504.687969755,504.687969755,topo-bathy.tt3,30,30,true
east,east_0080,1500,-517.36607087,517.36607087,topo-bathy.tt3,30,30,true
east,east_0080,1550,-529.903569394,529.903569394,topo-bathy.tt3,30,30,true
east,east_0080,1600,-542.052767681,542.052767681,topo-bathy.tt3,30,30,true
east,east_0080,1650,-554.33777763,554.33777763,topo-bathy.tt3,30,30,true
east,east_0080,1700,-566.349398878,566.349398878,topo-bathy.tt3,30,30,true
east,east_0080,1750,-578.010581867,578.010581867,topo-bathy.tt3,30,30,true
east,east_0080,1800,-589.504424393,589.504424393,topo-bathy.tt3,30,30,true
east,east_0080,1850,-600.623286312,600.623286312,topo-bathy.tt3,30,30,true
east,east_0080,1900,-611.076126957,611.076126957,topo-bathy.tt3,30,30,true
east,east_0080,1950,-620.588031622,620.588031622,topo-bathy.tt3,30,30,true
east,east_0080,2000,-629.28324615,629.28324615,topo-bathy.tt3,30,30,true
east,east_0100,0,-7.55150867509,7.55150867509,topo-bathy.tt3,30,30,true
east,east_0100,50,-78.8885405169,78.8885405169,topo-bathy.tt3,30,30,true
east,east_0100,100,-120.027337221,120.027337221,topo-bathy.tt3,30,30,true
east,east_0100,150,-58.07956482,58.07956482,topo-bathy.tt3,30,30,true
east,east_0100,200,-98.8639863076,98.8639863076,topo-bathy.tt3,30,30,true
east,east_0100,250,-158.992527814,158.992527814,topo-bathy.tt3,30,30,true
east,east_0100,300,-218.827639601,218.827639601,topo-bathy.tt3,30,30,true
east,east_0100,350,-283.733778908,283.733778908,topo-bathy.tt3,30,30,true
east,east_0100,400,-355.520705633,355.520705633,topo-bathy.tt3,30,30,true
east,east_0100,450,-428.584121628,428.584121628,topo-bathy.tt3,30,30,true
east,east_0100,500,-487.491896823,487.491896823,topo-bathy.tt3,30,30,true
east,east_0100,550,-526.324987195,526.324987195,topo-bathy.tt3,30,30,true
east,east_0100,600,-558.1062111,558.1062111,topo-bathy.tt3,30,30,true
east,east_0100,650,-609.482817473,609.482817473,topo-bathy.tt3,30,30,true
east,east_0100,700,-658.542690578,658.542690578,topo-bathy.tt3,30,30,true
east,east_0100,750,-686.908077638,686.908077638,topo-bathy.tt3,30,30,true
east,east_0100,800,-702.50642845,702.50642845,topo-bathy.tt3,30,30,true
east,east_0100,850,-711.302854609,711.302854609,topo-bathy.tt3,30,30,true
east,east_0100,900,-717.869154115,717.869154115,topo-bathy.tt3,30,30,true
east,east_0100,950,-721.906191122,721.906191122,topo-bathy.tt3,30,30,true
east,east_0100,1000,-724.499958326,724.499958326,topo-bathy.tt3,30,30,true
east,east_0100,1050,-727.824443612,727.824443612,topo-bathy.tt3,30,30,true
east,east_0100,1100,-729.086278142,729.086278142,topo-bathy.tt3,30,30,true
east,east_0100,1150,-729.885540368,729.885540368,topo-bathy.tt3,30,30,true
east,east_0100,1200,-730.605939372,730.605939372,topo-bathy.tt3,30,30,true
east,east_0100,1250,-732.42843745,732.42843745,topo-bathy.tt3,30,30,true
east,east_0100,1300,-736.491010165,736.491010165,topo-bathy.tt3,30,30,true
east,east_0100,1350,-740.311463077,740.311463077,topo-bathy.tt3,30,30,true
east,east_0100,1400,-744.60942141,744.60942141,topo-bathy.tt3,30,30,true
east,east_0100,1450,-749.216959254,749.216959254,topo-bathy.tt3,30,30,true
east,east_0100,1500,-753.190521726,753.190521726,topo-bathy.tt3,30,30,true
east,east_0100,1550,-756.084104577,756.084104577,topo-bathy.tt3,30,30,true
east,east_0100,1600,-757.846127631,757.846127631,topo-bathy.tt3,30,30,true
east,east_0100,1650,-760.15572631,760.15572631,topo-bathy.tt3,30,30,true
east,east_0100,1700,-762.805404671,762.805404671,topo-bathy.tt3,30,30,true
east,east_0100,1750,-765.691407322,765.691407322,topo-bathy.tt3,30,30,true
east,east_0100,1800,-768.809941787,768.809941787,topo-bathy.tt3,30,30,true
east,east_0100,1850,-772.819637857,772.819637857,topo-bathy.tt3,30,30,true
east,east_0100,1900,-777.697740641,777.697740641,topo-bathy.tt3,30,30,true
east,east_0100,1950,-781.913802138,781.913802138,topo-bathy.tt3,30,30,true
east,east_0100,2000,-785.639061849,785.639061849,topo-bathy.tt3,30,30,true
east,east_0120,0,0.484238565256,-0.484238565256,topo-bathy.tt3,30,30,true
east,east_0120,50,-36.8556930601,36.8556930601,topo-bathy.tt3,30,30,true
east,east_0120,100,-52.031432708,52.031432708,topo-bathy.tt3,30,30,true
east,east_0120,150,-65.5383163835,65.5383163835,topo-bathy.tt3,30,30,true
east,east_0120,200,-80.1478879948,80.1478879948,topo-bathy.tt3,30,30,true
east,east_0120,250,-95.7490714559,95.7490714559,topo-bathy.tt3,30,30,true
east,east_0120,300,-108.14460137,108.14460137,topo-bathy.tt3,30,30,true
east,east_0120,350,-122.083953594,122.083953594,topo-bathy.tt3,30,30,true
east,east_0120,400,-96.7398107843,96.7398107843,topo-bathy.tt3,30,30,true
east,east_0120,450,-105.523603448,105.523603448,topo-bathy.tt3,30,30,true
east,east_0120,500,-117.719059403,117.719059403,topo-bathy.tt3,30,30,true
east,east_0120,550,-129.265401851,129.265401851,topo-bathy.tt3,30,30,true
east,east_0120,600,-140.39237353,140.39237353,topo-bathy.tt3,30,30,true
east,east_0120,650,-153.394312868,153.394312868,topo-bathy.tt3,30,30,true
east,east_0120,700,-164.905337187,164.905337187,topo-bathy.tt3,30,30,true
east,east_0120,750,-178.51376398,178.51376398,topo-bathy.tt3,30,30,true
east,east_0120,800,-194.587463309,194.587463309,topo-bathy.tt3,30,30,true
east,east_0120,850,-211.549200946,211.549200946,topo-bathy.tt3,30,30,true
east,east_0120,900,-231.321985,231.321985,topo-bathy.tt3,30,30,true
east,east_0120,950,-252.04618239,252.04618239,topo-bathy.tt3,30,30,true
east,east_0120,1000,-273.077877421,273.077877421,topo-bathy.tt3,30,30,true
east,east_0120,1050,-289.907494811,289.907494811,topo-bathy.tt3,30,30,true
east,east_0120,1100,-305.881134932,305.881134932,topo-bathy.tt3,30,30,true
east,east_0120,1150,-322.605321574,322.605321574,topo-bathy.tt3,30,30,true
east,east_0120,1200,-335.854343265,335.854343265,topo-bathy.tt3,30,30,true
east,east_0120,1250,-347.464534867,347.464534867,topo-bathy.tt3,30,30,true
east,east_0120,1300,-359.155537437,359.155537437,topo-bathy.tt3,30,30,true
east,east_0120,1350,-370.498596582,370.498596582,topo-bathy.tt3,30,30,true
east,east_0120,1400,-382.427599366,382.427599366,topo-bathy.tt3,30,30,true
east,east_0120,1450,-394.796832099,394.796832099,topo-bathy.tt3,30,30,true
east,east_0120,1500,-408.333509692,408.333509692,topo-bathy.tt3,30,30,true
east,east_0120,1550,-422.409224812,422.409224812,topo-bathy.tt3,30,30,true
east,east_0120,1600,-435.748833878,435.748833878,topo-bathy.tt3,30,30,true
east,east_0120,1650,-448.7756426,448.7756426,topo-bathy.tt3,30,30,true
east,east_0120,1700,-462.011713194,462.011713194,topo-bathy.tt3,30,30,true
east,east_0120,1750,-475.227388919,475.227388919,topo-bathy.tt3,30,30,true
east,east_0120,1800,-488.72178086,488.72178086,topo-bathy.tt3,30,30,true
east,east_0120,1850,-502.086360058,502.086360058,topo-bathy.tt3,30,30,true
east,east_0120,1900,-514.785480381,514.785480381,topo-bathy.tt3,30,30,true
east,east_0120,1950,-526.769717196,526.769717196,topo-bathy.tt3,30,30,true
east,east_0120,2000,-538.18774472,538.18774472,topo-bathy.tt3,30,30,true
east,east_0140,0,2.50345161242,-2.50345161242,topo-bathy.tt3,30,30,true
east,east_0140,50,-61.3556247477,61.3556247477,topo-bathy.tt3,30,30,true
east,east_0140,100,-111.720799807,111.720799807,topo-bathy.tt3,30,30,true
east,east_0140,150,-124.362773595,124.362773595,topo-bathy.tt3,30,30,true
east,east_0140,200,-51.3733802683,51.3733802683,topo-bathy.tt3,30,30,true
east,east_0140,250,-64.7620656593,64.7620656593,topo-bathy.tt3,30,30,true
east,east_0140,300,-88.3726572768,88.3726572768,topo-bathy.tt3,30,30,true
east,east_0140,350,-128.515564352,128.515564352,topo-bathy.tt3,30,30,true
east,east_0140,400,-180.050003964,180.050003964,topo-bathy.tt3,30,30,true
east,east_0140,450,-228.870673773,228.870673773,topo-bathy.tt3,30,30,true
east,east_0140,500,-266.013342629,266.013342629,topo-bathy.tt3,30,30,true
east,east_0140,550,-296.579951279,296.579951279,topo-bathy.tt3,30,30,true
east,east_0140,600,-321.857747063,321.857747063,topo-bathy.tt3,30,30,true
east,east_0140,650,-342.080586607,342.080586607,topo-bathy.tt3,30,30,true
east,east_0140,700,-366.00928062,366.00928062,topo-bathy.tt3,30,30,true
east,east_0140,750,-392.587216095,392.587216095,topo-bathy.tt3,30,30,true
east,east_0140,800,-415.970435315,415.970435315,topo-bathy.tt3,30,30,true
east,east_0140,850,-441.437827537,441.437827537,topo-bathy.tt3,30,30,true
east,east_0140,900,-471.567647464,471.567647464,topo-bathy.tt3,30,30,true
east,east_0140,950,-500.293616815,500.293616815,topo-bathy.tt3,30,30,true
east,east_0140,1000,-527.371545368,527.371545368,topo-bathy.tt3,30,30,true
east,east_0140,1050,-549.414593392,549.414593392,topo-bathy.tt3,30,30,true
east,east_0140,1100,-566.526193644,566.526193644,topo-bathy.tt3,30,30,true
east,east_0140,1150,-583.49655198,583.49655198,topo-bathy.tt3,30,30,true
east,east_0140,1200,-602.02674219,602.02674219,topo-bathy.tt3,30,30,true
east,east_0140,1250,-629.720390152,629.720390152,topo-bathy.tt3,30,30,true
east,east_0140,1300,-670.546262036,670.546262036,topo-bathy.tt3,30,30,true
east,east_0140,1350,-720.680302634,720.680302634,topo-bathy.tt3,30,30,true
east,east_0140,1400,-768.658200472,768.658200472,topo-bathy.tt3,30,30,true
east,east_0140,1450,-798.897888369,798.897888369,topo-bathy.tt3,30,30,true
east,east_0140,1500,-818.26060559,818.26060559,topo-bathy.tt3,30,30,true
east,east_0140,1550,-836.027979443,836.027979443,topo-bathy.tt3,30,30,true
east,east_0140,1600,-854.695384441,854.695384441,topo-bathy.tt3,30,30,true
east,east_0140,1650,-873.633538021,873.633538021,topo-bathy.tt3,30,30,true
east,east_0140,1700,-889.986154618,889.986154618,topo-bathy.tt3,30,30,true
east,east_0140,1750,-908.082935059,908.082935059,topo-bathy.tt3,30,30,true
east,east_0140,1800,-942.398886385,942.398886385,topo-bathy.tt3,30,30,true
east,east_0140,1850,-983.648117995,983.648117995,topo-bathy.tt3,30,30,true
east,east_0140,1900,-1011.50126763,1011.50126763,topo-bathy.tt3,30,30,true
east,east_0140,1950,-1036.3052884,1036.3052884,topo-bathy.tt3,30,30,true
east,east_0140,2000,-1064.41560192,1064.41560192,topo-bathy.tt3,30,30,true
east,east_0160,0,-12.7531766317,12.7531766317,topo-bathy.tt3,30,30,true
east,east_0160,50,-97.1856734275,97.1856734275,topo-bathy.tt3,30,30,true
east,east_0160,100,-168.077415472,168.077415472,topo-bathy.tt3,30,30,true
east,east_0160,150,-197.335933049,197.335933049,topo-bathy.tt3,30,30,true
east,east_0160,200,-188.15991689,188.15991689,topo-bathy.tt3,30,30,true
east,east_0160,250,-195.179367092,195.179367092,topo-bathy.tt3,30,30,true
east,east_0160,300,-223.090488351,223.090488351,topo-bathy.tt3,30,30,true
east,east_0160,350,-255.34968618,255.34968618,topo-bathy.tt3,30,30,true
east,east_0160,400,-291.531885702,291.531885702,topo-bathy.tt3,30,30,true
east,east_0160,450,-331.141692841,331.141692841,topo-bathy.tt3,30,30,true
east,east_0160,500,-375.469026415,375.469026415,topo-bathy.tt3,30,30,true
east,east_0160,550,-417.574432225,417.574432225,topo-bathy.tt3,30,30,true
east,east_0160,600,-457.231266516,457.231266516,topo-bathy.tt3,30,30,true
east,east_0160,650,-484.223151355,484.223151355,topo-bathy.tt3,30,30,true
east,east_0160,700,-509.889612612,509.889612612,topo-bathy.tt3,30,30,true
east,east_0160,750,-534.304839214,534.304839214,topo-bathy.tt3,30,30,true
east,east_0160,800,-556.702104437,556.702104437,topo-bathy.tt3,30,30,true
east,east_0160,850,-580.795830856,580.795830856,topo-bathy.tt3,30,30,true
east,east_0160,900,-605.835884156,605.835884156,topo-bathy.tt3,30,30,true
east,east_0160,950,-629.72584848,629.72584848,topo-bathy.tt3,30,30,true
east,east_0160,1000,-652.724947286,652.724947286,topo-bathy.tt3,30,30,true
east,east_0160,1050,-674.553492782,674.553492782,topo-bathy.tt3,30,30,true
east,east_0160,1100,-695.942577451,695.942577451,topo-bathy.tt3,30,30,true
east,east_0160,1150,-718.724914302,718.724914302,topo-bathy.tt3,30,30,true
east,east_0160,1200,-741.730327143,741.730327143,topo-bathy.tt3,30,30,true
east,east_0160,1250,-763.1867501,763.1867501,topo-bathy.tt3,30,30,true
east,east_0160,1300,-784.095819809,784.095819809,topo-bathy.tt3,30,30,true
east,east_0160,1350,-804.339009618,804.339009618,topo-bathy.tt3,30,30,true
east,east_0160,1400,-824.961904469,824.961904469,topo-bathy.tt3,30,30,true
east,east_0160,1450,-844.090142072,844.090142072,topo-bathy.tt3,30,30,true
east,east_0160,1500,-861.498630288,861.498630288,topo-bathy.tt3,30,30,true
east,east_0160,1550,-876.668665842,876.668665842,topo-bathy.tt3,30,30,true
east,east_0160,1600,-891.915180984,891.915180984,topo-bathy.tt3,30,30,true
east,east_0160,1650,-913.005781373,913.005781373,topo-bathy.tt3,30,30,true
east,east_0160,1700,-943.061777581,943.061777581,topo-bathy.tt3,30,30,true
east,east_0160,1750,-972.291581175,972.291581175,topo-bathy.tt3,30,30,true
east,east_0160,1800,-989.616090319,989.616090319,topo-bathy.tt3,30,30,true
east,east_0160,1850,-1005.06107813,1005.06107813,topo-bathy.tt3,30,30,true
east,east_0160,1900,-1020.84444973,1020.84444973,topo-bathy.tt3,30,30,true
east,east_0160,1950,-1039.27208684,1039.27208684,topo-bathy.tt3,30,30,true
east,east_0160,2000,-1056.10311865,1056.10311865,topo-bathy.tt3,30,30,true
east,east_0180,0,-0.209835278096,0.209835278096,topo-bathy.tt3,30,30,true
east,east_0180,50,-7.81853842726,7.81853842726,topo-bathy.tt3,30,30,true
east,east_0180,100,-14.909883075,14.909883075,topo-bathy.tt3,30,30,true
east,east_0180,150,-23.7378044936,23.7378044936,topo-bathy.tt3,30,30,true
east,east_0180,200,-34.5203031511,34.5203031511,topo-bathy.tt3,30,30,true
east,east_0180,250,-47.3356878572,47.3356878572,topo-bathy.tt3,30,30,true
east,east_0180,300,-62.0161861564,62.0161861564,topo-bathy.tt3,30,30,true
east,east_0180,350,-78.545062411,78.545062411,topo-bathy.tt3,30,30,true
east,east_0180,400,-96.8688418478,96.8688418478,topo-bathy.tt3,30,30,true
east,east_0180,450,-117.100500122,117.100500122,topo-bathy.tt3,30,30,true
east,east_0180,500,-139.038333554,139.038333554,topo-bathy.tt3,30,30,true
east,east_0180,550,-162.275358877,162.275358877,topo-bathy.tt3,30,30,true
east,east_0180,600,-186.526743027,186.526743027,topo-bathy.tt3,30,30,true
east,east_0180,650,-209.968811079,209.968811079,topo-bathy.tt3,30,30,true
east,east_0180,700,-227.761522766,227.761522766,topo-bathy.tt3,30,30,true
east,east_0180,750,-244.208336262,244.208336262,topo-bathy.tt3,30,30,true
east,east_0180,800,-259.878960442,259.878960442,topo-bathy.tt3,30,30,true
east,east_0180,850,-274.383714261,274.383714261,topo-bathy.tt3,30,30,true
east,east_0180,900,-284.88125458,284.88125458,topo-bathy.tt3,30,30,true
east,east_0180,950,-292.086529006,292.086529006,topo-bathy.tt3,30,30,true
east,east_0180,1000,-287.725683257,287.725683257,topo-bathy.tt3,30,30,true
east,east_0180,1050,-306.379246637,306.379246637,topo-bathy.tt3,30,30,true
east,east_0180,1100,-325.356673668,325.356673668,topo-bathy.tt3,30,30,true
east,east_0180,1150,-341.497686618,341.497686618,topo-bathy.tt3,30,30,true
east,east_0180,1200,-359.56907169,359.56907169,topo-bathy.tt3,30,30,true
east,east_0180,1250,-378.052681911,378.052681911,topo-bathy.tt3,30,30,true
east,east_0180,1300,-396.356001847,396.356001847,topo-bathy.tt3,30,30,true
east,east_0180,1350,-414.900216617,414.900216617,topo-bathy.tt3,30,30,true
east,east_0180,1400,-433.680035747,433.680035747,topo-bathy.tt3,30,30,true
east,east_0180,1450,-450.309207688,450.309207688,topo-bathy.tt3,30,30,true
east,east_0180,1500,-467.121958476,467.121958476,topo-bathy.tt3,30,30,true
east,east_0180,1550,-483.558322086,483.558322086,topo-bathy.tt3,30,30,true
east,east_0180,1600,-501.526250015,501.526250015,topo-bathy.tt3,30,30,true
east,east_0180,1650,-519.286224594,519.286224594,topo-bathy.tt3,30,30,true
east,east_0180,1700,-536.394968753,536.394968753,topo-bathy.tt3,30,30,true
east,east_0180,1750,-555.126415927,555.126415927,topo-bathy.tt3,30,30,true
east,east_0180,1800,-572.933258944,572.933258944,topo-bathy.tt3,30,30,true
east,east_0180,1850,-590.211691293,590.211691293,topo-bathy.tt3,30,30,true
east,east_0180,1900,-614.360044634,614.360044634,topo-bathy.tt3,30,30,true
east,east_0180,1950,-640.127787048,640.127787048,topo-bathy.tt3,30,30,true
east,east_0180,2000,-666.767790328,666.767790328,topo-bathy.tt3,30,30,true
east,east_0200,0,0.152909892942,-0.152909892942,topo-bathy.tt3,30,30,true
east,east_0200,50,-18.0989502553,18.0989502553,topo-bathy.tt3,30,30,true
east,east_0200,100,-28.6496417613,28.6496417613,topo-bathy.tt3,30,30,true
east,east_0200,150,-37.2078585096,37.2078585096,topo-bathy.tt3,30,30,true
east,east_0200,200,-46.8719926689,46.8719926689,topo-bathy.tt3,30,30,true
east,east_0200,250,-57.4465221896,57.4465221896,topo-bathy.tt3,30,30,true
east,east_0200,300,-68.0583335223,68.0583335223,topo-bathy.tt3,30,30,true
east,east_0200,350,-78.9622577474,78.9622577474,topo-bathy.tt3,30,30,true
east,east_0200,400,-89.4961544336,89.4961544336,topo-bathy.tt3,30,30,true
east,east_0200,450,-96.7652416717,96.7652416717,topo-bathy.tt3,30,30,true
east,east_0200,500,-103.724787827,103.724787827,topo-bathy.tt3,30,30,true
east,east_0200,550,-110.715087505,110.715087505,topo-bathy.tt3,30,30,true
east,east_0200,600,-117.371900547,117.371900547,topo-bathy.tt3,30,30,true
east,east_0200,650,-123.945397252,123.945397252,topo-bathy.tt3,30,30,true
east,east_0200,700,-130.506848313,130.506848313,topo-bathy.tt3,30,30,true
east,east_0200,750,-136.930891401,136.930891401,topo-bathy.tt3,30,30,true
east,east_0200,800,-143.222569317,143.222569317,topo-bathy.tt3,30,30,true
east,east_0200,850,-146.939753178,146.939753178,topo-bathy.tt3,30,30,true
east,east_0200,900,-137.871504394,137.871504394,topo-bathy.tt3,30,30,true
east,east_0200,950,-127.685189614,127.685189614,topo-bathy.tt3,30,30,true
east,east_0200,1000,-139.211386395,139.211386395,topo-bathy.tt3,30,30,true
east,east_0200,1050,-152.086588215,152.086588215,topo-bathy.tt3,30,30,true
east,east_0200,1100,-162.86924437,162.86924437,topo-bathy.tt3,30,30,true
east,east_0200,1150,-173.979324626,173.979324626,topo-bathy.tt3,30,30,true
east,east_0200,1200,-185.042616286,185.042616286,topo-bathy.tt3,30,30,true
east,east_0200,1250,-195.738834045,195.738834045,topo-bathy.tt3,30,30,true
east,east_0200,1300,-205.876273421,205.876273421,topo-bathy.tt3,30,30,true
east,east_0200,1350,-215.788103801,215.788103801,topo-bathy.tt3,30,30,true
east,east_0200,1400,-225.394958722,225.394958722,topo-bathy.tt3,30,30,true
east,east_0200,1450,-234.514640203,234.514640203,topo-bathy.tt3,30,30,true
east,east_0200,1500,-243.272083655,243.272083655,topo-bathy.tt3,30,30,true
east,east_0200,1550,-252.114676029,252.114676029,topo-bathy.tt3,30,30,true
east,east_0200,1600,-262.414021116,262.414021116,topo-bathy.tt3,30,30,true
east,east_0200,1650,-270.24681962,270.24681962,topo-bathy.tt3,30,30,true
east,east_0200,1700,-278.51213541,278.51213541,topo-bathy.tt3,30,30,true
east,east_0200,1750,-286.529518216,286.529518216,topo-bathy.tt3,30,30,true
east,east_0200,1800,-294.131853145,294.131853145,topo-bathy.tt3,30,30,true
east,east_0200,1850,-301.40275749,301.40275749,topo-bathy.tt3,30,30,true
east,east_0200,1900,-309.013827152,309.013827152,topo-bathy.tt3,30,30,true
east,east_0200,1950,-317.523917273,317.523917273,topo-bathy.tt3,30,30,true
east,east_0200,2000,-325.071804892,325.071804892,topo-bathy.tt3,30,30,true
east,east_0220,0,-1.36043260997,1.36043260997,topo-bathy.tt3,30,30,true
east,east_0220,50,-21.1867817702,21.1867817702,topo-bathy.tt3,30,30,true
east,east_0220,100,-31.732463036,31.732463036,topo-bathy.tt3,30,30,true
east,east_0220,150,-36.238168005,36.238168005,topo-bathy.tt3,30,30,true
east,east_0220,200,-42.2093067791,42.2093067791,topo-bathy.tt3,30,30,true
east,east_0220,250,-49.7980090179,49.7980090179,topo-bathy.tt3,30,30,true
east,east_0220,300,-58.0410548273,58.0410548273,topo-bathy.tt3,30,30,true
east,east_0220,350,-66.4851788738,66.4851788738,topo-bathy.tt3,30,30,true
east,east_0220,400,-75.3752108357,75.3752108357,topo-bathy.tt3,30,30,true
east,east_0220,450,-84.7971129303,84.7971129303,topo-bathy.tt3,30,30,true
east,east_0220,500,-91.6009634553,91.6009634553,topo-bathy.tt3,30,30,true
east,east_0220,550,-96.2245590449,96.2245590449,topo-bathy.tt3,30,30,true
east,east_0220,600,-99.7670275237,99.7670275237,topo-bathy.tt3,30,30,true
east,east_0220,650,-103.194089233,103.194089233,topo-bathy.tt3,30,30,true
east,east_0220,700,-107.26660236,107.26660236,topo-bathy.tt3,30,30,true
east,east_0220,750,-112.776097888,112.776097888,topo-bathy.tt3,30,30,true
east,east_0220,800,-120.57790997,120.57790997,topo-bathy.tt3,30,30,true
east,east_0220,850,-129.142953991,129.142953991,topo-bathy.tt3,30,30,true
east,east_0220,900,-137.651723218,137.651723218,topo-bathy.tt3,30,30,true
east,east_0220,950,-118.451154745,118.451154745,topo-bathy.tt3,30,30,true
east,east_0220,1000,-86.4938453033,86.4938453033,topo-bathy.tt3,30,30,true
east,east_0220,1050,-90.5129766609,90.5129766609,topo-bathy.tt3,30,30,true
east,east_0220,1100,-97.6381861857,97.6381861857,topo-bathy.tt3,30,30,true
east,east_0220,1150,-108.546624374,108.546624374,topo-bathy.tt3,30,30,true
east,east_0220,1200,-126.521198175,126.521198175,topo-bathy.tt3,30,30,true
east,east_0220,1250,-150.420177304,150.420177304,topo-bathy.tt3,30,30,true
east,east_0220,1300,-178.526994323,178.526994323,topo-bathy.tt3,30,30,true
east,east_0220,1350,-208.563898494,208.563898494,topo-bathy.tt3,30,30,true
east,east_0220,1400,-234.704307585,234.704307585,topo-bathy.tt3,30,30,true
east,east_0220,1450,-259.210747709,259.210747709,topo-bathy.tt3,30,30,true
east,east_0220,1500,-285.360777454,285.360777454,topo-bathy.tt3,30,30,true
east,east_0220,1550,-308.867158824,308.867158824,topo-bathy.tt3,30,30,true
east,east_0220,1600,-332.086703096,332.086703096,topo-bathy.tt3,30,30,true
east,east_0220,1650,-353.624672027,353.624672027,topo-bathy.tt3,30,30,true
east,east_0220,1700,-375.309552123,375.309552123,topo-bathy.tt3,30,30,true
east,east_0220,1750,-395.051862051,395.051862051,topo-bathy.tt3,30,30,true
east,east_0220,1800,-414.352774201,414.352774201,topo-bathy.tt3,30,30,true
east,east_0220,1850,-434.48736604,434.48736604,topo-bathy.tt3,30,30,true
east,east_0220,1900,-451.900540848,451.900540848,topo-bathy.tt3,30,30,true
east,east_0220,1950,-470.284795686,470.284795686,topo-bathy.tt3,30,30,true
east,east_0220,2000,-489.294685188,489.294685188,topo-bathy.tt3,30,30,true
east,east_0240,0,0.0508321674127,-0.0508321674127,topo-bathy.tt3,30,30,true
east,east_0240,50,-19.9667340469,19.9667340469,topo-bathy.tt3,30,30,true
east,east_0240,100,-32.1333214278,32.1333214278,topo-bathy.tt3,30,30,true
east,east_0240,150,-39.4015581295,39.4015581295,topo-bathy.tt3,30,30,true
east,east_0240,200,-47.174791432,47.174791432,topo-bathy.tt3,30,30,true
east,east_0240,250,-56.4838684851,56.4838684851,topo-bathy.tt3,30,30,true
east,east_0240,300,-67.3576848617,67.3576848617,topo-bathy.tt3,30,30,true
east,east_0240,350,-78.1960188667,78.1960188667,topo-bathy.tt3,30,30,true
east,east_0240,400,-91.2910852233,91.2910852233,topo-bathy.tt3,30,30,true
east,east_0240,450,-104.139358555,104.139358555,topo-bathy.tt3,30,30,true
east,east_0240,500,-118.850851753,118.850851753,topo-bathy.tt3,30,30,true
east,east_0240,550,-134.608958771,134.608958771,topo-bathy.tt3,30,30,true
east,east_0240,600,-146.309410381,146.309410381,topo-bathy.tt3,30,30,true
east,east_0240,650,-157.194328589,157.194328589,topo-bathy.tt3,30,30,true
east,east_0240,700,-167.784696579,167.784696579,topo-bathy.tt3,30,30,true
east,east_0240,750,-178.512122466,178.512122466,topo-bathy.tt3,30,30,true
east,east_0240,800,-189.444622982,189.444622982,topo-bathy.tt3,30,30,true
east,east_0240,850,-199.021028937,199.021028937,topo-bathy.tt3,30,30,true
east,east_0240,900,-186.657623548,186.657623548,topo-bathy.tt3,30,30,true
east,east_0240,950,-102.797267571,102.797267571,topo-bathy.tt3,30,30,true
east,east_0240,1000,-113.259687427,113.259687427,topo-bathy.tt3,30,30,true
east,east_0240,1050,-133.045880549,133.045880549,topo-bathy.tt3,30,30,true
east,east_0240,1100,-160.263548885,160.263548885,topo-bathy.tt3,30,30,true
east,east_0240,1150,-186.667168361,186.667168361,topo-bathy.tt3,30,30,true
east,east_0240,1200,-204.51591123,204.51591123,topo-bathy.tt3,30,30,true
east,east_0240,1250,-217.873999879,217.873999879,topo-bathy.tt3,30,30,true
east,east_0240,1300,-230.499571594,230.499571594,topo-bathy.tt3,30,30,true
east,east_0240,1350,-244.330321637,244.330321637,topo-bathy.tt3,30,30,true
east,east_0240,1400,-259.703676941,259.703676941,topo-bathy.tt3,30,30,true
east,east_0240,1450,-274.079881402,274.079881402,topo-bathy.tt3,30,30,true
east,east_0240,1500,-288.852764592,288.852764592,topo-bathy.tt3,30,30,true
east,east_0240,1550,-306.050761381,306.050761381,topo-bathy.tt3,30,30,true
east,east_0240,1600,-322.976003058,322.976003058,topo-bathy.tt3,30,30,true
east,east_0240,1650,-338.416794774,338.416794774,topo-bathy.tt3,30,30,true
east,east_0240,1700,-355.68327961,355.68327961,topo-bathy.tt3,30,30,true
east,east_0240,1750,-375.449432562,375.449432562,topo-bathy.tt3,30,30,true
east,east_0240,1800,-396.888137293,396.888137293,topo-bathy.tt3,30,30,true
east,east_0240,1850,-417.796368107,417.796368107,topo-bathy.tt3,30,30,true
east,east_0240,1900,-436.981166113,436.981166113,topo-bathy.tt3,30,30,true
east,east_0240,1950,-455.958566415,455.958566415,topo-bathy.tt3,30,30,true
east,east_0240,2000,-473.916596142,473.916596142,topo-bathy.tt3,30,30,true
east,east_0260,0,1.09962358989,-1.09962358989,topo-bathy.tt3,30,30,true
east,east_0260,50,-47.5947042381,47.5947042381,topo-bathy.tt3,30,30,true
east,east_0260,100,-73.8011307916,73.8011307916,topo-bathy.tt3,30,30,true
east,east_0260,150,-92.7589040979,92.7589040979,topo-bathy.tt3,30,30,true
east,east_0260,200,-114.849484764,114.849484764,topo-bathy.tt3,30,30,true
east,east_0260,250,-139.988453375,139.988453375,topo-bathy.tt3,30,30,true
east,east_0260,300,-167.990451895,167.990451895,topo-bathy.tt3,30,30,true
east,east_0260,350,-197.891339367,197.891339367,topo-bathy.tt3,30,30,true
east,east_0260,400,-225.398622223,225.398622223,topo-bathy.tt3,30,30,true
east,east_0260,450,-249.368028237,249.368028237,topo-bathy.tt3,30,30,true
east,east_0260,500,-238.427468458,238.427468458,topo-bathy.tt3,30,30,true
east,east_0260,550,-216.58157173,216.58157173,topo-bathy.tt3,30,30,true
east,east_0260,600,-228.516062033,228.516062033,topo-bathy.tt3,30,30,true
east,east_0260,650,-231.58933126,231.58933126,topo-bathy.tt3,30,30,true
east,east_0260,700,-238.567398826,238.567398826,topo-bathy.tt3,30,30,true
east,east_0260,750,-241.618974798,241.618974798,topo-bathy.tt3,30,30,true
east,east_0260,800,-252.772401663,252.772401663,topo-bathy.tt3,30,30,true
east,east_0260,850,-272.959362764,272.959362764,topo-bathy.tt3,30,30,true
east,east_0260,900,-296.938449286,296.938449286,topo-bathy.tt3,30,30,true
east,east_0260,950,-323.521891658,323.521891658,topo-bathy.tt3,30,30,true
east,east_0260,1000,-351.75597979,351.75597979,topo-bathy.tt3,30,30,true
east,east_0260,1050,-378.987133294,378.987133294,topo-bathy.tt3,30,30,true
east,east_0260,1100,-405.097922303,405.097922303,topo-bathy.tt3,30,30,true
east,east_0260,1150,-430.184749581,430.184749581,topo-bathy.tt3,30,30,true
east,east_0260,1200,-454.170449474,454.170449474,topo-bathy.tt3,30,30,true
east,east_0260,1250,-480.22714724,480.22714724,topo-bathy.tt3,30,30,true
east,east_0260,1300,-502.361221933,502.361221933,topo-bathy.tt3,30,30,true
east,east_0260,1350,-519.342885986,519.342885986,topo-bathy.tt3,30,30,true
east,east_0260,1400,-534.806901288,534.806901288,topo-bathy.tt3,30,30,true
east,east_0260,1450,-549.678652562,549.678652562,topo-bathy.tt3,30,30,true
east,east_0260,1500,-562.184910656,562.184910656,topo-bathy.tt3,30,30,true
east,east_0260,1550,-571.957066861,571.957066861,topo-bathy.tt3,30,30,true
east,east_0260,1600,-580.61621026,580.61621026,topo-bathy.tt3,30,30,true
east,east_0260,1650,-590.750886109,590.750886109,topo-bathy.tt3,30,30,true
east,east_0260,1700,-602.068621949,602.068621949,topo-bathy.tt3,30,30,true
east,east_0260,1750,-612.099875161,612.099875161,topo-bathy.tt3,30,30,true
east,east_0260,1800,-622.475221431,622.475221431,topo-bathy.tt3,30,30,true
east,east_0260,1850,-633.70392063,633.70392063,topo-bathy.tt3,30,30,true
east,east_0260,1900,-645.77681635,645.77681635,topo-bathy.tt3,30,30,true
east,east_0260,1950,-658.701917352,658.701917352,topo-bathy.tt3,30,30,true
east,east_0260,2000,-672.889423772,672.889423772,topo-bathy.tt3,30,30,true
east,east_0280,0,-1.51049428406,1.51049428406,topo-bathy.tt3,30,30,true
east,east_0280,50,-9.71824857869,9.71824857869,topo-bathy.tt3,30,30,true
east,east_0280,100,-14.4812659439,14.4812659439,topo-bathy.tt3,30,30,true
east,east_0280,150,-19.272886417,19.272886417,topo-bathy.tt3,30,30,true
east,east_0280,200,-24.4436558432,24.4436558432,topo-bathy.tt3,30,30,true
east,east_0280,250,-30.3304538414,30.3304538414,topo-bathy.tt3,30,30,true
east,east_0280,300,-37.2587778833,37.2587778833,topo-bathy.tt3,30,30,true
east,east_0280,350,-44.7452534353,44.7452534353,topo-bathy.tt3,30,30,true
east,east_0280,400,-52.1803658213,52.1803658213,topo-bathy.tt3,30,30,true
east,east_0280,450,-59.8074411841,59.8074411841,topo-bathy.tt3,30,30,true
east,east_0280,500,-67.894420768,67.894420768,topo-bathy.tt3,30,30,true
east,east_0280,550,-76.6522626166,76.6522626166,topo-bathy.tt3,30,30,true
east,east_0280,600,-86.1957497835,86.1957497835,topo-bathy.tt3,30,30,true
east,east_0280,650,-97.0758778171,97.0758778171,topo-bathy.tt3,30,30,true
east,east_0280,700,-109.648514594,109.648514594,topo-bathy.tt3,30,30,true
east,east_0280,750,-122.579264307,122.579264307,topo-bathy.tt3,30,30,true
east,east_0280,800,-134.327302738,134.327302738,topo-bathy.tt3,30,30,true
east,east_0280,850,-144.75438821,144.75438821,topo-bathy.tt3,30,30,true
east,east_0280,900,-150.598906368,150.598906368,topo-bathy.tt3,30,30,true
east,east_0280,950,-155.857623605,155.857623605,topo-bathy.tt3,30,30,true
east,east_0280,1000,-160.904529364,160.904529364,topo-bathy.tt3,30,30,true
east,east_0280,1050,-166.285748394,166.285748394,topo-bathy.tt3,30,30,true
east,east_0280,1100,-172.144760478,172.144760478,topo-bathy.tt3,30,30,true
east,east_0280,1150,-178.269220688,178.269220688,topo-bathy.tt3,30,30,true
east,east_0280,1200,-184.638427635,184.638427635,topo-bathy.tt3,30,30,true
east,east_0280,1250,-191.3350584,191.3350584,topo-bathy.tt3,30,30,true
east,east_0280,1300,-198.212576553,198.212576553,topo-bathy.tt3,30,30,true
east,east_0280,1350,-205.093267035,205.093267035,topo-bathy.tt3,30,30,true
east,east_0280,1400,-212.276025342,212.276025342,topo-bathy.tt3,30,30,true
east,east_0280,1450,-219.667677215,219.667677215,topo-bathy.tt3,30,30,true
east,east_0280,1500,-227.130565332,227.130565332,topo-bathy.tt3,30,30,true
east,east_0280,1550,-234.824145502,234.824145502,topo-bathy.tt3,30,30,true
east,east_0280,1600,-243.52078636,243.52078636,topo-bathy.tt3,30,30,true
east,east_0280,1650,-253.563512923,253.563512923,topo-bathy.tt3,30,30,true
east,east_0280,1700,-265.076984239,265.076984239,topo-bathy.tt3,30,30,true
east,east_0280,1750,-277.583147534,277.583147534,topo-bathy.tt3,30,30,true
east,east_0280,1800,-288.029544476,288.029544476,topo-bathy.tt3,30,30,true
east,east_0280,1850,-298.315158881,298.315158881,topo-bathy.tt3,30,30,true
east,east_0280,1900,-310.251287097,310.251287097,topo-bathy.tt3,30,30,true
east,east_0280,1950,-306.264963757,306.264963757,topo-bathy.tt3,30,30,true
east,east_0280,2000,-310.454647854,310.454647854,topo-bathy.tt3,30,30,true
east,east_0300,0,1.51778194221,-1.51778194221,topo-bathy.tt3,30,30,true
east,east_0300,50,-33.2480969941,33.2480969941,topo-bathy.tt3,30,30,true
east,east_0300,100,-47.0023036299,47.0023036299,topo-bathy.tt3,30,30,true
east,east_0300,150,-60.0795294144,60.0795294144,topo-bathy.tt3,30,30,true
east,east_0300,200,-75.3328476472,75.3328476472,topo-bathy.tt3,30,30,true
east,east_0300,250,-92.1804785658,92.1804785658,topo-bathy.tt3,30,30,true
east,east_0300,300,-108.625408961,108.625408961,topo-bathy.tt3,30,30,true
east,east_0300,350,-124.989564206,124.989564206,topo-bathy.tt3,30,30,true
east,east_0300,400,-142.612085193,142.612085193,topo-bathy.tt3,30,30,true
east,east_0300,450,-158.089086643,158.089086643,topo-bathy.tt3,30,30,true
east,east_0300,500,-170.27508781,170.27508781,topo-bathy.tt3,30,30,true
east,east_0300,550,-178.793588838,178.793588838,topo-bathy.tt3,30,30,true
east,east_0300,600,-181.638336893,181.638336893,topo-bathy.tt3,30,30,true
east,east_0300,650,-183.10974411,183.10974411,topo-bathy.tt3,30,30,true
east,east_0300,700,-183.79010832,183.79010832,topo-bathy.tt3,30,30,true
east,east_0300,750,-184.099075686,184.099075686,topo-bathy.tt3,30,30,true
east,east_0300,800,-184.391764145,184.391764145,topo-bathy.tt3,30,30,true
east,east_0300,850,-185.081510451,185.081510451,topo-bathy.tt3,30,30,true
east,east_0300,900,-186.089695372,186.089695372,topo-bathy.tt3,30,30,true
east,east_0300,950,-187.242304363,187.242304363,topo-bathy.tt3,30,30,true
east,east_0300,1000,-188.162222644,188.162222644,topo-bathy.tt3,30,30,true
east,east_0300,1050,-188.891748086,188.891748086,topo-bathy.tt3,30,30,true
east,east_0300,1100,-189.767593153,189.767593153,topo-bathy.tt3,30,30,true
east,east_0300,1150,-190.914929595,190.914929595,topo-bathy.tt3,30,30,true
east,east_0300,1200,-192.42205497,192.42205497,topo-bathy.tt3,30,30,true
east,east_0300,1250,-193.368663741,193.368663741,topo-bathy.tt3,30,30,true
east,east_0300,1300,-192.072637839,192.072637839,topo-bathy.tt3,30,30,true
east,east_0300,1350,-185.030111435,185.030111435,topo-bathy.tt3,30,30,true
east,east_0300,1400,-173.305291219,173.305291219,topo-bathy.tt3,30,30,true
east,east_0300,1450,-153.950704628,153.950704628,topo-bathy.tt3,30,30,true
east,east_0300,1500,-153.222335551,153.222335551,topo-bathy.tt3,30,30,true
east,east_0300,1550,-157.927047175,157.927047175,topo-bathy.tt3,30,30,true
east,east_0300,1600,-160.681986446,160.681986446,topo-bathy.tt3,30,30,true
east,east_0300,1650,-157.406305482,157.406305482,topo-bathy.tt3,30,30,true
east,east_0300,1700,-145.721983042,145.721983042,topo-bathy.tt3,30,30,true
east,east_0300,1750,-129.308425689,129.308425689,topo-bathy.tt3,30,30,true
east,east_0300,1800,-119.687496314,119.687496314,topo-bathy.tt3,30,30,true
east,east_0300,1850,-123.674307317,123.674307317,topo-bathy.tt3,30,30,true
east,east_0300,1900,-138.633616849,138.633616849,topo-bathy.tt3,30,30,true
east,east_0300,1950,-155.677291552,155.677291552,topo-bathy.tt3,30,30,true
east,east_0300,2000,-171.255315752,171.255315752,topo-bathy.tt3,30,30,true
east,east_0320,0,-0.621771387286,0.621771387286,topo-bathy.tt3,30,30,true
east,east_0320,50,-8.13432854784,8.13432854784,topo-bathy.tt3,30,30,true
east,east_0320,100,-12.1885963033,12.1885963033,topo-bathy.tt3,30,30,true
east,east_0320,150,-22.0844529439,22.0844529439,topo-bathy.tt3,30,30,true
east,east_0320,200,-59.5356361564,59.5356361564,topo-bathy.tt3,30,30,true
east,east_0320,250,-85.1384571234,85.1384571234,topo-bathy.tt3,30,30,true
east,east_0320,300,-113.028828141,113.028828141,topo-bathy.tt3,30,30,true
east,east_0320,350,-143.168091689,143.168091689,topo-bathy.tt3,30,30,true
east,east_0320,400,-175.712100521,175.712100521,topo-bathy.tt3,30,30,true
east,east_0320,450,-210.120514876,210.120514876,topo-bathy.tt3,30,30,true
east,east_0320,500,-246.273704526,246.273704526,topo-bathy.tt3,30,30,true
east,east_0320,550,-281.360705402,281.360705402,topo-bathy.tt3,30,30,true
east,east_0320,600,-307.610494337,307.610494337,topo-bathy.tt3,30,30,true
east,east_0320,650,-322.911287224,322.911287224,topo-bathy.tt3,30,30,true
east,east_0320,700,-336.890352927,336.890352927,topo-bathy.tt3,30,30,true
east,east_0320,750,-350.249809929,350.249809929,topo-bathy.tt3,30,30,true
east,east_0320,800,-361.792053757,361.792053757,topo-bathy.tt3,30,30,true
east,east_0320,850,-371.409968981,371.409968981,topo-bathy.tt3,30,30,true
east,east_0320,900,-379.696821804,379.696821804,topo-bathy.tt3,30,30,true
east,east_0320,950,-386.571947711,386.571947711,topo-bathy.tt3,30,30,true
east,east_0320,1000,-391.742361306,391.742361306,topo-bathy.tt3,30,30,true
east,east_0320,1050,-393.895373197,393.895373197,topo-bathy.tt3,30,30,true
east,east_0320,1100,-393.481553588,393.481553588,topo-bathy.tt3,30,30,true
east,east_0320,1150,-391.323456294,391.323456294,topo-bathy.tt3,30,30,true
east,east_0320,1200,-388.206300338,388.206300338,topo-bathy.tt3,30,30,true
east,east_0320,1250,-384.80037998,384.80037998,topo-bathy.tt3,30,30,true
east,east_0320,1300,-382.21283799,382.21283799,topo-bathy.tt3,30,30,true
east,east_0320,1350,-381.530280632,381.530280632,topo-bathy.tt3,30,30,true
east,east_0320,1400,-383.27865383,383.27865383,topo-bathy.tt3,30,30,true
east,east_0320,1450,-387.160103119,387.160103119,topo-bathy.tt3,30,30,true
east,east_0320,1500,-392.288209352,392.288209352,topo-bathy.tt3,30,30,true
east,east_0320,1550,-399.036713625,399.036713625,topo-bathy.tt3,30,30,true
east,east_0320,1600,-407.274990401,407.274990401,topo-bathy.tt3,30,30,true
east,east_0320,1650,-418.311616044,418.311616044,topo-bathy.tt3,30,30,true
east,east_0320,1700,-431.961221167,431.961221167,topo-bathy.tt3,30,30,true
east,east_0320,1750,-449.032351927,449.032351927,topo-bathy.tt3,30,30,true
east,east_0320,1800,-469.990115082,469.990115082,topo-bathy.tt3,30,30,true
east,east_0320,1850,-493.151317087,493.151317087,topo-bathy.tt3,30,30,true
east,east_0320,1900,-519.273844592,519.273844592,topo-bathy.tt3,30,30,true
east,east_0320,1950,-548.317273791,548.317273791,topo-bathy.tt3,30,30,true
east,east_0320,2000,-579.349219808,579.349219808,topo-bathy.tt3,30,30,true
east,east_0340,0,-4.35638085303,4.35638085303,topo-bathy.tt3,30,30,true
east,east_0340,50,-53.831890436,53.831890436,topo-bathy.tt3,30,30,true
east,east_0340,100,-107.203797826,107.203797826,topo-bathy.tt3,30,30,true
east,east_0340,150,-134.03577081,134.03577081,topo-bathy.tt3,30,30,true
east,east_0340,200,-164.068754687,164.068754687,topo-bathy.tt3,30,30,true
east,east_0340,250,-198.31165739,198.31165739,topo-bathy.tt3,30,30,true
east,east_0340,300,-234.549160157,234.549160157,topo-bathy.tt3,30,30,true
east,east_0340,350,-271.938593772,271.938593772,topo-bathy.tt3,30,30,true
east,east_0340,400,-312.517961829,312.517961829,topo-bathy.tt3,30,30,true
east,east_0340,450,-356.579972978,356.579972978,topo-bathy.tt3,30,30,true
east,east_0340,500,-396.838286478,396.838286478,topo-bathy.tt3,30,30,true
east,east_0340,550,-426.569897218,426.569897218,topo-bathy.tt3,30,30,true
east,east_0340,600,-449.341623523,449.341623523,topo-bathy.tt3,30,30,true
east,east_0340,650,-469.496725948,469.496725948,topo-bathy.tt3,30,30,true
east,east_0340,700,-486.599321167,486.599321167,topo-bathy.tt3,30,30,true
east,east_0340,750,-500.035613629,500.035613629,topo-bathy.tt3,30,30,true
east,east_0340,800,-509.038959942,509.038959942,topo-bathy.tt3,30,30,true
east,east_0340,850,-513.54156058,513.54156058,topo-bathy.tt3,30,30,true
east,east_0340,900,-514.67276503,514.67276503,topo-bathy.tt3,30,30,true
east,east_0340,950,-513.856562225,513.856562225,topo-bathy.tt3,30,30,true
east,east_0340,1000,-512.03967471,512.03967471,topo-bathy.tt3,30,30,true
east,east_0340,1050,-510.09923585,510.09923585,topo-bathy.tt3,30,30,true
east,east_0340,1100,-509.44039935,509.44039935,topo-bathy.tt3,30,30,true
east,east_0340,1150,-510.781524539,510.781524539,topo-bathy.tt3,30,30,true
east,east_0340,1200,-513.954700718,513.954700718,topo-bathy.tt3,30,30,true
east,east_0340,1250,-517.849582735,517.849582735,topo-bathy.tt3,30,30,true
east,east_0340,1300,-522.304257198,522.304257198,topo-bathy.tt3,30,30,true
east,east_0340,1350,-527.3653768,527.3653768,topo-bathy.tt3,30,30,true
east,east_0340,1400,-532.847766619,532.847766619,topo-bathy.tt3,30,30,true
east,east_0340,1450,-539.125591668,539.125591668,topo-bathy.tt3,30,30,true
east,east_0340,1500,-546.450834562,546.450834562,topo-bathy.tt3,30,30,true
east,east_0340,1550,-555.21531274,555.21531274,topo-bathy.tt3,30,30,true
east,east_0340,1600,-565.877167988,565.877167988,topo-bathy.tt3,30,30,true
east,east_0340,1650,-578.557916217,578.557916217,topo-bathy.tt3,30,30,true
east,east_0340,1700,-593.019337643,593.019337643,topo-bathy.tt3,30,30,true
east,east_0340,1750,-608.884112491,608.884112491,topo-bathy.tt3,30,30,true
east,east_0340,1800,-625.838138144,625.838138144,topo-bathy.tt3,30,30,true
east,east_0340,1850,-643.844769528,643.844769528,topo-bathy.tt3,30,30,true
east,east_0340,1900,-660.973595518,660.973595518,topo-bathy.tt3,30,30,true
east,east_0340,1950,-675.898480863,675.898480863,topo-bathy.tt3,30,30,true
east,east_0340,2000,-688.860580825,688.860580825,topo-bathy.tt3,30,30,true
west,west_0000,0,0.000868160932359,-0.000868160932359,topo-bathy.tt3,30,30,true
west,west_0000,50,-2.44976976004,2.44976976004,topo-bathy.tt3,30,30,true
west,west_0000,100,-3.57280055807,3.57280055807,topo-bathy.tt3,30,30,true
west,west_0000,150,-4.23972077391,4.23972077391,topo-bathy.tt3,30,30,true
west,west_0000,200,-4.41897511288,4.41897511288,topo-bathy.tt3,30,30,true
west,west_0000,250,-4.39812940466,4.39812940466,topo-bathy.tt3,30,30,true
west,west_0000,300,-4.21282230634,4.21282230634,topo-bathy.tt3,30,30,true
west,west_0000,350,-3.95607372264,3.95607372264,topo-bathy.tt3,30,30,true
west,west_0000,400,-3.68709438445,3.68709438445,topo-bathy.tt3,30,30,true
west,west_0000,450,-3.02266009699,3.02266009699,topo-bathy.tt3,30,30,true
west,west_0000,500,-2.66500816448,2.66500816448,topo-bathy.tt3,30,30,true
west,west_0000,550,-2.94195167344,2.94195167344,topo-bathy.tt3,30,30,true
west,west_0000,600,-2.92833815161,2.92833815161,topo-bathy.tt3,30,30,true
west,west_0000,650,-3.03120752307,3.03120752307,topo-bathy.tt3,30,30,true
west,west_0000,700,-3.26288731818,3.26288731818,topo-bathy.tt3,30,30,true
west,west_0000,750,-3.66064994263,3.66064994263,topo-bathy.tt3,30,30,true
west,west_0000,800,-4.20289784331,4.20289784331,topo-bathy.tt3,30,30,true
west,west_0000,850,-4.99455895889,4.99455895889,topo-bathy.tt3,30,30,true
west,west_0000,900,-5.99018316458,5.99018316458,topo-bathy.tt3,30,30,true
west,west_0000,950,-7.37035563909,7.37035563909,topo-bathy.tt3,30,30,true
west,west_0000,1000,-9.16684320736,9.16684320736,topo-bathy.tt3,30,30,true
west,west_0000,1050,-11.0435321989,11.0435321989,topo-bathy.tt3,30,30,true
west,west_0000,1100,-12.7319249861,12.7319249861,topo-bathy.tt3,30,30,true
west,west_0000,1150,-14.5421418338,14.5421418338,topo-bathy.tt3,30,30,true
west,west_0000,1200,-16.4048412867,16.4048412867,topo-bathy.tt3,30,30,true
west,west_0000,1250,-18.3103314594,18.3103314594,topo-bathy.tt3,30,30,true
west,west_0000,1300,-20.2602881856,20.2602881856,topo-bathy.tt3,30,30,true
west,west_0000,1350,-22.0284200758,22.0284200758,topo-bathy.tt3,30,30,true
west,west_0000,1400,-23.5984299231,23.5984299231,topo-bathy.tt3,30,30,true
west,west_0000,1450,-25.0550497401,25.0550497401,topo-bathy.tt3,30,30,true
west,west_0000,1500,-26.4574983892,26.4574983892,topo-bathy.tt3,30,30,true
west,west_0000,1550,-27.88112414,27.88112414,topo-bathy.tt3,30,30,true
west,west_0000,1600,-29.3132721993,29.3132721993,topo-bathy.tt3,30,30,true
west,west_0000,1650,-30.6416902999,30.6416902999,topo-bathy.tt3,30,30,true
west,west_0000,1700,-31.9100919572,31.9100919572,topo-bathy.tt3,30,30,true
west,west_0000,1750,-33.1605589445,33.1605589445,topo-bathy.tt3,30,30,true
west,west_0000,1800,-34.3957965878,34.3957965878,topo-bathy.tt3,30,30,true
west,west_0000,1850,-35.6883678892,35.6883678892,topo-bathy.tt3,30,30,true
west,west_0000,1900,-36.9608117934,36.9608117934,topo-bathy.tt3,30,30,true
west,west_0000,1950,-38.1137873641,38.1137873641,topo-bathy.tt3,30,30,true
west,west_0000,2000,-39.2591864253,39.2591864253,topo-bathy.tt3,30,30,true
west,west_0020,0,-0.0139896452513,0.0139896452513,topo-bathy.tt3,30,30,true
west,west_0020,50,-4.69197616484,4.69197616484,topo-bathy.tt3,30,30,true
west,west_0020,100,-8.77679484895,8.77679484895,topo-bathy.tt3,30,30,true
west,west_0020,150,-12.3133463429,12.3133463429,topo-bathy.tt3,30,30,true
west,west_0020,200,-15.1519401784,15.1519401784,topo-bathy.tt3,30,30,true
west,west_0020,250,-17.0759373233,17.0759373233,topo-bathy.tt3,30,30,true
west,west_0020,300,-18.6515470121,18.6515470121,topo-bathy.tt3,30,30,true
west,west_0020,350,-20.1487534994,20.1487534994,topo-bathy.tt3,30,30,true
west,west_0020,400,-21.7418347493,21.7418347493,topo-bathy.tt3,30,30,true
west,west_0020,450,-23.1948970635,23.1948970635,topo-bathy.tt3,30,30,true
west,west_0020,500,-24.1918054769,24.1918054769,topo-bathy.tt3,30,30,true
west,west_0020,550,-24.84147233,24.84147233,topo-bathy.tt3,30,30,true
west,west_0020,600,-25.2293700449,25.2293700449,topo-bathy.tt3,30,30,true
west,west_0020,650,-25.4819970714,25.4819970714,topo-bathy.tt3,30,30,true
west,west_0020,700,-25.7519596825,25.7519596825,topo-bathy.tt3,30,30,true
west,west_0020,750,-26.1633867529,26.1633867529,topo-bathy.tt3,30,30,true
west,west_0020,800,-26.8690350625,26.8690350625,topo-bathy.tt3,30,30,true
west,west_0020,850,-27.8691101642,27.8691101642,topo-bathy.tt3,30,30,true
west,west_0020,900,-29.0530275415,29.0530275415,topo-bathy.tt3,30,30,true
west,west_0020,950,-30.254370648,30.254370648,topo-bathy.tt3,30,30,true
west,west_0020,1000,-31.4970881373,31.4970881373,topo-bathy.tt3,30,30,true
west,west_0020,1050,-32.872884427,32.872884427,topo-bathy.tt3,30,30,true
west,west_0020,1100,-34.4373815708,34.4373815708,topo-bathy.tt3,30,30,true
west,west_0020,1150,-36.2500956991,36.2500956991,topo-bathy.tt3,30,30,true
west,west_0020,1200,-38.4531242414,38.4531242414,topo-bathy.tt3,30,30,true
west,west_0020,1250,-41.0098737923,41.0098737923,topo-bathy.tt3,30,30,true
west,west_0020,1300,-43.8006253439,43.8006253439,topo-bathy.tt3,30,30,true
west,west_0020,1350,-46.8967750782,46.8967750782,topo-bathy.tt3,30,30,true
west,west_0020,1400,-50.2927314408,50.2927314408,topo-bathy.tt3,30,30,true
west,west_0020,1450,-53.9728332418,53.9728332418,topo-bathy.tt3,30,30,true
west,west_0020,1500,-58.0715784521,58.0715784521,topo-bathy.tt3,30,30,true
west,west_0020,1550,-62.3509577933,62.3509577933,topo-bathy.tt3,30,30,true
west,west_0020,1600,-66.595154854,66.595154854,topo-bathy.tt3,30,30,true
west,west_0020,1650,-70.9288612789,70.9288612789,topo-bathy.tt3,30,30,true
west,west_0020,1700,-75.3653671182,75.3653671182,topo-bathy.tt3,30,30,true
west,west_0020,1750,-79.9613958721,79.9613958721,topo-bathy.tt3,30,30,true
west,west_0020,1800,-84.9749616488,84.9749616488,topo-bathy.tt3,30,30,true
west,west_0020,1850,-90.2110229705,90.2110229705,topo-bathy.tt3,30,30,true
west,west_0020,1900,-95.3617350736,95.3617350736,topo-bathy.tt3,30,30,true
west,west_0020,1950,-100.56113092,100.56113092,topo-bathy.tt3,30,30,true
west,west_0020,2000,-105.856024941,105.856024941,topo-bathy.tt3,30,30,true
west,west_0040,0,0.0435903361074,-0.0435903361074,topo-bathy.tt3,30,30,true
west,west_0040,50,-6.12247827159,6.12247827159,topo-bathy.tt3,30,30,true
west,west_0040,100,-12.4459032526,12.4459032526,topo-bathy.tt3,30,30,true
west,west_0040,150,-18.4748307737,18.4748307737,topo-bathy.tt3,30,30,true
west,west_0040,200,-24.3535221332,24.3535221332,topo-bathy.tt3,30,30,true
west,west_0040,250,-30.2890964544,30.2890964544,topo-bathy.tt3,30,30,true
west,west_0040,300,-36.7584144209,36.7584144209,topo-bathy.tt3,30,30,true
west,west_0040,350,-43.8578620595,43.8578620595,topo-bathy.tt3,30,30,true
west,west_0040,400,-51.1108760846,51.1108760846,topo-bathy.tt3,30,30,true
west,west_0040,450,-57.7278465991,57.7278465991,topo-bathy.tt3,30,30,true
west,west_0040,500,-63.0965413741,63.0965413741,topo-bathy.tt3,30,30,true
west,west_0040,550,-68.4563138622,68.4563138622,topo-bathy.tt3,30,30,true
west,west_0040,600,-74.2858149411,74.2858149411,topo-bathy.tt3,30,30,true
west,west_0040,650,-80.7588360895,80.7588360895,topo-bathy.tt3,30,30,true
west,west_0040,700,-87.5150515196,87.5150515196,topo-bathy.tt3,30,30,true
west,west_0040,750,-94.6577126039,94.6577126039,topo-bathy.tt3,30,30,true
west,west_0040,800,-102.34584603,102.34584603,topo-bathy.tt3,30,30,true
west,west_0040,850,-110.43915713,110.43915713,topo-bathy.tt3,30,30,true
west,west_0040,900,-119.426030053,119.426030053,topo-bathy.tt3,30,30,true
west,west_0040,950,-128.845628524,128.845628524,topo-bathy.tt3,30,30,true
west,west_0040,1000,-138.19763739,138.19763739,topo-bathy.tt3,30,30,true
west,west_0040,1050,-147.952173997,147.952173997,topo-bathy.tt3,30,30,true
west,west_0040,1100,-158.190584299,158.190584299,topo-bathy.tt3,30,30,true
west,west_0040,1150,-169.124454276,169.124454276,topo-bathy.tt3,30,30,true
west,west_0040,1200,-181.175947642,181.175947642,topo-bathy.tt3,30,30,true
west,west_0040,1250,-193.472320351,193.472320351,topo-bathy.tt3,30,30,true
west,west_0040,1300,-205.987677811,205.987677811,topo-bathy.tt3,30,30,true
west,west_0040,1350,-219.129593686,219.129593686,topo-bathy.tt3,30,30,true
west,west_0040,1400,-232.806223778,232.806223778,topo-bathy.tt3,30,30,true
west,west_0040,1450,-247.693735759,247.693735759,topo-bathy.tt3,30,30,true
west,west_0040,1500,-263.326611362,263.326611362,topo-bathy.tt3,30,30,true
west,west_0040,1550,-278.448065485,278.448065485,topo-bathy.tt3,30,30,true
west,west_0040,1600,-293.720806536,293.720806536,topo-bathy.tt3,30,30,true
west,west_0040,1650,-309.233616934,309.233616934,topo-bathy.tt3,30,30,true
west,west_0040,1700,-325.049917809,325.049917809,topo-bathy.tt3,30,30,true
west,west_0040,1750,-342.249330257,342.249330257,topo-bathy.tt3,30,30,true
west,west_0040,1800,-359.606617682,359.606617682,topo-bathy.tt3,30,30,true
west,west_0040,1850,-376.572450943,376.572450943,topo-bathy.tt3,30,30,true
west,west_0040,1900,-393.848684118,393.848684118,topo-bathy.tt3,30,30,true
west,west_0040,1950,-411.412615493,411.412615493,topo-bathy.tt3,30,30,true
west,west_0040,2000,-429.776374177,429.776374177,topo-bathy.tt3,30,30,true
west,west_0060,0,-0.000103384701358,0.000103384701358,topo-bathy.tt3,30,30,true
west,west_0060,50,-2.40857748018,2.40857748018,topo-bathy.tt3,30,30,true
west,west_0060,100,-5.1045048478,5.1045048478,topo-bathy.tt3,30,30,true
west,west_0060,150,-7.99686392656,7.99686392656,topo-bathy.tt3,30,30,true
west,west_0060,200,-10.4238973207,10.4238973207,topo-bathy.tt3,30,30,true
west,west_0060,250,-12.5036259043,12.5036259043,topo-bathy.tt3,30,30,true
west,west_0060,300,-14.3434125393,14.3434125393,topo-bathy.tt3,30,30,true
west,west_0060,350,-16.0146115533,16.0146115533,topo-bathy.tt3,30,30,true
west,west_0060,400,-17.6613688611,17.6613688611,topo-bathy.tt3,30,30,true
west,west_0060,450,-19.2612139201,19.2612139201,topo-bathy.tt3,30,30,true
west,west_0060,500,-20.7709418404,20.7709418404,topo-bathy.tt3,30,30,true
west,west_0060,550,-22.3470531091,22.3470531091,topo-bathy.tt3,30,30,true
west,west_0060,600,-24.0433260585,24.0433260585,topo-bathy.tt3,30,30,true
west,west_0060,650,-25.8767564662,25.8767564662,topo-bathy.tt3,30,30,true
west,west_0060,700,-27.8867848331,27.8867848331,topo-bathy.tt3,30,30,true
west,west_0060,750,-29.9875018689,29.9875018689,topo-bathy.tt3,30,30,true
west,west_0060,800,-32.0301716847,32.0301716847,topo-bathy.tt3,30,30,true
west,west_0060,850,-34.1121224218,34.1121224218,topo-bathy.tt3,30,30,true
west,west_0060,900,-36.2472584414,36.2472584414,topo-bathy.tt3,30,30,true
west,west_0060,950,-38.4362811629,38.4362811629,topo-bathy.tt3,30,30,true
west,west_0060,1000,-40.7791001323,40.7791001323,topo-bathy.tt3,30,30,true
west,west_0060,1050,-43.21971858,43.21971858,topo-bathy.tt3,30,30,true
west,west_0060,1100,-45.6463795433,45.6463795433,topo-bathy.tt3,30,30,true
west,west_0060,1150,-48.143065295,48.143065295,topo-bathy.tt3,30,30,true
west,west_0060,1200,-50.7131237795,50.7131237795,topo-bathy.tt3,30,30,true
west,west_0060,1250,-53.3237096105,53.3237096105,topo-bathy.tt3,30,30,true
west,west_0060,1300,-56.0461142272,56.0461142272,topo-bathy.tt3,30,30,true
west,west_0060,1350,-58.7842784119,58.7842784119,topo-bathy.tt3,30,30,true
west,west_0060,1400,-61.3043862004,61.3043862004,topo-bathy.tt3,30,30,true
west,west_0060,1450,-63.6522990486,63.6522990486,topo-bathy.tt3,30,30,true
west,west_0060,1500,-65.8734460729,65.8734460729,topo-bathy.tt3,30,30,true
west,west_0060,1550,-67.9875241692,67.9875241692,topo-bathy.tt3,30,30,true
west,west_0060,1600,-70.1079404888,70.1079404888,topo-bathy.tt3,30,30,true
west,west_0060,1650,-72.2065727826,72.2065727826,topo-bathy.tt3,30,30,true
west,west_0060,1700,-74.1447660249,74.1447660249,topo-bathy.tt3,30,30,true
west,west_0060,1750,-75.9685013256,75.9685013256,topo-bathy.tt3,30,30,true
west,west_0060,1800,-77.7317783806,77.7317783806,topo-bathy.tt3,30,30,true
west,west_0060,1850,-79.431839279,79.431839279,topo-bathy.tt3,30,30,true
west,west_0060,1900,-81.1321218402,81.1321218402,topo-bathy.tt3,30,30,true
west,west_0060,1950,-82.8095010831,82.8095010831,topo-bathy.tt3,30,30,true
west,west_0060,2000,-84.3296997336,84.3296997336,topo-bathy.tt3,30,30,true
west,west_0080,0,0.354528406492,-0.354528406492,topo-bathy.tt3,30,30,true
west,west_0080,50,-9.30835780677,9.30835780677,topo-bathy.tt3,30,30,true
west,west_0080,100,-14.6891781649,14.6891781649,topo-bathy.tt3,30,30,true
west,west_0080,150,-19.5771747889,19.5771747889,topo-bathy.tt3,30,30,true
west,west_0080,200,-25.1579462136,25.1579462136,topo-bathy.tt3,30,30,true
west,west_0080,250,-30.9881903909,30.9881903909,topo-bathy.tt3,30,30,true
west,west_0080,300,-37.1951430223,37.1951430223,topo-bathy.tt3,30,30,true
west,west_0080,350,-43.7039629857,43.7039629857,topo-bathy.tt3,30,30,true
west,west_0080,400,-50.5649385991,50.5649385991,topo-bathy.tt3,30,30,true
west,west_0080,450,-56.5704361723,56.5704361723,topo-bathy.tt3,30,30,true
west,west_0080,500,-60.7156994356,60.7156994356,topo-bathy.tt3,30,30,true
west,west_0080,550,-64.6819377464,64.6819377464,topo-bathy.tt3,30,30,true
west,west_0080,600,-68.8162252326,68.8162252326,topo-bathy.tt3,30,30,true
west,west_0080,650,-73.1977626024,73.1977626024,topo-bathy.tt3,30,30,true
west,west_0080,700,-78.2117381549,78.2117381549,topo-bathy.tt3,30,30,true
west,west_0080,750,-83.8699701153,83.8699701153,topo-bathy.tt3,30,30,true
west,west_0080,800,-89.778664087,89.778664087,topo-bathy.tt3,30,30,true
west,west_0080,850,-96.0886427289,96.0886427289,topo-bathy.tt3,30,30,true
west,west_0080,900,-102.767742228,102.767742228,topo-bathy.tt3,30,30,true
west,west_0080,950,-109.838150325,109.838150325,topo-bathy.tt3,30,30,true
west,west_0080,1000,-117.577502585,117.577502585,topo-bathy.tt3,30,30,true
west,west_0080,1050,-125.363227462,125.363227462,topo-bathy.tt3,30,30,true
west,west_0080,1100,-132.92068966,132.92068966,topo-bathy.tt3,30,30,true
west,west_0080,1150,-140.534078078,140.534078078,topo-bathy.tt3,30,30,true
west,west_0080,1200,-148.163601804,148.163601804,topo-bathy.tt3,30,30,true
west,west_0080,1250,-156.157921541,156.157921541,topo-bathy.tt3,30,30,true
west,west_0080,1300,-164.551112026,164.551112026,topo-bathy.tt3,30,30,true
west,west_0080,1350,-172.744584197,172.744584197,topo-bathy.tt3,30,30,true
west,west_0080,1400,-180.891697909,180.891697909,topo-bathy.tt3,30,30,true
west,west_0080,1450,-189.144751891,189.144751891,topo-bathy.tt3,30,30,true
west,west_0080,1500,-197.519627899,197.519627899,topo-bathy.tt3,30,30,true
west,west_0080,1550,-206.443274405,206.443274405,topo-bathy.tt3,30,30,true
west,west_0080,1600,-215.37402477,215.37402477,topo-bathy.tt3,30,30,true
west,west_0080,1650,-223.841948177,223.841948177,topo-bathy.tt3,30,30,true
west,west_0080,1700,-232.277553564,232.277553564,topo-bathy.tt3,30,30,true
west,west_0080,1750,-240.725147457,240.725147457,topo-bathy.tt3,30,30,true
west,west_0080,1800,-249.39222521,249.39222521,topo-bathy.tt3,30,30,true
west,west_0080,1850,-258.496017065,258.496017065,topo-bathy.tt3,30,30,true
west,west_0080,1900,-267.381102832,267.381102832,topo-bathy.tt3,30,30,true
west,west_0080,1950,-276.026464173,276.026464173,topo-bathy.tt3,30,30,true
west,west_0080,2000,-284.758639682,284.758639682,topo-bathy.tt3,30,30,true
west,west_0100,0,-0.257275832306,0.257275832306,topo-bathy.tt3,30,30,true
west,west_0100,50,-5.30989847925,5.30989847925,topo-bathy.tt3,30,30,true
west,west_0100,100,-10.8610183355,10.8610183355,topo-bathy.tt3,30,30,true
west,west_0100,150,-17.3821722183,17.3821722183,topo-bathy.tt3,30,30,true
west,west_0100,200,-25.0465940232,25.0465940232,topo-bathy.tt3,30,30,true
west,west_0100,250,-33.6849122168,33.6849122168,topo-bathy.tt3,30,30,true
west,west_0100,300,-43.4914625603,43.4914625603,topo-bathy.tt3,30,30,true
west,west_0100,350,-53.5583423055,53.5583423055,topo-bathy.tt3,30,30,true
west,west_0100,400,-64.1162071457,64.1162071457,topo-bathy.tt3,30,30,true
west,west_0100,450,-75.8055622668,75.8055622668,topo-bathy.tt3,30,30,true
west,west_0100,500,-88.2956657313,88.2956657313,topo-bathy.tt3,30,30,true
west,west_0100,550,-101.058789385,101.058789385,topo-bathy.tt3,30,30,true
west,west_0100,600,-114.15555401,114.15555401,topo-bathy.tt3,30,30,true
west,west_0100,650,-127.80227006,127.80227006,topo-bathy.tt3,30,30,true
west,west_0100,700,-142.044563984,142.044563984,topo-bathy.tt3,30,30,true
west,west_0100,750,-157.421492298,157.421492298,topo-bathy.tt3,30,30,true
west,west_0100,800,-173.700371218,173.700371218,topo-bathy.tt3,30,30,true
west,west_0100,850,-190.195368316,190.195368316,topo-bathy.tt3,30,30,true
west,west_0100,900,-206.927447093,206.927447093,topo-bathy.tt3,30,30,true
west,west_0100,950,-224.151969923,224.151969923,topo-bathy.tt3,30,30,true
west,west_0100,1000,-241.817630033,241.817630033,topo-bathy.tt3,30,30,true
west,west_0100,1050,-260.199934137,260.199934137,topo-bathy.tt3,30,30,true
west,west_0100,1100,-279.513863565,279.513863565,topo-bathy.tt3,30,30,true
west,west_0100,1150,-298.959372102,298.959372102,topo-bathy.tt3,30,30,true
west,west_0100,1200,-318.332012428,318.332012428,topo-bathy.tt3,30,30,true
west,west_0100,1250,-338.467655667,338.467655667,topo-bathy.tt3,30,30,true
west,west_0100,1300,-359.541798241,359.541798241,topo-bathy.tt3,30,30,true
west,west_0100,1350,-381.83697638,381.83697638,topo-bathy.tt3,30,30,true
west,west_0100,1400,-405.845800446,405.845800446,topo-bathy.tt3,30,30,true
west,west_0100,1450,-430.71342815,430.71342815,topo-bathy.tt3,30,30,true
west,west_0100,1500,-455.502304274,455.502304274,topo-bathy.tt3,30,30,true
west,west_0100,1550,-480.651309598,480.651309598,topo-bathy.tt3,30,30,true
west,west_0100,1600,-505.963561265,505.963561265,topo-bathy.tt3,30,30,true
west,west_0100,1650,-530.99446817,530.99446817,topo-bathy.tt3,30,30,true
west,west_0100,1700,-556.493222416,556.493222416,topo-bathy.tt3,30,30,true
west,west_0100,1750,-580.758377665,580.758377665,topo-bathy.tt3,30,30,true
west,west_0100,1800,-603.209656949,603.209656949,topo-bathy.tt3,30,30,true
west,west_0100,1850,-624.490401363,624.490401363,topo-bathy.tt3,30,30,true
west,west_0100,1900,-645.117757939,645.117757939,topo-bathy.tt3,30,30,true
west,west_0100,1950,-664.74222065,664.74222065,topo-bathy.tt3,30,30,true
west,west_0100,2000,-683.75932632,683.75932632,topo-bathy.tt3,30,30,true
west,west_0120,0,-0.0274381390583,0.0274381390583,topo-bathy.tt3,30,30,true
west,west_0120,50,-2.47368718269,2.47368718269,topo-bathy.tt3,30,30,true
west,west_0120,100,-5.63770263802,5.63770263802,topo-bathy.tt3,30,30,true
west,west_0120,150,-9.85617544907,9.85617544907,topo-bathy.tt3,30,30,true
west,west_0120,200,-15.1485781644,15.1485781644,topo-bathy.tt3,30,30,true
west,west_0120,250,-21.5627060743,21.5627060743,topo-bathy.tt3,30,30,true
west,west_0120,300,-29.1494160005,29.1494160005,topo-bathy.tt3,30,30,true
west,west_0120,350,-37.2799539949,37.2799539949,topo-bathy.tt3,30,30,true
west,west_0120,400,-45.3226156292,45.3226156292,topo-bathy.tt3,30,30,true
west,west_0120,450,-53.9269708485,53.9269708485,topo-bathy.tt3,30,30,true
west,west_0120,500,-62.814257557,62.814257557,topo-bathy.tt3,30,30,true
west,west_0120,550,-72.1638746139,72.1638746139,topo-bathy.tt3,30,30,true
west,west_0120,600,-82.0414853233,82.0414853233,topo-bathy.tt3,30,30,true
west,west_0120,650,-92.3643466595,92.3643466595,topo-bathy.tt3,30,30,true
west,west_0120,700,-103.041652955,103.041652955,topo-bathy.tt3,30,30,true
west,west_0120,750,-114.343620085,114.343620085,topo-bathy.tt3,30,30,true
west,west_0120,800,-126.498215953,126.498215953,topo-bathy.tt3,30,30,true
west,west_0120,850,-139.676974036,139.676974036,topo-bathy.tt3,30,30,true
west,west_0120,900,-153.832767774,153.832767774,topo-bathy.tt3,30,30,true
west,west_0120,950,-169.115198402,169.115198402,topo-bathy.tt3,30,30,true
west,west_0120,1000,-185.676930773,185.676930773,topo-bathy.tt3,30,30,true
west,west_0120,1050,-203.374739773,203.374739773,topo-bathy.tt3,30,30,true
west,west_0120,1100,-221.906476841,221.906476841,topo-bathy.tt3,30,30,true
west,west_0120,1150,-240.59894551,240.59894551,topo-bathy.tt3,30,30,true
west,west_0120,1200,-259.761751984,259.761751984,topo-bathy.tt3,30,30,true
west,west_0120,1250,-279.512031723,279.512031723,topo-bathy.tt3,30,30,true
west,west_0120,1300,-299.72595281,299.72595281,topo-bathy.tt3,30,30,true
west,west_0120,1350,-320.039556847,320.039556847,topo-bathy.tt3,30,30,true
west,west_0120,1400,-340.814440798,340.814440798,topo-bathy.tt3,30,30,true
west,west_0120,1450,-362.137777054,362.137777054,topo-bathy.tt3,30,30,true
west,west_0120,1500,-383.803825012,383.803825012,topo-bathy.tt3,30,30,true
west,west_0120,1550,-405.429426454,405.429426454,topo-bathy.tt3,30,30,true
west,west_0120,1600,-426.35479553,426.35479553,topo-bathy.tt3,30,30,true
west,west_0120,1650,-447.20310192,447.20310192,topo-bathy.tt3,30,30,true
west,west_0120,1700,-468.212519223,468.212519223,topo-bathy.tt3,30,30,true
west,west_0120,1750,-489.401158565,489.401158565,topo-bathy.tt3,30,30,true
west,west_0120,1800,-510.840301727,510.840301727,topo-bathy.tt3,30,30,true
west,west_0120,1850,-532.936361996,532.936361996,topo-bathy.tt3,30,30,true
west,west_0120,1900,-556.049124669,556.049124669,topo-bathy.tt3,30,30,true
west,west_0120,1950,-579.796703324,579.796703324,topo-bathy.tt3,30,30,true
west,west_0120,2000,-603.649959741,603.649959741,topo-bathy.tt3,30,30,true
west,west_0140,0,-0.0386011442889,0.0386011442889,topo-bathy.tt3,30,30,true
west,west_0140,50,-4.8061846204,4.8061846204,topo-bathy.tt3,30,30,true
west,west_0140,100,-10.1690757551,10.1690757551,topo-bathy.tt3,30,30,true
west,west_0140,150,-16.4451139072,16.4451139072,topo-bathy.tt3,30,30,true
west,west_0140,200,-24.0861535895,24.0861535895,topo-bathy.tt3,30,30,true
west,west_0140,250,-32.7147957635,32.7147957635,topo-bathy.tt3,30,30,true
west,west_0140,300,-42.2633700657,42.2633700657,topo-bathy.tt3,30,30,true
west,west_0140,350,-52.8970976139,52.8970976139,topo-bathy.tt3,30,30,true
west,west_0140,400,-62.8580545905,62.8580545905,topo-bathy.tt3,30,30,true
west,west_0140,450,-73.6308971263,73.6308971263,topo-bathy.tt3,30,30,true
west,west_0140,500,-85.2550491268,85.2550491268,topo-bathy.tt3,30,30,true
west,west_0140,550,-97.0540959863,97.0540959863,topo-bathy.tt3,30,30,true
west,west_0140,600,-109.311312849,109.311312849,topo-bathy.tt3,30,30,true
west,west_0140,650,-122.255794103,122.255794103,topo-bathy.tt3,30,30,true
west,west_0140,700,-136.069524616,136.069524616,topo-bathy.tt3,30,30,true
west,west_0140,750,-151.79074782,151.79074782,topo-bathy.tt3,30,30,true
west,west_0140,800,-168.422586606,168.422586606,topo-bathy.tt3,30,30,true
west,west_0140,850,-185.307351961,185.307351961,topo-bathy.tt3,30,30,true
west,west_0140,900,-203.188101625,203.188101625,topo-bathy.tt3,30,30,true
west,west_0140,950,-222.061283015,222.061283015,topo-bathy.tt3,30,30,true
west,west_0140,1000,-243.122588633,243.122588633,topo-bathy.tt3,30,30,true
west,west_0140,1050,-266.231885215,266.231885215,topo-bathy.tt3,30,30,true
west,west_0140,1100,-290.107442624,290.107442624,topo-bathy.tt3,30,30,true
west,west_0140,1150,-315.099281808,315.099281808,topo-bathy.tt3,30,30,true
west,west_0140,1200,-341.799994575,341.799994575,topo-bathy.tt3,30,30,true
west,west_0140,1250,-370.18569775,370.18569775,topo-bathy.tt3,30,30,true
west,west_0140,1300,-402.044879153,402.044879153,topo-bathy.tt3,30,30,true
west,west_0140,1350,-435.262638401,435.262638401,topo-bathy.tt3,30,30,true
west,west_0140,1400,-468.39756716,468.39756716,topo-bathy.tt3,30,30,true
west,west_0140,1450,-502.223065647,502.223065647,topo-bathy.tt3,30,30,true
west,west_0140,1500,-536.902407776,536.902407776,topo-bathy.tt3,30,30,true
west,west_0140,1550,-572.888452749,572.888452749,topo-bathy.tt3,30,30,true
west,west_0140,1600,-611.101226538,611.101226538,topo-bathy.tt3,30,30,true
west,west_0140,1650,-648.692327905,648.692327905,topo-bathy.tt3,30,30,true
west,west_0140,1700,-685.31785036,685.31785036,topo-bathy.tt3,30,30,true
west,west_0140,1750,-722.453888168,722.453888168,topo-bathy.tt3,30,30,true
west,west_0140,1800,-760.000697825,760.000697825,topo-bathy.tt3,30,30,true
west,west_0140,1850,-801.137332354,801.137332354,topo-bathy.tt3,30,30,true
west,west_0140,1900,-844.81951291,844.81951291,topo-bathy.tt3,30,30,true
west,west_0140,1950,-888.191456739,888.191456739,topo-bathy.tt3,30,30,true
west,west_0140,2000,-931.658148877,931.658148877,topo-bathy.tt3,30,30,true
west,west_0160,0,-0.000433107557833,0.000433107557833,topo-bathy.tt3,30,30,true
west,west_0160,50,-8.9330856351,8.9330856351,topo-bathy.tt3,30,30,true
west,west_0160,100,-18.5360024151,18.5360024151,topo-bathy.tt3,30,30,true
west,west_0160,150,-28.6956094845,28.6956094845,topo-bathy.tt3,30,30,true
west,west_0160,200,-39.954696138,39.954696138,topo-bathy.tt3,30,30,true
west,west_0160,250,-50.3076947523,50.3076947523,topo-bathy.tt3,30,30,true
west,west_0160,300,-60.0307882873,60.0307882873,topo-bathy.tt3,30,30,true
west,west_0160,350,-69.5980398618,69.5980398618,topo-bathy.tt3,30,30,true
west,west_0160,400,-78.409280965,78.409280965,topo-bathy.tt3,30,30,true
west,west_0160,450,-86.7753610202,86.7753610202,topo-bathy.tt3,30,30,true
west,west_0160,500,-94.9182665944,94.9182665944,topo-bathy.tt3,30,30,true
west,west_0160,550,-102.940418648,102.940418648,topo-bathy.tt3,30,30,true
west,west_0160,600,-111.235983677,111.235983677,topo-bathy.tt3,30,30,true
west,west_0160,650,-119.484311525,119.484311525,topo-bathy.tt3,30,30,true
west,west_0160,700,-127.081869803,127.081869803,topo-bathy.tt3,30,30,true
west,west_0160,750,-134.340880045,134.340880045,topo-bathy.tt3,30,30,true
west,west_0160,800,-141.367385369,141.367385369,topo-bathy.tt3,30,30,true
west,west_0160,850,-148.341148164,148.341148164,topo-bathy.tt3,30,30,true
west,west_0160,900,-155.577143536,155.577143536,topo-bathy.tt3,30,30,true
west,west_0160,950,-162.776181694,162.776181694,topo-bathy.tt3,30,30,true
west,west_0160,1000,-169.748495076,169.748495076,topo-bathy.tt3,30,30,true
west,west_0160,1050,-176.865922724,176.865922724,topo-bathy.tt3,30,30,true
west,west_0160,1100,-184.184681165,184.184681165,topo-bathy.tt3,30,30,true
west,west_0160,1150,-191.799605147,191.799605147,topo-bathy.tt3,30,30,true
west,west_0160,1200,-199.82463034,199.82463034,topo-bathy.tt3,30,30,true
west,west_0160,1250,-207.716108762,207.716108762,topo-bathy.tt3,30,30,true
west,west_0160,1300,-215.381286077,215.381286077,topo-bathy.tt3,30,30,true
west,west_0160,1350,-223.120292522,223.120292522,topo-bathy.tt3,30,30,true
west,west_0160,1400,-230.947329862,230.947329862,topo-bathy.tt3,30,30,true
west,west_0160,1450,-239.201589506,239.201589506,topo-bathy.tt3,30,30,true
west,west_0160,1500,-247.761280477,247.761280477,topo-bathy.tt3,30,30,true
west,west_0160,1550,-256.120544746,256.120544746,topo-bathy.tt3,30,30,true
west,west_0160,1600,-264.430151573,264.430151573,topo-bathy.tt3,30,30,true
west,west_0160,1650,-272.855397641,272.855397641,topo-bathy.tt3,30,30,true
west,west_0160,1700,-281.373422048,281.373422048,topo-bathy.tt3,30,30,true
west,west_0160,1750,-290.448566505,290.448566505,topo-bathy.tt3,30,30,true
west,west_0160,1800,-299.624816258,299.624816258,topo-bathy.tt3,30,30,true
west,west_0160,1850,-308.264485652,308.264485652,topo-bathy.tt3,30,30,true
west,west_0160,1900,-316.820808991,316.820808991,topo-bathy.tt3,30,30,true
west,west_0160,1950,-325.322283177,325.322283177,topo-bathy.tt3,30,30,true
west,west_0160,2000,-333.874485029,333.874485029,topo-bathy.tt3,30,30,true
west,west_0180,0,-0.0204671171118,0.0204671171118,topo-bathy.tt3,30,30,true
west,west_0180,50,-4.72838307458,4.72838307458,topo-bathy.tt3,30,30,true
west,west_0180,100,-10.4876869976,10.4876869976,topo-bathy.tt3,30,30,true
west,west_0180,150,-17.1749670757,17.1749670757,topo-bathy.tt3,30,30,true
west,west_0180,200,-24.9123534162,24.9123534162,topo-bathy.tt3,30,30,true
west,west_0180,250,-34.5426405724,34.5426405724,topo-bathy.tt3,30,30,true
west,west_0180,300,-45.727598369,45.727598369,topo-bathy.tt3,30,30,true
west,west_0180,350,-57.7977900418,57.7977900418,topo-bathy.tt3,30,30,true
west,west_0180,400,-71.2144933561,71.2144933561,topo-bathy.tt3,30,30,true
west,west_0180,450,-84.3783302815,84.3783302815,topo-bathy.tt3,30,30,true
west,west_0180,500,-95.490342025,95.490342025,topo-bathy.tt3,30,30,true
west,west_0180,550,-106.954514089,106.954514089,topo-bathy.tt3,30,30,true
west,west_0180,600,-118.961479083,118.961479083,topo-bathy.tt3,30,30,true
west,west_0180,650,-131.936095716,131.936095716,topo-bathy.tt3,30,30,true
west,west_0180,700,-145.170811127,145.170811127,topo-bathy.tt3,30,30,true
west,west_0180,750,-158.247230276,158.247230276,topo-bathy.tt3,30,30,true
west,west_0180,800,-171.689750004,171.689750004,topo-bathy.tt3,30,30,true
west,west_0180,850,-185.453700683,185.453700683,topo-bathy.tt3,30,30,true
west,west_0180,900,-199.592585937,199.592585937,topo-bathy.tt3,30,30,true
west,west_0180,950,-214.847207338,214.847207338,topo-bathy.tt3,30,30,true
west,west_0180,1000,-230.396265774,230.396265774,topo-bathy.tt3,30,30,true
west,west_0180,1050,-245.641136102,245.641136102,topo-bathy.tt3,30,30,true
west,west_0180,1100,-261.330658127,261.330658127,topo-bathy.tt3,30,30,true
west,west_0180,1150,-277.607978383,277.607978383,topo-bathy.tt3,30,30,true
west,west_0180,1200,-294.58069094,294.58069094,topo-bathy.tt3,30,30,true
west,west_0180,1250,-314.066194349,314.066194349,topo-bathy.tt3,30,30,true
west,west_0180,1300,-335.647803107,335.647803107,topo-bathy.tt3,30,30,true
west,west_0180,1350,-358.182434656,358.182434656,topo-bathy.tt3,30,30,true
west,west_0180,1400,-381.585957225,381.585957225,topo-bathy.tt3,30,30,true
west,west_0180,1450,-404.990252113,404.990252113,topo-bathy.tt3,30,30,true
west,west_0180,1500,-427.660199713,427.660199713,topo-bathy.tt3,30,30,true
west,west_0180,1550,-449.54775292,449.54775292,topo-bathy.tt3,30,30,true
west,west_0180,1600,-468.536047049,468.536047049,topo-bathy.tt3,30,30,true
west,west_0180,1650,-483.03459177,483.03459177,topo-bathy.tt3,30,30,true
west,west_0180,1700,-493.273757358,493.273757358,topo-bathy.tt3,30,30,true
west,west_0180,1750,-500.327730577,500.327730577,topo-bathy.tt3,30,30,true
west,west_0180,1800,-504.690278673,504.690278673,topo-bathy.tt3,30,30,true
west,west_0180,1850,-506.910650451,506.910650451,topo-bathy.tt3,30,30,true
west,west_0180,1900,-507.52954808,507.52954808,topo-bathy.tt3,30,30,true
west,west_0180,1950,-507.061624447,507.061624447,topo-bathy.tt3,30,30,true
west,west_0180,2000,-506.206620416,506.206620416,topo-bathy.tt3,30,30,true
west,west_0200,0,-0.0145770783669,0.0145770783669,topo-bathy.tt3,30,30,true
west,west_0200,50,-2.45226847169,2.45226847169,topo-bathy.tt3,30,30,true
west,west_0200,100,-4.59374185177,4.59374185177,topo-bathy.tt3,30,30,true
west,west_0200,150,-6.78334548034,6.78334548034,topo-bathy.tt3,30,30,true
west,west_0200,200,-9.39670936141,9.39670936141,topo-bathy.tt3,30,30,true
west,west_0200,250,-12.7942048053,12.7942048053,topo-bathy.tt3,30,30,true
west,west_0200,300,-17.3376452572,17.3376452572,topo-bathy.tt3,30,30,true
west,west_0200,350,-22.0635502791,22.0635502791,topo-bathy.tt3,30,30,true
west,west_0200,400,-26.9457915565,26.9457915565,topo-bathy.tt3,30,30,true
west,west_0200,450,-32.0389300395,32.0389300395,topo-bathy.tt3,30,30,true
west,west_0200,500,-37.2332743412,37.2332743412,topo-bathy.tt3,30,30,true
west,west_0200,550,-42.6791191362,42.6791191362,topo-bathy.tt3,30,30,true
west,west_0200,600,-48.0727505904,48.0727505904,topo-bathy.tt3,30,30,true
west,west_0200,650,-53.0956090443,53.0956090443,topo-bathy.tt3,30,30,true
west,west_0200,700,-57.9156777558,57.9156777558,topo-bathy.tt3,30,30,true
west,west_0200,750,-62.5437345667,62.5437345667,topo-bathy.tt3,30,30,true
west,west_0200,800,-67.1149689941,67.1149689941,topo-bathy.tt3,30,30,true
west,west_0200,850,-71.6186990663,71.6186990663,topo-bathy.tt3,30,30,true
west,west_0200,900,-75.8397888731,75.8397888731,topo-bathy.tt3,30,30,true
west,west_0200,950,-79.8724204083,79.8724204083,topo-bathy.tt3,30,30,true
west,west_0200,1000,-83.832076195,83.832076195,topo-bathy.tt3,30,30,true
west,west_0200,1050,-87.7901743095,87.7901743095,topo-bathy.tt3,30,30,true
west,west_0200,1100,-91.8900947054,91.8900947054,topo-bathy.tt3,30,30,true
west,west_0200,1150,-95.9360605818,95.9360605818,topo-bathy.tt3,30,30,true
west,west_0200,1200,-99.8786948894,99.8786948894,topo-bathy.tt3,30,30,true
west,west_0200,1250,-103.854442634,103.854442634,topo-bathy.tt3,30,30,true
west,west_0200,1300,-107.843188581,107.843188581,topo-bathy.tt3,30,30,true
west,west_0200,1350,-112.017542326,112.017542326,topo-bathy.tt3,30,30,true
west,west_0200,1400,-116.237589431,116.237589431,topo-bathy.tt3,30,30,true
west,west_0200,1450,-120.276311908,120.276311908,topo-bathy.tt3,30,30,true
west,west_0200,1500,-124.33892169,124.33892169,topo-bathy.tt3,30,30,true
west,west_0200,1550,-128.43969862,128.43969862,topo-bathy.tt3,30,30,true
west,west_0200,1600,-132.696735677,132.696735677,topo-bathy.tt3,30,30,true
west,west_0200,1650,-137.123518909,137.123518909,topo-bathy.tt3,30,30,true
west,west_0200,1700,-141.406449049,141.406449049,topo-bathy.tt3,30,30,true
west,west_0200,1750,-145.652394327,145.652394327,topo-bathy.tt3,30,30,true
west,west_0200,1800,-149.909143559,149.909143559,topo-bathy.tt3,30,30,true
west,west_0200,1850,-154.230437617,154.230437617,topo-bathy.tt3,30,30,true
west,west_0200,1900,-158.739570851,158.739570851,topo-bathy.tt3,30,30,true
west,west_0200,1950,-163.185697929,163.185697929,topo-bathy.tt3,30,30,true
west,west_0200,2000,-167.509039147,167.509039147,topo-bathy.tt3,30,30,true
west,west_0220,0,0.502798417513,-0.502798417513,topo-bathy.tt3,30,30,true
west,west_0220,50,-6.59238778389,6.59238778389,topo-bathy.tt3,30,30,true
west,west_0220,100,-10.4979199436,10.4979199436,topo-bathy.tt3,30,30,true
west,west_0220,150,-12.4131376032,12.4131376032,topo-bathy.tt3,30,30,true
west,west_0220,200,-14.6555153676,14.6555153676,topo-bathy.tt3,30,30,true
west,west_0220,250,-17.2589315366,17.2589315366,topo-bathy.tt3,30,30,true
west,west_0220,300,-20.2222032908,20.2222032908,topo-bathy.tt3,30,30,true
west,west_0220,350,-23.6049420024,23.6049420024,topo-bathy.tt3,30,30,true
west,west_0220,400,-27.4481874338,27.4481874338,topo-bathy.tt3,30,30,true
west,west_0220,450,-31.8117423326,31.8117423326,topo-bathy.tt3,30,30,true
west,west_0220,500,-36.5407393866,36.5407393866,topo-bathy.tt3,30,30,true
west,west_0220,550,-40.7293573238,40.7293573238,topo-bathy.tt3,30,30,true
west,west_0220,600,-44.9173614724,44.9173614724,topo-bathy.tt3,30,30,true
west,west_0220,650,-49.3418466071,49.3418466071,topo-bathy.tt3,30,30,true
west,west_0220,700,-54.0240273879,54.0240273879,topo-bathy.tt3,30,30,true
west,west_0220,750,-58.9655620369,58.9655620369,topo-bathy.tt3,30,30,true
west,west_0220,800,-64.1356726371,64.1356726371,topo-bathy.tt3,30,30,true
west,west_0220,850,-69.5135305058,69.5135305058,topo-bathy.tt3,30,30,true
west,west_0220,900,-75.0897500384,75.0897500384,topo-bathy.tt3,30,30,true
west,west_0220,950,-80.8901954485,80.8901954485,topo-bathy.tt3,30,30,true
west,west_0220,1000,-87.0210079467,87.0210079467,topo-bathy.tt3,30,30,true
west,west_0220,1050,-93.3797806216,93.3797806216,topo-bathy.tt3,30,30,true
west,west_0220,1100,-100.002205039,100.002205039,topo-bathy.tt3,30,30,true
west,west_0220,1150,-106.851334686,106.851334686,topo-bathy.tt3,30,30,true
west,west_0220,1200,-113.837646796,113.837646796,topo-bathy.tt3,30,30,true
west,west_0220,1250,-121.131226913,121.131226913,topo-bathy.tt3,30,30,true
west,west_0220,1300,-128.822086215,128.822086215,topo-bathy.tt3,30,30,true
west,west_0220,1350,-137.01924808,137.01924808,topo-bathy.tt3,30,30,true
west,west_0220,1400,-145.767091254,145.767091254,topo-bathy.tt3,30,30,true
west,west_0220,1450,-155.032964348,155.032964348,topo-bathy.tt3,30,30,true
west,west_0220,1500,-164.708423288,164.708423288,topo-bathy.tt3,30,30,true
west,west_0220,1550,-174.7184484,174.7184484,topo-bathy.tt3,30,30,true
west,west_0220,1600,-184.928848319,184.928848319,topo-bathy.tt3,30,30,true
west,west_0220,1650,-194.915364412,194.915364412,topo-bathy.tt3,30,30,true
west,west_0220,1700,-204.484719452,204.484719452,topo-bathy.tt3,30,30,true
west,west_0220,1750,-213.341666542,213.341666542,topo-bathy.tt3,30,30,true
west,west_0220,1800,-221.370591432,221.370591432,topo-bathy.tt3,30,30,true
west,west_0220,1850,-228.416142413,228.416142413,topo-bathy.tt3,30,30,true
west,west_0220,1900,-234.670341523,234.670341523,topo-bathy.tt3,30,30,true
west,west_0220,1950,-239.952126571,239.952126571,topo-bathy.tt3,30,30,true
west,west_0220,2000,-244.565244517,244.565244517,topo-bathy.tt3,30,30,true
west,west_0240,0,-0.0822001665475,0.0822001665475,topo-bathy.tt3,30,30,true
west,west_0240,50,-4.60501306909,4.60501306909,topo-bathy.tt3,30,30,true
west,west_0240,100,-9.77363243053,9.77363243053,topo-bathy.tt3,30,30,true
west,west_0240,150,-16.0842692345,16.0842692345,topo-bathy.tt3,30,30,true
west,west_0240,200,-23.9748313079,23.9748313079,topo-bathy.tt3,30,30,true
west,west_0240,250,-33.146540038,33.146540038,topo-bathy.tt3,30,30,true
west,west_0240,300,-44.8889848418,44.8889848418,topo-bathy.tt3,30,30,true
west,west_0240,350,-58.97991944,58.97991944,topo-bathy.tt3,30,30,true
west,west_0240,400,-74.6583567021,74.6583567021,topo-bathy.tt3,30,30,true
west,west_0240,450,-94.2198512843,94.2198512843,topo-bathy.tt3,30,30,true
west,west_0240,500,-115.365118966,115.365118966,topo-bathy.tt3,30,30,true
west,west_0240,550,-133.30169185,133.30169185,topo-bathy.tt3,30,30,true
west,west_0240,600,-151.422295111,151.422295111,topo-bathy.tt3,30,30,true
west,west_0240,650,-169.452477715,169.452477715,topo-bathy.tt3,30,30,true
west,west_0240,700,-186.617771879,186.617771879,topo-bathy.tt3,30,30,true
west,west_0240,750,-203.846898174,203.846898174,topo-bathy.tt3,30,30,true
west,west_0240,800,-221.27936749,221.27936749,topo-bathy.tt3,30,30,true
west,west_0240,850,-239.426672596,239.426672596,topo-bathy.tt3,30,30,true
west,west_0240,900,-258.974559712,258.974559712,topo-bathy.tt3,30,30,true
west,west_0240,950,-278.914157478,278.914157478,topo-bathy.tt3,30,30,true
west,west_0240,1000,-298.297396571,298.297396571,topo-bathy.tt3,30,30,true
west,west_0240,1050,-318.078684033,318.078684033,topo-bathy.tt3,30,30,true
west,west_0240,1100,-338.228335047,338.228335047,topo-bathy.tt3,30,30,true
west,west_0240,1150,-359.04097888,359.04097888,topo-bathy.tt3,30,30,true
west,west_0240,1200,-381.248955255,381.248955255,topo-bathy.tt3,30,30,true
west,west_0240,1250,-404.773387015,404.773387015,topo-bathy.tt3,30,30,true
west,west_0240,1300,-429.31309319,429.31309319,topo-bathy.tt3,30,30,true
west,west_0240,1350,-455.238477892,455.238477892,topo-bathy.tt3,30,30,true
west,west_0240,1400,-481.70928649,481.70928649,topo-bathy.tt3,30,30,true
west,west_0240,1450,-507.97408198,507.97408198,topo-bathy.tt3,30,30,true
west,west_0240,1500,-533.764651471,533.764651471,topo-bathy.tt3,30,30,true
west,west_0240,1550,-556.547029187,556.547029187,topo-bathy.tt3,30,30,true
west,west_0240,1600,-574.224107039,574.224107039,topo-bathy.tt3,30,30,true
west,west_0240,1650,-587.234112001,587.234112001,topo-bathy.tt3,30,30,true
west,west_0240,1700,-594.670315263,594.670315263,topo-bathy.tt3,30,30,true
west,west_0240,1750,-597.215878218,597.215878218,topo-bathy.tt3,30,30,true
west,west_0240,1800,-595.870196435,595.870196435,topo-bathy.tt3,30,30,true
west,west_0240,1850,-591.417024709,591.417024709,topo-bathy.tt3,30,30,true
west,west_0240,1900,-585.710920775,585.710920775,topo-bathy.tt3,30,30,true
west,west_0240,1950,-579.787937525,579.787937525,topo-bathy.tt3,30,30,true
west,west_0240,2000,-574.99824177,574.99824177,topo-bathy.tt3,30,30,true
west,west_0260,0,0.0614801646738,-0.0614801646738,topo-bathy.tt3,30,30,true
west,west_0260,50,-1.06368838738,1.06368838738,topo-bathy.tt3,30,30,true
west,west_0260,100,-2.34187347189,2.34187347189,topo-bathy.tt3,30,30,true
west,west_0260,150,-3.81451650818,3.81451650818,topo-bathy.tt3,30,30,true
west,west_0260,200,-5.57221228868,5.57221228868,topo-bathy.tt3,30,30,true
west,west_0260,250,-7.63895717482,7.63895717482,topo-bathy.tt3,30,30,true
west,west_0260,300,-9.90980779886,9.90980779886,topo-bathy.tt3,30,30,true
west,west_0260,350,-12.4610986385,12.4610986385,topo-bathy.tt3,30,30,true
west,west_0260,400,-15.444324074,15.444324074,topo-bathy.tt3,30,30,true
west,west_0260,450,-18.9576154003,18.9576154003,topo-bathy.tt3,30,30,true
west,west_0260,500,-22.8827744813,22.8827744813,topo-bathy.tt3,30,30,true
west,west_0260,550,-27.2645566337,27.2645566337,topo-bathy.tt3,30,30,true
west,west_0260,600,-32.2744152217,32.2744152217,topo-bathy.tt3,30,30,true
west,west_0260,650,-37.8939270755,37.8939270755,topo-bathy.tt3,30,30,true
west,west_0260,700,-44.1136117957,44.1136117957,topo-bathy.tt3,30,30,true
west,west_0260,750,-50.9466721202,50.9466721202,topo-bathy.tt3,30,30,true
west,west_0260,800,-58.3563722467,58.3563722467,topo-bathy.tt3,30,30,true
west,west_0260,850,-66.0844519597,66.0844519597,topo-bathy.tt3,30,30,true
west,west_0260,900,-73.713453828,73.713453828,topo-bathy.tt3,30,30,true
west,west_0260,950,-81.3366880166,81.3366880166,topo-bathy.tt3,30,30,true
west,west_0260,1000,-88.9466916098,88.9466916098,topo-bathy.tt3,30,30,true
west,west_0260,1050,-96.4492073161,96.4492073161,topo-bathy.tt3,30,30,true
west,west_0260,1100,-103.787237881,103.787237881,topo-bathy.tt3,30,30,true
west,west_0260,1150,-111.200307978,111.200307978,topo-bathy.tt3,30,30,true
west,west_0260,1200,-118.599998751,118.599998751,topo-bathy.tt3,30,30,true
west,west_0260,1250,-125.89680138,125.89680138,topo-bathy.tt3,30,30,true
west,west_0260,1300,-132.986301196,132.986301196,topo-bathy.tt3,30,30,true
west,west_0260,1350,-140.075109313,140.075109313,topo-bathy.tt3,30,30,true
west,west_0260,1400,-147.209635,147.209635,topo-bathy.tt3,30,30,true
west,west_0260,1450,-154.336140445,154.336140445,topo-bathy.tt3,30,30,true
west,west_0260,1500,-161.425360692,161.425360692,topo-bathy.tt3,30,30,true
west,west_0260,1550,-168.797178565,168.797178565,topo-bathy.tt3,30,30,true
west,west_0260,1600,-176.100024077,176.100024077,topo-bathy.tt3,30,30,true
west,west_0260,1650,-183.228560247,183.228560247,topo-bathy.tt3,30,30,true
west,west_0260,1700,-190.200410256,190.200410256,topo-bathy.tt3,30,30,true
west,west_0260,1750,-197.29503072,197.29503072,topo-bathy.tt3,30,30,true
west,west_0260,1800,-204.569663554,204.569663554,topo-bathy.tt3,30,30,true
west,west_0260,1850,-212.079402393,212.079402393,topo-bathy.tt3,30,30,true
west,west_0260,1900,-219.939010263,219.939010263,topo-bathy.tt3,30,30,true
west,west_0260,1950,-228.482693598,228.482693598,topo-bathy.tt3,30,30,true
west,west_0260,2000,-237.396842016,237.396842016,topo-bathy.tt3,30,30,true
west,west_0280,0,0.00814706505629,-0.00814706505629,topo-bathy.tt3,30,30,true
west,west_0280,50,-1.13235512025,1.13235512025,topo-bathy.tt3,30,30,true
west,west_0280,100,-1.73132710179,1.73132710179,topo-bathy.tt3,30,30,true
west,west_0280,150,-1.69075790697,1.69075790697,topo-bathy.tt3,30,30,true
west,west_0280,200,-1.0676505411,1.0676505411,topo-bathy.tt3,30,30,true
west,west_0280,250,-0.0415713118518,0.0415713118518,topo-bathy.tt3,30,30,true
west,west_0280,300,1.14382670276,-1.14382670276,topo-bathy.tt3,30,30,true
west,west_0280,350,2.35086879281,-2.35086879281,topo-bathy.tt3,30,30,true
west,west_0280,400,3.50453008224,-3.50453008224,topo-bathy.tt3,30,30,true
west,west_0280,450,4.49796271131,-4.49796271131,topo-bathy.tt3,30,30,true
west,west_0280,500,5.36345841012,-5.36345841012,topo-bathy.tt3,30,30,true
west,west_0280,550,6.2110626551,-6.2110626551,topo-bathy.tt3,30,30,true
west,west_0280,600,7.10972191232,-7.10972191232,topo-bathy.tt3,30,30,true
west,west_0280,650,8.03209167976,-8.03209167976,topo-bathy.tt3,30,30,true
west,west_0280,700,8.94937374146,-8.94937374146,topo-bathy.tt3,30,30,true
west,west_0280,750,9.86939230478,-9.86939230478,topo-bathy.tt3,30,30,true
west,west_0280,800,10.7632862462,-10.7632862462,topo-bathy.tt3,30,30,true
west,west_0280,850,11.6126976166,-11.6126976166,topo-bathy.tt3,30,30,true
west,west_0280,900,12.3985358961,-12.3985358961,topo-bathy.tt3,30,30,true
west,west_0280,950,13.0987588598,-13.0987588598,topo-bathy.tt3,30,30,true
west,west_0280,1000,13.7689694413,-13.7689694413,topo-bathy.tt3,30,30,true
west,west_0280,1050,14.4574839151,-14.4574839151,topo-bathy.tt3,30,30,true
west,west_0280,1100,15.1077651614,-15.1077651614,topo-bathy.tt3,30,30,true
west,west_0280,1150,15.6404674703,-15.6404674703,topo-bathy.tt3,30,30,true
west,west_0280,1200,15.9928127792,-15.9928127792,topo-bathy.tt3,30,30,true
west,west_0280,1250,16.0819453937,-16.0819453937,topo-bathy.tt3,30,30,true
west,west_0280,1300,15.8502101532,-15.8502101532,topo-bathy.tt3,30,30,true
west,west_0280,1350,15.1605453314,-15.1605453314,topo-bathy.tt3,30,30,true
west,west_0280,1400,14.1194196099,-14.1194196099,topo-bathy.tt3,30,30,true
west,west_0280,1450,12.782303992,-12.782303992,topo-bathy.tt3,30,30,true
west,west_0280,1500,11.3064022817,-11.3064022817,topo-bathy.tt3,30,30,true
west,west_0280,1550,9.71305406485,-9.71305406485,topo-bathy.tt3,30,30,true
west,west_0280,1600,7.84332695942,-7.84332695942,topo-bathy.tt3,30,30,true
west,west_0280,1650,5.62570568446,-5.62570568446,topo-bathy.tt3,30,30,true
west,west_0280,1700,3.03260186255,-3.03260186255,topo-bathy.tt3,30,30,true
west,west_0280,1750,0.0927848993689,-0.0927848993689,topo-bathy.tt3,30,30,true
west,west_0280,1800,-3.43017651864,3.43017651864,topo-bathy.tt3,30,30,true
west,west_0280,1850,-7.5492567947,7.5492567947,topo-bathy.tt3,30,30,true
west,west_0280,1900,-12.5001981877,12.5001981877,topo-bathy.tt3,30,30,true
west,west_0280,1950,-18.4873696753,18.4873696753,topo-bathy.tt3,30,30,true
west,west_0280,2000,-25.5215323641,25.5215323641,topo-bathy.tt3,30,30,true
west,west_0300,0,-0.0891358352387,0.0891358352387,topo-bathy.tt3,30,30,true
west,west_0300,50,-2.13612752501,2.13612752501,topo-bathy.tt3,30,30,true
west,west_0300,100,-3.93460553531,3.93460553531,topo-bathy.tt3,30,30,true
west,west_0300,150,-5.47474242971,5.47474242971,topo-bathy.tt3,30,30,true
west,west_0300,200,-6.67324515982,6.67324515982,topo-bathy.tt3,30,30,true
west,west_0300,250,-7.75013840017,7.75013840017,topo-bathy.tt3,30,30,true
west,west_0300,300,-8.66823116538,8.66823116538,topo-bathy.tt3,30,30,true
west,west_0300,350,-9.59002691638,9.59002691638,topo-bathy.tt3,30,30,true
west,west_0300,400,-10.5345622158,10.5345622158,topo-bathy.tt3,30,30,true
west,west_0300,450,-11.8309530534,11.8309530534,topo-bathy.tt3,30,30,true
west,west_0300,500,-13.2450092262,13.2450092262,topo-bathy.tt3,30,30,true
west,west_0300,550,-14.6828049683,14.6828049683,topo-bathy.tt3,30,30,true
west,west_0300,600,-16.1727882804,16.1727882804,topo-bathy.tt3,30,30,true
west,west_0300,650,-17.7329482491,17.7329482491,topo-bathy.tt3,30,30,true
west,west_0300,700,-19.471174987,19.471174987,topo-bathy.tt3,30,30,true
west,west_0300,750,-21.2255989012,21.2255989012,topo-bathy.tt3,30,30,true
west,west_0300,800,-22.9568114641,22.9568114641,topo-bathy.tt3,30,30,true
west,west_0300,850,-24.7436277774,24.7436277774,topo-bathy.tt3,30,30,true
west,west_0300,900,-26.5828746955,26.5828746955,topo-bathy.tt3,30,30,true
west,west_0300,950,-28.5506486891,28.5506486891,topo-bathy.tt3,30,30,true
west,west_0300,1000,-30.5480066101,30.5480066101,topo-bathy.tt3,30,30,true
west,west_0300,1050,-32.4837812581,32.4837812581,topo-bathy.tt3,30,30,true
west,west_0300,1100,-34.4573042065,34.4573042065,topo-bathy.tt3,30,30,true
west,west_0300,1150,-36.4972268035,36.4972268035,topo-bathy.tt3,30,30,true
west,west_0300,1200,-38.7167019634,38.7167019634,topo-bathy.tt3,30,30,true
west,west_0300,1250,-41.084193733,41.084193733,topo-bathy.tt3,30,30,true
west,west_0300,1300,-43.4191497798,43.4191497798,topo-bathy.tt3,30,30,true
west,west_0300,1350,-45.8040828113,45.8040828113,topo-bathy.tt3,30,30,true
west,west_0300,1400,-48.2426243681,48.2426243681,topo-bathy.tt3,30,30,true
west,west_0300,1450,-50.8165876788,50.8165876788,topo-bathy.tt3,30,30,true
west,west_0300,1500,-53.5828223823,53.5828223823,topo-bathy.tt3,30,30,true
west,west_0300,1550,-56.3341915583,56.3341915583,topo-bathy.tt3,30,30,true
west,west_0300,1600,-59.1071253685,59.1071253685,topo-bathy.tt3,30,30,true
west,west_0300,1650,-61.9958878708,61.9958878708,topo-bathy.tt3,30,30,true
west,west_0300,1700,-65.0832070917,65.0832070917,topo-bathy.tt3,30,30,true
west,west_0300,1750,-68.4995209058,68.4995209058,topo-bathy.tt3,30,30,true
west,west_0300,1800,-72.0278665745,72.0278665745,topo-bathy.tt3,30,30,true
west,west_0300,1850,-75.5794333399,75.5794333399,topo-bathy.tt3,30,30,true
west,west_0300,1900,-79.2601451738,79.2601451738,topo-bathy.tt3,30,30,true
west,west_0300,1950,-83.0578406975,83.0578406975,topo-bathy.tt3,30,30,true
west,west_0300,2000,-87.2174205482,87.2174205482,topo-bathy.tt3,30,30,true
west,west_0320,0,-0.0179864590284,0.0179864590284,topo-bathy.tt3,30,30,true
west,west_0320,50,-1.63422922677,1.63422922677,topo-bathy.tt3,30,30,true
west,west_0320,100,-3.49884644128,3.49884644128,topo-bathy.tt3,30,30,true
west,west_0320,150,-5.57374852293,5.57374852293,topo-bathy.tt3,30,30,true
west,west_0320,200,-7.85616519702,7.85616519702,topo-bathy.tt3,30,30,true
west,west_0320,250,-10.3486929468,10.3486929468,topo-bathy.tt3,30,30,true
west,west_0320,300,-12.6813318464,12.6813318464,topo-bathy.tt3,30,30,true
west,west_0320,350,-14.8278850625,14.8278850625,topo-bathy.tt3,30,30,true
west,west_0320,400,-16.8750367608,16.8750367608,topo-bathy.tt3,30,30,true
west,west_0320,450,-18.777532101,18.777532101,topo-bathy.tt3,30,30,true
west,west_0320,500,-20.4932702874,20.4932702874,topo-bathy.tt3,30,30,true
west,west_0320,550,-22.0051680383,22.0051680383,topo-bathy.tt3,30,30,true
west,west_0320,600,-23.2647393263,23.2647393263,topo-bathy.tt3,30,30,true
west,west_0320,650,-24.2114730243,24.2114730243,topo-bathy.tt3,30,30,true
west,west_0320,700,-24.8741664388,24.8741664388,topo-bathy.tt3,30,30,true
west,west_0320,750,-25.3083474236,25.3083474236,topo-bathy.tt3,30,30,true
west,west_0320,800,-25.5355769285,25.5355769285,topo-bathy.tt3,30,30,true
west,west_0320,850,-25.564564526,25.564564526,topo-bathy.tt3,30,30,true
west,west_0320,900,-25.4729589095,25.4729589095,topo-bathy.tt3,30,30,true
west,west_0320,950,-25.2891405645,25.2891405645,topo-bathy.tt3,30,30,true
west,west_0320,1000,-25.0083514899,25.0083514899,topo-bathy.tt3,30,30,true
west,west_0320,1050,-24.7461908055,24.7461908055,topo-bathy.tt3,30,30,true
west,west_0320,1100,-24.6561877865,24.6561877865,topo-bathy.tt3,30,30,true
west,west_0320,1150,-24.7260530397,24.7260530397,topo-bathy.tt3,30,30,true
west,west_0320,1200,-24.9320192897,24.9320192897,topo-bathy.tt3,30,30,true
west,west_0320,1250,-25.2762159958,25.2762159958,topo-bathy.tt3,30,30,true
west,west_0320,1300,-25.7409609213,25.7409609213,topo-bathy.tt3,30,30,true
west,west_0320,1350,-26.3143697345,26.3143697345,topo-bathy.tt3,30,30,true
west,west_0320,1400,-27.0561540905,27.0561540905,topo-bathy.tt3,30,30,true
west,west_0320,1450,-28.0936213024,28.0936213024,topo-bathy.tt3,30,30,true
west,west_0320,1500,-29.3787181832,29.3787181832,topo-bathy.tt3,30,30,true
west,west_0320,1550,-30.865676262,30.865676262,topo-bathy.tt3,30,30,true
west,west_0320,1600,-32.5634148519,32.5634148519,topo-bathy.tt3,30,30,true
west,west_0320,1650,-34.4190157645,34.4190157645,topo-bathy.tt3,30,30,true
west,west_0320,1700,-36.3846412928,36.3846412928,topo-bathy.tt3,30,30,true
west,west_0320,1750,-38.4825903536,38.4825903536,topo-bathy.tt3,30,30,true
west,west_0320,1800,-40.7104679266,40.7104679266,topo-bathy.tt3,30,30,true
west,west_0320,1850,-43.1458367559,43.1458367559,topo-bathy.tt3,30,30,true
west,west_0320,1900,-45.779465409,45.779465409,topo-bathy.tt3,30,30,true
west,west_0320,1950,-48.68416814,48.68416814,topo-bathy.tt3,30,30,true
west,west_0320,2000,-51.9459986752,51.9459986752,topo-bathy.tt3,30,30,true
west,west_0340,0,-0.0406767877598,0.0406767877598,topo-bathy.tt3,30,30,true
west,west_0340,50,-1.75547295164,1.75547295164,topo-bathy.tt3,30,30,true
west,west_0340,100,-3.68904454339,3.68904454339,topo-bathy.tt3,30,30,true
west,west_0340,150,-5.8141830335,5.8141830335,topo-bathy.tt3,30,30,true
west,west_0340,200,-7.97883907225,7.97883907225,topo-bathy.tt3,30,30,true
west,west_0340,250,-10.1279615681,10.1279615681,topo-bathy.tt3,30,30,true
west,west_0340,300,-12.3546685973,12.3546685973,topo-bathy.tt3,30,30,true
west,west_0340,350,-14.6736858746,14.6736858746,topo-bathy.tt3,30,30,true
west,west_0340,400,-17.166298868,17.166298868,topo-bathy.tt3,30,30,true
west,west_0340,450,-19.8379021753,19.8379021753,topo-bathy.tt3,30,30,true
west,west_0340,500,-22.256541519,22.256541519,topo-bathy.tt3,30,30,true
west,west_0340,550,-24.3365508724,24.3365508724,topo-bathy.tt3,30,30,true
west,west_0340,600,-26.4863494184,26.4863494184,topo-bathy.tt3,30,30,true
west,west_0340,650,-28.7160240745,28.7160240745,topo-bathy.tt3,30,30,true
west,west_0340,700,-30.9965586207,30.9965586207,topo-bathy.tt3,30,30,true
west,west_0340,750,-33.1982398389,33.1982398389,topo-bathy.tt3,30,30,true
west,west_0340,800,-35.2770889729,35.2770889729,topo-bathy.tt3,30,30,true
west,west_0340,850,-37.3059738638,37.3059738638,topo-bathy.tt3,30,30,true
west,west_0340,900,-39.2765503605,39.2765503605,topo-bathy.tt3,30,30,true
west,west_0340,950,-41.2977155575,41.2977155575,topo-bathy.tt3,30,30,true
west,west_0340,1000,-43.3891864354,43.3891864354,topo-bathy.tt3,30,30,true
west,west_0340,1050,-45.5178933303,45.5178933303,topo-bathy.tt3,30,30,true
west,west_0340,1100,-47.7841400568,47.7841400568,topo-bathy.tt3,30,30,true
west,west_0340,1150,-50.217991951,50.217991951,topo-bathy.tt3,30,30,true
west,west_0340,1200,-52.848398584,52.848398584,topo-bathy.tt3,30,30,true
west,west_0340,1250,-55.7174832099,55.7174832099,topo-bathy.tt3,30,30,true
west,west_0340,1300,-58.6966207974,58.6966207974,topo-bathy.tt3,30,30,true
west,west_0340,1350,-61.7921590196,61.7921590196,topo-bathy.tt3,30,30,true
west,west_0340,1400,-65.0899610039,65.0899610039,topo-bathy.tt3,30,30,true
west,west_0340,1450,-68.6296482885,68.6296482885,topo-bathy.tt3,30,30,true
west,west_0340,1500,-72.5365273642,72.5365273642,topo-bathy.tt3,30,30,true
west,west_0340,1550,-76.7767255596,76.7767255596,topo-bathy.tt3,30,30,true
west,west_0340,1600,-81.1403536924,81.1403536924,topo-bathy.tt3,30,30,true
west,west_0340,1650,-85.8110274517,85.8110274517,topo-bathy.tt3,30,30,true
west,west_0340,1700,-90.7821480225,90.7821480225,topo-bathy.tt3,30,30,true
west,west_0340,1750,-96.1337868066,96.1337868066,topo-bathy.tt3,30,30,true
west,west_0340,1800,-101.878453868,101.878453868,topo-bathy.tt3,30,30,true
west,west_0340,1850,-107.699307362,107.699307362,topo-bathy.tt3,30,30,true
west,west_0340,1900,-113.550550759,113.550550759,topo-bathy.tt3,30,30,true
west,west_0340,1950,-119.602326381,119.602326381,topo-bathy.tt3,30,30,true
west,west_0340,2000,-125.929163446,125.929163446,topo-bathy.tt3,30,30,true
