side,station_id,station_index,alongshore_distance_m,normalized_along_gulf_coordinate,x_m,y_m,shoreline_tangent_x,shoreline_tangent_y,seaward_normal_x,seaward_normal_y,shoreline_curvature,source_topo_id_at_shoreline,native_resolution_m_at_shoreline,effective_resolution_m_at_shoreline,model_grid_spacing_m,source_elevation_at_shoreline_m,raw_source_class_value,raw_source_id,raw_source_class,raw_source_multibeam,raw_source_native_resolution_m,raw_source_confidence,source_overlap_count,distance_to_raw_source_boundary_m,distance_to_raw_source_boundary_censored
east,east_0000,0,0,0,74081.9488967,3129012.6,0.754213645787,0.656629101174,-0.656629101174,0.754213645787,0.00027102573544,topo-bathy.tt3,30,30,30,-0.159476262573,3,gmrt_shore_blend,blend to GMRT,unknown,54,mixed_blend,2,111.491657774,false
east,east_0001,1,500,0.00290230300142,74405.9600427,3129294.6887,0.658589543138,0.752502367883,-0.752502367883,0.658589543138,0.000392577310493,topo-bathy.tt3,30,30,30,-0.776811064771,3,gmrt_shore_blend,blend to GMRT,unknown,54,mixed_blend,2,69.1441909042,false
east,east_0002,2,1000,0.00580460600284,74637.4290991,3129647.28996,0.445630487212,0.895216995408,-0.895216995408,0.445630487212,0.000652796950203,topo-bathy.tt3,30,30,30,-0.763758714516,1,copernicus_a2_land_core,land/a2 core,false,30,high,1,30.9222222222,false
east,east_0003,3,1500,0.00870690900426,74796.7535983,3130079.74503,0.0660976903256,0.997813156525,-0.997813156525,0.0660976903256,0.000417276245281,topo-bathy.tt3,30,30,30,-5.38175499541,1,copernicus_a2_land_core,land/a2 core,false,30,high,1,30.9222222222,false
east,east_0004,4,2000,0.0116092120057,74693.2058748,3130489.29821,0.0445873896452,0.999005487815,-0.999005487815,0.0445873896452,-8.49379239224e-05,topo-bathy.tt3,30,30,30,2.191140756,3,gmrt_shore_blend,blend to GMRT,unknown,54,mixed_blend,2,69.1441909042,false
east,east_0005,5,2500,0.0145115150071,74835.4879714,3130947.61039,0.150509712358,0.988608530454,-0.988608530454,0.150509712358,-0.000198379324404,topo-bathy.tt3,30,30,30,-0.358103532231,3,gmrt_shore_blend,blend to GMRT,unknown,54,mixed_blend,2,43.7306260454,false
east,east_0006,6,3000,0.0174138180085,74838.0567315,3131440.73709,0.240597610607,0.970624948046,-0.970624948046,0.240597610607,-0.000516734211133,topo-bathy.tt3,30,30,30,1.03341836863,3,gmrt_shore_blend,blend to GMRT,unknown,54,mixed_blend,2,61.8444444444,false
east,east_0007,7,3500,0.0203161210099,75059.8774855,3131852.84823,0.61927424996,0.785174759743,-0.785174759743,0.61927424996,1.58986701371e-05,topo-bathy.tt3,30,30,30,-0.38756628045,3,gmrt_shore_blend,blend to GMRT,unknown,54,mixed_blend,2,69.1441909042,false
east,east_0008,8,4000,0.0232184240114,75355.878764,3132097.28108,0.225136207814,0.974327300208,-0.974327300208,0.225136207814,0.00077479029629,topo-bathy.tt3,30,30,30,-1.78903330275,1,copernicus_a2_land_core,land/a2 core,false,30,high,1,30.9222222222,false
east,east_0009,9,4500,0.0261207270128,75200.1295983,3132459.82062,-0.106768348649,0.994283923096,-0.994283923096,-0.106768348649,7.99096493219e-05,topo-bathy.tt3,30,30,30,-0.357936267368,3,gmrt_shore_blend,blend to GMRT,unknown,54,mixed_blend,2,111.491657774,false
east,east_0010,10,5000,0.0290230300142,75267.9162712,3132916.43483,0.146642462623,0.989189561285,-0.989189561285,0.146642462623,-0.000381550776127,topo-bathy.tt3,30,30,30,-0.722318464345,3,gmrt_shore_blend,blend to GMRT,unknown,54,mixed_blend,2,61.8444444444,false
east,east_0011,11,5500,0.0319253330156,75335.5681004,3133373.43289,0.271141278704,0.962539561256,-0.962539561256,0.271141278704,-0.000557516973658,topo-bathy.tt3,30,30,30,0.117113114154,3,gmrt_shore_blend,blend to GMRT,unknown,54,mixed_blend,2,61.8444444444,false
east,east_0012,12,6000,0.034827636017,75517.4845118,3133802.39106,0.647797816925,0.761812305221,-0.761812305221,0.647797816925,-0.000716951812081,topo-bathy.tt3,30,30,30,-0.0693897159794,3,gmrt_shore_blend,blend to GMRT,unknown,54,mixed_blend,2,69.1441909042,false
east,east_0013,13,6500,0.0377299390185,75854.9155487,3133984.18715,0.836864682038,0.547409813537,-0.547409813537,0.836864682038,0.000623660010687,topo-bathy.tt3,30,30,30,-0.668385689431,1,copernicus_a2_land_core,land/a2 core,false,30,high,1,30.9222222222,false
east,east_0014,14,7000,0.0406322420199,76180.3024382,3134235.95343,0.0809415010254,0.996718853746,-0.996718853746,0.0809415010254,0.00164723465599,topo-bathy.tt3,30,30,30,-0.123046007583,3,gmrt_shore_blend,blend to GMRT,unknown,54,mixed_blend,2,197.998830586,false
east,east_0015,15,7500,0.0435345450213,75887.3827122,3134383.98989,-0.609717647533,0.792618691608,-0.792618691608,-0.609717647533,-0.000337460376947,topo-bathy.tt3,30,30,30,-6.24357123766,1,copernicus_a2_land_core,land/a2 core,false,30,high,1,30.9222222222,false
east,east_0016,16,8000,0.0464368480227,75826.3352813,3134696.10246,0.406381700723,0.913703405552,-0.913703405552,0.406381700723,-0.00143790089786,topo-bathy.tt3,30,30,30,-1.93101393255,3,gmrt_shore_blend,blend to GMRT,unknown,54,mixed_blend,2,30.9222222222,false
east,east_0017,17,8500,0.0493391510241,76177.8478293,3135037.06793,0.704839301974,0.709367012479,-0.709367012479,0.704839301974,-0.000147563337177,topo-bathy.tt3,30,30,30,-2.57455727375,1,copernicus_a2_land_core,land/a2 core,false,30,high,1,30.9222222222,false
east,east_0018,18,9000,0.0522414540256,76520.9673567,3135395.19668,0.536305595374,0.844023879028,-0.844023879028,0.536305595374,0.000339078907206,topo-bathy.tt3,30,30,30,0.713875830121,3,gmrt_shore_blend,blend to GMRT,unknown,54,mixed_blend,2,69.1441909042,false
east,east_0019,19,9500,0.055143757027,76681.4540727,3135829.63042,0.428758112928,0.903419327112,-0.903419327112,0.428758112928,-9.15595008588e-05,topo-bathy.tt3,30,30,30,2.55975057334,3,gmrt_shore_blend,blend to GMRT,unknown,54,mixed_blend,2,131.191878136,false
east,east_0020,20,10000,0.0580460600284,76928.2418281,3136253.34867,0.61122968,0.791453269806,-0.791453269806,0.61122968,-0.000252502850955,topo-bathy.tt3,30,30,30,0.506796110702,3,gmrt_shore_blend,blend to GMRT,unknown,54,mixed_blend,2,87.4612520908,false
east,east_0021,21,10500,0.0609483630298,77262.2648398,3136581.69563,0.640861914173,0.767656177571,-0.767656177571,0.640861914173,0.000249176654792,topo-bathy.tt3,30,30,30,-2.50344347579,3,gmrt_shore_blend,blend to GMRT,unknown,54,mixed_blend,2,87.4612520908,false
east,east_0022,22,11000,0.0638506660312,77500.9849258,3136939.40875,0.397175110667,0.917742846045,-0.917742846045,0.397175110667,0.000368779390831,topo-bathy.tt3,30,30,30,-0.359904873989,3,gmrt_shore_blend,blend to GMRT,unknown,54,mixed_blend,2,61.8444444444,false
east,east_0023,23,11500,0.0667529690327,77616.8994353,3137401.14115,0.321052997588,0.947061229668,-0.947061229668,0.321052997588,1.38599503952e-05,topo-bathy.tt3,30,30,30,-0.333605865554,3,gmrt_shore_blend,blend to GMRT,unknown,54,mixed_blend,2,157.673014515,false
east,east_0024,24,12000,0.0696552720341,77810.0871259,3137851.21681,0.384417499879,0.923159350159,-0.923159350159,0.384417499879,-4.68757395066e-05,topo-bathy.tt3,30,30,30,1.95136598562,3,gmrt_shore_blend,blend to GMRT,unknown,54,mixed_blend,2,127.495588401,false
east,east_0025,25,12500,0.0725575750355,77986.4222124,3138288.53157,0.365078270817,0.930976829023,-0.930976829023,0.365078270817,-4.83443480811e-05,topo-bathy.tt3,30,30,30,0.345148358145,3,gmrt_shore_blend,blend to GMRT,unknown,54,mixed_blend,2,87.4612520908,false
east,east_0026,26,13000,0.0754598780369,78159.956147,3138743.40891,0.428580516166,0.903503592225,-0.903503592225,0.428580516166,-6.37462578798e-05,topo-bathy.tt3,30,30,30,-0.0219150157523,3,gmrt_shore_blend,blend to GMRT,unknown,54,mixed_blend,2,92.7666666667,false
east,east_0027,27,13500,0.0783621810384,78399.1837245,3139158.68664,0.423642862673,0.9058293023,-0.9058293023,0.423642862673,7.8220746383e-05,topo-bathy.tt3,30,30,30,-1.77291284356,3,gmrt_shore_blend,blend to GMRT,unknown,54,mixed_blend,2,154.611111111,false
east,east_0028,28,14000,0.0812644840398,78571.5075771,3139623.38443,0.356669373725,0.934230676999,-0.934230676999,0.356669373725,-1.93913512416e-05,topo-bathy.tt3,30,30,30,-3.14910961618,3,gmrt_shore_blend,blend to GMRT,unknown,54,mixed_blend,2,92.7666666667,false
east,east_0029,29,14500,0.0841667870412,78750.9724904,3140080.13345,0.441127368479,0.89744450791,-0.89744450791,0.441127368479,-0.000275404964709,topo-bathy.tt3,30,30,30,0.447305393742,3,gmrt_shore_blend,blend to GMRT,unknown,54,mixed_blend,2,97.7846525361,false
east,east_0030,30,15000,0.0870690900426,79002.8562153,3140500.93475,0.597279915215,0.802032856485,-0.802032856485,0.597279915215,3.31505588437e-05,topo-bathy.tt3,30,30,30,0.450398893353,3,gmrt_shore_blend,blend to GMRT,unknown,54,mixed_blend,2,69.1441909042,false
east,east_0031,31,15500,0.089971393044,79317.7740352,3140841.23967,0.411139661993,0.911572365935,-0.911572365935,0.411139661993,0.000236248381222,topo-bathy.tt3,30,30,30,-0.368362882329,3,gmrt_shore_blend,blend to GMRT,unknown,54,mixed_blend,2,92.7666666667,false
east,east_0032,32,16000,0.0928736960455,79359.0699,3141290.72611,0.392967913384,0.919552183974,-0.919552183974,0.392967913384,-0.000181671565724,topo-bathy.tt3,30,30,30,-0.937515795747,3,gmrt_shore_blend,blend to GMRT,unknown,54,mixed_blend,2,69.1441909042,false
east,east_0033,33,16500,0.0957759990469,79668.6079753,3141662.19758,0.569070878745,0.822288474299,-0.822288474299,0.569070878745,0.000122259147856,topo-bathy.tt3,30,30,30,0.642130544951,3,gmrt_shore_blend,blend to GMRT,unknown,54,mixed_blend,2,69.1441909042,false
east,east_0034,34,17000,0.0986783020483,79898.4603436,3142070.12734,0.277890861333,0.960612653044,-0.960612653044,0.277890861333,0.000406958112462,topo-bathy.tt3,30,30,30,0.384016638349,1,copernicus_a2_land_core,land/a2 core,false,30,high,1,30.9222222222,false
east,east_0035,35,17500,0.10158060505,79930.7223761,3142568.27419,0.197118008782,0.980379768566,-0.980379768566,0.197118008782,-0.000331143533895,topo-bathy.tt3,30,30,30,1.03441870397,3,gmrt_shore_blend,blend to GMRT,unknown,54,mixed_blend,2,111.491657774,false
east,east_0036,36,18000,0.104482908051,80089.2086541,3143018.82699,0.575112226678,0.818074523944,-0.818074523944,0.575112226678,-0.00020686795912,topo-bathy.tt3,30,30,30,-2.64953656113,1,copernicus_a2_land_core,land/a2 core,false,30,high,1,30.9222222222,false
east,east_0037,37,18500,0.107385211053,80445.4479659,3143300.4511,0.394280999361,0.918989931144,-0.918989931144,0.394280999361,0.000585266264579,topo-bathy.tt3,30,30,30,0.0222408336797,1,copernicus_a2_land_core,land/a2 core,false,30,high,1,30.9222222222,false
east,east_0038,38,19000,0.110287514054,80341.5907411,3143607.07901,0.0274716041915,0.99962258426,-0.99962258426,0.0274716041915,-3.55497313184e-05,topo-bathy.tt3,30,30,30,3.53951870245,1,copernicus_a2_land_core,land/a2 core,false,30,high,1,61.8444444444,false
east,east_0039,39,19500,0.113189817055,80466.2668629,3144057.9984,0.426694847011,0.904395658733,-0.904395658733,0.426694847011,-0.000359368684851,topo-bathy.tt3,30,30,30,-1.91161208524,1,copernicus_a2_land_core,land/a2 core,false,30,high,1,30.9222222222,false
east,east_0040,40,20000,0.116092120057,80745.2192741,3144462.58476,0.377267278008,0.926104422268,-0.926104422268,0.377267278008,0.00025878727957,topo-bathy.tt3,30,30,30,2.56618382359,1,copernicus_a2_land_core,land/a2 core,false,30,high,1,61.8444444444,false
east,east_0041,41,20500,0.118994423058,80826.7705584,3144942.95208,0.181043901878,0.983475015236,-0.983475015236,0.181043901878,0.000145337227398,topo-bathy.tt3,30,30,30,-2.35128096243,1,copernicus_a2_land_core,land/a2 core,false,30,high,1,30.9222222222,false
east,east_0042,42,21000,0.12189672606,80923.3420222,3145430.19135,0.239165694504,0.970978769373,-0.970978769373,0.239165694504,-0.00029841678706,topo-bathy.tt3,30,30,30,1.14125777124,1,copernicus_a2_land_core,land/a2 core,false,30,high,1,30.9222222222,false
east,east_0043,43,21500,0.124799029061,81063.2371725,3145902.97297,0.46219120315,0.886780295074,-0.886780295074,0.46219120315,-0.000315033197524,topo-bathy.tt3,30,30,30,-2.01170702685,1,copernicus_a2_land_core,land/a2 core,false,30,high,1,43.7306260454,false
east,east_0044,44,22000,0.127701332062,81364.7511084,3146277.09816,0.528251280172,0.849088090246,-0.849088090246,0.528251280172,0.000111323118629,topo-bathy.tt3,30,30,30,-1.37617809929,1,copernicus_a2_land_core,land/a2 core,false,30,high,1,30.9222222222,false
east,east_0045,45,22500,0.130603635064,81574.4011911,3146724.59574,0.360814856971,0.932637463857,-0.932637463857,0.360814856971,0.000165376901162,topo-bathy.tt3,30,30,30,-0.273912328408,1,copernicus_a2_land_core,land/a2 core,false,30,high,1,30.9222222222,false
east,east_0046,46,23000,0.133505938065,81713.0953996,3147177.5016,0.381263655606,0.924466346015,-0.924466346015,0.381263655606,-2.14696134867e-05,topo-bathy.tt3,30,30,30,-5.04689999249,3,gmrt_shore_blend,blend to GMRT,unknown,54,mixed_blend,2,127.495588401,false
east,east_0047,47,23500,0.136408241067,81942.6296959,3147617.4552,0.38075353002,0.924676564739,-0.924676564739,0.38075353002,0.000139706147688,topo-bathy.tt3,30,30,30,5.28395646727,3,gmrt_shore_blend,blend to GMRT,unknown,54,mixed_blend,2,97.7846525361,false
east,east_0048,48,24000,0.139310544068,82083.763589,3148077.68547,0.24881507894,0.96855100872,-0.96855100872,0.24881507894,-2.85110307221e-05,topo-bathy.tt3,30,30,30,-3.48112525095,3,gmrt_shore_blend,blend to GMRT,unknown,54,mixed_blend,2,138.288381808,false
east,east_0049,49,24500,0.14221284707,82181.9311136,3148548.97281,0.406958697623,0.913446560248,-0.913446560248,0.406958697623,-0.000116258489104,topo-bathy.tt3,30,30,30,-0.383426201565,3,gmrt_shore_blend,blend to GMRT,unknown,54,mixed_blend,2,97.7846525361,false
east,east_0050,50,25000,0.145115150071,82460.5820799,3148923.48028,0.359484267383,0.933151146119,-0.933151146119,0.359484267383,0.000320910099499,topo-bathy.tt3,30,30,30,0.04373196286,3,gmrt_shore_blend,blend to GMRT,unknown,54,mixed_blend,2,87.4612520908,false
east,east_0051,51,25500,0.148017453072,82497.9049556,3149369.17937,0.0980541936513,0.995181076542,-0.995181076542,0.0980541936513,-0.000118122969511,topo-bathy.tt3,30,30,30,0.163811660064,1,copernicus_a2_land_core,land/a2 core,false,30,high,1,30.9222222222,false
east,east_0052,52,26000,0.150919756074,82542.9118759,3149759.06978,0.466949664275,0.884283897305,-0.884283897305,0.466949664275,-0.000508796516636,topo-bathy.tt3,30,30,30,-1.53287900136,3,gmrt_shore_blend,blend to GMRT,unknown,54,mixed_blend,2,30.9222222222,false
east,east_0053,53,26500,0.153822059075,82886.2484801,3150104.60323,0.570412939608,0.821358069497,-0.821358069497,0.570412939608,6.22475833318e-05,topo-bathy.tt3,30,30,30,-1.63816064196,3,gmrt_shore_blend,blend to GMRT,unknown,54,mixed_blend,2,87.4612520908,false
east,east_0054,54,27000,0.156724362077,83084.6954823,3150539.20345,0.411036301964,0.911618976584,-0.911618976584,0.411036301964,-0.00021288099351,topo-bathy.tt3,30,30,30,0.038449007888,3,gmrt_shore_blend,blend to GMRT,unknown,54,mixed_blend,2,30.9222222222,false
east,east_0055,55,27500,0.159626665078,83280.2250199,3150978.38613,0.731070448857,0.682301985053,-0.682301985053,0.731070448857,-0.000527430664092,topo-bathy.tt3,30,30,30,-0.360620022178,3,gmrt_shore_blend,blend to GMRT,unknown,54,mixed_blend,2,87.4612520908,false
east,east_0056,56,28000,0.16252896808,83709.318645,3151122.15907,0.814009098974,0.580852121273,-0.580852121273,0.814009098974,0.000586722394259,topo-bathy.tt3,30,30,30,-4.77235065736,1,copernicus_a2_land_core,land/a2 core,false,30,high,1,30.9222222222,false
east,east_0057,57,28500,0.165431271081,84018.2799267,3151505.03965,0.231060092326,0.972939481023,-0.972939481023,0.231060092326,0.000981482533554,topo-bathy.tt3,30,30,30,-1.74863615586,1,copernicus_a2_land_core,land/a2 core,false,30,high,1,30.9222222222,false
east,east_0058,58,29000,0.168333574082,83897.9957873,3151916.63395,-0.0304566166795,0.999536089644,-0.999536089644,-0.0304566166795,-0.000284271476314,topo-bathy.tt3,30,30,30,-0.912850933271,3,gmrt_shore_blend,blend to GMRT,unknown,54,mixed_blend,2,61.8444444444,false
east,east_0059,59,29500,0.171235877084,83992.5636698,3152349.00492,0.494655674186,0.869089042616,-0.869089042616,0.494655674186,-0.000505893550382,topo-bathy.tt3,30,30,30,-0.480358362673,3,gmrt_shore_blend,blend to GMRT,unknown,54,mixed_blend,2,61.8444444444,false
east,east_0060,60,30000,0.174138180085,84328.3726785,3152672.7879,0.457722777318,0.889094966314,-0.889094966314,0.457722777318,0.000684539422697,topo-bathy.tt3,30,30,30,-4.73505497254,1,copernicus_a2_land_core,land/a2 core,false,30,high,1,30.9222222222,false
east,east_0061,61,30500,0.177040483087,84359.6678203,3153062.07945,-0.166324261709,0.986071113037,-0.986071113037,-0.166324261709,0.000378302595519,topo-bathy.tt3,30,30,30,-7.94707839352,1,copernicus_a2_land_core,land/a2 core,false,30,high,1,30.9222222222,false
east,east_0062,62,31000,0.179942786088,84191.4201394,3153484.72563,0.0969769768055,0.995286625033,-0.995286625033,0.0969769768055,-0.000588370875307,topo-bathy.tt3,30,30,30,-1.4660269328,1,copernicus_a2_land_core,land/a2 core,false,30,high,1,30.9222222222,false
east,east_0063,63,31500,0.182845089089,84435.3160404,3153838.46643,0.408919790586,0.912570328724,-0.912570328724,0.408919790586,-0.000283034016964,topo-bathy.tt3,30,30,30,-0.659386946126,1,copernicus_a2_land_core,land/a2 core,false,30,high,1,43.7306260454,false
east,east_0064,64,32000,0.185747392091,84550.7745778,3154286.68289,0.371072435362,0.928603924025,-0.928603924025,0.371072435362,-0.000592067258738,topo-bathy.tt3,30,30,30,-0.736293318272,3,gmrt_shore_blend,blend to GMRT,unknown,54,mixed_blend,2,61.8444444444,false
east,east_0065,65,32500,0.188649695092,84737.7377523,3154595.27281,0.848602107806,0.529031627247,0.529031627247,-0.848602107806,9.01323480055e-05,topo-bathy.tt3,30,30,30,1.36448019089,3,gmrt_shore_blend,blend to GMRT,unknown,54,mixed_blend,2,61.8444444444,false
east,east_0066,66,33000,0.191551998094,85047.8913951,3154596.59318,0.285982214697,0.958234925724,-0.958234925724,0.285982214697,0.0011012935837,topo-bathy.tt3,30,30,30,-1.3138866208,1,copernicus_a2_land_core,land/a2 core,false,30,high,1,30.9222222222,false
east,east_0067,67,33500,0.194454301095,84860.9121465,3155007.99081,-0.0878429114534,0.996134339789,-0.996134339789,-0.0878429114534,-0.00054744675296,topo-bathy.tt3,30,30,30,4.05484740885,1,copernicus_a2_land_core,land/a2 core,false,30,high,1,43.7306260454,false
east,east_0068,68,34000,0.197356604097,84973.2362043,3155443.17941,0.742957445507,0.669338654319,-0.669338654319,0.742957445507,-0.000742498735142,topo-bathy.tt3,30,30,30,1.55275460016,3,gmrt_shore_blend,blend to GMRT,unknown,54,mixed_blend,2,30.9222222222,false
east,east_0069,69,34500,0.200258907098,85448.3390242,3155537.21024,0.608796326919,0.793326560963,-0.793326560963,0.608796326919,0.000697395795938,topo-bathy.tt3,30,30,30,-1.33970016467,1,copernicus_a2_land_core,land/a2 core,false,30,high,1,43.7306260454,false
east,east_0070,70,35000,0.203161210099,85312.2464068,3155884.94587,0.13962456298,0.990204514943,-0.990204514943,0.13962456298,0.000271311904996,topo-bathy.tt3,30,30,30,2.33972729195,3,gmrt_shore_blend,blend to GMRT,unknown,54,mixed_blend,2,61.8444444444,false
east,east_0071,71,35500,0.206063513101,85552.1890104,3156273.70475,0.373918629061,0.927461513402,-0.927461513402,0.373918629061,-0.000122031447677,topo-bathy.tt3,30,30,30,-12.1195193853,1,copernicus_a2_land_core,land/a2 core,false,30,high,1,43.7306260454,false
east,east_0072,72,36000,0.208965816102,85637.0054091,3156690.47266,0.259122635797,0.965844428269,-0.965844428269,0.259122635797,5.50003675444e-05,topo-bathy.tt3,30,30,30,-9.53791859417,3,gmrt_shore_blend,blend to GMRT,unknown,54,mixed_blend,2,30.9222222222,false
east,east_0073,73,36500,0.211868119104,85781.3605135,3157127.9104,0.322368202372,0.946614357645,-0.946614357645,0.322368202372,-0.000318856697067,topo-bathy.tt3,30,30,30,-2.72423253725,3,gmrt_shore_blend,blend to GMRT,unknown,54,mixed_blend,2,69.1441909042,false
east,east_0074,74,37000,0.214770422105,85944.776502,3157594.22351,0.548835380586,0.835930454653,-0.835930454653,0.548835380586,-0.000295085817278,topo-bathy.tt3,30,30,30,-0.327395897358,3,gmrt_shore_blend,blend to GMRT,unknown,54,mixed_blend,2,111.491657774,false
east,east_0075,75,37500,0.217672725107,86300.4622449,3157918.55358,0.583730784366,0.811947271308,-0.811947271308,0.583730784366,-3.16887789323e-05,topo-bathy.tt3,30,30,30,-2.42587208183,1,copernicus_a2_land_core,land/a2 core,false,30,high,1,43.7306260454,false
east,east_0076,76,38000,0.220575028108,86473.8442771,3158330.13662,0.575045021461,0.818121765566,-0.818121765566,0.575045021461,-0.000269609651481,topo-bathy.tt3,30,30,30,2.18113251508,3,gmrt_shore_blend,blend to GMRT,unknown,54,mixed_blend,2,111.491657774,false
east,east_0077,77,38500,0.223477331109,86826.731614,3158667.28178,0.778909861257,0.627135892798,-0.627135892798,0.778909861257,-0.00034431464501,topo-bathy.tt3,30,30,30,-0.446197087552,3,gmrt_shore_blend,blend to GMRT,unknown,54,mixed_blend,2,69.1441909042,false
east,east_0078,78,39000,0.226379634111,87085.9676288,3158822.98508,0.817452246563,0.5759963755,-0.5759963755,0.817452246563,-0.00012599031582,topo-bathy.tt3,30,30,30,-0.795795846634,1,copernicus_a2_land_core,land/a2 core,false,30,high,1,30.9222222222,false
east,east_0079,79,39500,0.229281937112,87398.4633561,3159070.13762,0.851540177073,0.524289354108,-0.524289354108,0.851540177073,1.61898850618e-05,topo-bathy.tt3,30,30,30,-3.43613011164,3,gmrt_shore_blend,blend to GMRT,unknown,54,mixed_blend,2,43.7306260454,false
east,east_0080,80,40000,0.232184240114,87790.4694823,3159256.74361,0.808020208986,0.589154769029,-0.589154769029,0.808020208986,0.000466992639776,topo-bathy.tt3,30,30,30,0.239584453512,1,copernicus_a2_land_core,land/a2 core,false,30,high,1,30.9222222222,false
east,east_0081,81,40500,0.235086543115,88072.5387368,3159561.6287,0.52432594745,0.851517645637,-0.851517645637,0.52432594745,0.000935326670803,topo-bathy.tt3,30,30,30,-3.00429666539,1,copernicus_a2_land_core,land/a2 core,false,30,high,1,43.7306260454,false
east,east_0082,82,41000,0.237988846116,88184.9146842,3159897.33188,0.00545723931168,0.999985109159,-0.999985109159,0.00545723931168,0.000482371208348,topo-bathy.tt3,30,30,30,-10.6047501097,1,copernicus_a2_land_core,land/a2 core,false,30,high,1,30.9222222222,false
east,east_0083,83,41500,0.240891149118,88076.9146172,3160363.46548,0.0694960591982,0.997582226063,-0.997582226063,0.0694960591982,-0.000427204762851,topo-bathy.tt3,30,30,30,-2.85443264417,3,gmrt_shore_blend,blend to GMRT,unknown,54,mixed_blend,2,61.8444444444,false
east,east_0084,84,42000,0.243793452119,88246.6608816,3160783.6686,0.419289015929,0.907852808071,-0.907852808071,0.419289015929,-0.000455156081112,topo-bathy.tt3,30,30,30,2.21398774393,3,gmrt_shore_blend,blend to GMRT,unknown,54,mixed_blend,2,43.7306260454,false
east,east_0085,85,42500,0.246695755121,88473.9484739,3161223.13098,0.500960484512,0.865470157173,-0.865470157173,0.500960484512,-0.000162698027207,topo-bathy.tt3,30,30,30,-1.07142137068,3,gmrt_shore_blend,blend to GMRT,unknown,54,mixed_blend,2,87.4612520908,false
east,east_0086,86,43000,0.249598058122,88724.4684034,3161609.1392,0.560806898374,0.827946630367,-0.827946630367,0.560806898374,-0.000131201497205,topo-bathy.tt3,30,30,30,-4.45655302691,3,gmrt_shore_blend,blend to GMRT,unknown,54,mixed_blend,2,43.7306260454,false
east,east_0087,87,43500,0.252500361124,88999.4233599,3161998.91524,0.609880427131,0.792493447671,-0.792493447671,0.609880427131,0.000234868557111,topo-bathy.tt3,30,30,30,-5.48921397816,3,gmrt_shore_blend,blend to GMRT,unknown,54,mixed_blend,2,43.7306260454,false
east,east_0088,88,44000,0.255402664125,89305.3075392,3162363.89568,0.352734183383,0.935723568087,-0.935723568087,0.352734183383,0.000636529180938,topo-bathy.tt3,30,30,30,-0.111013162103,3,gmrt_shore_blend,blend to GMRT,unknown,54,mixed_blend,2,87.4612520908,false
east,east_0089,89,44500,0.258304967126,89312.4984504,3162829.43225,0.0193793061743,0.999812203612,-0.999812203612,0.0193793061743,0.000366172730572,topo-bathy.tt3,30,30,30,1.30024226686,3,gmrt_shore_blend,blend to GMRT,unknown,54,mixed_blend,2,69.1441909042,false
east,east_0090,90,45000,0.261207270128,89324.017333,3163329.16658,-0.00568120066471,0.999983861849,-0.999983861849,-0.00568120066471,-5.62191539127e-05,topo-bathy.tt3,30,30,30,0.35506095868,3,gmrt_shore_blend,blend to GMRT,unknown,54,mixed_blend,2,61.8444444444,false
east,east_0091,91,45500,0.264109573129,89306.8531976,3163823.08871,0.075527681273,0.997143705472,-0.997143705472,0.075527681273,-3.41760463274e-05,topo-bathy.tt3,30,30,30,0.171391611179,1,copernicus_a2_land_core,land/a2 core,false,30,high,1,30.9222222222,false
east,east_0092,92,46000,0.267011876131,89397.8550411,3164303.99865,0.0284909591755,0.999594050225,-0.999594050225,0.0284909591755,0.000203935585076,topo-bathy.tt3,30,30,30,-0.469353577215,3,gmrt_shore_blend,blend to GMRT,unknown,54,mixed_blend,2,30.9222222222,false
east,east_0093,93,46500,0.269914179132,89334.5139828,3164793.55644,-0.127983917421,0.991776243354,-0.991776243354,-0.127983917421,0.00024765706903,topo-bathy.tt3,30,30,30,-3.43754594991,3,gmrt_shore_blend,blend to GMRT,unknown,54,mixed_blend,2,30.9222222222,false
east,east_0094,94,47000,0.272816482134,89271.3152218,3165284.58425,-0.217411992344,0.976079927867,-0.976079927867,-0.217411992344,0.000106121007206,topo-bathy.tt3,30,30,30,2.35994716413,1,copernicus_a2_land_core,land/a2 core,false,30,high,1,30.9222222222,false
east,east_0095,95,47500,0.275718785135,89120.1055452,3165756.15178,-0.232314797124,0.972640650517,-0.972640650517,-0.232314797124,-5.96512583476e-05,topo-bathy.tt3,30,30,30,-8.05266368479,1,copernicus_a2_land_core,land/a2 core,false,30,high,1,30.9222222222,false
east,east_0096,96,48000,0.278621088136,89043.9054693,3166236.68877,-0.158835429081,0.987305072644,-0.987305072644,-0.158835429081,-4.84959847888e-05,topo-bathy.tt3,30,30,30,-4.62870345217,3,gmrt_shore_blend,blend to GMRT,unknown,54,mixed_blend,2,30.9222222222,false
east,east_0097,97,48500,0.281523391138,88970.3047659,3166687.29838,-0.184890985509,0.982759036325,-0.982759036325,-0.184890985509,0.000167963308432,topo-bathy.tt3,30,30,30,-2.70049342699,1,copernicus_a2_land_core,land/a2 core,false,30,high,1,43.7306260454,false
east,east_0098,98,49000,0.284425694139,88867.9001312,3167172.21755,-0.321652582027,0.946857759368,-0.946857759368,-0.321652582027,0.000178240858774,topo-bathy.tt3,30,30,30,-2.71014685414,3,gmrt_shore_blend,blend to GMRT,unknown,54,mixed_blend,2,30.9222222222,false
east,east_0099,99,49500,0.287327997141,88653.1513745,3167620.91174,-0.356203556689,0.93440838299,-0.93440838299,-0.356203556689,6.69292849951e-05,topo-bathy.tt3,30,30,30,1.43270232723,1,copernicus_a2_land_core,land/a2 core,false,30,high,1,30.9222222222,false
east,east_0100,100,50000,0.290230300142,88524.8653398,3168072.08106,-0.384257635105,0.923225904025,-0.923225904025,-0.384257635105,-0.000181929360831,topo-bathy.tt3,30,30,30,-7.55150867509,1,copernicus_a2_land_core,land/a2 core,false,30,high,1,30.9222222222,false
east,east_0101,101,50500,0.293132603143,88295.7577842,3168479.5935,-0.181264827277,0.983434320325,-0.983434320325,-0.181264827277,-0.000458776473062,topo-bathy.tt3,30,30,30,4.58596403279,1,copernicus_a2_land_core,land/a2 core,false,30,high,1,30.9222222222,false
east,east_0102,102,51000,0.296034906145,88358.9961824,3168971.9877,0.0643284344732,0.997928781286,-0.997928781286,0.0643284344732,-0.000148793646673,topo-bathy.tt3,30,30,30,-0.722284755635,3,gmrt_shore_blend,blend to GMRT,unknown,54,mixed_blend,2,30.9222222222,false
east,east_0103,103,51500,0.298937209146,88359.6404351,3169470.60683,-0.0334725318149,0.999439637804,-0.999439637804,-0.0334725318149,2.10437339077e-05,topo-bathy.tt3,30,30,30,-0.70433229078,1,copernicus_a2_land_core,land/a2 core,false,30,high,1,30.9222222222,false
east,east_0104,104,52000,0.301839512148,88326.1784884,3169951.87487,0.0433155936174,0.999061439227,-0.999061439227,0.0433155936174,-0.000254118156535,topo-bathy.tt3,30,30,30,-14.2940659311,3,gmrt_shore_blend,blend to GMRT,unknown,54,mixed_blend,2,30.9222222222,false
east,east_0105,105,52500,0.304741815149,88401.5159322,3170436.45287,0.21885353903,0.975757720161,-0.975757720161,0.21885353903,-0.000300630546447,topo-bathy.tt3,30,30,30,-10.4174444395,1,copernicus_a2_land_core,land/a2 core,false,30,high,1,30.9222222222,false
east,east_0106,106,53000,0.307644118151,88538.8815358,3170900.21064,0.337217490422,0.941426770468,-0.941426770468,0.337217490422,-0.000127646598848,topo-bathy.tt3,30,30,30,1.18804885371,2,ribot_gmrt_shore_blend,blend to Ribot,partial,30,mixed_blend,2,43.7306260454,false
east,east_0107,107,53500,0.310546421152,88730.0604989,3171353.66701,0.341287191457,0.939959069826,-0.939959069826,0.341287191457,0.000136475787681,topo-bathy.tt3,30,30,30,-2.99614501673,1,copernicus_a2_land_core,land/a2 core,false,30,high,1,30.9222222222,false
east,east_0108,108,54000,0.313448724153,88871.1421165,3171815.30899,0.205998427725,0.978552322451,-0.978552322451,0.205998427725,0.00041819591829,topo-bathy.tt3,30,30,30,-0.0323623409941,3,gmrt_shore_blend,blend to GMRT,unknown,54,mixed_blend,2,30.9222222222,false
east,east_0109,109,54500,0.316351027155,88930.3905891,3172305.29308,-0.069853015962,0.997557294676,-0.997557294676,-0.069853015962,0.000479891433587,topo-bathy.tt3,30,30,30,-2.71710368519,3,gmrt_shore_blend,blend to GMRT,unknown,54,mixed_blend,2,43.7306260454,false
east,east_0110,110,55000,0.319253330156,88804.2321758,3172770.8368,-0.269050963651,0.96312594138,-0.96312594138,-0.269050963651,0.000289671529286,topo-bathy.tt3,30,30,30,-2.85945391812,1,copernicus_a2_land_core,land/a2 core,false,30,high,1,43.7306260454,false
east,east_0111,111,55500,0.322155633158,88666.6214902,3173249.51145,-0.351882508703,0.936044176345,-0.936044176345,-0.351882508703,6.43519943477e-05,topo-bathy.tt3,30,30,30,-0.866984639793,1,copernicus_a2_land_core,land/a2 core,false,30,high,1,30.9222222222,false
east,east_0112,112,56000,0.325057936159,88455.0780105,3173699.6233,-0.330430368002,0.94383037242,-0.94383037242,-0.330430368002,-8.34855244862e-05,topo-bathy.tt3,30,30,30,4.97032499411,1,copernicus_a2_land_core,land/a2 core,false,30,high,1,43.7306260454,false
east,east_0113,113,56500,0.327960239161,88343.1148239,3174173.56519,-0.272601546613,0.96212701697,-0.96212701697,-0.272601546613,-6.31179040126e-05,topo-bathy.tt3,30,30,30,2.73854576624,1,copernicus_a2_land_core,land/a2 core,false,30,high,1,30.9222222222,false
east,east_0114,114,57000,0.330862542162,88189.4329369,3174637.19796,-0.270239342885,0.96279317486,-0.96279317486,-0.270239342885,-0.000236161499701,topo-bathy.tt3,30,30,30,-3.13737520546,1,copernicus_a2_land_core,land/a2 core,false,30,high,1,30.9222222222,false
east,east_0115,115,57500,0.333764845163,88078.5356799,3175116.19253,-0.0399238400017,0.999202725677,-0.999202725677,-0.0399238400017,-0.000146325999533,topo-bathy.tt3,30,30,30,-1.45464370987,1,copernicus_a2_land_core,land/a2 core,false,30,high,1,30.9222222222,false
east,east_0116,116,58000,0.336667148165,88152.0111316,3175573.78046,-0.126971945349,0.991906308627,-0.991906308627,-0.126971945349,0.0002301632854,topo-bathy.tt3,30,30,30,-0.737487642596,1,copernicus_a2_land_core,land/a2 core,false,30,high,1,30.9222222222,false
east,east_0117,117,58500,0.339569451166,87962.1353089,3176025.51358,-0.266825633294,0.963744821733,-0.963744821733,-0.266825633294,0.000159869164505,topo-bathy.tt3,30,30,30,-7.09466598439,1,copernicus_a2_land_core,land/a2 core,false,30,high,1,30.9222222222,false
east,east_0118,118,59000,0.342471754168,87890.508621,3176518.29875,-0.283253428177,0.959045095616,-0.959045095616,-0.283253428177,0.000151727742575,topo-bathy.tt3,30,30,30,3.16291722374,1,copernicus_a2_land_core,land/a2 core,false,30,high,1,30.9222222222,false
east,east_0119,119,59500,0.345374057169,87687.570746,3176955.13974,-0.409426599646,0.912343060204,-0.912343060204,-0.409426599646,0.000346221699469,topo-bathy.tt3,30,30,30,-3.43548812956,1,copernicus_a2_land_core,land/a2 core,false,30,high,1,30.9222222222,false
east,east_0120,120,60000,0.34827636017,87496.6581978,3177395.93274,-0.591893863478,0.806015914469,-0.806015914469,-0.591893863478,0.000133667377529,topo-bathy.tt3,30,30,30,0.484238565256,1,copernicus_a2_land_core,land/a2 core,false,30,high,1,43.7306260454,false
east,east_0121,121,60500,0.351178663172,87122.1720156,3177725.07571,-0.527362117246,0.849640628321,-0.849640628321,-0.527362117246,-0.000713687946126,topo-bathy.tt3,30,30,30,-2.87736161761,1,copernicus_a2_land_core,land/a2 core,false,30,high,1,30.9222222222,false
east,east_0122,122,61000,0.354080966173,87027.9281159,3178151.11046,0.0801952572613,0.996779173495,-0.996779173495,0.0801952572613,-0.000791659100529,topo-bathy.tt3,30,30,30,-5.46016977703,3,gmrt_shore_blend,blend to GMRT,unknown,54,mixed_blend,2,97.7846525361,false
east,east_0123,123,61500,0.356983269175,87192.046879,3178593.57855,0.233977013545,0.972242128861,-0.972242128861,0.233977013545,-0.000137676701788,topo-bathy.tt3,30,30,30,0.00381653636525,1,copernicus_a2_land_core,land/a2 core,false,30,high,1,30.9222222222,false
east,east_0124,124,62000,0.359885572176,87243.974554,3179048.84586,0.216236551368,0.976341002853,-0.976341002853,0.216236551368,-0.000195073934965,topo-bathy.tt3,30,30,30,-0.281275577036,3,gmrt_shore_blend,blend to GMRT,unknown,54,mixed_blend,2,30.9222222222,false
east,east_0125,125,62500,0.362787875178,87394.509912,3179507.73002,0.417997759539,0.908448057415,-0.908448057415,0.417997759539,-0.000368802418956,topo-bathy.tt3,30,30,30,-0.600250365667,1,copernicus_a2_land_core,land/a2 core,false,30,high,1,43.7306260454,false
east,east_0126,126,63000,0.365690178179,87634.6859075,3179897.99149,0.553666348764,0.832738598989,-0.832738598989,0.553666348764,-0.00011320901286,topo-bathy.tt3,30,30,30,2.59355184526,3,gmrt_shore_blend,blend to GMRT,unknown,54,mixed_blend,2,30.9222222222,false
east,east_0127,127,63500,0.36859248118,87913.4434297,3180288.22891,0.517946998693,0.855412711237,-0.855412711237,0.517946998693,4.70826838651e-05,topo-bathy.tt3,30,30,30,-0.514739321278,1,copernicus_a2_land_core,land/a2 core,false,30,high,1,30.9222222222,false
east,east_0128,128,64000,0.371494784182,88108.7064781,3180680.85774,0.513859700069,0.857874238245,-0.857874238245,0.513859700069,5.14378021886e-05,topo-bathy.tt3,30,30,30,0.762978194364,1,copernicus_a2_land_core,land/a2 core,false,30,high,1,43.7306260454,false
east,east_0129,129,64500,0.374397087183,88377.7238026,3181063.33186,0.473280796101,0.880911623287,-0.880911623287,0.473280796101,0.000130985664105,topo-bathy.tt3,30,30,30,-9.61130731685,3,gmrt_shore_blend,blend to GMRT,unknown,54,mixed_blend,2,69.1441909042,false
east,east_0130,130,65000,0.377299390185,88546.0884241,3181494.95128,0.397409613035,0.917641323976,-0.917641323976,0.397409613035,2.03958165308e-05,topo-bathy.tt3,30,30,30,-0.825673649559,1,copernicus_a2_land_core,land/a2 core,false,30,high,1,30.9222222222,false
east,east_0131,131,65500,0.380201693186,88731.5885329,3181880.42558,0.455216693432,0.890380683764,-0.890380683764,0.455216693432,2.06684397065e-05,topo-bathy.tt3,30,30,30,-1.26052221129,3,gmrt_shore_blend,blend to GMRT,unknown,54,mixed_blend,2,43.7306260454,false
east,east_0132,132,66000,0.383103996187,88963.824913,3182312.02259,0.378359868402,0.925658581758,-0.925658581758,0.378359868402,0.000208320360854,topo-bathy.tt3,30,30,30,-5.0514987603,3,gmrt_shore_blend,blend to GMRT,unknown,54,mixed_blend,2,43.7306260454,false
east,east_0133,133,66500,0.386006299189,89100.489283,3182782.9424,0.261229015426,0.965276852255,-0.965276852255,0.261229015426,0.000142059723576,topo-bathy.tt3,30,30,30,-10.2732611627,1,copernicus_a2_land_core,land/a2 core,false,30,high,1,30.9222222222,false
east,east_0134,134,67000,0.38890860219,89221.2245432,3183263.14934,0.243491498194,0.969903031394,-0.969903031394,0.243491498194,-0.000114411887423,topo-bathy.tt3,30,30,30,-6.7131398469,3,gmrt_shore_blend,blend to GMRT,unknown,54,mixed_blend,2,30.9222222222,false
east,east_0135,135,67500,0.391810905192,89339.1850221,3183733.74242,0.369719486652,0.929143423369,-0.929143423369,0.369719486652,-0.000410377786442,topo-bathy.tt3,30,30,30,0.307335195154,3,gmrt_shore_blend,blend to GMRT,unknown,54,mixed_blend,2,30.9222222222,false
east,east_0136,136,68000,0.394713208193,89578.5144267,3184161.05588,0.610222855946,0.792229806358,-0.792229806358,0.610222855946,-0.000323533239667,topo-bathy.tt3,30,30,30,2.20829508973,3,gmrt_shore_blend,blend to GMRT,unknown,54,mixed_blend,2,43.7306260454,false
east,east_0137,137,68500,0.397615511195,89933.9718262,3184505.93217,0.645929573277,0.763397004425,-0.763397004425,0.645929573277,0.000512235894064,topo-bathy.tt3,30,30,30,-0.116495763132,1,copernicus_a2_land_core,land/a2 core,false,30,high,1,30.9222222222,false
east,east_0138,138,69000,0.400517814196,90190.4600423,3184884.28868,0.143607722676,0.98963469118,-0.98963469118,0.143607722676,0.000819942012682,topo-bathy.tt3,30,30,30,-0.0408107240758,3,gmrt_shore_blend,blend to GMRT,unknown,54,mixed_blend,2,30.9222222222,false
east,east_0139,139,69500,0.403420117197,90055.523908,3185343.57624,-0.117430096993,0.993081150924,-0.993081150924,-0.117430096993,-0.000129138774434,topo-bathy.tt3,30,30,30,0.680152948313,3,gmrt_shore_blend,blend to GMRT,unknown,54,mixed_blend,2,30.9222222222,false
east,east_0140,140,70000,0.406322420199,90077.4124363,3185840.30804,0.269857215928,0.962900349471,-0.962900349471,0.269857215928,-0.000612812439955,topo-bathy.tt3,30,30,30,2.50345161242,3,gmrt_shore_blend,blend to GMRT,unknown,54,mixed_blend,2,30.9222222222,false
east,east_0141,141,70500,0.4092247232,90311.5482818,3186257.11845,0.47512911736,0.879916087952,-0.879916087952,0.47512911736,-0.000142672566422,topo-bathy.tt3,30,30,30,-0.226186695904,3,gmrt_shore_blend,blend to GMRT,unknown,54,mixed_blend,2,30.9222222222,false
east,east_0142,142,71000,0.412127026202,90535.4211413,3186688.51795,0.404029205437,0.914746085618,-0.914746085618,0.404029205437,0.000151048502504,topo-bathy.tt3,30,30,30,4.12935803472,3,gmrt_shore_blend,blend to GMRT,unknown,54,mixed_blend,2,30.9222222222,false
east,east_0143,143,71500,0.415029329203,90704.2631897,3187146.2483,0.337314046151,0.94139217878,-0.94139217878,0.337314046151,0.000174808381828,topo-bathy.tt3,30,30,30,-0.0494960288962,3,gmrt_shore_blend,blend to GMRT,unknown,54,mixed_blend,2,30.9222222222,false
east,east_0144,144,72000,0.417931632205,90865.3382901,3187609.26652,0.238779623514,0.971073782673,-0.971073782673,0.238779623514,0.000232563652999,topo-bathy.tt3,30,30,30,-8.67610816463,3,gmrt_shore_blend,blend to GMRT,unknown,54,mixed_blend,2,30.9222222222,false
east,east_0145,145,72500,0.420833935206,90934.4841075,3188082.51536,0.111267728229,0.993790467178,-0.993790467178,0.111267728229,-5.54279385173e-05,topo-bathy.tt3,30,30,30,-6.73428811653,1,copernicus_a2_land_core,land/a2 core,false,30,high,1,30.9222222222,false
east,east_0146,146,73000,0.423736238207,90971.9091204,3188561.10653,0.292209982953,0.956354184318,-0.956354184318,0.292209982953,-0.000152848859575,topo-bathy.tt3,30,30,30,-8.48707088731,3,gmrt_shore_blend,blend to GMRT,unknown,54,mixed_blend,2,61.8444444444,false
east,east_0147,147,73500,0.426638541209,91212.7644112,3188993.28005,0.261279458926,0.965263199518,-0.965263199518,0.261279458926,-0.000304358440844,topo-bathy.tt3,30,30,30,-0.553067223289,3,gmrt_shore_blend,blend to GMRT,unknown,54,mixed_blend,2,30.9222222222,false
east,east_0148,148,74000,0.42954084421,91219.0107452,3189473.99155,0.565381175692,0.824829755873,-0.824829755873,0.565381175692,-0.000194076468235,topo-bathy.tt3,30,30,30,10.025823055,1,copernicus_a2_land_core,land/a2 core,false,30,high,1,30.9222222222,false
east,east_0149,149,74500,0.432443147212,91644.7838879,3189623.54956,0.442535320514,0.896751074768,-0.896751074768,0.442535320514,0.000934916220359,topo-bathy.tt3,30,30,30,-3.17356710201,2,ribot_gmrt_shore_blend,blend to Ribot,partial,30,mixed_blend,2,30.9222222222,false
east,east_0150,150,75000,0.435345450213,91522.6199509,3190089.22353,-0.327844352987,0.9447317504,-0.9447317504,-0.327844352987,0.000169805580086,topo-bathy.tt3,30,30,30,1.04564024984,3,gmrt_shore_blend,blend to GMRT,unknown,54,mixed_blend,2,30.9222222222,false
east,east_0151,151,75500,0.438247753214,91349.4741484,3190474.52804,0.284628001065,0.958638044837,-0.958638044837,0.284628001065,-0.000923015118887,topo-bathy.tt3,30,30,30,10.2515929147,1,copernicus_a2_land_core,land/a2 core,false,30,high,1,43.7306260454,false
east,east_0152,152,76000,0.441150056216,91713.6759855,3190732.70759,0.555524986042,0.831499843586,-0.831499843586,0.555524986042,-0.000157352912557,topo-bathy.tt3,30,30,30,-0.387599906846,3,gmrt_shore_blend,blend to GMRT,unknown,54,mixed_blend,2,30.9222222222,false
east,east_0153,153,76500,0.444052359217,91831.2015988,3191195.56905,0.431334354833,0.902192149345,-0.902192149345,0.431334354833,-4.4831382985e-05,topo-bathy.tt3,30,30,30,-1.05225792038,3,gmrt_shore_blend,blend to GMRT,unknown,54,mixed_blend,2,30.9222222222,false
east,east_0154,154,77000,0.446954662219,92126.2391037,3191595.63725,0.592231620002,0.805767775646,-0.805767775646,0.592231620002,0.000118879384558,topo-bathy.tt3,30,30,30,-2.51102288573,3,gmrt_shore_blend,blend to GMRT,unknown,54,mixed_blend,2,30.9222222222,false
east,east_0155,155,77500,0.44985696522,92399.0549761,3191968.16872,0.321290461527,0.946980696388,-0.946980696388,0.321290461527,0.000434679936212,topo-bathy.tt3,30,30,30,-0.419284092225,3,gmrt_shore_blend,blend to GMRT,unknown,54,mixed_blend,2,30.9222222222,false
east,east_0156,156,78000,0.452759268222,92421.3464582,3192465.44511,0.197831940699,0.98023595284,-0.98023595284,0.197831940699,-2.32925416303e-05,topo-bathy.tt3,30,30,30,-19.499606956,3,gmrt_shore_blend,blend to GMRT,unknown,54,mixed_blend,2,30.9222222222,false
east,east_0157,157,78500,0.455661571223,92592.0587845,3192924.4818,0.343258901421,0.9392408246,-0.9392408246,0.343258901421,-0.000183156117606,topo-bathy.tt3,30,30,30,-1.11770443276,3,gmrt_shore_blend,blend to GMRT,unknown,54,mixed_blend,2,30.9222222222,false
east,east_0158,158,79000,0.458563874224,92758.4794408,3193387.92391,0.37305705718,0.927808402683,-0.927808402683,0.37305705718,-7.0630379147e-05,topo-bathy.tt3,30,30,30,-5.60746068968,3,gmrt_shore_blend,blend to GMRT,unknown,54,mixed_blend,2,43.7306260454,false
east,east_0159,159,79500,0.461466177226,92955.195252,3193827.61728,0.408686850312,0.912674672806,-0.912674672806,0.408686850312,0.000198890061778,topo-bathy.tt3,30,30,30,-12.3734216963,3,gmrt_shore_blend,blend to GMRT,unknown,54,mixed_blend,2,30.9222222222,false
east,east_0160,160,80000,0.464368480227,93152.943136,3194268.8356,0.182385112443,0.983227171491,-0.983227171491,0.182385112443,0.000375375174293,topo-bathy.tt3,30,30,30,-12.7531766317,3,gmrt_shore_blend,blend to GMRT,unknown,54,mixed_blend,2,30.9222222222,false
east,east_0161,161,80500,0.467270783229,93126.9127434,3194753.33595,0.0456237881466,0.998958692817,-0.998958692817,0.0456237881466,7.36238718819e-05,topo-bathy.tt3,30,30,30,-3.64722786529,1,copernicus_a2_land_core,land/a2 core,false,30,high,1,30.9222222222,false
east,east_0162,162,81000,0.47017308623,93195.8906189,3195209.19507,0.109567416845,0.99397936657,-0.99397936657,0.109567416845,9.71691244337e-05,topo-bathy.tt3,30,30,30,2.00177989236,3,gmrt_shore_blend,blend to GMRT,unknown,54,mixed_blend,2,30.9222222222,false
east,east_0163,163,81500,0.473075389232,93227.5757796,3195666.53609,-0.0515066923089,0.998672649394,-0.998672649394,-0.0515066923089,0.000507476398301,topo-bathy.tt3,30,30,30,4.16478203255,3,gmrt_shore_blend,blend to GMRT,unknown,54,mixed_blend,2,30.9222222222,false
east,east_0164,164,82000,0.475977692233,93149.5847048,3196107.02889,-0.387288328653,0.921958649013,-0.921958649013,-0.387288328653,-0.000108636768726,topo-bathy.tt3,30,30,30,-0.441937293719,1,copernicus_a2_land_core,land/a2 core,false,30,high,1,43.7306260454,false
east,east_0165,165,82500,0.478879995234,92875.7971239,3196503.96224,0.0570762401285,0.998369822667,-0.998369822667,0.0570762401285,-0.00108352153721,topo-bathy.tt3,30,30,30,-3.62650481428,1,copernicus_a2_land_core,land/a2 core,false,30,high,1,30.9222222222,false
east,east_0166,166,83000,0.481782298236,93190.7329815,3196826.78894,0.633317863727,0.77389177763,-0.77389177763,0.633317863727,-0.000459462811807,topo-bathy.tt3,30,30,30,0.43960136605,1,copernicus_a2_land_core,land/a2 core,false,30,high,1,61.8444444444,false
east,east_0167,167,83500,0.484684601237,93379.7414901,3197119.76423,0.493900676647,0.869518327356,-0.869518327356,0.493900676647,0.000261314405028,topo-bathy.tt3,30,30,30,-4.4359072487,3,gmrt_shore_blend,blend to GMRT,unknown,54,mixed_blend,2,61.8444444444,false
east,east_0168,168,84000,0.487586904239,93540.4456467,3197442.46247,0.411882132656,0.911237130937,-0.911237130937,0.411882132656,0.000279314486702,topo-bathy.tt3,30,30,30,-1.02112569104,3,gmrt_shore_blend,blend to GMRT,unknown,54,mixed_blend,2,154.611111111,false
east,east_0169,169,84500,0.49048920724,93725.0678237,3197883.75508,0.235035994942,0.971986667132,-0.971986667132,0.235035994942,0.000741571569261,topo-bathy.tt3,30,30,30,-0.27577602841,3,gmrt_shore_blend,blend to GMRT,unknown,54,mixed_blend,2,87.4612520908,false
east,east_0170,170,85000,0.493391510241,93730.2467282,3198227.38105,-0.311767801154,0.950158322683,-0.950158322683,-0.311767801154,0.000320375403736,topo-bathy.tt3,30,30,30,0.0321554216254,3,gmrt_shore_blend,blend to GMRT,unknown,54,mixed_blend,2,154.611111111,false
east,east_0171,171,85500,0.496293813243,93475.9571093,3198642.95669,-0.0830241254319,0.99654753755,-0.99654753755,-0.0830241254319,-0.000629690945729,topo-bathy.tt3,30,30,30,0.222787287271,3,gmrt_shore_blend,blend to GMRT,unknown,54,mixed_blend,2,30.9222222222,false
east,east_0172,172,86000,0.499196116244,93668.3863867,3198969.89741,0.30756977715,0.951525528919,-0.951525528919,0.30756977715,-0.000277343721163,topo-bathy.tt3,30,30,30,-6.51167510382,1,copernicus_a2_land_core,land/a2 core,false,30,high,1,30.9222222222,false
east,east_0173,173,86500,0.502098419246,93732.4757881,3199436.54595,0.19300510295,0.981197752869,-0.981197752869,0.19300510295,5.76307422136e-06,topo-bathy.tt3,30,30,30,0.0484501407373,3,gmrt_shore_blend,blend to GMRT,unknown,54,mixed_blend,2,111.491657774,false
east,east_0174,174,87000,0.505000722247,93852.3503596,3199905.13194,0.302080987612,0.953282265084,-0.953282265084,0.302080987612,7.70365731475e-05,topo-bathy.tt3,30,30,30,1.60655402796,3,gmrt_shore_blend,blend to GMRT,unknown,54,mixed_blend,2,97.7846525361,false
east,east_0175,175,87500,0.507903025249,94025.0911201,3200359.95728,0.116919308826,0.993141417535,-0.993141417535,0.116919308826,0.000548776001671,topo-bathy.tt3,30,30,30,0.103398741564,3,gmrt_shore_blend,blend to GMRT,unknown,54,mixed_blend,2,123.688888889,false
east,east_0176,176,88000,0.51080532825,93963.9826414,3200853.36405,-0.239548834897,0.970884316332,-0.970884316332,-0.239548834897,0.000777278725791,topo-bathy.tt3,30,30,30,3.14452478165,3,gmrt_shore_blend,blend to GMRT,unknown,54,mixed_blend,2,92.7666666667,false
east,east_0177,177,88500,0.513707631251,93811.4607161,3201225.79497,-0.613189039885,0.789936200819,-0.789936200819,-0.613189039885,0.000661486254989,topo-bathy.tt3,30,30,30,0.097178731462,1,copernicus_a2_land_core,land/a2 core,false,30,high,1,43.7306260454,false
east,east_0178,178,89000,0.516609934253,93429.1863454,3201542.31138,-0.785428043392,0.61895297774,-0.61895297774,-0.785428043392,0.000343363181413,topo-bathy.tt3,30,30,30,-0.0447256990436,3,gmrt_shore_blend,blend to GMRT,unknown,54,mixed_blend,2,30.9222222222,false
east,east_0179,179,89500,0.519512237254,93032.6485881,3201839.5343,-0.84333246821,0.537392173429,-0.537392173429,-0.84333246821,-7.18572047469e-05,topo-bathy.tt3,30,30,30,0.00815735265115,1,copernicus_a2_land_core,land/a2 core,false,30,high,1,30.9222222222,false
east,east_0180,180,90000,0.522414540256,92593.305745,3202074.95504,-0.738963187917,0.673745802884,-0.673745802884,-0.738963187917,-0.000964710139402,topo-bathy.tt3,30,30,30,-0.209835278096,1,copernicus_a2_land_core,land/a2 core,false,30,high,1,30.9222222222,false
east,east_0181,181,90500,0.525316843257,92421.9496428,3202396.33586,-0.0387347305762,0.99924952872,-0.99924952872,-0.0387347305762,-0.00140253903068,topo-bathy.tt3,30,30,30,-1.67081783701,3,gmrt_shore_blend,blend to GMRT,unknown,54,mixed_blend,2,87.4612520908,false
east,east_0182,182,91000,0.528219146259,92562.5722003,3202867.79598,0.540481126676,0.84135613845,-0.84135613845,0.540481126676,-0.000799724600982,topo-bathy.tt3,30,30,30,0.649500571692,3,gmrt_shore_blend,blend to GMRT,unknown,54,mixed_blend,2,111.491657774,false
east,east_0183,183,91500,0.53112144926,92905.7282172,3203149.42427,0.689631582171,0.724160397199,-0.724160397199,0.689631582171,6.19326261103e-05,topo-bathy.tt3,30,30,30,-1.13319984838,3,gmrt_shore_blend,blend to GMRT,unknown,54,mixed_blend,2,30.9222222222,false
east,east_0184,184,92000,0.534023752261,93170.1804669,3203505.82628,0.487370819109,0.873195101155,-0.873195101155,0.487370819109,0.000458270117075,topo-bathy.tt3,30,30,30,-0.194759742352,3,gmrt_shore_blend,blend to GMRT,unknown,54,mixed_blend,2,97.7846525361,false
east,east_0185,185,92500,0.536926055263,93303.0810027,3203861.33908,0.298108138109,0.954532104223,-0.954532104223,0.298108138109,0.000458461847229,topo-bathy.tt3,30,30,30,-0.587067577959,3,gmrt_shore_blend,blend to GMRT,unknown,54,mixed_blend,2,92.7666666667,false
east,east_0186,186,93000,0.539828358264,93406.481782,3204262.45504,0.0505927697176,0.998719365814,-0.998719365814,0.0505927697176,0.000257044738533,topo-bathy.tt3,30,30,30,-0.364435993721,3,gmrt_shore_blend,blend to GMRT,unknown,54,mixed_blend,2,30.9222222222,false
east,east_0187,187,93500,0.542730661266,93348.2169697,3204752.33921,0.0456494526284,0.998957520355,-0.998957520355,0.0456494526284,-0.00016940941285,topo-bathy.tt3,30,30,30,-0.0299600272924,3,gmrt_shore_blend,blend to GMRT,unknown,54,mixed_blend,2,92.7666666667,false
east,east_0188,188,94000,0.545632964267,93450.4685535,3205225.02772,0.218252840185,0.975892257245,-0.975892257245,0.218252840185,-1.16770598854e-05,topo-bathy.tt3,30,30,30,0.537231094972,3,gmrt_shore_blend,blend to GMRT,unknown,54,mixed_blend,2,30.9222222222,false
east,east_0189,189,94500,0.548535267268,93500.714398,3205434.21377,0.0573109621254,0.99835637606,-0.99835637606,0.0573109621254,7.74529087034e-05,topo-bathy.tt3,30,30,30,0.016480544847,3,gmrt_shore_blend,blend to GMRT,unknown,54,mixed_blend,2,30.9222222222,false
east,east_0190,190,95000,0.55143757027,93488.8765505,3205894.09464,0.142088379048,0.989853975362,-0.989853975362,0.142088379048,-0.000352966027459,topo-bathy.tt3,30,30,30,-0.780482565619,3,gmrt_shore_blend,blend to GMRT,unknown,54,mixed_blend,2,97.7846525361,false
east,east_0191,191,95500,0.554339873271,93634.1121027,3206363.52445,0.398892157766,0.916997844312,-0.916997844312,0.398892157766,-0.000296585486422,topo-bathy.tt3,30,30,30,0.0855783650843,3,gmrt_shore_blend,blend to GMRT,unknown,54,mixed_blend,2,87.4612520908,false
east,east_0192,192,96000,0.557242176273,93878.7121493,3206790.27271,0.425176036397,0.905110677251,-0.905110677251,0.425176036397,1.5082569862e-05,topo-bathy.tt3,30,30,30,0.169773742365,3,gmrt_shore_blend,blend to GMRT,unknown,54,mixed_blend,2,87.4612520908,false
east,east_0193,193,96500,0.560144479274,94039.1377718,3207225.73922,0.385016628172,0.922909635897,-0.922909635897,0.385016628172,-9.00955042372e-05,topo-bathy.tt3,30,30,30,0.466727414666,3,gmrt_shore_blend,blend to GMRT,unknown,54,mixed_blend,2,69.1441909042,false
east,east_0194,194,97000,0.563046782276,94248.9256991,3207677.69841,0.504887710127,0.863185032402,-0.863185032402,0.504887710127,-6.95784805045e-05,topo-bathy.tt3,30,30,30,-0.0706715908077,3,gmrt_shore_blend,blend to GMRT,unknown,54,mixed_blend,2,154.611111111,false
east,east_0195,195,97500,0.565949085277,94538.3776441,3208079.26838,0.448247889954,0.893909295819,-0.893909295819,0.448247889954,0.000262823678856,topo-bathy.tt3,30,30,30,0.3119516294,3,gmrt_shore_blend,blend to GMRT,unknown,54,mixed_blend,2,138.288381808,false
east,east_0196,196,98000,0.568851388278,94680.5044062,3208538.36553,0.263287339578,0.96471745958,-0.96471745958,0.263287339578,0.000426313118926,topo-bathy.tt3,30,30,30,-0.423435630387,3,gmrt_shore_blend,blend to GMRT,unknown,54,mixed_blend,2,69.1441909042,false
east,east_0197,197,98500,0.57175369128,94792.4560198,3209010.24306,0.0384816973022,0.999259305172,-0.999259305172,0.0384816973022,0.000270241291426,topo-bathy.tt3,30,30,30,-1.31343953147,3,gmrt_shore_blend,blend to GMRT,unknown,54,mixed_blend,2,92.7666666667,false
east,east_0198,198,99000,0.574655994281,94717.4673145,3209498.18624,-0.00381308850666,0.999992730152,-0.999992730152,-0.00381308850666,6.83977520661e-06,topo-bathy.tt3,30,30,30,-0.0894636771364,3,gmrt_shore_blend,blend to GMRT,unknown,54,mixed_blend,2,61.8444444444,false
east,east_0199,199,99500,0.577558297283,94788.7313264,3209987.05394,0.0316461414405,0.999499135433,-0.999499135433,0.0316461414405,1.24603088642e-05,topo-bathy.tt3,30,30,30,0.140472609776,3,gmrt_shore_blend,blend to GMRT,unknown,54,mixed_blend,2,92.7666666667,false
east,east_0200,200,100000,0.580460600284,94747.9950726,3210462.3628,-0.0162726883564,0.999867591041,-0.999867591041,-0.0162726883564,-0.000113391652219,topo-bathy.tt3,30,30,30,0.152909892942,3,gmrt_shore_blend,blend to GMRT,unknown,54,mixed_blend,2,30.9222222222,false
east,east_0201,201,100500,0.583362903285,94773.1578283,3210943.96012,0.144535055705,0.989499680481,-0.989499680481,0.144535055705,-0.000256864158439,topo-bathy.tt3,30,30,30,0.381251282776,3,gmrt_shore_blend,blend to GMRT,unknown,54,mixed_blend,2,87.4612520908,false
east,east_0202,202,101000,0.586265206287,94888.8627422,3211426.75523,0.2382764046,0.971197382107,-0.971197382107,0.2382764046,-0.00019144404327,topo-bathy.tt3,30,30,30,-0.209283415009,3,gmrt_shore_blend,blend to GMRT,unknown,54,mixed_blend,2,61.8444444444,false
east,east_0203,203,101500,0.589167509288,95007.5690945,3211899.40348,0.330173258659,0.943920345827,-0.943920345827,0.330173258659,-0.000285358352511,topo-bathy.tt3,30,30,30,-0.202947853726,1,copernicus_a2_land_core,land/a2 core,false,30,high,1,30.9222222222,false
east,east_0204,204,102000,0.59206981229,95202.720561,3212324.03196,0.502034061512,0.864847848515,-0.864847848515,0.502034061512,-0.000327545139861,topo-bathy.tt3,30,30,30,1.18595460433,3,gmrt_shore_blend,blend to GMRT,unknown,54,mixed_blend,2,69.1441909042,false
east,east_0205,205,102500,0.594972115291,95469.4327902,3212695.05033,0.616297314098,0.787513568541,-0.787513568541,0.616297314098,-5.81117641405e-05,topo-bathy.tt3,30,30,30,-0.106172817391,3,gmrt_shore_blend,blend to GMRT,unknown,54,mixed_blend,2,92.7666666667,false
east,east_0206,206,103000,0.597874418293,95791.3122638,3213076.1429,0.551416173635,0.834230306003,-0.834230306003,0.551416173635,0.000219460966355,topo-bathy.tt3,30,30,30,0.0437285256,3,gmrt_shore_blend,blend to GMRT,unknown,54,mixed_blend,2,174.922504182,false
east,east_0207,207,103500,0.600776721294,96015.0029966,3213520.43635,0.430070887026,0.902795121904,-0.902795121904,0.430070887026,0.000122169911682,topo-bathy.tt3,30,30,30,0.307485637609,3,gmrt_shore_blend,blend to GMRT,unknown,54,mixed_blend,2,174.922504182,false
east,east_0208,208,104000,0.603679024295,96215.5797208,3213966.75559,0.4456417088,0.89521140932,-0.89521140932,0.4456417088,-3.46220737538e-05,topo-bathy.tt3,30,30,30,0.243895742234,3,gmrt_shore_blend,blend to GMRT,unknown,54,mixed_blend,2,138.288381808,false
east,east_0209,209,104500,0.606581327297,96451.8629665,3214398.00688,0.461063547545,0.8873671197,-0.8873671197,0.461063547545,0.000216075435088,topo-bathy.tt3,30,30,30,-0.0272859429491,3,gmrt_shore_blend,blend to GMRT,unknown,54,mixed_blend,2,154.611111111,false
east,east_0210,210,105000,0.609483630298,96661.4159109,3214824.816,0.243347412092,0.969939192439,-0.969939192439,0.243347412092,0.000452398353853,topo-bathy.tt3,30,30,30,-0.42697069523,3,gmrt_shore_blend,blend to GMRT,unknown,54,mixed_blend,2,30.9222222222,false
east,east_0211,211,105500,0.6123859333,96683.53913,3215321.42657,0.0267918086395,0.999641035067,-0.999641035067,0.0267918086395,0.000283018717579,topo-bathy.tt3,30,30,30,-0.415205014956,1,copernicus_a2_land_core,land/a2 core,false,30,high,1,30.9222222222,false
east,east_0212,212,106000,0.615288236301,96687.095174,3215782.94636,-0.0371946144439,0.999308040925,-0.999308040925,-0.0371946144439,0.000184625335385,topo-bathy.tt3,30,30,30,0.548855046721,1,copernicus_a2_land_core,land/a2 core,false,30,high,1,30.9222222222,false
east,east_0213,213,106500,0.618190539303,96648.2898452,3216268.46942,-0.157175866512,0.98757062886,-0.98757062886,-0.157175866512,0.000348544294044,topo-bathy.tt3,30,30,30,0.0122808828511,3,gmrt_shore_blend,blend to GMRT,unknown,54,mixed_blend,2,30.9222222222,false
east,east_0214,214,107000,0.621092842304,96534.6277124,3216740.93304,-0.376251804243,0.926517447113,-0.926517447113,-0.376251804243,0.000468159735906,topo-bathy.tt3,30,30,30,-0.0517662675911,3,gmrt_shore_blend,blend to GMRT,unknown,54,mixed_blend,2,30.9222222222,false
east,east_0215,215,107500,0.623995145305,96282.6929017,3217168.74934,-0.585899885291,0.810383442832,-0.810383442832,-0.585899885291,0.000413875356834,topo-bathy.tt3,30,30,30,0.0127699361396,3,gmrt_shore_blend,blend to GMRT,unknown,54,mixed_blend,2,69.1441909042,false
east,east_0216,216,108000,0.626897448307,95954.8404204,3217542.86189,-0.717093274684,0.696977212973,-0.696977212973,-0.717093274684,-0.000144058490061,topo-bathy.tt3,30,30,30,0.0289910388458,1,copernicus_a2_land_core,land/a2 core,false,30,high,1,30.9222222222,false
east,east_0217,217,108500,0.629799751308,95570.2695319,3217861.18765,-0.463491602591,0.886101311548,-0.886101311548,-0.463491602591,-0.00100158847895,topo-bathy.tt3,30,30,30,1.10106973212,1,copernicus_a2_land_core,land/a2 core,false,30,high,1,43.7306260454,false
east,east_0218,218,109000,0.63270205431,95589.4762427,3218241.3636,0.200595396182,0.979674173912,-0.979674173912,0.200595396182,-0.000613028662471,topo-bathy.tt3,30,30,30,-2.93558949837,1,copernicus_a2_land_core,land/a2 core,false,30,high,1,30.9222222222,false
east,east_0219,219,109500,0.635604357311,95731.6979014,3218649.57666,0.130721903087,0.991419075897,-0.991419075897,0.130721903087,-8.78779236235e-05,topo-bathy.tt3,30,30,30,-1.39449472916,1,copernicus_a2_land_core,land/a2 core,false,30,high,1,30.9222222222,false
east,east_0220,220,110000,0.638506660312,95706.0747148,3219125.66797,0.285802309936,0.958288599345,-0.958288599345,0.285802309936,-0.000298118611449,topo-bathy.tt3,30,30,30,-1.36043260997,3,gmrt_shore_blend,blend to GMRT,unknown,54,mixed_blend,2,30.9222222222,false
east,east_0221,221,110500,0.641408963314,95986.8941439,3219505.24381,0.416157779328,0.9092924187,-0.9092924187,0.416157779328,8.73597047114e-05,topo-bathy.tt3,30,30,30,-0.386612269547,3,gmrt_shore_blend,blend to GMRT,unknown,54,mixed_blend,2,30.9222222222,false
east,east_0222,222,111000,0.644311266315,96099.1246522,3219984.47043,0.201103054908,0.979570090043,-0.979570090043,0.201103054908,6.25479311279e-05,topo-bathy.tt3,30,30,30,-0.204607279178,1,copernicus_a2_land_core,land/a2 core,false,30,high,1,30.9222222222,false
east,east_0223,223,111500,0.647213569317,96182.660485,3220458.81885,0.358506706928,0.933527150696,-0.933527150696,0.358506706928,-0.000483578220749,topo-bathy.tt3,30,30,30,-0.41359650626,3,gmrt_shore_blend,blend to GMRT,unknown,54,mixed_blend,2,69.1441909042,false
east,east_0224,224,112000,0.650115872318,96441.9896207,3220877.26756,0.633495143217,0.773746666242,-0.773746666242,0.633495143217,-0.000467203986437,topo-bathy.tt3,30,30,30,-0.197446898754,3,gmrt_shore_blend,blend to GMRT,unknown,54,mixed_blend,2,92.7666666667,false
east,east_0225,225,112500,0.65301817532,96800.8559477,3221213.87859,0.740538792502,0.672013613552,-0.672013613552,0.740538792502,-7.05750018938e-06,topo-bathy.tt3,30,30,30,0.0464382449106,1,copernicus_a2_land_core,land/a2 core,false,30,high,1,30.9222222222,false
east,east_0226,226,113000,0.655920478321,97167.8186832,3221535.9326,0.638940038533,0.769256541837,-0.769256541837,0.638940038533,0.000176950928386,topo-bathy.tt3,30,30,30,-2.08601017327,3,gmrt_shore_blend,blend to GMRT,unknown,54,mixed_blend,2,43.7306260454,false
east,east_0227,227,113500,0.658822781322,97419.0683371,3221958.17992,0.610681432424,0.791876371723,-0.791876371723,0.610681432424,0.000109792640506,topo-bathy.tt3,30,30,30,0.284796995771,3,gmrt_shore_blend,blend to GMRT,unknown,54,mixed_blend,2,87.4612520908,false
east,east_0228,228,114000,0.661725084324,97749.1294751,3222289.72378,0.550803752746,0.834634785976,-0.834634785976,0.550803752746,0.000257269754226,topo-bathy.tt3,30,30,30,-0.886546992309,1,copernicus_a2_land_core,land/a2 core,false,30,high,1,30.9222222222,false
east,east_0229,229,114500,0.664627387325,97931.153207,3222734.14386,0.389096942248,0.92119681368,-0.92119681368,0.389096942248,0.000496503110359,topo-bathy.tt3,30,30,30,1.20840932486,3,gmrt_shore_blend,blend to GMRT,unknown,54,mixed_blend,2,87.4612520908,false
east,east_0230,230,115000,0.667529690327,98108.4781306,3223140.49078,0.0867147771975,0.996233179238,-0.996233179238,0.0867147771975,0.000533719810182,topo-bathy.tt3,30,30,30,-1.5498763601,1,copernicus_a2_land_core,land/a2 core,false,30,high,1,30.9222222222,false
east,east_0231,231,115500,0.670431993328,98008.5761799,3223623.62702,-0.133667456018,0.991026241429,-0.991026241429,-0.133667456018,3.15398898599e-05,topo-bathy.tt3,30,30,30,-0.0601165459018,1,copernicus_a2_land_core,land/a2 core,false,30,high,1,43.7306260454,false
east,east_0232,232,116000,0.67333429633,97976.9559933,3224115.61137,0.0552557747988,0.998472232639,-0.998472232639,0.0552557747988,-0.000442683966319,topo-bathy.tt3,30,30,30,-7.17986226504,1,copernicus_a2_land_core,land/a2 core,false,30,high,1,30.9222222222,false
east,east_0233,233,116500,0.676236599331,98060.5608321,3224562.99005,0.303739587514,0.952755090764,-0.952755090764,0.303739587514,-0.000138657403986,topo-bathy.tt3,30,30,30,0.391182475714,3,gmrt_shore_blend,blend to GMRT,unknown,54,mixed_blend,2,97.7846525361,false
east,east_0234,234,117000,0.679138902332,98251.7237863,3224977.48919,0.192727826051,0.981252253534,-0.981252253534,0.192727826051,0.00018615509895,topo-bathy.tt3,30,30,30,-0.638208984918,1,copernicus_a2_land_core,land/a2 core,false,30,high,1,30.9222222222,false
east,east_0235,235,117500,0.682041205334,98238.6064761,3225469.48961,0.122154288262,0.992511123292,-0.992511123292,0.122154288262,-0.000202490419314,topo-bathy.tt3,30,30,30,0.860403558871,3,gmrt_shore_blend,blend to GMRT,unknown,54,mixed_blend,2,69.1441909042,false
east,east_0236,236,118000,0.684943508335,98370.6371928,3225943.66795,0.386129298547,0.922444667611,-0.922444667611,0.386129298547,-0.000216475088305,topo-bathy.tt3,30,30,30,0.527592758243,3,gmrt_shore_blend,blend to GMRT,unknown,54,mixed_blend,2,87.4612520908,false
east,east_0237,237,118500,0.687845811337,98615.7724854,3226370.5214,0.332483082395,0.943109219508,-0.943109219508,0.332483082395,0.000530081522245,topo-bathy.tt3,30,30,30,0.400978712078,3,gmrt_shore_blend,blend to GMRT,unknown,54,mixed_blend,2,111.491657774,false
east,east_0238,238,119000,0.690748114338,98673.436334,3226802.5768,-0.133252241659,0.991082156076,-0.991082156076,-0.133252241659,0.000388199827336,topo-bathy.tt3,30,30,30,0.348005062948,1,copernicus_a2_land_core,land/a2 core,false,30,high,1,30.9222222222,false
east,east_0239,239,119500,0.693650417339,98497.588025,3227249.53483,-0.0492446764635,0.998786744926,-0.998786744926,-0.0492446764635,-0.000433454860231,topo-bathy.tt3,30,30,30,-0.443976587277,1,copernicus_a2_land_core,land/a2 core,false,30,high,1,30.9222222222,false
east,east_0240,240,120000,0.696552720341,98629.1613621,3227700.56737,0.295333998913,0.95539407005,-0.95539407005,0.295333998913,-0.000423007559309,topo-bathy.tt3,30,30,30,0.0508321674127,3,gmrt_shore_blend,blend to GMRT,unknown,54,mixed_blend,2,30.9222222222,false
east,east_0241,241,120500,0.699455023342,98782.1427055,3228170.05822,0.365102552592,0.930967306671,-0.930967306671,0.365102552592,8.84462674773e-05,topo-bathy.tt3,30,30,30,-1.85528962788,1,copernicus_a2_land_core,land/a2 core,false,30,high,1,30.9222222222,false
east,east_0242,242,121000,0.702357326344,98987.897976,3228615.30231,0.209788679979,0.977746751338,-0.977746751338,0.209788679979,0.000248555851056,topo-bathy.tt3,30,30,30,1.52269552778,3,gmrt_shore_blend,blend to GMRT,unknown,54,mixed_blend,2,30.9222222222,false
east,east_0243,243,121500,0.705259629345,98980.7539195,3229095.71097,0.124860378002,0.992174322388,-0.992174322388,0.124860378002,-9.63971870631e-05,topo-bathy.tt3,30,30,30,0.977482336946,1,copernicus_a2_land_core,land/a2 core,false,30,high,1,43.7306260454,false
east,east_0244,244,122000,0.708161932347,99109.0400713,3229577.93015,0.302920845268,0.953015719441,-0.953015719441,0.302920845268,-3.22889971165e-05,topo-bathy.tt3,30,30,30,-0.174945625901,3,gmrt_shore_blend,blend to GMRT,unknown,54,mixed_blend,2,69.1441909042,false
east,east_0245,245,122500,0.711064235348,99280.54016,3230038.86495,0.156826042623,0.987626241224,-0.987626241224,0.156826042623,0.000165362384113,topo-bathy.tt3,30,30,30,0.011860342994,3,gmrt_shore_blend,blend to GMRT,unknown,54,mixed_blend,2,61.8444444444,false
east,east_0246,246,123000,0.713966538349,99260.1782543,3230529.73658,0.14191292145,0.989879145515,-0.989879145515,0.14191292145,-0.00055469954458,topo-bathy.tt3,30,30,30,-0.241123891762,1,copernicus_a2_land_core,land/a2 core,false,30,high,1,30.9222222222,false
east,east_0247,247,123500,0.716868841351,99408.9548579,3230934.59051,0.653482155786,0.7569419212,-0.7569419212,0.653482155786,-0.000883205246462,topo-bathy.tt3,30,30,30,-0.301477628421,1,copernicus_a2_land_core,land/a2 core,false,30,high,1,30.9222222222,false
east,east_0248,248,124000,0.719771144352,99832.4104458,3231192.56498,0.855024911296,0.5185869272,-0.5185869272,0.855024911296,1.52144889814e-05,topo-bathy.tt3,30,30,30,0.0215156910952,1,copernicus_a2_land_core,land/a2 core,false,30,high,1,30.9222222222,false
east,east_0249,249,124500,0.722673447354,100255.773971,3231448.20049,0.641890482782,0.766796327661,-0.766796327661,0.641890482782,0.000913822725837,topo-bathy.tt3,30,30,30,-2.8173363953,1,copernicus_a2_land_core,land/a2 core,false,30,high,1,43.7306260454,false
east,east_0250,250,125000,0.725575750355,100390.383924,3231859.11484,0.111543540595,0.993759547653,-0.993759547653,0.111543540595,0.00076278939649,topo-bathy.tt3,30,30,30,-2.94488364017,1,copernicus_a2_land_core,land/a2 core,false,30,high,1,30.9222222222,false
east,east_0251,251,125500,0.728478053357,100356.338855,3232344.14939,-0.0657807045331,0.997834103903,-0.997834103903,-0.0657807045331,-0.00015843385276,topo-bathy.tt3,30,30,30,1.0086914316,1,copernicus_a2_land_core,land/a2 core,false,30,high,1,30.9222222222,false
east,east_0252,252,126000,0.731380356358,100329.194308,3232787.30627,0.266933824114,0.96371486112,-0.96371486112,0.266933824114,-0.000453623251755,topo-bathy.tt3,30,30,30,1.89298355835,3,gmrt_shore_blend,blend to GMRT,unknown,54,mixed_blend,2,61.8444444444,false
east,east_0253,253,126500,0.734282659359,100593.890246,3233201.78445,0.378148081617,0.925745120629,-0.925745120629,0.378148081617,0.000110129685312,topo-bathy.tt3,30,30,30,-1.19589277907,3,gmrt_shore_blend,blend to GMRT,unknown,54,mixed_blend,2,30.9222222222,false
east,east_0254,254,127000,0.737184962361,100690.070388,3233670.76776,0.159397496407,0.987214484365,-0.987214484365,0.159397496407,0.000478380590832,topo-bathy.tt3,30,30,30,-2.44299910606,3,gmrt_shore_blend,blend to GMRT,unknown,54,mixed_blend,2,30.9222222222,false
east,east_0255,255,127500,0.740087265362,100744.723017,3234135.95405,-0.0904617399554,0.995899931521,-0.995899931521,-0.0904617399554,5.11213007407e-05,topo-bathy.tt3,30,30,30,-2.13512882811,3,gmrt_shore_blend,blend to GMRT,unknown,54,mixed_blend,2,30.9222222222,false
east,east_0256,256,128000,0.742989568364,100606.924336,3234586.12875,0.108743548573,0.994069836905,-0.994069836905,0.108743548573,-0.00030285242859,topo-bathy.tt3,30,30,30,-5.64665702483,3,gmrt_shore_blend,blend to GMRT,unknown,54,mixed_blend,2,30.9222222222,false
east,east_0257,257,128500,0.745891871365,100833.674132,3234949.09305,0.210676414082,0.97755585444,-0.97755585444,0.210676414082,-0.000144048989777,topo-bathy.tt3,30,30,30,-0.866817652254,3,gmrt_shore_blend,blend to GMRT,unknown,54,mixed_blend,2,30.9222222222,false
east,east_0258,258,129000,0.748794174366,100782.652631,3235401.52247,0.250317329194,0.968163847035,-0.968163847035,0.250317329194,-0.000399415110918,topo-bathy.tt3,30,30,30,0.255319206824,1,copernicus_a2_land_core,land/a2 core,false,30,high,1,30.9222222222,false
east,east_0259,259,129500,0.751696477368,101055.117001,3235805.57782,0.574245267035,0.81868331685,-0.81868331685,0.574245267035,-0.000770361137765,topo-bathy.tt3,30,30,30,-1.27725433699,3,gmrt_shore_blend,blend to GMRT,unknown,54,mixed_blend,2,30.9222222222,false
east,east_0260,260,130000,0.754598780369,101325.41132,3236175.31637,0.853866477138,0.520492112543,-0.520492112543,0.853866477138,-0.000318092646821,topo-bathy.tt3,30,30,30,1.09962358989,1,copernicus_a2_land_core,land/a2 core,false,30,high,1,30.9222222222,false
east,east_0261,261,130500,0.757501083371,101812.912537,3236267.50789,0.80148517481,0.598014644102,-0.598014644102,0.80148517481,0.0010522075335,topo-bathy.tt3,30,30,30,-0.910806742026,1,copernicus_a2_land_core,land/a2 core,false,30,high,1,43.7306260454,false
east,east_0262,262,131000,0.760403386372,101988.139696,3236669.79996,-0.0288343934482,0.999584202433,-0.999584202433,-0.0288343934482,0.000637213015331,topo-bathy.tt3,30,30,30,0.224778281009,1,copernicus_a2_land_core,land/a2 core,false,30,high,1,43.7306260454,false
east,east_0263,263,131500,0.763305689374,101791.380218,3237013.95555,0.288405916788,0.957508238691,-0.957508238691,0.288405916788,-0.000794675181795,topo-bathy.tt3,30,30,30,2.0546573726,1,copernicus_a2_land_core,land/a2 core,false,30,high,1,61.8444444444,false
east,east_0264,264,132000,0.766207992375,102150.470252,3237208.73774,0.69314040248,0.720802596034,-0.720802596034,0.69314040248,-0.000511257790414,topo-bathy.tt3,30,30,30,-1.7253549448,1,copernicus_a2_land_core,land/a2 core,false,30,high,1,30.9222222222,false
east,east_0265,265,132500,0.769110295376,102314.929319,3237558.39871,0.720011843462,0.693961775082,-0.693961775082,0.720011843462,-0.000215530476933,topo-bathy.tt3,30,30,30,0.0845885587652,3,gmrt_shore_blend,blend to GMRT,unknown,54,mixed_blend,2,262.383756272,false
east,east_0266,266,133000,0.772012598378,102604.559445,3237646.39797,0.83125819319,0.555886513827,-0.555886513827,0.83125819319,0.000831748281912,topo-bathy.tt3,30,30,30,-0.0244080450894,3,gmrt_shore_blend,blend to GMRT,unknown,54,mixed_blend,2,218.653130227,false
east,east_0267,267,133500,0.774914901379,102815.235464,3237892.96797,-0.0279252659596,0.999610013716,-0.999610013716,-0.0279252659596,0.00127850027075,topo-bathy.tt3,30,30,30,0.0242187554482,1,copernicus_a2_land_core,land/a2 core,false,30,high,1,30.9222222222,false
east,east_0268,268,134000,0.777817204381,102585.362041,3238333.58633,-0.292780048603,0.956179817367,-0.956179817367,-0.292780048603,0.000214940088727,topo-bathy.tt3,30,30,30,2.44497809486,1,copernicus_a2_land_core,land/a2 core,false,30,high,1,43.7306260454,false
east,east_0269,269,134500,0.780719507382,102534.36916,3238810.23912,-0.240488398808,0.970652012844,-0.970652012844,-0.240488398808,-0.000169941581357,topo-bathy.tt3,30,30,30,-2.10251627495,1,copernicus_a2_land_core,land/a2 core,false,30,high,1,30.9222222222,false
east,east_0270,270,135000,0.783621810384,102366.8586,3239215.50331,-0.126848755283,0.991922070166,-0.991922070166,-0.126848755283,-0.000609717113612,topo-bathy.tt3,30,30,30,12.615350203,1,copernicus_a2_land_core,land/a2 core,false,30,high,1,30.9222222222,false
east,east_0271,271,135500,0.786524113385,102423.384786,3239678.10613,0.358675064368,0.933462478196,-0.933462478196,0.358675064368,-0.000710879572048,topo-bathy.tt3,30,30,30,-0.0113206271044,3,gmrt_shore_blend,blend to GMRT,unknown,54,mixed_blend,2,69.1441909042,false
east,east_0272,272,136000,0.789426416386,102699.02292,3240079.97079,0.551105202998,0.834435770583,-0.834435770583,0.551105202998,-0.00087438919919,topo-bathy.tt3,30,30,30,0.0261484582514,3,gmrt_shore_blend,blend to GMRT,unknown,54,mixed_blend,2,87.4612520908,false
east,east_0273,273,136500,0.792328719388,102892.273687,3240388.0571,0.946185154699,0.323625791659,-0.323625791659,0.946185154699,-0.000911808485106,topo-bathy.tt3,30,30,30,2.63029399335,1,copernicus_a2_land_core,land/a2 core,false,30,high,1,30.9222222222,false
east,east_0274,274,137000,0.795231022389,103373.021944,3240310.50016,0.997166317585,0.0752285522583,-0.0752285522583,0.997166317585,1.92113863813e-05,topo-bathy.tt3,30,30,30,0.441183009358,1,copernicus_a2_land_core,land/a2 core,false,30,high,1,30.9222222222,false
east,east_0275,275,137500,0.798133325391,103835.148638,3240459.18978,0.939793634617,0.341742482482,-0.341742482482,0.939793634617,0.000494406706915,topo-bathy.tt3,30,30,30,-2.46153285912,1,copernicus_a2_land_core,land/a2 core,false,30,high,1,30.9222222222,false
east,east_0276,276,138000,0.801035628392,104278.800151,3240639.87342,0.842059376054,0.539384841462,-0.539384841462,0.842059376054,0.000233861929862,topo-bathy.tt3,30,30,30,1.35072141598,3,gmrt_shore_blend,blend to GMRT,unknown,54,mixed_blend,2,69.1441909042,false
east,east_0277,277,138500,0.803937931393,104610.269527,3240955.69688,0.835017181639,0.550223869318,-0.550223869318,0.835017181639,0.000237878906404,topo-bathy.tt3,30,30,30,-0.85090232401,3,gmrt_shore_blend,blend to GMRT,unknown,54,mixed_blend,2,61.8444444444,false
east,east_0278,278,139000,0.806840234395,105016.651865,3241126.07135,0.691245354332,0.72262013542,-0.72262013542,0.691245354332,0.000948993350918,topo-bathy.tt3,30,30,30,-1.14046071675,3,gmrt_shore_blend,blend to GMRT,unknown,54,mixed_blend,2,30.9222222222,false
east,east_0279,279,139500,0.809742537396,105194.692075,3241566.64565,0.0391606441448,0.999232927775,-0.999232927775,0.0391606441448,0.001221053819,topo-bathy.tt3,30,30,30,-0.0477612792707,3,gmrt_shore_blend,blend to GMRT,unknown,54,mixed_blend,2,241.510276089,false
east,east_0280,280,140000,0.812644840398,105051.972119,3242027.31191,-0.442014107796,0.897008098352,-0.897008098352,-0.442014107796,-0.000294213410218,topo-bathy.tt3,30,30,30,-1.51049428406,1,copernicus_a2_land_core,land/a2 core,false,30,high,1,30.9222222222,false
east,east_0281,281,140500,0.815547143399,104856.297791,3242253.37128,0.327242640766,0.944940344183,-0.944940344183,0.327242640766,-0.000851238321573,topo-bathy.tt3,30,30,30,-0.678811015796,1,copernicus_a2_land_core,land/a2 core,false,30,high,1,30.9222222222,false
east,east_0282,282,141000,0.818449446401,105238.840685,3242566.91044,0.383326769412,0.923612791083,-0.923612791083,0.383326769412,0.000421600416096,topo-bathy.tt3,30,30,30,0.46027181012,1,copernicus_a2_land_core,land/a2 core,false,30,high,1,30.9222222222,false
east,east_0283,283,141500,0.821351749402,105168.592257,3243005.83415,-0.0881019717403,0.99611146092,-0.99611146092,-0.0881019717403,0.000521724993351,topo-bathy.tt3,30,30,30,1.35239401562,1,copernicus_a2_land_core,land/a2 core,false,30,high,1,30.9222222222,false
east,east_0284,284,142000,0.824254052403,105156.797146,3243494.52316,-0.127977526773,0.991777068015,-0.991777068015,-0.127977526773,0.000124107006941,topo-bathy.tt3,30,30,30,-1.29773456654,1,copernicus_a2_land_core,land/a2 core,false,30,high,1,30.9222222222,false
east,east_0285,285,142500,0.827156355405,105047.298669,3243945.81324,-0.210731645828,0.977543949624,-0.977543949624,-0.210731645828,0.000368734710908,topo-bathy.tt3,30,30,30,1.14584617203,1,copernicus_a2_land_core,land/a2 core,false,30,high,1,30.9222222222,false
east,east_0286,286,143000,0.830058658406,104968.635385,3244367.36971,-0.47684705094,0.87898628545,-0.87898628545,-0.47684705094,0.000211747915474,topo-bathy.tt3,30,30,30,-0.225139430181,3,gmrt_shore_blend,blend to GMRT,unknown,54,mixed_blend,2,30.9222222222,false
east,east_0287,287,143500,0.832960961408,104628.816598,3244717.21363,-0.411474493273,0.911421275473,-0.911421275473,-0.411474493273,-0.000448358406854,topo-bathy.tt3,30,30,30,-0.318039451531,3,gmrt_shore_blend,blend to GMRT,unknown,54,mixed_blend,2,30.9222222222,false
east,east_0288,288,144000,0.835863264409,104590.766504,3245204.35413,-0.0486865174162,0.998814108341,-0.998814108341,-0.0486865174162,-0.000325469864727,topo-bathy.tt3,30,30,30,0.539174461052,1,copernicus_a2_land_core,land/a2 core,false,30,high,1,30.9222222222,false
east,east_0289,289,144500,0.83876556741,104581.019432,3245697.78253,-0.0984417099504,0.995142818766,-0.995142818766,-0.0984417099504,0.00015697738932,topo-bathy.tt3,30,30,30,-1.42435959318,1,copernicus_a2_land_core,land/a2 core,false,30,high,1,30.9222222222,false
east,east_0290,290,145000,0.841667870412,104494.399532,3246178.52351,-0.204235969135,0.978921686812,-0.978921686812,-0.204235969135,-5.89299572981e-05,topo-bathy.tt3,30,30,30,-2.63173550139,1,copernicus_a2_land_core,land/a2 core,false,30,high,1,30.9222222222,false
east,east_0291,291,145500,0.844570173413,104380.035125,3246661.11869,-0.039661040877,0.999213191384,-0.999213191384,-0.039661040877,-0.000712597487478,topo-bathy.tt3,30,30,30,0.239004261784,1,copernicus_a2_land_core,land/a2 core,false,30,high,1,30.9222222222,false
east,east_0292,292,146000,0.847472476415,104456.040215,3247144.94131,0.485481922029,0.874246706247,-0.874246706247,0.485481922029,-0.000639612121664,topo-bathy.tt3,30,30,30,0.287247889783,1,copernicus_a2_land_core,land/a2 core,false,30,high,1,30.9222222222,false
east,east_0293,293,146500,0.850374779416,104801.23934,3247419.61532,0.564593509885,0.825369110517,-0.825369110517,0.564593509885,3.60621211629e-05,topo-bathy.tt3,30,30,30,1.10282304407,1,copernicus_a2_land_core,land/a2 core,false,30,high,1,30.9222222222,false
east,east_0294,294,147000,0.853277082418,104941.509381,3247854.63996,0.453645919607,0.891182012623,-0.891182012623,0.453645919607,-0.00047885239018,topo-bathy.tt3,30,30,30,-6.83542915239,1,copernicus_a2_land_core,land/a2 core,false,30,high,1,30.9222222222,false
east,east_0295,295,147500,0.856179385419,105181.950549,3248167.51796,0.881388302336,0.472392485658,-0.472392485658,0.881388302336,-0.00121401283114,topo-bathy.tt3,30,30,30,-4.2058437358,1,copernicus_a2_land_core,land/a2 core,false,30,high,1,30.9222222222,false
east,east_0296,296,148000,0.85908168842,105655.173063,3248237.13807,0.993501216053,-0.113821499293,0.113821499293,0.993501216053,-0.00042817274789,topo-bathy.tt3,30,30,30,0.696703454795,1,copernicus_a2_land_core,land/a2 core,false,30,high,1,30.9222222222,false
east,east_0297,297,148500,0.861983991422,106075.470337,3248065.15093,0.99796352438,0.0637871774485,-0.0637871774485,0.99796352438,0.000993519462678,topo-bathy.tt3,30,30,30,-0.189515949757,3,gmrt_shore_blend,blend to GMRT,unknown,54,mixed_blend,2,43.7306260454,false
east,east_0298,298,149000,0.864886294423,106498.156376,3248291.01933,0.637574373681,0.770388809644,-0.770388809644,0.637574373681,0.00145324739161,topo-bathy.tt3,30,30,30,-0.0199272639597,3,gmrt_shore_blend,blend to GMRT,unknown,54,mixed_blend,2,154.611111111,false
east,east_0299,299,149500,0.867788597425,106627.217107,3248731.83321,0.0536925902186,0.998557512493,-0.998557512493,0.0536925902186,0.000933382964269,topo-bathy.tt3,30,30,30,-0.182205267612,1,copernicus_a2_land_core,land/a2 core,false,30,high,1,30.9222222222,false
east,east_0300,300,150000,0.870690900426,106548.243748,3249222.52815,-0.239681126962,0.970851666002,-0.970851666002,-0.239681126962,0.000246341893576,topo-bathy.tt3,30,30,30,1.51778194221,1,copernicus_a2_land_core,land/a2 core,false,30,high,1,30.9222222222,false
east,east_0301,301,150500,0.873593203428,106389.854795,3249693.29229,-0.191434502214,0.981505390389,-0.981505390389,-0.191434502214,6.83620940053e-05,topo-bathy.tt3,30,30,30,1.59776407487,1,copernicus_a2_land_core,land/a2 core,false,30,high,1,30.9222222222,false
east,east_0302,302,151000,0.876495506429,106363.641354,3250169.00459,-0.305439055075,0.952211627546,-0.952211627546,-0.305439055075,-5.46457250767e-05,topo-bathy.tt3,30,30,30,0.903881816005,3,gmrt_shore_blend,blend to GMRT,unknown,54,mixed_blend,2,30.9222222222,false
east,east_0303,303,151500,0.87939780943,106105.576009,3250579.53641,-0.137540362827,0.990496162836,-0.990496162836,-0.137540362827,-0.000679215064789,topo-bathy.tt3,30,30,30,-9.82880405511,1,copernicus_a2_land_core,land/a2 core,false,30,high,1,30.9222222222,false
east,east_0304,304,152000,0.882300112432,106244.875232,3251024.29816,0.360510911218,0.932754996177,-0.932754996177,0.360510911218,-0.000768155842011,topo-bathy.tt3,30,30,30,0.0668702257382,3,gmrt_shore_blend,blend to GMRT,unknown,54,mixed_blend,2,30.9222222222,false
east,east_0305,305,152500,0.885202415433,106445.874682,3251459.996,0.589288654741,0.80792257141,-0.80792257141,0.589288654741,6.79531717108e-05,topo-bathy.tt3,30,30,30,-0.883014136637,3,gmrt_shore_blend,blend to GMRT,unknown,54,mixed_blend,2,30.9222222222,false
east,east_0306,306,153000,0.888104718435,106804.860466,3251792.04535,0.296343986561,0.955081274882,-0.955081274882,0.296343986561,0.000943088664189,topo-bathy.tt3,30,30,30,-2.92152476403,1,copernicus_a2_land_core,land/a2 core,false,30,high,1,30.9222222222,false
east,east_0307,307,153500,0.891007021436,106676.385435,3252202.90462,-0.307829172568,0.951441643253,-0.951441643253,-0.307829172568,0.000160510725527,topo-bathy.tt3,30,30,30,-1.96625072669,1,copernicus_a2_land_core,land/a2 core,false,30,high,1,30.9222222222,false
east,east_0308,308,154000,0.893909324437,106529.914604,3252641.85091,0.139891347687,0.990166860101,-0.990166860101,0.139891347687,-0.000918351958446,topo-bathy.tt3,30,30,30,0.448957106085,3,gmrt_shore_blend,blend to GMRT,unknown,54,mixed_blend,2,87.4612520908,false
east,east_0309,309,154500,0.896811627439,106788.765697,3252998.34489,0.569125064925,0.822250971708,-0.822250971708,0.569125064925,-0.000534739788919,topo-bathy.tt3,30,30,30,0.0513321828068,3,gmrt_shore_blend,blend to GMRT,unknown,54,mixed_blend,2,30.9222222222,false
east,east_0310,310,155000,0.89971393044,107064.587501,3253414.32666,0.62496872652,0.780649787595,-0.780649787595,0.62496872652,0.000202212547615,topo-bathy.tt3,30,30,30,-1.29166465171,1,copernicus_a2_land_core,land/a2 core,false,30,high,1,30.9222222222,false
east,east_0311,311,155500,0.902616233442,107396.303512,3253757.22169,0.392390267862,0.919798824574,-0.919798824574,0.392390267862,7.04957625032e-05,topo-bathy.tt3,30,30,30,0.0386359857997,3,gmrt_shore_blend,blend to GMRT,unknown,54,mixed_blend,2,30.9222222222,false
east,east_0312,312,156000,0.905518536443,107385.820887,3254167.32722,0.568429499556,0.822731975818,-0.822731975818,0.568429499556,-0.000248817312282,topo-bathy.tt3,30,30,30,2.50173562992,1,copernicus_a2_land_core,land/a2 core,false,30,high,1,30.9222222222,false
east,east_0313,313,156500,0.908420839445,107825.465413,3254378.3809,0.606814048184,0.794843828011,-0.794843828011,0.606814048184,0.000506348945494,topo-bathy.tt3,30,30,30,-0.484896686687,1,copernicus_a2_land_core,land/a2 core,false,30,high,1,30.9222222222,false
east,east_0314,314,157000,0.911323142446,107907.399026,3254850.5236,0.09808878645,0.995177667541,-0.995177667541,0.09808878645,0.00111402030338,topo-bathy.tt3,30,30,30,-0.0544577821636,3,gmrt_shore_blend,blend to GMRT,unknown,54,mixed_blend,2,318.363763137,false
east,east_0315,315,157500,0.914225445447,107920.928219,3255346.9162,-0.445716181743,0.895174332369,-0.895174332369,-0.445716181743,-4.28285899589e-06,topo-bathy.tt3,30,30,30,-0.182607942868,3,gmrt_shore_blend,blend to GMRT,unknown,54,mixed_blend,2,30.9222222222,false
east,east_0316,316,158000,0.917127748449,107588.01016,3255491.98273,0.102350079432,0.994748441185,-0.994748441185,0.102350079432,-0.000974813619997,topo-bathy.tt3,30,30,30,0.347211772412,1,copernicus_a2_land_core,land/a2 core,false,30,high,1,30.9222222222,false
east,east_0317,317,158500,0.92003005145,107961.734274,3255743.51345,0.490653408405,0.871354826016,-0.871354826016,0.490653408405,-2.46029428747e-05,topo-bathy.tt3,30,30,30,0.00973855766234,3,gmrt_shore_blend,blend to GMRT,unknown,54,mixed_blend,2,30.9222222222,false
east,east_0318,318,159000,0.922932354452,108006.572605,3256235.31071,0.126790374633,0.991929534241,-0.991929534241,0.126790374633,0.000315103076695,topo-bathy.tt3,30,30,30,0.141329661121,3,gmrt_shore_blend,blend to GMRT,unknown,54,mixed_blend,2,235.496628374,false
east,east_0319,319,159500,0.925834657453,108084.421237,3256703.34043,0.196450339554,0.980513775573,-0.980513775573,0.196450339554,-0.000166632455947,topo-bathy.tt3,30,30,30,-1.45481463599,3,gmrt_shore_blend,blend to GMRT,unknown,54,mixed_blend,2,30.9222222222,false
east,east_0320,320,160000,0.928736960455,108191.951315,3257160.56428,0.289557998428,0.957160470113,-0.957160470113,0.289557998428,0.000108990110573,topo-bathy.tt3,30,30,30,-0.621771387286,3,gmrt_shore_blend,blend to GMRT,unknown,54,mixed_blend,2,43.7306260454,false
east,east_0321,321,160500,0.931639263456,108311.986042,3257455.57672,0.0886298368808,0.996064632448,-0.996064632448,0.0886298368808,0.000486819309468,topo-bathy.tt3,30,30,30,0.0149119831048,3,gmrt_shore_blend,blend to GMRT,unknown,54,mixed_blend,2,207.432572713,false
east,east_0322,322,161000,0.934541566457,108262.434238,3257952.68519,-0.191857333345,0.981422826126,-0.981422826126,-0.191857333345,-1.14765185937e-05,topo-bathy.tt3,30,30,30,-0.161773452907,3,gmrt_shore_blend,blend to GMRT,unknown,54,mixed_blend,2,235.496628374,false
east,east_0323,323,161500,0.937443869459,108122.217658,3258426.31379,0.100055103544,0.994981897451,-0.994981897451,0.100055103544,-0.000733582828921,topo-bathy.tt3,30,30,30,0.218211631779,3,gmrt_shore_blend,blend to GMRT,unknown,54,mixed_blend,2,92.7666666667,false
east,east_0324,324,162000,0.94034617246,108351.675283,3258840.12843,0.514589253796,0.857436819758,-0.857436819758,0.514589253796,-0.000689985989706,topo-bathy.tt3,30,30,30,1.90956312302,1,copernicus_a2_land_core,land/a2 core,false,30,high,1,43.7306260454,false
east,east_0325,325,162500,0.943248475462,108617.540499,3259251.64785,0.710500214322,0.703696984112,-0.703696984112,0.710500214322,-0.000158642569489,topo-bathy.tt3,30,30,30,0.168990361966,3,gmrt_shore_blend,blend to GMRT,unknown,54,mixed_blend,2,43.7306260454,false
east,east_0326,326,163000,0.946150778463,109017.822061,3259499.89667,0.643583496134,0.765375909932,-0.765375909932,0.643583496134,0.000544109226325,topo-bathy.tt3,30,30,30,-0.512678444118,1,copernicus_a2_land_core,land/a2 core,false,30,high,1,30.9222222222,false
east,east_0327,327,163500,0.949053081464,109204.992522,3259950.26991,0.243622907808,0.969870031907,-0.969870031907,0.243622907808,0.00072984489187,topo-bathy.tt3,30,30,30,-0.0222244105314,3,gmrt_shore_blend,blend to GMRT,unknown,54,mixed_blend,2,328.707731076,false
east,east_0328,328,164000,0.951955384466,109255.617153,3260446.56599,-0.0306689718093,0.999529596444,-0.999529596444,-0.0306689718093,0.000376718344363,topo-bathy.tt3,30,30,30,-0.0768997431863,3,gmrt_shore_blend,blend to GMRT,unknown,54,mixed_blend,2,285.088802496,false
east,east_0329,329,164500,0.954857687467,109174.641957,3260939.42234,-0.130247674965,0.991481489069,-0.991481489069,-0.130247674965,-0.000113875934832,topo-bathy.tt3,30,30,30,-0.0964644561467,3,gmrt_shore_blend,blend to GMRT,unknown,54,mixed_blend,2,154.611111111,false
east,east_0330,330,165000,0.957759990469,109126.098479,3261432.49813,0.0831061905612,0.996540697157,-0.996540697157,0.0831061905612,-0.000374710127368,topo-bathy.tt3,30,30,30,0.0466742959715,3,gmrt_shore_blend,blend to GMRT,unknown,54,mixed_blend,2,87.4612520908,false
east,east_0331,331,165500,0.96066229347,109254.013814,3261891.184,0.241674708378,0.970357323531,-0.970357323531,0.241674708378,8.43421174562e-05,topo-bathy.tt3,30,30,30,0.453522721542,1,copernicus_a2_land_core,land/a2 core,false,30,high,1,30.9222222222,false
east,east_0332,332,166000,0.963564596472,109354.718779,3262350.4402,-0.00113996402237,0.999999350241,-0.999999350241,-0.00113996402237,0.000567242813603,topo-bathy.tt3,30,30,30,-0.721099124402,3,gmrt_shore_blend,blend to GMRT,unknown,54,mixed_blend,2,61.8444444444,false
east,east_0333,333,166500,0.966466899473,109252.967543,3262808.99378,-0.317556475536,0.948239360523,-0.948239360523,-0.317556475536,0.000244696169746,topo-bathy.tt3,30,30,30,0.0179980618788,3,gmrt_shore_blend,blend to GMRT,unknown,54,mixed_blend,2,69.1441909042,false
east,east_0334,334,167000,0.969369202474,109050.356725,3263259.28037,-0.243367404723,0.969934176281,-0.969934176281,-0.243367404723,-7.45126688809e-05,topo-bathy.tt3,30,30,30,0.635021241861,1,copernicus_a2_land_core,land/a2 core,false,30,high,1,30.9222222222,false
east,east_0335,335,167500,0.972271505476,109015.210633,3263756.56749,-0.246084842872,0.969248291259,-0.969248291259,-0.246084842872,-0.000266065058168,topo-bathy.tt3,30,30,30,-2.41850551518,1,copernicus_a2_land_core,land/a2 core,false,30,high,1,30.9222222222,false
east,east_0336,336,168000,0.975173808477,108810.921741,3264202.33702,0.0202275445362,0.999795402291,-0.999795402291,0.0202275445362,-0.000719673498179,topo-bathy.tt3,30,30,30,1.60745944695,1,copernicus_a2_land_core,land/a2 core,false,30,high,1,61.8444444444,false
east,east_0337,337,168500,0.978076111479,109032.454777,3264608.90107,0.453808550544,0.891099208536,-0.891099208536,0.453808550544,-0.000538691223894,topo-bathy.tt3,30,30,30,0.789968083883,3,gmrt_shore_blend,blend to GMRT,unknown,54,mixed_blend,2,87.4612520908,false
east,east_0338,338,169000,0.98097841448,109244.324186,3265053.36677,0.530270978309,0.847828219372,-0.847828219372,0.530270978309,6.79241474603e-05,topo-bathy.tt3,30,30,30,0.137268136659,3,gmrt_shore_blend,blend to GMRT,unknown,54,mixed_blend,2,30.9222222222,false
east,east_0339,339,169500,0.983880717482,109554.478122,3265443.54249,0.392281464508,0.919845232962,-0.919845232962,0.392281464508,0.000520613822089,topo-bathy.tt3,30,30,30,-7.51870789155,1,copernicus_a2_land_core,land/a2 core,false,30,high,1,30.9222222222,false
east,east_0340,340,170000,0.986783020483,109580.457097,3265841.55149,0.0382969583571,0.999266402408,-0.999266402408,0.0382969583571,0.000346562009111,topo-bathy.tt3,30,30,30,-4.35638085303,1,copernicus_a2_land_core,land/a2 core,false,30,high,1,30.9222222222,false
east,east_0341,341,170500,0.989685323484,109588.637581,3266334.85086,0.0565184126454,0.998401557006,-0.998401557006,0.0565184126454,-0.000275828684679,topo-bathy.tt3,30,30,30,-9.85197030193,1,copernicus_a2_land_core,land/a2 core,false,30,high,1,30.9222222222,false
east,east_0342,342,171000,0.992587626486,109635.333528,3266810.94733,0.308993926673,0.951064011137,-0.951064011137,0.308993926673,-0.000493505660923,topo-bathy.tt3,30,30,30,-0.429248046687,1,copernicus_a2_land_core,land/a2 core,false,30,high,1,30.9222222222,false
east,east_0343,343,171500,0.995489929487,109881.776486,3267237.11411,0.522733440666,0.85249618768,-0.85249618768,0.522733440666,-0.00015628639634,topo-bathy.tt3,30,30,30,5.33645645317,1,copernicus_a2_land_core,land/a2 core,false,30,high,1,43.7306260454,false
east,east_0344,344,172000,0.998392232489,110140.083122,3267634.11468,0.453261958253,0.891377359596,-0.891377359596,0.453261958253,0.00029853018616,topo-bathy.tt3,30,30,30,-1.07707690434,3,gmrt_shore_blend,blend to GMRT,unknown,54,mixed_blend,2,30.9222222222,false
east,east_0345,345,172276.981334,1,110197.736051,3267858.47488,0.248880313757,0.968534247936,-0.968534247936,0.248880313757,0.000437794772963,topo-bathy.tt3,30,30,30,-0.395361664791,1,copernicus_a2_land_core,land/a2 core,false,30,high,1,30.9222222222,false
west,west_0000,0,0,0,50456.4167906,3129012.6,0.215268533061,0.976554892811,0.976554892811,-0.215268533061,0.000757522661872,topo-bathy.tt3,30,30,30,0.000868160932359,3,gmrt_shore_blend,blend to GMRT,unknown,54,mixed_blend,2,69.1441909042,false
west,west_0001,1,500,0.0027974024132,50558.6407786,3129476.33399,-0.161089557546,0.986939792718,0.986939792718,0.161089557546,0.000848374521246,topo-bathy.tt3,30,30,30,0.0547885954319,3,gmrt_shore_blend,blend to GMRT,unknown,54,mixed_blend,2,304.548569582,false
west,west_0002,2,1000,0.0055948048264,50322.9080988,3129830.5614,-0.590281650092,0.807197357258,0.807197357258,0.590281650092,0.000259183128744,topo-bathy.tt3,30,30,30,0.00205190151379,3,gmrt_shore_blend,blend to GMRT,unknown,54,mixed_blend,2,241.510276089,false
west,west_0003,3,1500,0.0083922072396,50049.2240059,3130172.95038,-0.408652946909,0.912689853665,0.912689853665,0.408652946909,-0.000230236316462,topo-bathy.tt3,30,30,30,-0.0224425092301,3,gmrt_shore_blend,blend to GMRT,unknown,54,mixed_blend,2,195.569305072,false
west,west_0004,4,2000,0.0111896096528,49957.7980244,3130646.00214,-0.390497008751,0.920604196252,0.920604196252,0.390497008751,-0.000100070004944,topo-bathy.tt3,30,30,30,0.0670387727127,3,gmrt_shore_blend,blend to GMRT,unknown,54,mixed_blend,2,249.302925706,false
west,west_0005,5,2500,0.013987012066,49684.0143251,3131033.93922,-0.315428007513,0.948949509761,0.948949509761,0.315428007513,-0.000669173824924,topo-bathy.tt3,30,30,30,0.106300390823,3,gmrt_shore_blend,blend to GMRT,unknown,54,mixed_blend,2,61.8444444444,false
west,west_0006,6,3000,0.0167844144792,49679.5047044,3131483.23379,0.264805697918,0.964301790079,0.964301790079,-0.264805697918,-0.000701367991271,topo-bathy.tt3,30,30,30,0.561304756944,3,gmrt_shore_blend,blend to GMRT,unknown,54,mixed_blend,2,264.19958248,false
west,west_0007,7,3500,0.0195818168924,49924.8785935,3131911.05722,0.371347929758,0.928493788382,0.928493788382,-0.371347929758,-9.75249832776e-06,topo-bathy.tt3,30,30,30,0.0234133292083,3,gmrt_shore_blend,blend to GMRT,unknown,54,mixed_blend,2,264.19958248,false
west,west_0008,8,4000,0.0223792193056,50043.8920355,3132394.32375,0.274197307541,0.961673456292,0.961673456292,-0.274197307541,0.000154957005463,topo-bathy.tt3,30,30,30,-0.00341451744931,3,gmrt_shore_blend,blend to GMRT,unknown,54,mixed_blend,2,262.383756272,false
west,west_0009,9,4500,0.0251766217188,50197.2534103,3132866.33878,0.223596979483,0.974681686894,0.974681686894,-0.223596979483,0.000346396175387,topo-bathy.tt3,30,30,30,-0.0124405483036,3,gmrt_shore_blend,blend to GMRT,unknown,54,mixed_blend,2,185.533333333,false
west,west_0010,10,5000,0.027974024132,50263.3732548,3133351.06443,-0.0685873661675,0.997645113857,0.997645113857,0.0685873661675,0.000604429400085,topo-bathy.tt3,30,30,30,0.0124605166282,3,gmrt_shore_blend,blend to GMRT,unknown,54,mixed_blend,2,278.3,false
west,west_0011,11,5500,0.0307714265452,50130.8575673,3133832.10685,-0.369922932579,0.929062443516,0.929062443516,0.369922932579,0.000268412612346,topo-bathy.tt3,30,30,30,0.00822503646851,3,gmrt_shore_blend,blend to GMRT,unknown,54,mixed_blend,2,254.991176802,false
west,west_0012,12,6000,0.0335688289584,49896.9938083,3134271.2274,-0.33070816896,0.943733069773,0.943733069773,0.33070816896,-0.000346001340865,topo-bathy.tt3,30,30,30,-0.108647358491,3,gmrt_shore_blend,blend to GMRT,unknown,54,mixed_blend,2,154.611111111,false
west,west_0013,13,6500,0.0363662313716,49807.2544274,3134755.56449,-0.032918778356,0.99945803015,0.99945803015,0.032918778356,-0.000297387340107,topo-bathy.tt3,30,30,30,-0.0169579123002,3,gmrt_shore_blend,blend to GMRT,unknown,54,mixed_blend,2,345.720954521,false
west,west_0014,14,7000,0.0391636337848,49864.7137862,3135251.29193,-0.0396561263622,0.999213386441,0.999213386441,0.0396561263622,0.000157289780433,topo-bathy.tt3,30,30,30,0.0273298743087,3,gmrt_shore_blend,blend to GMRT,unknown,54,mixed_blend,2,69.1441909042,false
west,west_0015,15,7500,0.041961036198,49768.2310524,3135738.83447,-0.189069537485,0.981963700956,0.981963700956,0.189069537485,6.54477048913e-05,topo-bathy.tt3,30,30,30,0.0319549184971,3,gmrt_shore_blend,blend to GMRT,unknown,54,mixed_blend,2,216.455555556,false
west,west_0016,16,8000,0.0447584386112,49679.2902167,3136214.3197,-0.104920771558,0.994480583871,0.994480583871,0.104920771558,-0.000114699227226,topo-bathy.tt3,30,30,30,-0.0286123834128,3,gmrt_shore_blend,blend to GMRT,unknown,54,mixed_blend,2,216.455555556,false
west,west_0017,17,8500,0.0475558410244,49666.6445432,3136701.7116,-0.0754435286051,0.997150075962,0.997150075962,0.0754435286051,-6.88067203355e-05,topo-bathy.tt3,30,30,30,0.00699240744451,3,gmrt_shore_blend,blend to GMRT,unknown,54,mixed_blend,2,278.3,false
west,west_0018,18,9000,0.0503532434376,49605.1236849,3137194.59149,-0.0362995357572,0.999340954682,0.999340954682,0.0362995357572,-0.000102739277318,topo-bathy.tt3,30,30,30,-0.0134243387744,3,gmrt_shore_blend,blend to GMRT,unknown,54,mixed_blend,2,249.302925706,false
west,west_0019,19,9500,0.0531506458508,49630.6088621,3137693.78852,0.0272206347683,0.999629449868,0.999629449868,-0.0272206347683,-1.99281921488e-05,topo-bathy.tt3,30,30,30,0.0156147430344,3,gmrt_shore_blend,blend to GMRT,unknown,54,mixed_blend,2,276.576763617,false
west,west_0020,20,10000,0.055948048264,49632.3299025,3138193.6915,-0.0163785876875,0.999865861936,0.999865861936,0.0163785876875,3.695706526e-05,topo-bathy.tt3,30,30,30,-0.0139896452513,3,gmrt_shore_blend,blend to GMRT,unknown,54,mixed_blend,2,249.302925706,false
west,west_0021,21,10500,0.0587454506772,49614.2356454,3138693.3265,-0.00973291411757,0.99995263407,0.99995263407,0.00973291411757,-0.000118893613556,topo-bathy.tt3,30,30,30,0.00851358157446,3,gmrt_shore_blend,blend to GMRT,unknown,54,mixed_blend,2,225.117175799,false
west,west_0022,22,11000,0.0615428530904,49622.6170665,3139191.58132,0.102334830958,0.994750009989,0.994750009989,-0.102334830958,-0.000475041459748,topo-bathy.tt3,30,30,30,0.242867938852,1,copernicus_a2_land_core,land/a2 core,false,30,high,1,30.9222222222,false
west,west_0023,23,11500,0.0643402555036,49714.6866499,3139669.7647,0.4486984275,0.893683233119,0.893683233119,-0.4486984275,-0.000573946449969,topo-bathy.tt3,30,30,30,-0.0259307958014,3,gmrt_shore_blend,blend to GMRT,unknown,54,mixed_blend,2,216.455555556,false
west,west_0024,24,12000,0.0671376579168,50048.5213598,3140039.86494,0.626037062207,0.779793303859,0.779793303859,-0.626037062207,-4.64698215423e-05,topo-bathy.tt3,30,30,30,0.0440906755117,3,gmrt_shore_blend,blend to GMRT,unknown,54,mixed_blend,2,87.4612520908,false
west,west_0025,25,12500,0.06993506033,50338.5043544,3140446.79357,0.489728400312,0.871875044905,0.871875044905,-0.489728400312,0.00041061071537,topo-bathy.tt3,30,30,30,0.0135084316532,5,gmrt_core,GMRT core,unknown,54,high,1,92.7666666667,false
west,west_0026,26,13000,0.0727324627432,50534.0705135,3140904.29957,0.262729529172,0.964869522009,0.964869522009,-0.262729529172,0.000403632807099,topo-bathy.tt3,30,30,30,0.0241529864126,5,gmrt_core,GMRT core,unknown,54,high,1,278.3,false
west,west_0027,27,13500,0.0755298651564,50597.8717134,3141399.31558,0.107934728485,0.99415798261,0.99415798261,-0.107934728485,0.000175181626046,topo-bathy.tt3,30,30,30,0.019499159983,5,gmrt_core,GMRT core,unknown,54,high,1,127.495588401,false
west,west_0028,28,14000,0.0783272675696,50641.8560691,3141897.08357,0.0905442259204,0.995892435533,0.995892435533,-0.0905442259204,-0.000264904078902,topo-bathy.tt3,30,30,30,-0.00418478994565,3,gmrt_shore_blend,blend to GMRT,unknown,54,mixed_blend,2,197.998830586,false
west,west_0029,29,14500,0.0811246699828,50688.319867,3142394.15132,0.364456864702,0.931220271349,0.931220271349,-0.364456864702,-0.00055497375529,topo-bathy.tt3,30,30,30,-0.116539770298,3,gmrt_shore_blend,blend to GMRT,unknown,54,mixed_blend,2,218.653130227,false
west,west_0030,30,15000,0.083922072396,50989.4492326,3142785.21555,0.601711462303,0.798713538218,0.798713538218,-0.601711462303,-0.0002961777943,topo-bathy.tt3,30,30,30,0.0530047603188,3,gmrt_shore_blend,blend to GMRT,unknown,54,mixed_blend,2,280.012631549,false
west,west_0031,31,15500,0.0867194748092,51285.8071232,3143187.25763,0.620380126714,0.784301280362,0.784301280362,-0.620380126714,2.43970927547e-05,topo-bathy.tt3,30,30,30,-0.0322429059382,3,gmrt_shore_blend,blend to GMRT,unknown,54,mixed_blend,2,61.8444444444,false
west,west_0032,32,16000,0.0895168772224,51608.675406,3143568.05798,0.582048041163,0.813154399717,0.813154399717,-0.582048041163,5.69058049547e-05,topo-bathy.tt3,30,30,30,0.0432584787461,3,gmrt_shore_blend,blend to GMRT,unknown,54,mixed_blend,2,43.7306260454,false
west,west_0033,33,16500,0.0923142796356,51862.0230555,3143992.26424,0.574768706825,0.818315913113,0.818315913113,-0.574768706825,-5.6048681605e-05,topo-bathy.tt3,30,30,30,-0.0554637903688,3,gmrt_shore_blend,blend to GMRT,unknown,54,mixed_blend,2,285.088802496,false
west,west_0034,34,17000,0.0951116820488,52174.015847,3144372.95058,0.626686414876,0.779271542795,0.779271542795,-0.626686414876,-9.33981047918e-05,topo-bathy.tt3,30,30,30,-0.0226214609766,3,gmrt_shore_blend,blend to GMRT,unknown,54,mixed_blend,2,154.611111111,false
west,west_0035,35,17500,0.097909084462,52483.0119742,3144764.45107,0.648581701729,0.761145042802,0.761145042802,-0.648581701729,-5.53709100806e-05,topo-bathy.tt3,30,30,30,0.0095525718104,3,gmrt_shore_blend,blend to GMRT,unknown,54,mixed_blend,2,285.088802496,false
west,west_0036,36,18000,0.100706486875,52821.0642616,3145132.29623,0.668852898782,0.743394780579,0.743394780579,-0.668852898782,0.000249474264882,topo-bathy.tt3,30,30,30,-0.0152911294983,3,gmrt_shore_blend,blend to GMRT,unknown,54,mixed_blend,2,127.495588401,false
west,west_0037,37,18500,0.103503889288,53148.2802105,3145503.86168,0.440580590292,0.897713062987,0.897713062987,-0.440580590292,0.000572052526927,topo-bathy.tt3,30,30,30,0.0546029450376,3,gmrt_shore_blend,blend to GMRT,unknown,54,mixed_blend,2,185.533333333,false
west,west_0038,38,19000,0.106301291702,53242.9036357,3145991.82278,0.159922487518,0.987129575074,0.987129575074,-0.159922487518,0.000158261656789,topo-bathy.tt3,30,30,30,-0.0179255680384,3,gmrt_shore_blend,blend to GMRT,unknown,54,mixed_blend,2,304.548569582,false
west,west_0039,39,19500,0.109098694115,53307.5966573,3146487.25044,0.293593321921,0.95593041657,0.95593041657,-0.293593321921,-0.000237474395928,topo-bathy.tt3,30,30,30,-0.0563684826245,3,gmrt_shore_blend,blend to GMRT,unknown,54,mixed_blend,2,247.377777778,false
west,west_0040,40,20000,0.111896096528,53530.5663355,3146928.44328,0.387655203545,0.921804449525,0.921804449525,-0.387655203545,4.05854394015e-05,topo-bathy.tt3,30,30,30,0.0435903361074,3,gmrt_shore_blend,blend to GMRT,unknown,54,mixed_blend,2,262.383756272,false
west,west_0041,41,20500,0.114693498941,53690.6521457,3147398.11724,0.254565348912,0.967055573963,0.967055573963,-0.254565348912,0.000293689856494,topo-bathy.tt3,30,30,30,-0.00345781236353,3,gmrt_shore_blend,blend to GMRT,unknown,54,mixed_blend,2,69.1441909042,false
west,west_0042,42,21000,0.117490901354,53783.0368246,3147887.5408,0.104207141377,0.99455561518,0.99455561518,-0.104207141377,0.000284255109565,topo-bathy.tt3,30,30,30,-0.00292940005992,3,gmrt_shore_blend,blend to GMRT,unknown,54,mixed_blend,2,87.4612520908,false
west,west_0043,43,21500,0.120288303768,53794.2656597,3148387.00726,-0.0268536626999,0.999639375375,0.999639375375,0.0268536626999,-2.22203928264e-05,topo-bathy.tt3,30,30,30,0.00139618539197,3,gmrt_shore_blend,blend to GMRT,unknown,54,mixed_blend,2,218.653130227,false
west,west_0044,44,22000,0.123085706181,53756.2345464,3148885.26736,0.126279014433,0.99199476335,0.99199476335,-0.126279014433,-0.000473828976431,topo-bathy.tt3,30,30,30,-0.00528813946956,3,gmrt_shore_blend,blend to GMRT,unknown,54,mixed_blend,2,157.673014515,false
west,west_0045,45,22500,0.125883108594,53916.0365342,3149343.58797,0.432237067262,0.901760011136,0.901760011136,-0.432237067262,-0.000228285288834,topo-bathy.tt3,30,30,30,-0.0520556166362,3,gmrt_shore_blend,blend to GMRT,unknown,54,mixed_blend,2,276.576763617,false
west,west_0046,46,23000,0.128680511007,54176.2335582,3149761.49558,0.34749880281,0.937680426396,0.937680426396,-0.34749880281,0.000248698036359,topo-bathy.tt3,30,30,30,0.0415387314837,3,gmrt_shore_blend,blend to GMRT,unknown,54,mixed_blend,2,249.302925706,false
west,west_0047,47,23500,0.13147791342,54253.2117291,3150253.41148,0.196977488714,0.980408011462,0.980408011462,-0.196977488714,-0.000103855505276,topo-bathy.tt3,30,30,30,-0.0103009636503,3,gmrt_shore_blend,blend to GMRT,unknown,54,mixed_blend,2,185.533333333,false
west,west_0048,48,24000,0.134275315834,54371.5746275,3150733.7587,0.442834738274,0.896603253718,0.896603253718,-0.442834738274,-0.000256033656077,topo-bathy.tt3,30,30,30,-0.0983375834134,3,gmrt_shore_blend,blend to GMRT,unknown,54,mixed_blend,2,264.19958248,false
west,west_0049,49,24500,0.137072718247,54682.1780923,3151121.93557,0.438840346884,0.898565050482,0.898565050482,-0.438840346884,0.000147460180146,topo-bathy.tt3,30,30,30,0.130540753607,3,gmrt_shore_blend,blend to GMRT,unknown,54,mixed_blend,2,328.707731076,false
west,west_0050,50,25000,0.13987012066,54798.2592275,3151607.43377,0.30629419925,0.951936901011,0.951936901011,-0.30629419925,0.00032545260449,topo-bathy.tt3,30,30,30,-0.0133965893698,3,gmrt_shore_blend,blend to GMRT,unknown,54,mixed_blend,2,166.52126287,false
west,west_0051,51,25500,0.142667523073,54985.9642411,3152066.07766,0.128498819153,0.991709661885,0.991709661885,-0.128498819153,0.000473827812099,topo-bathy.tt3,30,30,30,0.0140889139218,3,gmrt_shore_blend,blend to GMRT,unknown,54,mixed_blend,2,216.455555556,false
west,west_0052,52,26000,0.145464925486,54918.8219411,3152537.8953,-0.161815513818,0.98682102708,0.98682102708,0.161815513818,0.00016312752982,topo-bathy.tt3,30,30,30,-0.0300233231183,3,gmrt_shore_blend,blend to GMRT,unknown,54,mixed_blend,2,195.569305072,false
west,west_0053,53,26500,0.1482623279,54828.1405049,3153028.5551,-0.0342657203544,0.999412757778,0.999412757778,0.0342657203544,-0.00074203823957,topo-bathy.tt3,30,30,30,-0.0408069063527,3,gmrt_shore_blend,blend to GMRT,unknown,54,mixed_blend,2,185.533333333,false
west,west_0054,54,27000,0.151059730313,54885.054548,3153522.77357,0.547612417073,0.836732120017,0.836732120017,-0.547612417073,-0.00103493042932,topo-bathy.tt3,30,30,30,-0.111316453215,3,gmrt_shore_blend,blend to GMRT,unknown,54,mixed_blend,2,185.533333333,false
west,west_0055,55,27500,0.153857132726,55290.2668017,3153734.6675,0.841826321515,0.539748501068,0.539748501068,-0.841826321515,-0.000295116822243,topo-bathy.tt3,30,30,30,0.0182020327511,3,gmrt_shore_blend,blend to GMRT,unknown,54,mixed_blend,2,235.496628374,false
west,west_0056,56,28000,0.156654535139,55682.2281335,3154033.89236,0.767303026537,0.641284699231,0.641284699231,-0.767303026537,0.000267186540165,topo-bathy.tt3,30,30,30,-0.00523653088633,3,gmrt_shore_blend,blend to GMRT,unknown,54,mixed_blend,2,276.576763617,false
west,west_0057,57,28500,0.159451937552,56050.7642042,3154370.2643,0.669452454557,0.742854905811,0.742854905811,-0.669452454557,0.000335666285676,topo-bathy.tt3,30,30,30,-0.00141268887733,3,gmrt_shore_blend,blend to GMRT,unknown,54,mixed_blend,2,174.922504182,false
west,west_0058,58,29000,0.162249339966,56347.6824916,3154772.3108,0.513242529192,0.858243617063,0.858243617063,-0.513242529192,0.00050554879826,topo-bathy.tt3,30,30,30,-0.00667983398234,3,gmrt_shore_blend,blend to GMRT,unknown,54,mixed_blend,2,180.305990259,false
west,west_0059,59,29500,0.165046742379,56560.9817723,3155223.44958,0.225954398437,0.974137880296,0.974137880296,-0.225954398437,0.000559644913301,topo-bathy.tt3,30,30,30,-0.00263704834465,3,gmrt_shore_blend,blend to GMRT,unknown,54,mixed_blend,2,216.455555556,false
west,west_0060,60,30000,0.167844144792,56564.9023076,3155708.79202,-0.0206847983743,0.99978604667,0.99978604667,0.0206847983743,-0.000123874114047,topo-bathy.tt3,30,30,30,-0.000103384701358,3,gmrt_shore_blend,blend to GMRT,unknown,54,mixed_blend,2,218.653130227,false
west,west_0061,61,30500,0.170641547205,56541.1525131,3156181.88371,0.344585094995,0.938755086435,0.938755086435,-0.344585094995,-0.000672703445539,topo-bathy.tt3,30,30,30,-0.00978847045891,3,gmrt_shore_blend,blend to GMRT,unknown,54,mixed_blend,2,154.611111111,false
west,west_0062,62,31000,0.173438949618,56874.7104874,3156552.80416,0.606791011226,0.794861414773,0.794861414773,-0.606791011226,-0.000193336234607,topo-bathy.tt3,30,30,30,0.00227308793653,3,gmrt_shore_blend,blend to GMRT,unknown,54,mixed_blend,2,264.19958248,false
west,west_0063,63,31500,0.176236352032,57144.2801791,3156971.94635,0.518531826561,0.855058328328,0.855058328328,-0.518531826561,1.83441974085e-05,topo-bathy.tt3,30,30,30,-0.000103696488946,3,gmrt_shore_blend,blend to GMRT,unknown,54,mixed_blend,2,188.092534687,false
west,west_0064,64,32000,0.179033754445,57390.8073423,3157403.84722,0.592108641656,0.805858149103,0.805858149103,-0.592108641656,-0.000191707069333,topo-bathy.tt3,30,30,30,-0.00240792935689,3,gmrt_shore_blend,blend to GMRT,unknown,54,mixed_blend,2,127.495588401,false
west,west_0065,65,32500,0.181831156858,57730.3912854,3157769.64187,0.671951047178,0.740595564526,0.740595564526,-0.671951047178,-0.000147551904783,topo-bathy.tt3,30,30,30,-0.00144132685338,3,gmrt_shore_blend,blend to GMRT,unknown,54,mixed_blend,2,185.533333333,false
west,west_0066,66,33000,0.184628559271,58060.0594989,3158141.46819,0.704149674627,0.710051572579,0.710051572579,-0.704149674627,-0.00035841591088,topo-bathy.tt3,30,30,30,-0.00568121970962,3,gmrt_shore_blend,blend to GMRT,unknown,54,mixed_blend,2,333.042525739,false
west,west_0067,67,33500,0.187425961684,58429.3233397,3158474.43209,0.889045475208,0.457818897614,0.457818897614,-0.889045475208,-0.00108972468804,topo-bathy.tt3,30,30,30,-0.00322360623799,3,gmrt_shore_blend,blend to GMRT,unknown,54,mixed_blend,2,92.7666666667,false
west,west_0068,68,34000,0.190223364098,58908.7685303,3158578.51561,0.955291192254,-0.295666599402,-0.295666599402,-0.955291192254,-0.00164297795048,topo-bathy.tt3,30,30,30,0.018921711902,3,gmrt_shore_blend,blend to GMRT,unknown,54,mixed_blend,2,30.9222222222,false
west,west_0069,69,34500,0.193020766511,59216.5889069,3158230.77012,0.392509719258,-0.919747856909,-0.919747856909,-0.392509719258,-0.000896699271269,topo-bathy.tt3,30,30,30,0.00434941954043,3,gmrt_shore_blend,blend to GMRT,unknown,54,mixed_blend,2,197.998830586,false
west,west_0070,70,35000,0.195818168924,59186.5011936,3157927.71893,0.365289536836,-0.930893954368,0.930893954368,0.365289536836,0.000588539271809,topo-bathy.tt3,30,30,30,-0.149837124385,3,gmrt_shore_blend,blend to GMRT,unknown,54,mixed_blend,2,30.9222222222,false
west,west_0071,71,35500,0.198615571337,59401.4309138,3157759.72376,0.83706587701,-0.547102108884,-0.547102108884,-0.83706587701,0.00135584559245,topo-bathy.tt3,30,30,30,-0.00955854311968,1,copernicus_a2_land_core,land/a2 core,false,30,high,1,30.9222222222,false
west,west_0072,72,36000,0.20141297375,59804.0382519,3157524.09977,0.987387203456,0.158324067824,0.158324067824,-0.987387203456,0.00143906467419,topo-bathy.tt3,30,30,30,0.0846241694041,3,gmrt_shore_blend,blend to GMRT,unknown,54,mixed_blend,2,197.998830586,false
west,west_0073,73,36500,0.204210376164,60130.0399235,3157876.55365,0.652311405735,0.757951073584,0.757951073584,-0.652311405735,0.000907521808419,topo-bathy.tt3,30,30,30,-0.451876478831,1,copernicus_a2_land_core,land/a2 core,false,30,high,1,30.9222222222,false
west,west_0074,74,37000,0.207007778577,60434.0920997,3158256.18875,0.48317844806,0.875521894261,0.875521894261,-0.48317844806,0.00029928238264,topo-bathy.tt3,30,30,30,0.10210501105,3,gmrt_shore_blend,blend to GMRT,unknown,54,mixed_blend,2,69.1441909042,false
west,west_0075,75,37500,0.20980518099,60596.9988908,3158722.68576,0.399844888908,0.916582819397,0.916582819397,-0.399844888908,0.000181076953243,topo-bathy.tt3,30,30,30,0.0439138480455,3,gmrt_shore_blend,blend to GMRT,unknown,54,mixed_blend,2,30.9222222222,false
west,west_0076,76,38000,0.212602583403,60827.9599307,3159159.07008,0.317606750422,0.948222522452,0.948222522452,-0.317606750422,0.000189990884247,topo-bathy.tt3,30,30,30,0.268842338537,3,gmrt_shore_blend,blend to GMRT,unknown,54,mixed_blend,2,87.4612520908,false
west,west_0077,77,38500,0.215399985816,60907.1390771,3159648.61668,0.219553449214,0.975600473011,0.975600473011,-0.219553449214,0.000118735294938,topo-bathy.tt3,30,30,30,-0.184234096904,3,gmrt_shore_blend,blend to GMRT,unknown,54,mixed_blend,2,43.7306260454,false
west,west_0078,78,39000,0.21819738823,61045.6223242,3160126.26752,0.203047435383,0.979168902174,0.979168902174,-0.203047435383,-0.00015874509183,topo-bathy.tt3,30,30,30,0.0960499298204,3,gmrt_shore_blend,blend to GMRT,unknown,54,mixed_blend,2,30.9222222222,false
west,west_0079,79,39500,0.220994790643,61106.4955235,3160609.98629,0.371015023959,0.928626863706,0.928626863706,-0.371015023959,-4.23341429981e-05,topo-bathy.tt3,30,30,30,-0.0590692782857,3,gmrt_shore_blend,blend to GMRT,unknown,54,mixed_blend,2,30.9222222222,false
west,west_0080,80,40000,0.223792193056,61369.6614749,3160937.31678,0.244305409592,0.969698338064,0.969698338064,-0.244305409592,0.000597845000171,topo-bathy.tt3,30,30,30,0.354528406492,3,gmrt_shore_blend,blend to GMRT,unknown,54,mixed_blend,2,30.9222222222,false
west,west_0081,81,40500,0.226589595469,61310.4907031,3161419.68504,-0.216026644661,0.976387468578,0.976387468578,0.216026644661,0.000703504667354,topo-bathy.tt3,30,30,30,0.188361408443,3,gmrt_shore_blend,blend to GMRT,unknown,54,mixed_blend,2,30.9222222222,false
west,west_0082,82,41000,0.229386997882,61158.1495888,3161893.29865,-0.440989919861,0.897512055953,0.897512055953,0.440989919861,0.000194568721135,topo-bathy.tt3,30,30,30,0.488993815885,3,gmrt_shore_blend,blend to GMRT,unknown,54,mixed_blend,2,69.1441909042,false
west,west_0083,83,41500,0.232184400296,60879.3755345,3162297.0998,-0.400728553825,0.916196827188,0.916196827188,0.400728553825,-0.000391766537663,topo-bathy.tt3,30,30,30,-0.083395774224,3,gmrt_shore_blend,blend to GMRT,unknown,54,mixed_blend,2,30.9222222222,false
west,west_0084,84,42000,0.234981802709,60773.7246859,3162772.21999,-0.0648891735997,0.997892476748,0.997892476748,0.0648891735997,-0.000516399422951,topo-bathy.tt3,30,30,30,-0.0629973512384,3,gmrt_shore_blend,blend to GMRT,unknown,54,mixed_blend,2,235.496628374,false
west,west_0085,85,42500,0.237779205122,60816.0885095,3163270.35377,0.103899672209,0.994587783011,0.994587783011,-0.103899672209,-0.00021585698063,topo-bathy.tt3,30,30,30,-0.110009504797,3,gmrt_shore_blend,blend to GMRT,unknown,54,mixed_blend,2,154.611111111,false
west,west_0086,86,43000,0.240576607535,60877.3876104,3163764.54148,0.150349897095,0.988632848151,0.988632848151,-0.150349897095,-0.000242823885126,topo-bathy.tt3,30,30,30,0.823411599963,3,gmrt_shore_blend,blend to GMRT,unknown,54,mixed_blend,2,61.8444444444,false
west,west_0087,87,43500,0.243374009948,60965.4341039,3164252.38278,0.339994836182,0.940427302544,0.940427302544,-0.339994836182,-0.000170083694885,topo-bathy.tt3,30,30,30,-0.122333034459,3,gmrt_shore_blend,blend to GMRT,unknown,54,mixed_blend,2,61.8444444444,false
west,west_0088,88,44000,0.246171412362,61206.2546334,3164674.1892,0.31552121663,0.948918522243,0.948918522243,-0.31552121663,0.000230685820165,topo-bathy.tt3,30,30,30,0.213472745742,3,gmrt_shore_blend,blend to GMRT,unknown,54,mixed_blend,2,166.52126287,false
west,west_0089,89,44500,0.248968814775,61269.3541727,3165166.41127,0.115964093077,0.993253406295,0.993253406295,-0.115964093077,0.000159914545019,topo-bathy.tt3,30,30,30,-0.0272384719662,3,gmrt_shore_blend,blend to GMRT,unknown,54,mixed_blend,2,216.455555556,false
west,west_0090,90,45000,0.251766217188,61321.757774,3165663.49447,0.16039550552,0.98705282625,0.98705282625,-0.16039550552,-0.000254889164118,topo-bathy.tt3,30,30,30,0.000424982926199,3,gmrt_shore_blend,blend to GMRT,unknown,54,mixed_blend,2,207.432572713,false
west,west_0091,91,45500,0.254563619601,61429.2734753,3166150.53361,0.362654519484,0.931923655402,0.931923655402,-0.362654519484,-0.000312298305857,topo-bathy.tt3,30,30,30,-0.0827955111764,3,gmrt_shore_blend,blend to GMRT,unknown,54,mixed_blend,2,154.611111111,false
west,west_0092,92,46000,0.257361022014,61678.9933767,3166581.49298,0.455905772608,0.890028048155,0.890028048155,-0.455905772608,-0.000430508431017,topo-bathy.tt3,30,30,30,0.0892773984014,3,gmrt_shore_blend,blend to GMRT,unknown,54,mixed_blend,2,276.576763617,false
west,west_0093,93,46500,0.260158424428,61881.0516631,3167032.50371,0.718486026873,0.695541392865,0.695541392865,-0.718486026873,-0.000483662972701,topo-bathy.tt3,30,30,30,-0.0769675458368,3,gmrt_shore_blend,blend to GMRT,unknown,54,mixed_blend,2,69.1441909042,false
west,west_0094,94,47000,0.262955826841,62333.1660507,3167214.77485,0.817497626538,0.575931966994,0.575931966994,-0.817497626538,0.000139912970609,topo-bathy.tt3,30,30,30,0.161439127435,3,gmrt_shore_blend,blend to GMRT,unknown,54,mixed_blend,2,276.576763617,false
west,west_0095,95,47500,0.265753229254,62663.4359292,3167583.6981,0.614467008055,0.788942517559,0.788942517559,-0.614467008055,0.000324846959373,topo-bathy.tt3,30,30,30,-0.0618179476768,3,gmrt_shore_blend,blend to GMRT,unknown,54,mixed_blend,2,334.474973321,false
west,west_0096,96,48000,0.268550631667,62936.6075644,3167989.56122,0.590925551301,0.806726095289,0.806726095289,-0.590925551301,-7.74327852274e-05,topo-bathy.tt3,30,30,30,-0.0287518350688,3,gmrt_shore_blend,blend to GMRT,unknown,54,mixed_blend,2,264.19958248,false
west,west_0097,97,48500,0.27134803408,63241.8489388,3168373.34219,0.673654793714,0.739046154788,0.739046154788,-0.673654793714,-0.000125779400483,topo-bathy.tt3,30,30,30,-0.0722902506711,3,gmrt_shore_blend,blend to GMRT,unknown,54,mixed_blend,2,180.305990259,false
west,west_0098,98,49000,0.274145436494,63599.6763979,3168716.99384,0.687459541404,0.726222678613,0.726222678613,-0.687459541404,-1.19833937368e-06,topo-bathy.tt3,30,30,30,0.0535876843636,3,gmrt_shore_blend,blend to GMRT,unknown,54,mixed_blend,2,195.569305072,false
west,west_0099,99,49500,0.276942838907,63924.1783988,3169094.14552,0.674539937918,0.738238357276,0.738238357276,-0.674539937918,-0.000120411054481,topo-bathy.tt3,30,30,30,0.0593381577667,3,gmrt_shore_blend,blend to GMRT,unknown,54,mixed_blend,2,262.383756272,false
west,west_0100,100,50000,0.27974024132,64271.3595232,3169452.10561,0.769715966001,0.638386506501,0.638386506501,-0.769715966001,0.000259168055084,topo-bathy.tt3,30,30,30,-0.257275832306,3,gmrt_shore_blend,blend to GMRT,unknown,54,mixed_blend,2,278.3,false
west,west_0101,101,50500,0.282537643733,64683.5253897,3169723.93222,0.462819551284,0.886452515902,0.886452515902,-0.462819551284,0.00110041088294,topo-bathy.tt3,30,30,30,0.183366764788,5,gmrt_core,GMRT core,unknown,54,high,1,216.455555556,false
west,west_0102,102,51000,0.285335046146,64651.2561668,3170179.73333,-0.220195393099,0.975455785189,0.975455785189,0.220195393099,0.000620688209105,topo-bathy.tt3,30,30,30,-0.00468533531368,5,gmrt_core,GMRT core,unknown,54,high,1,61.8444444444,false
west,west_0103,103,51500,0.28813244856,64475.0830801,3170647.32236,-0.13906277282,0.990283568083,0.990283568083,0.13906277282,-0.000529758379245,topo-bathy.tt3,30,30,30,-0.12027480064,3,gmrt_shore_blend,blend to GMRT,unknown,54,mixed_blend,2,185.533333333,false
west,west_0104,104,52000,0.290929850973,64516.4745391,3171139.53033,0.302909019782,0.953019478151,0.953019478151,-0.302909019782,-0.000559902485427,topo-bathy.tt3,30,30,30,-0.116420567584,3,gmrt_shore_blend,blend to GMRT,unknown,54,mixed_blend,2,276.576763617,false
west,west_0105,105,52500,0.293727253386,64768.1050933,3171569.23511,0.408114296249,0.91293084141,0.91293084141,-0.408114296249,-1.65750698888e-05,topo-bathy.tt3,30,30,30,0.0967610985742,3,gmrt_shore_blend,blend to GMRT,unknown,54,mixed_blend,2,249.302925706,false
west,west_0106,106,53000,0.296524655799,64919.7598899,3172041.65906,0.31866305236,0.947868059943,0.947868059943,-0.31866305236,-0.000522355869961,topo-bathy.tt3,30,30,30,0.0845151698286,3,gmrt_shore_blend,blend to GMRT,unknown,54,mixed_blend,2,222.983315547,false
west,west_0107,107,53500,0.299322058212,65082.2780032,3172503.74717,0.809173099626,0.587570331826,0.587570331826,-0.809173099626,-0.000602963039368,topo-bathy.tt3,30,30,30,-0.406294220334,3,gmrt_shore_blend,blend to GMRT,unknown,54,mixed_blend,2,304.548569582,false
west,west_0108,108,54000,0.302119460626,65533.5405389,3172487.34775,0.799991896922,0.600010803953,0.600010803953,-0.799991896922,0.000455396882555,topo-bathy.tt3,30,30,30,0.310426648534,5,gmrt_core,GMRT core,unknown,54,high,1,61.8444444444,false
west,west_0109,109,54500,0.304916863039,65644.781808,3172925.6369,0.46828300288,0.883578535963,0.883578535963,-0.46828300288,2.71263438732e-06,topo-bathy.tt3,30,30,30,0.000345169604878,3,gmrt_shore_blend,blend to GMRT,unknown,54,mixed_blend,2,241.510276089,false
west,west_0110,110,55000,0.307714265452,65946.3724345,3173266.29852,0.798361345656,0.602178679266,0.602178679266,-0.798361345656,-0.000651164052265,topo-bathy.tt3,30,30,30,0.0231050516351,3,gmrt_shore_blend,blend to GMRT,unknown,54,mixed_blend,2,309.222222222,false
west,west_0111,111,55500,0.310511667865,66391.6897932,3173489.00594,0.908010521794,0.41894736222,0.41894736222,-0.908010521794,-0.000124040646748,topo-bathy.tt3,30,30,30,-0.0110543696827,3,gmrt_shore_blend,blend to GMRT,unknown,54,mixed_blend,2,304.548569582,false
west,west_0112,112,56000,0.313309070278,66851.057934,3173683.71175,0.866730627099,0.498776523153,0.498776523153,-0.866730627099,0.000211986957721,topo-bathy.tt3,30,30,30,0.0185613912256,3,gmrt_shore_blend,blend to GMRT,unknown,54,mixed_blend,2,218.653130227,false
west,west_0113,113,56500,0.316106472692,67245.7884784,3173980.51317,0.799536814357,0.600617084745,0.600617084745,-0.799536814357,0.000577613150842,topo-bathy.tt3,30,30,30,-0.000405808403865,3,gmrt_shore_blend,blend to GMRT,unknown,54,mixed_blend,2,254.991176802,false
west,west_0114,114,57000,0.318903875105,67636.7315479,3174273.91471,0.453774574569,0.891116510606,0.891116510606,-0.453774574569,0.00102561030043,topo-bathy.tt3,30,30,30,0.124094289152,3,gmrt_shore_blend,blend to GMRT,unknown,54,mixed_blend,2,61.8444444444,false
west,west_0115,115,57500,0.321701277518,67636.0389531,3174746.88189,-0.0989245997111,0.99509493194,0.99509493194,0.0989245997111,8.06043398908e-05,topo-bathy.tt3,30,30,30,0.00906195056487,3,gmrt_shore_blend,blend to GMRT,unknown,54,mixed_blend,2,61.8444444444,false
west,west_0116,116,58000,0.324498679931,67541.1291777,3175235.59092,0.380551167223,0.924759865654,0.924759865654,-0.380551167223,-0.00150083782595,topo-bathy.tt3,30,30,30,-0.00775420464175,3,gmrt_shore_blend,blend to GMRT,unknown,54,mixed_blend,2,285.088802496,false
west,west_0117,117,58500,0.327296082344,67894.1246854,3175374.04414,0.985745859244,0.168241198829,0.168241198829,-0.985745859244,-0.000223334916577,topo-bathy.tt3,30,30,30,0.00126258088474,3,gmrt_shore_blend,blend to GMRT,unknown,54,mixed_blend,2,334.474973321,false
west,west_0118,118,59000,0.330093484758,68264.062679,3175358.97688,0.575918426085,0.817507166021,0.817507166021,-0.575918426085,0.00175268037328,topo-bathy.tt3,30,30,30,0.118150725626,5,gmrt_core,GMRT core,unknown,54,high,1,123.688888889,false
west,west_0119,119,59500,0.332890887171,68229.6405239,3175850.30361,-0.3437705329,0.939053683614,0.939053683614,0.3437705329,0.00113896193647,topo-bathy.tt3,30,30,30,0.0047338074256,5,gmrt_core,GMRT core,unknown,54,high,1,30.9222222222,false
west,west_0120,120,60000,0.335688289584,67937.9710581,3176249.73832,-0.501416156173,0.865206240343,0.865206240343,0.501416156173,-0.000215689565989,topo-bathy.tt3,30,30,30,-0.0274381390583,3,gmrt_shore_blend,blend to GMRT,unknown,54,mixed_blend,2,249.302925706,false
west,west_0121,121,60500,0.338485691997,67747.804333,3176681.72413,-0.134827769746,0.990869049121,0.990869049121,0.134827769746,-0.000706099896068,topo-bathy.tt3,30,30,30,0.00400253648424,3,gmrt_shore_blend,blend to GMRT,unknown,54,mixed_blend,2,306.114382318,false
west,west_0122,122,61000,0.34128309441,67811.9199167,3177176.10664,0.179880640128,0.983688444228,0.983688444228,-0.179880640128,-0.000606884569946,topo-bathy.tt3,30,30,30,-0.00913491281636,3,gmrt_shore_blend,blend to GMRT,unknown,54,mixed_blend,2,69.1441909042,false
west,west_0123,123,61500,0.344080496824,67925.8273153,3177655.25385,0.454352236679,0.890822117499,0.890822117499,-0.454352236679,-0.000577886472928,topo-bathy.tt3,30,30,30,-0.032890342627,3,gmrt_shore_blend,blend to GMRT,unknown,54,mixed_blend,2,276.576763617,false
west,west_0124,124,62000,0.346877899237,68249.081444,3178033.22393,0.688016011417,0.725695506417,0.725695506417,-0.688016011417,-5.391778955e-05,topo-bathy.tt3,30,30,30,0.0065433740096,3,gmrt_shore_blend,blend to GMRT,unknown,54,mixed_blend,2,97.7846525361,false
west,west_0125,125,62500,0.34967530165,68609.9098119,3178376.80042,0.501699857317,0.865041763829,0.865041763829,-0.501699857317,0.000607381214152,topo-bathy.tt3,30,30,30,0.0437786161717,3,gmrt_shore_blend,blend to GMRT,unknown,54,mixed_blend,2,225.117175799,false
west,west_0126,126,63000,0.352472704063,68728.2192666,3178859.36375,0.150792973535,0.988565364117,0.988565364117,-0.150792973535,0.00023657643284,topo-bathy.tt3,30,30,30,0.00494594363655,3,gmrt_shore_blend,blend to GMRT,unknown,54,mixed_blend,2,188.092534687,false
west,west_0127,127,63500,0.355270106476,68759.1641383,3179355.27876,0.284980690831,0.958533257562,0.958533257562,-0.284980690831,-0.00100172238508,topo-bathy.tt3,30,30,30,-0.0409620315567,3,gmrt_shore_blend,blend to GMRT,unknown,54,mixed_blend,2,304.548569582,false
west,west_0128,128,64000,0.35806750889,68997.0771407,3179763.66787,0.914022924332,0.405662536841,0.405662536841,-0.914022924332,-0.00141014263887,topo-bathy.tt3,30,30,30,-0.0653069710506,3,gmrt_shore_blend,blend to GMRT,unknown,54,mixed_blend,2,174.922504182,false
west,west_0129,129,64500,0.360864911303,69436.04029,3179655.69058,0.991776667754,-0.127980628607,-0.127980628607,-0.991776667754,0.000758525908219,topo-bathy.tt3,30,30,30,-0.0061977896942,3,gmrt_shore_blend,blend to GMRT,unknown,54,mixed_blend,2,61.8444444444,false
west,west_0130,130,65000,0.363662313716,69626.9534674,3179682.38751,0.384408353473,0.923163158808,0.923163158808,-0.384408353473,0.00145193760988,topo-bathy.tt3,30,30,30,0.184804170617,5,gmrt_core,GMRT core,unknown,54,high,1,127.495588401,false
west,west_0131,131,65500,0.366459716129,69648.0691956,3180164.88159,0.24468161488,0.969603479439,0.969603479439,-0.24468161488,-0.000135916772643,topo-bathy.tt3,30,30,30,-0.0439562977843,3,gmrt_shore_blend,blend to GMRT,unknown,54,mixed_blend,2,174.922504182,false
west,west_0132,132,66000,0.369257118542,69862.2168819,3180614.66934,0.505950552033,0.862562484054,0.862562484054,-0.505950552033,-0.000319346576141,topo-bathy.tt3,30,30,30,-0.1064691423,3,gmrt_shore_blend,blend to GMRT,unknown,54,mixed_blend,2,328.707731076,false
west,west_0133,133,66500,0.372054520956,70146.7292704,3181015.01501,0.53671406565,0.843764192019,0.843764192019,-0.53671406565,-4.8400338398e-05,topo-bathy.tt3,30,30,30,-0.0245405620083,3,gmrt_shore_blend,blend to GMRT,unknown,54,mixed_blend,2,276.576763617,false
west,west_0134,134,67000,0.374851923369,70390.5110654,3181445.1967,0.547090067806,0.837073746875,0.837073746875,-0.547090067806,-2.93765542295e-05,topo-bathy.tt3,30,30,30,0.0595561944676,3,gmrt_shore_blend,blend to GMRT,unknown,54,mixed_blend,2,291.719661006,false
west,west_0135,135,67500,0.377649325782,70679.2648441,3181829.81969,0.561265814623,0.827635599364,0.827635599364,-0.561265814623,0.000156555023628,topo-bathy.tt3,30,30,30,-0.186966695847,3,gmrt_shore_blend,blend to GMRT,unknown,54,mixed_blend,2,235.496628374,false
west,west_0136,136,68000,0.380446728195,70911.4983242,3182213.43804,0.409885869048,0.912136817783,0.912136817783,-0.409885869048,0.000146376181516,topo-bathy.tt3,30,30,30,0.00125952600534,3,gmrt_shore_blend,blend to GMRT,unknown,54,mixed_blend,2,276.576763617,false
west,west_0137,137,68500,0.383244130608,71061.4054668,3182680.2138,0.43454971663,0.900647846706,0.900647846706,-0.43454971663,-7.10858470207e-05,topo-bathy.tt3,30,30,30,-0.0945469485109,3,gmrt_shore_blend,blend to GMRT,unknown,54,mixed_blend,2,241.510276089,false
west,west_0138,138,69000,0.386041533022,71333.0560766,3183087.15874,0.473636111767,0.880720633135,0.880720633135,-0.473636111767,-4.5785734831e-05,topo-bathy.tt3,30,30,30,0.124861121296,3,gmrt_shore_blend,blend to GMRT,unknown,54,mixed_blend,2,218.653130227,false
west,west_0139,139,69500,0.388838935435,71521.9221488,3183536.53901,0.475316732934,0.879814755158,0.879814755158,-0.475316732934,-0.000123148365576,topo-bathy.tt3,30,30,30,-0.0452795329241,3,gmrt_shore_blend,blend to GMRT,unknown,54,mixed_blend,2,262.383756272,false
west,west_0140,140,70000,0.391636337848,71798.6141943,3183948.91023,0.578234553401,0.81587057874,0.81587057874,-0.578234553401,-8.02400570654e-05,topo-bathy.tt3,30,30,30,-0.0386011442889,3,gmrt_shore_blend,blend to GMRT,unknown,54,mixed_blend,2,222.983315547,false
west,west_0141,141,70500,0.394433740261,72095.3564788,3184345.63663,0.544308053384,0.838885417099,0.838885417099,-0.544308053384,0.00020575460302,topo-bathy.tt3,30,30,30,-0.0908367259247,3,gmrt_shore_blend,blend to GMRT,unknown,54,mixed_blend,2,293.353957608,false
west,west_0142,142,71000,0.397231142674,72330.5365351,3184768.70683,0.399350729625,0.916798230118,0.916798230118,-0.399350729625,0.00022817126668,topo-bathy.tt3,30,30,30,-0.00733862770581,3,gmrt_shore_blend,blend to GMRT,unknown,54,mixed_blend,2,254.991176802,false
west,west_0143,143,71500,0.400028545088,72485.4702172,3185241.2293,0.340447499746,0.940263526846,0.940263526846,-0.340447499746,0.000171309700621,topo-bathy.tt3,30,30,30,-0.0473409371226,3,gmrt_shore_blend,blend to GMRT,unknown,54,mixed_blend,2,328.707731076,false
west,west_0144,144,72000,0.402825947501,72669.7096928,3185705.45083,0.237215803585,0.971456979248,0.971456979248,-0.237215803585,0.000402651549763,topo-bathy.tt3,30,30,30,0.308023270028,3,gmrt_shore_blend,blend to GMRT,unknown,54,mixed_blend,2,195.569305072,false
west,west_0145,145,72500,0.405623349914,72719.7669882,3186200.73212,-0.0552306449863,0.998473623014,0.998473623014,0.0552306449863,0.000529897627145,topo-bathy.tt3,30,30,30,0.210323046764,3,gmrt_shore_blend,blend to GMRT,unknown,54,mixed_blend,2,154.611111111,false
west,west_0146,146,73000,0.408420752327,72615.3868415,3186687.51312,-0.286334335005,0.958129766053,0.958129766053,0.286334335005,0.000198150891477,topo-bathy.tt3,30,30,30,0.0124652451197,3,gmrt_shore_blend,blend to GMRT,unknown,54,mixed_blend,2,188.092534687,false
west,west_0147,147,73500,0.41121815474,72435.0727729,3187153.37373,-0.250706171384,0.968063229149,0.968063229149,0.250706171384,-0.000294823102732,topo-bathy.tt3,30,30,30,-0.234566726886,3,gmrt_shore_blend,blend to GMRT,unknown,54,mixed_blend,2,218.653130227,false
west,west_0148,148,74000,0.414015557154,72366.7806208,3187647.46772,0.00442430396158,0.999990212719,0.999990212719,-0.00442430396158,-0.000562783137648,topo-bathy.tt3,30,30,30,-0.197757155622,3,gmrt_shore_blend,blend to GMRT,unknown,54,mixed_blend,2,216.455555556,false
west,west_0149,149,74500,0.416812959567,72439.4405012,3188140.57661,0.304461923524,0.952524507361,0.952524507361,-0.304461923524,-0.000352800649738,topo-bathy.tt3,30,30,30,-0.342545976433,3,gmrt_shore_blend,blend to GMRT,unknown,54,mixed_blend,2,247.377777778,false
west,west_0150,150,75000,0.41961036198,72664.1950222,3188577.9437,0.349675736703,0.936870791071,0.936870791071,-0.349675736703,-0.000249334896078,topo-bathy.tt3,30,30,30,0.170972189005,3,gmrt_shore_blend,blend to GMRT,unknown,54,mixed_blend,2,216.455555556,false
west,west_0151,151,75500,0.422407764393,72779.2549907,3189051.02659,0.530091422787,0.847940495252,0.847940495252,-0.530091422787,-0.000161679663783,topo-bathy.tt3,30,30,30,-0.51172238447,3,gmrt_shore_blend,blend to GMRT,unknown,54,mixed_blend,2,328.707731076,false
west,west_0152,152,76000,0.425205166806,73146.6047579,3189349.612,0.495929258516,0.868362925595,0.868362925595,-0.495929258516,0.000498601505583,topo-bathy.tt3,30,30,30,0.379100989384,3,gmrt_shore_blend,blend to GMRT,unknown,54,mixed_blend,2,247.377777778,false
west,west_0153,153,76500,0.42800256922,73230.913928,3189841.87301,0.0600706874041,0.998194125666,0.998194125666,-0.0600706874041,0.000750203499529,topo-bathy.tt3,30,30,30,0.0628024776718,3,gmrt_shore_blend,blend to GMRT,unknown,54,mixed_blend,2,185.533333333,false
west,west_0154,154,77000,0.430799971633,73205.9216873,3190335.28093,-0.22924199462,0.973369461152,0.973369461152,0.22924199462,0.000358565372356,topo-bathy.tt3,30,30,30,0.119998584065,3,gmrt_shore_blend,blend to GMRT,unknown,54,mixed_blend,2,247.377777778,false
west,west_0155,155,77500,0.433597374046,73007.1963057,3190791.78579,-0.294047203764,0.955790898659,0.955790898659,0.294047203764,-0.000170965814929,topo-bathy.tt3,30,30,30,-0.0820389023752,3,gmrt_shore_blend,blend to GMRT,unknown,54,mixed_blend,2,293.353957608,false
west,west_0156,156,78000,0.436394776459,72916.6265603,3191275.62536,-0.0602964565158,0.9981805134,0.9981805134,0.0602964565158,-0.000346819251248,topo-bathy.tt3,30,30,30,-0.00205410089638,3,gmrt_shore_blend,blend to GMRT,unknown,54,mixed_blend,2,280.012631549,false
west,west_0157,157,78500,0.439192178872,72947.8326041,3191774.52497,0.0483419039596,0.998830846701,0.998830846701,-0.0483419039596,-0.000129672900936,topo-bathy.tt3,30,30,30,0.0407941602725,3,gmrt_shore_blend,blend to GMRT,unknown,54,mixed_blend,2,247.377777778,false
west,west_0158,158,79000,0.441989581286,72964.9450665,3192273.97277,0.069284297109,0.997596955776,0.997596955776,-0.069284297109,4.19576019511e-06,topo-bathy.tt3,30,30,30,-0.120426300397,3,gmrt_shore_blend,blend to GMRT,unknown,54,mixed_blend,2,278.3,false
west,west_0159,159,79500,0.444786983699,73016.9941044,3192770.35383,0.044150636033,0.999024885245,0.999024885245,-0.044150636033,4.4242934045e-05,topo-bathy.tt3,30,30,30,0.0618537388738,3,gmrt_shore_blend,blend to GMRT,unknown,54,mixed_blend,2,247.377777778,false
west,west_0160,160,80000,0.447584386112,73008.9722725,3193270.20472,0.0250942797208,0.999685088978,0.999685088978,-0.0250942797208,3.77529747082e-06,topo-bathy.tt3,30,30,30,-0.000433107557833,3,gmrt_shore_blend,blend to GMRT,unknown,54,mixed_blend,2,247.377777778,false
west,west_0161,161,80500,0.450381788525,73042.0442776,3193768.28184,0.0403787142336,0.999184447155,0.999184447155,-0.0403787142336,6.73062914324e-06,topo-bathy.tt3,30,30,30,0.0342615018517,3,gmrt_shore_blend,blend to GMRT,unknown,54,mixed_blend,2,247.377777778,false
west,west_0162,162,81000,0.453179190938,73049.2552312,3194267.01967,0.0183652525281,0.999831344527,0.999831344527,-0.0183652525281,0.000132588203366,topo-bathy.tt3,30,30,30,-0.0535655231902,3,gmrt_shore_blend,blend to GMRT,unknown,54,mixed_blend,2,276.576763617,false
west,west_0163,163,81500,0.455976593352,73060.3791322,3194766.45827,-0.0920679408302,0.995752727474,0.995752727474,0.0920679408302,0.000132740188623,topo-bathy.tt3,30,30,30,0.117485361603,3,gmrt_shore_blend,blend to GMRT,unknown,54,mixed_blend,2,154.611111111,false
west,west_0164,164,82000,0.458773995765,72958.0148499,3195253.822,-0.114124705005,0.993466432099,0.993466432099,0.114124705005,-9.39464372369e-05,topo-bathy.tt3,30,30,30,-0.0817347851687,3,gmrt_shore_blend,blend to GMRT,unknown,54,mixed_blend,2,131.191878136,false
west,west_0165,165,82500,0.461571398178,72947.0853602,3195752.69135,0.0017479277885,0.999998472373,0.999998472373,-0.0017479277885,1.98338713698e-05,topo-bathy.tt3,30,30,30,-0.0787154162577,3,gmrt_shore_blend,blend to GMRT,unknown,54,mixed_blend,2,322.837477937,false
west,west_0166,166,83000,0.464368800591,72959.7529172,3196248.17924,-0.133805251976,0.991007646057,0.991007646057,0.133805251976,0.000205270949165,topo-bathy.tt3,30,30,30,0.0493190336492,3,gmrt_shore_blend,blend to GMRT,unknown,54,mixed_blend,2,188.092534687,false
west,west_0167,167,83500,0.467166203004,72815.5735077,3196726.71329,-0.202120885377,0.97936058104,0.97936058104,0.202120885377,-8.77307638211e-05,topo-bathy.tt3,30,30,30,-0.00896058714024,3,gmrt_shore_blend,blend to GMRT,unknown,54,mixed_blend,2,166.52126287,false
west,west_0168,168,84000,0.469963605418,72759.6192135,3197217.91109,-0.0464602803185,0.998920138126,0.998920138126,0.0464602803185,-0.000349376082666,topo-bathy.tt3,30,30,30,-0.0089258070287,3,gmrt_shore_blend,blend to GMRT,unknown,54,mixed_blend,2,278.3,false
west,west_0169,169,84500,0.472761007831,72769.5046561,3197717.21751,0.145336487098,0.989382284821,0.989382284821,-0.145336487098,-0.000613885023239,topo-bathy.tt3,30,30,30,-0.0676094498509,3,gmrt_shore_blend,blend to GMRT,unknown,54,mixed_blend,2,225.117175799,false
west,west_0170,170,85000,0.475558410244,72902.416397,3198190.00699,0.537448041333,0.843296865207,0.843296865207,-0.537448041333,-0.000761766089404,topo-bathy.tt3,30,30,30,-0.149428207782,3,gmrt_shore_blend,blend to GMRT,unknown,54,mixed_blend,2,293.353957608,false
west,west_0171,171,85500,0.478355812657,73278.6343998,3198516.08081,0.788040267848,0.615623696952,0.615623696952,-0.788040267848,-0.000377048526181,topo-bathy.tt3,30,30,30,0.051475557117,3,gmrt_shore_blend,blend to GMRT,unknown,54,mixed_blend,2,334.474973321,false
west,west_0172,172,86000,0.48115321507,73681.5825454,3198798.69815,0.8101784853,0.586183266528,0.586183266528,-0.8101784853,0.000124671806849,topo-bathy.tt3,30,30,30,-0.0114690939144,3,gmrt_shore_blend,blend to GMRT,unknown,54,mixed_blend,2,241.510276089,false
west,west_0173,173,86500,0.483950617484,74075.4650148,3199092.60658,0.705371668803,0.708837646326,0.708837646326,-0.705371668803,-0.000222387894061,topo-bathy.tt3,30,30,30,0.114331857356,3,gmrt_shore_blend,blend to GMRT,unknown,54,mixed_blend,2,127.495588401,false
west,west_0174,174,87000,0.486748019897,74371.0597547,3199491.56324,0.919514865523,0.393055227777,0.393055227777,-0.919514865523,-0.00059889662841,topo-bathy.tt3,30,30,30,-0.195800711419,3,gmrt_shore_blend,blend to GMRT,unknown,54,mixed_blend,2,180.305990259,false
west,west_0175,175,87500,0.48954542231,74852.6860181,3199424.83697,0.982201553507,0.18782999837,0.18782999837,-0.982201553507,0.000640964046433,topo-bathy.tt3,30,30,30,-0.0220472481291,3,gmrt_shore_blend,blend to GMRT,unknown,54,mixed_blend,2,249.302925706,false
west,west_0176,176,88000,0.492342824723,75206.2663542,3199651.28285,0.501974629369,0.86488234545,0.86488234545,-0.501974629369,0.00108591126579,topo-bathy.tt3,30,30,30,0.152799660107,3,gmrt_shore_blend,blend to GMRT,unknown,54,mixed_blend,2,262.383756272,false
west,west_0177,177,88500,0.495140227136,75271.7399894,3200146.85031,0.291632139921,0.956530550984,0.956530550984,-0.291632139921,0.000272808459925,topo-bathy.tt3,30,30,30,-0.0194404059221,3,gmrt_shore_blend,blend to GMRT,unknown,54,mixed_blend,2,97.7846525361,false
west,west_0178,178,89000,0.49793762955,75486.2165796,3200569.49764,0.250379214508,0.968147844568,0.968147844568,-0.250379214508,0.000485401502488,topo-bathy.tt3,30,30,30,-0.0891922141016,3,gmrt_shore_blend,blend to GMRT,unknown,54,mixed_blend,2,216.455555556,false
west,west_0179,179,89500,0.500735031963,75479.023492,3200948.35884,-0.188337222932,0.982104419325,0.982104419325,0.188337222932,0.0003836048285,topo-bathy.tt3,30,30,30,-0.0512369646218,3,gmrt_shore_blend,blend to GMRT,unknown,54,mixed_blend,2,216.455555556,false
west,west_0180,180,90000,0.503532434376,75327.0849763,3201399.30626,-0.130162529983,0.991492670567,0.991492670567,0.130162529983,-0.000234060689781,topo-bathy.tt3,30,30,30,-0.0204671171118,3,gmrt_shore_blend,blend to GMRT,unknown,54,mixed_blend,2,127.495588401,false
west,west_0181,181,90500,0.506329836789,75354.3050425,3201898.38208,0.0445771180818,0.9990059462,0.9990059462,-0.0445771180818,-0.000268262497389,topo-bathy.tt3,30,30,30,0.0129330381269,3,gmrt_shore_blend,blend to GMRT,unknown,54,mixed_blend,2,218.653130227,false
west,west_0182,182,91000,0.509127239202,75371.6496921,3202398.03426,0.137294565479,0.990530263187,0.990530263187,-0.137294565479,-0.000393229960228,topo-bathy.tt3,30,30,30,-0.0537395452018,3,gmrt_shore_blend,blend to GMRT,unknown,54,mixed_blend,2,276.576763617,false
west,west_0183,183,91500,0.511924641616,75489.8594272,3202876.35758,0.4239677758,0.905677274245,0.905677274245,-0.4239677758,-0.000203784975711,topo-bathy.tt3,30,30,30,-0.11306017926,3,gmrt_shore_blend,blend to GMRT,unknown,54,mixed_blend,2,218.653130227,false
west,west_0184,184,92000,0.514722044029,75780.9538482,3203272.3872,0.334914577613,0.942248494667,0.942248494667,-0.334914577613,0.000391459410811,topo-bathy.tt3,30,30,30,0.187288296922,3,gmrt_shore_blend,blend to GMRT,unknown,54,mixed_blend,2,123.688888889,false
west,west_0185,185,92500,0.517519446442,75807.535239,3203770.10654,0.0463458366816,0.998925454387,0.998925454387,-0.0463458366816,0.000384207437887,topo-bathy.tt3,30,30,30,-0.0399221993537,3,gmrt_shore_blend,blend to GMRT,unknown,54,mixed_blend,2,185.533333333,false
west,west_0186,186,93000,0.520316848855,75827.1825495,3204268.78795,-0.042679899206,0.999088797957,0.999088797957,0.042679899206,0.000251320959937,topo-bathy.tt3,30,30,30,0.0625910057589,3,gmrt_shore_blend,blend to GMRT,unknown,54,mixed_blend,2,185.533333333,false
west,west_0187,187,93500,0.523114251268,75765.0408192,3204764.85347,-0.203526544244,0.979069428482,0.979069428482,0.203526544244,0.000180699684496,topo-bathy.tt3,30,30,30,0.101047653037,3,gmrt_shore_blend,blend to GMRT,unknown,54,mixed_blend,2,278.3,false
west,west_0188,188,94000,0.525911653682,75624.91949,3205241.77936,-0.221539143499,0.975151479462,0.975151479462,0.221539143499,-4.95919571545e-05,topo-bathy.tt3,30,30,30,-0.028193832309,3,gmrt_shore_blend,blend to GMRT,unknown,54,mixed_blend,2,291.719661006,false
west,west_0189,189,94500,0.528709056095,75544.6430588,3205734.98091,-0.154742253157,0.987954875026,0.987954875026,0.154742253157,-0.000166363870663,topo-bathy.tt3,30,30,30,0.0159846646026,3,gmrt_shore_blend,blend to GMRT,unknown,54,mixed_blend,2,154.611111111,false
west,west_0190,190,95000,0.531506458508,75470.2905878,3206229.01054,-0.0569977740131,0.998374305437,0.998374305437,0.0569977740131,-0.000235244116239,topo-bathy.tt3,30,30,30,-0.0362735171777,3,gmrt_shore_blend,blend to GMRT,unknown,54,mixed_blend,2,310.764487262,false
west,west_0191,191,95500,0.534303860921,75487.9346823,3206728.28612,0.0797926424929,0.996811483784,0.996811483784,-0.0797926424929,-0.00016859030611,topo-bathy.tt3,30,30,30,0.0242203037967,3,gmrt_shore_blend,blend to GMRT,unknown,54,mixed_blend,2,225.117175799,false
west,west_0192,192,96000,0.537101263334,75549.8338457,3207222.70658,0.111330353048,0.99378345352,0.99378345352,-0.111330353048,6.73095162165e-05,topo-bathy.tt3,30,30,30,0.026859734863,3,gmrt_shore_blend,blend to GMRT,unknown,54,mixed_blend,2,235.496628374,false
west,west_0193,193,96500,0.539898665748,75598.9961814,3207719.66967,0.0125677104361,0.999921023209,0.999921023209,-0.0125677104361,0.000393733658738,topo-bathy.tt3,30,30,30,-0.0799904187309,3,gmrt_shore_blend,blend to GMRT,unknown,54,mixed_blend,2,30.9222222222,false
west,west_0194,194,97000,0.542696068161,75562.2404743,3208209.81149,-0.278442439866,0.960452917993,0.960452917993,0.278442439866,0.000400508661448,topo-bathy.tt3,30,30,30,-0.154275436603,3,gmrt_shore_blend,blend to GMRT,unknown,54,mixed_blend,2,30.9222222222,false
west,west_0195,195,97500,0.545493470574,75334.6711601,3208631.42629,-0.37828287119,0.925690050376,0.925690050376,0.37828287119,5.54822595503e-05,topo-bathy.tt3,30,30,30,-0.215373801114,3,gmrt_shore_blend,blend to GMRT,unknown,54,mixed_blend,2,30.9222222222,false
west,west_0196,196,98000,0.548290872987,75199.7222625,3209096.92409,-0.331274750736,0.943534334047,0.943534334047,0.331274750736,-0.000194370797713,topo-bathy.tt3,30,30,30,0.0655805578337,3,gmrt_shore_blend,blend to GMRT,unknown,54,mixed_blend,2,241.510276089,false
west,west_0197,197,98500,0.5510882754,75010.1057174,3209555.85122,-0.192363264908,0.981323786685,0.981323786685,0.192363264908,-0.000496004592829,topo-bathy.tt3,30,30,30,-0.148130713532,3,gmrt_shore_blend,blend to GMRT,unknown,54,mixed_blend,2,247.377777778,false
west,west_0198,198,99000,0.553885677814,75013.2197671,3210048.3497,0.157689361265,0.987488767199,0.987488767199,-0.157689361265,-0.000518536738811,topo-bathy.tt3,30,30,30,0.000546980750586,3,gmrt_shore_blend,blend to GMRT,unknown,54,mixed_blend,2,225.117175799,false
west,west_0199,199,99500,0.556683080227,75164.736371,3210524.18562,0.319277433961,0.947661289788,0.947661289788,-0.319277433961,-0.000265546209426,topo-bathy.tt3,30,30,30,0.0514551155795,3,gmrt_shore_blend,blend to GMRT,unknown,54,mixed_blend,2,235.496628374,false
west,west_0200,200,100000,0.55948048264,75330.8186817,3210991.0289,0.411315207842,0.911493170461,0.911493170461,-0.411315207842,-0.000606300615344,topo-bathy.tt3,30,30,30,-0.0145770783669,3,gmrt_shore_blend,blend to GMRT,unknown,54,mixed_blend,2,247.377777778,false
west,west_0201,201,100500,0.562277885053,75570.8263881,3211424.09953,0.80237707026,0.596817423607,0.596817423607,-0.80237707026,-0.000558817558914,topo-bathy.tt3,30,30,30,-0.108754487957,3,gmrt_shore_blend,blend to GMRT,unknown,54,mixed_blend,2,154.611111111,false
west,west_0202,202,101000,0.565075287466,76034.7772394,3211514.64148,0.832006106855,0.55476647173,0.55476647173,-0.832006106855,0.000323724125947,topo-bathy.tt3,30,30,30,0.213045879325,3,gmrt_shore_blend,blend to GMRT,unknown,54,mixed_blend,2,349.845008363,false
west,west_0203,203,101500,0.56787268988,76311.229001,3211917.78647,0.570852190951,0.821052846098,0.821052846098,-0.570852190951,7.74912376238e-05,topo-bathy.tt3,30,30,30,0.0089612233886,3,gmrt_shore_blend,blend to GMRT,unknown,54,mixed_blend,2,315.34602903,false
west,west_0204,204,102000,0.570670092293,76585.9261005,3212307.35516,0.786562774469,0.617510325274,0.617510325274,-0.786562774469,-0.0005487762138,topo-bathy.tt3,30,30,30,-0.0828768987361,3,gmrt_shore_blend,blend to GMRT,unknown,54,mixed_blend,2,216.455555556,false
west,west_0205,205,102500,0.573467494706,77020.2087004,3212474.3883,0.915327181568,0.402711001442,0.402711001442,-0.915327181568,-0.000191986779932,topo-bathy.tt3,30,30,30,0.00282481745329,3,gmrt_shore_blend,blend to GMRT,unknown,54,mixed_blend,2,154.611111111,false
west,west_0206,206,103000,0.576264897119,77415.5986303,3212672.3812,0.889938182121,0.456081168217,0.456081168217,-0.889938182121,-0.000259579136109,topo-bathy.tt3,30,30,30,-0.334515315287,3,gmrt_shore_blend,blend to GMRT,unknown,54,mixed_blend,2,30.9222222222,false
west,west_0207,207,103500,0.579062299532,77703.9159035,3212824.77891,0.988027338573,0.15427889756,0.15427889756,-0.988027338573,-0.000443529167393,topo-bathy.tt3,30,30,30,-0.0285641325367,1,copernicus_a2_land_core,land/a2 core,false,30,high,1,30.9222222222,false
west,west_0208,208,104000,0.581859701946,78155.4450763,3212787.90705,0.999548305877,0.0300530234625,0.0300530234625,-0.999548305877,0.000263477700761,topo-bathy.tt3,30,30,30,0.0144195851959,3,gmrt_shore_blend,blend to GMRT,unknown,54,mixed_blend,2,195.569305072,false
west,west_0209,209,104500,0.584657104359,78630.2550865,3212852.63079,0.913750234738,0.406276394239,0.406276394239,-0.913750234738,0.000704657076481,topo-bathy.tt3,30,30,30,-0.0114222471074,3,gmrt_shore_blend,blend to GMRT,unknown,54,mixed_blend,2,235.496628374,false
west,west_0210,210,105000,0.587454506772,78989.3626306,3213158.68782,0.742022091542,0.670375428893,0.670375428893,-0.742022091542,0.000484337885173,topo-bathy.tt3,30,30,30,-0.94075439174,1,copernicus_a2_land_core,land/a2 core,false,30,high,1,30.9222222222,false
west,west_0211,211,105500,0.590251909185,79329.2127946,3213484.09995,0.61948239405,0.785010549905,0.785010549905,-0.61948239405,0.00054620670696,topo-bathy.tt3,30,30,30,-1.76449779081,1,copernicus_a2_land_core,land/a2 core,false,30,high,1,43.7306260454,false
west,west_0212,212,106000,0.593049311598,79577.3913974,3213903.84021,0.285832436779,0.958279613727,0.958279613727,-0.285832436779,0.000669857340368,topo-bathy.tt3,30,30,30,0.26569621443,1,copernicus_a2_land_core,land/a2 core,false,30,high,1,30.9222222222,false
west,west_0213,213,106500,0.595846714012,79588.8242017,3214354.47115,-0.00177416968968,0.99999842616,0.99999842616,0.00177416968968,0.000310418911464,topo-bathy.tt3,30,30,30,1.03240999639,3,gmrt_shore_blend,blend to GMRT,unknown,54,mixed_blend,2,92.7666666667,false
west,west_0214,214,107000,0.598644116425,79575.736376,3214836.68155,-0.0205424722438,0.999788981153,0.999788981153,0.0205424722438,-0.000105322601755,topo-bathy.tt3,30,30,30,-0.864934180718,3,gmrt_shore_blend,blend to GMRT,unknown,54,mixed_blend,2,61.8444444444,false
west,west_0215,215,107500,0.601441518838,79569.1423237,3215312.37556,0.103363484478,0.994643649795,0.994643649795,-0.103363484478,-6.69676810248e-05,topo-bathy.tt3,30,30,30,0.069196070122,3,gmrt_shore_blend,blend to GMRT,unknown,54,mixed_blend,2,61.8444444444,false
west,west_0216,216,108000,0.604238921251,79673.8221593,3215780.53907,0.0464070903547,0.998922610598,0.998922610598,-0.0464070903547,0.000177314814706,topo-bathy.tt3,30,30,30,0.240268878891,3,gmrt_shore_blend,blend to GMRT,unknown,54,mixed_blend,2,69.1441909042,false
west,west_0217,217,108500,0.607036323664,79612.6820474,3216249.57748,-0.0736995020615,0.997280493841,0.997280493841,0.0736995020615,7.323960871e-05,topo-bathy.tt3,30,30,30,-0.179808717951,1,copernicus_a2_land_core,land/a2 core,false,30,high,1,30.9222222222,false
west,west_0218,218,109000,0.609833726078,79602.4418154,3216746.43738,-0.0268126312838,0.999640476773,0.999640476773,0.0268126312838,0.000168261199782,topo-bathy.tt3,30,30,30,0.10923683477,3,gmrt_shore_blend,blend to GMRT,unknown,54,mixed_blend,2,61.8444444444,false
west,west_0219,219,109500,0.612631128491,79586.9549542,3217208.74645,-0.239671605177,0.970854016664,0.970854016664,0.239671605177,0.000718425998871,topo-bathy.tt3,30,30,30,1.35248830115,3,gmrt_shore_blend,blend to GMRT,unknown,54,mixed_blend,2,154.611111111,false
west,west_0220,220,110000,0.615428530904,79390.2002204,3217606.17879,-0.678149567131,0.734923917559,0.734923917559,0.678149567131,0.000596720549693,topo-bathy.tt3,30,30,30,0.502798417513,3,gmrt_shore_blend,blend to GMRT,unknown,54,mixed_blend,2,166.52126287,false
west,west_0221,221,110500,0.618225933317,78989.1000989,3217856.65342,-0.743806962043,0.668394496698,0.668394496698,0.743806962043,-0.000366245954231,topo-bathy.tt3,30,30,30,-0.326704683616,3,gmrt_shore_blend,blend to GMRT,unknown,54,mixed_blend,2,166.52126287,false
west,west_0222,222,111000,0.62102333573,78679.4857596,3218244.83594,-0.3699878008,0.929036612443,0.929036612443,0.3699878008,-0.0007250908323,topo-bathy.tt3,30,30,30,0.427033275371,3,gmrt_shore_blend,blend to GMRT,unknown,54,mixed_blend,2,174.922504182,false
west,west_0223,223,111500,0.623820738144,78638.7833823,3218736.29608,-0.113412754923,0.993547959094,0.993547959094,0.113412754923,-0.000122262845701,topo-bathy.tt3,30,30,30,-0.0252484709611,3,gmrt_shore_blend,blend to GMRT,unknown,54,mixed_blend,2,69.1441909042,false
west,west_0224,224,112000,0.626618140557,78569.987528,3219204.09088,-0.253922032002,0.967224690371,0.967224690371,0.253922032002,0.000319837769539,topo-bathy.tt3,30,30,30,-0.0896652385217,3,gmrt_shore_blend,blend to GMRT,unknown,54,mixed_blend,2,30.9222222222,false
west,west_0225,225,112500,0.62941554297,78404.6200131,3219628.25725,-0.420045148999,0.90750320815,0.90750320815,0.420045148999,0.000432222517228,topo-bathy.tt3,30,30,30,-0.0816952234071,3,gmrt_shore_blend,blend to GMRT,unknown,54,mixed_blend,2,43.7306260454,false
west,west_0226,226,113000,0.632212945383,78181.2378198,3220043.98061,-0.635731315897,0.77191041837,0.77191041837,0.635731315897,4.01392353688e-05,topo-bathy.tt3,30,30,30,0.902620826192,3,gmrt_shore_blend,blend to GMRT,unknown,54,mixed_blend,2,138.288381808,false
west,west_0227,227,113500,0.635010347796,77828.9171087,3220327.28066,-0.456123519018,0.889916476642,0.889916476642,0.456123519018,-0.00111103977277,topo-bathy.tt3,30,30,30,-0.0690158966226,3,gmrt_shore_blend,blend to GMRT,unknown,54,mixed_blend,2,111.491657774,false
west,west_0228,228,114000,0.63780775021,77796.2915895,3220795.02715,0.409662636607,0.912237098658,0.912237098658,-0.409662636607,-0.00126041142175,topo-bathy.tt3,30,30,30,-0.0319920686805,3,gmrt_shore_blend,blend to GMRT,unknown,54,mixed_blend,2,207.432572713,false
west,west_0229,229,114500,0.640605152623,78181.5886328,3221112.6099,0.708081175397,0.706131042405,0.706131042405,-0.708081175397,-0.000371532070219,topo-bathy.tt3,30,30,30,0.00153160709335,3,gmrt_shore_blend,blend to GMRT,unknown,54,mixed_blend,2,262.383756272,false
west,west_0230,230,115000,0.643402555036,78499.827181,3221496.62513,0.712893925077,0.701271881361,0.701271881361,-0.712893925077,0.000279683044313,topo-bathy.tt3,30,30,30,-0.00603809344412,3,gmrt_shore_blend,blend to GMRT,unknown,54,mixed_blend,2,222.983315547,false
west,west_0231,231,115500,0.646199957449,78882.156864,3221801.75703,0.485639056377,0.874159428778,0.874159428778,-0.485639056377,0.000856013719306,topo-bathy.tt3,30,30,30,0.03100099134,3,gmrt_shore_blend,blend to GMRT,unknown,54,mixed_blend,2,154.611111111,false
west,west_0232,232,116000,0.648997359862,78943.2396551,3222294.77592,-0.0623569552472,0.998053911436,0.998053911436,0.0623569552472,0.000923361502866,topo-bathy.tt3,30,30,30,0.00315482972626,3,gmrt_shore_blend,blend to GMRT,unknown,54,mixed_blend,2,123.688888889,false
west,west_0233,233,116500,0.651794762276,78822.7381243,3222752.78335,-0.404349453104,0.914604570169,0.914604570169,0.404349453104,0.000161953609344,topo-bathy.tt3,30,30,30,-0.000480204245068,3,gmrt_shore_blend,blend to GMRT,unknown,54,mixed_blend,2,278.3,false
west,west_0234,234,117000,0.654592164689,78584.2633117,3223106.75032,-0.222473719466,0.974938687378,0.974938687378,0.222473719466,-0.000505622374855,topo-bathy.tt3,30,30,30,0.00359193427931,3,gmrt_shore_blend,blend to GMRT,unknown,54,mixed_blend,2,127.495588401,false
west,west_0235,235,117500,0.657389567102,78628.4912291,3223604.02462,0.0892360850322,0.996010502519,0.996010502519,-0.0892360850322,-0.000515492874319,topo-bathy.tt3,30,30,30,0.00984937521962,3,gmrt_shore_blend,blend to GMRT,unknown,54,mixed_blend,2,315.34602903,false
west,west_0236,236,118000,0.660186969515,78673.2852153,3224100.37023,0.287046187662,0.957916742806,0.957916742806,-0.287046187662,-0.000527803427496,topo-bathy.tt3,30,30,30,-0.0201462676706,3,gmrt_shore_blend,blend to GMRT,unknown,54,mixed_blend,2,247.377777778,false
west,west_0237,237,118500,0.662984371928,78908.9108096,3224539.82737,0.57872007736,0.815526254673,0.815526254673,-0.57872007736,-0.000536963875288,topo-bathy.tt3,30,30,30,0.000105905231114,3,gmrt_shore_blend,blend to GMRT,unknown,54,mixed_blend,2,216.455555556,false
west,west_0238,238,119000,0.665781774342,79216.2097355,3224865.45376,0.736651632618,0.67627240973,-0.67627240973,0.736651632618,0.000583037030532,topo-bathy.tt3,30,30,30,-0.0835801416103,3,gmrt_shore_blend,blend to GMRT,unknown,54,mixed_blend,2,92.7666666667,false
west,west_0239,239,119500,0.668579176755,79450.6356146,3225037.15002,0.0341147200713,0.999417923531,0.999417923531,-0.0341147200713,0.000977509317904,topo-bathy.tt3,30,30,30,0.357625175511,5,gmrt_core,GMRT core,unknown,54,high,1,43.7306260454,false
west,west_0240,240,120000,0.671376579168,79237.4142921,3225486.65815,-0.148848417814,0.988860024733,0.988860024733,0.148848417814,-0.00015798005282,topo-bathy.tt3,30,30,30,-0.0822001665475,3,gmrt_shore_blend,blend to GMRT,unknown,54,mixed_blend,2,218.653130227,false
west,west_0241,241,120500,0.674173981581,79312.6327631,3225953.95858,0.190922053845,0.981605200351,0.981605200351,-0.190922053845,-8.46789549424e-05,topo-bathy.tt3,30,30,30,0.0707519478662,1,copernicus_a2_land_core,land/a2 core,false,30,high,1,30.9222222222,false
west,west_0242,242,121000,0.676971383994,79417.166091,3226410.83269,-0.0646794780064,0.997906090334,0.997906090334,0.0646794780064,0.000554151742288,topo-bathy.tt3,30,30,30,-0.481627094412,1,copernicus_a2_land_core,land/a2 core,false,30,high,1,43.7306260454,false
west,west_0243,243,121500,0.679768786408,79254.1365188,3226856.46676,-0.354192406327,0.935172571935,0.935172571935,0.354192406327,-0.000504889562336,topo-bathy.tt3,30,30,30,-2.0902696312,3,gmrt_shore_blend,blend to GMRT,unknown,54,mixed_blend,2,30.9222222222,false
west,west_0244,244,122000,0.682566188821,79082.8215011,3227293.60116,0.426088654775,0.904681412583,0.904681412583,-0.426088654775,-0.000994893275605,topo-bathy.tt3,30,30,30,-0.0270622652394,3,gmrt_shore_blend,blend to GMRT,unknown,54,mixed_blend,2,43.7306260454,false
west,west_0245,245,122500,0.685363591234,79534.9678304,3227452.73438,0.591439537166,0.806349349772,0.806349349772,-0.591439537166,0.000276064539671,topo-bathy.tt3,30,30,30,0.175256577474,3,gmrt_shore_blend,blend to GMRT,unknown,54,mixed_blend,2,235.496628374,false
west,west_0246,246,123000,0.688160993647,79557.1099407,3227940.23053,0.163364845685,0.986565723707,0.986565723707,-0.163364845685,0.000340040038493,topo-bathy.tt3,30,30,30,-0.033018576776,3,gmrt_shore_blend,blend to GMRT,unknown,54,mixed_blend,2,247.377777778,false
west,west_0247,247,123500,0.69095839606,79695.2457918,3228420.65831,0.288636948968,0.957438620325,0.957438620325,-0.288636948968,-0.000218674421085,topo-bathy.tt3,30,30,30,-0.013278771164,3,gmrt_shore_blend,blend to GMRT,unknown,54,mixed_blend,2,188.092534687,false
west,west_0248,248,124000,0.693755798474,79845.6772557,3228897.43817,0.373495881544,0.927631837784,0.927631837784,-0.373495881544,-0.000107892789114,topo-bathy.tt3,30,30,30,-0.0350139161711,3,gmrt_shore_blend,blend to GMRT,unknown,54,mixed_blend,2,207.432572713,false
west,west_0249,249,124500,0.696553200887,80067.3817321,3229344.91253,0.39005900943,0.920789861566,0.920789861566,-0.39005900943,7.60485381542e-05,topo-bathy.tt3,30,30,30,-0.0344970549001,3,gmrt_shore_blend,blend to GMRT,unknown,54,mixed_blend,2,43.7306260454,false
west,west_0250,250,125000,0.6993506033,80234.4725231,3229815.24479,0.301939300896,0.953327151913,0.953327151913,-0.301939300896,3.24525272478e-05,topo-bathy.tt3,30,30,30,0.00436082273866,3,gmrt_shore_blend,blend to GMRT,unknown,54,mixed_blend,2,180.305990259,false
west,west_0251,251,125500,0.702148005713,80368.8712746,3230296.81964,0.359976915675,0.932961210437,0.932961210437,-0.359976915675,-9.50699804995e-05,topo-bathy.tt3,30,30,30,-0.018614290387,3,gmrt_shore_blend,blend to GMRT,unknown,54,mixed_blend,2,180.305990259,false
west,west_0252,252,126000,0.704945408126,80591.350992,3230740.17568,0.391072146832,0.920360025193,0.920360025193,-0.391072146832,0.000231314031327,topo-bathy.tt3,30,30,30,-0.0103424829013,3,gmrt_shore_blend,blend to GMRT,unknown,54,mixed_blend,2,293.353957608,false
west,west_0253,253,126500,0.70774281054,80751.0371269,3231196.21935,0.13650162589,0.990639846831,0.990639846831,-0.13650162589,0.000319343407292,topo-bathy.tt3,30,30,30,-0.00306316425463,3,gmrt_shore_blend,blend to GMRT,unknown,54,mixed_blend,2,218.653130227,false
west,west_0254,254,127000,0.710540212953,80722.8551799,3231694.54738,0.0823594249112,0.996602691712,0.996602691712,-0.0823594249112,-0.000191851384321,topo-bathy.tt3,30,30,30,-0.0342300321951,3,gmrt_shore_blend,blend to GMRT,unknown,54,mixed_blend,2,166.52126287,false
west,west_0255,255,127500,0.713337615366,80832.4293404,3232181.11815,0.322889092157,0.946436809389,0.946436809389,-0.322889092157,-0.00019474970852,topo-bathy.tt3,30,30,30,-0.0826426730053,3,gmrt_shore_blend,blend to GMRT,unknown,54,mixed_blend,2,69.1441909042,false
west,west_0256,256,128000,0.716135017779,81040.7135255,3232626.23831,0.273666044211,0.96182477419,0.96182477419,-0.273666044211,-1.01077174119e-05,topo-bathy.tt3,30,30,30,0.0579234242157,3,gmrt_shore_blend,blend to GMRT,unknown,54,mixed_blend,2,225.117175799,false
west,west_0257,257,128500,0.718932420192,81087.8676685,3233078.87992,0.332438751088,0.943124846866,0.943124846866,-0.332438751088,-0.000109739279861,topo-bathy.tt3,30,30,30,-0.0314385276619,3,gmrt_shore_blend,blend to GMRT,unknown,54,mixed_blend,2,127.495588401,false
west,west_0258,258,129000,0.721729822606,81344.7937239,3233488.91027,0.377358091262,0.926067422469,0.926067422469,-0.377358091262,-0.000400250506154,topo-bathy.tt3,30,30,30,0.0358686783042,3,gmrt_shore_blend,blend to GMRT,unknown,54,mixed_blend,2,87.4612520908,false
west,west_0259,259,129500,0.724527225019,81449.0457927,3233965.24039,0.673651638444,0.739049030865,0.739049030865,-0.673651638444,-0.000794666988606,topo-bathy.tt3,30,30,30,-0.0812660947726,3,gmrt_shore_blend,blend to GMRT,unknown,54,mixed_blend,2,318.363763137,false
west,west_0260,260,130000,0.727324627432,81914.1683367,3234113.55917,0.925217645786,0.379436829954,0.379436829954,-0.925217645786,-0.000489525072593,topo-bathy.tt3,30,30,30,0.0614801646738,3,gmrt_shore_blend,blend to GMRT,unknown,54,mixed_blend,2,280.012631549,false
west,west_0261,261,130500,0.730122029845,82359.4615453,3234338.60688,0.942041352039,0.335496782471,0.335496782471,-0.942041352039,-6.14712988993e-05,topo-bathy.tt3,30,30,30,-0.0204756992874,3,gmrt_shore_blend,blend to GMRT,unknown,54,mixed_blend,2,207.432572713,false
west,west_0262,262,131000,0.732919432258,82846.3075864,3234445.52944,0.946779914806,0.321881644272,0.321881644272,-0.946779914806,-3.32541577876e-05,topo-bathy.tt3,30,30,30,0.071522533157,3,gmrt_shore_blend,blend to GMRT,unknown,54,mixed_blend,2,154.611111111,false
west,west_0263,263,131500,0.735716834672,83296.6142347,3234657.21551,0.952675133809,0.3039902785,0.3039902785,-0.952675133809,0.000211836170446,topo-bathy.tt3,30,30,30,0.171598908043,1,copernicus_a2_land_core,land/a2 core,false,30,high,1,30.9222222222,false
west,west_0264,264,132000,0.738514237085,83758.0692704,3234736.46459,0.857938721304,0.5137520321,0.5137520321,-0.857938721304,0.000729205145195,topo-bathy.tt3,30,30,30,0.198669260701,3,gmrt_shore_blend,blend to GMRT,unknown,54,mixed_blend,2,276.576763617,false
west,west_0265,265,132500,0.741311639498,84074.3352878,3235122.93149,0.507872111507,0.861432480438,0.861432480438,-0.507872111507,0.00142008080594,topo-bathy.tt3,30,30,30,0.0199130381417,3,gmrt_shore_blend,blend to GMRT,unknown,54,mixed_blend,2,30.9222222222,false
west,west_0266,266,133000,0.744109041911,84246.242751,3235564.48504,-0.379112379711,0.925350638164,0.925350638164,0.379112379711,0.00191394700274,topo-bathy.tt3,30,30,30,0.317015292396,5,gmrt_core,GMRT core,unknown,54,high,1,61.8444444444,false
west,west_0267,267,133500,0.746906444324,83901.9396607,3235543.72071,-0.982086835479,0.18842889263,0.18842889263,0.982086835479,-0.000849815142533,topo-bathy.tt3,30,30,30,0.02247270538,3,gmrt_shore_blend,blend to GMRT,unknown,54,mixed_blend,2,276.576763617,false
west,west_0268,268,134000,0.749703846738,83777.8003341,3235654.36313,0.444824467299,0.895617771871,0.895617771871,-0.444824467299,-0.00246140752958,topo-bathy.tt3,30,30,30,-0.0676120708849,3,gmrt_shore_blend,blend to GMRT,unknown,54,mixed_blend,2,123.688888889,false
west,west_0269,269,134500,0.752501249151,84128.9527514,3236000.79305,0.882039493144,0.471175479555,0.471175479555,-0.882039493144,-0.000397513897037,topo-bathy.tt3,30,30,30,0.0103623653908,3,gmrt_shore_blend,blend to GMRT,unknown,54,mixed_blend,2,249.302925706,false
west,west_0270,270,135000,0.755298651564,84521.9571749,3236051.88326,0.756857928938,0.653579433125,0.653579433125,-0.756857928938,0.000807801705369,topo-bathy.tt3,30,30,30,0.24845232184,3,gmrt_shore_blend,blend to GMRT,unknown,54,mixed_blend,2,30.9222222222,false
west,west_0271,271,135500,0.758096053977,84692.9189826,3236487.80219,0.269016395723,0.963135597324,0.963135597324,-0.269016395723,0.000411445416867,topo-bathy.tt3,30,30,30,0.00892771355848,3,gmrt_shore_blend,blend to GMRT,unknown,54,mixed_blend,2,345.720954521,false
west,west_0272,272,136000,0.76089345639,84780.0653759,3236975.96521,0.432304387482,0.901727739711,0.901727739711,-0.432304387482,-0.000349072606153,topo-bathy.tt3,30,30,30,-0.0253632887364,3,gmrt_shore_blend,blend to GMRT,unknown,54,mixed_blend,2,43.7306260454,false
west,west_0273,273,136500,0.763690858804,85103.3433844,3237343.89127,0.582209989671,0.81303845415,0.81303845415,-0.582209989671,-7.06606351914e-05,topo-bathy.tt3,30,30,30,0.0583324496715,3,gmrt_shore_blend,blend to GMRT,unknown,54,mixed_blend,2,127.495588401,false
west,west_0274,274,137000,0.766488261217,85349.5488704,3237771.23151,0.494889250689,0.86895605732,0.86895605732,-0.494889250689,0.000369038348383,topo-bathy.tt3,30,30,30,-0.0207958742581,3,gmrt_shore_blend,blend to GMRT,unknown,54,mixed_blend,2,278.3,false
west,west_0275,275,137500,0.76928566363,85594.2910675,3238205.92649,0.249734338884,0.968314391085,0.968314391085,-0.249734338884,0.000155450467086,topo-bathy.tt3,30,30,30,0.00106995429655,3,gmrt_shore_blend,blend to GMRT,unknown,54,mixed_blend,2,262.383756272,false
west,west_0276,276,138000,0.772083066043,85583.7796894,3238679.43289,0.354385568201,0.935099389932,0.935099389932,-0.354385568201,-0.000285870672784,topo-bathy.tt3,30,30,30,-0.0623605653692,3,gmrt_shore_blend,blend to GMRT,unknown,54,mixed_blend,2,43.7306260454,false
west,west_0277,277,138500,0.774880468456,85911.5845522,3239043.15286,0.512657022831,0.858593487596,0.858593487596,-0.512657022831,0.000109415247609,topo-bathy.tt3,30,30,30,0.0717461918501,3,gmrt_shore_blend,blend to GMRT,unknown,54,mixed_blend,2,180.305990259,false
west,west_0278,278,139000,0.77767787087,86080.9323905,3239512.05988,0.250156277602,0.968205472395,0.968205472395,-0.250156277602,0.000512538123864,topo-bathy.tt3,30,30,30,0.0118461522089,3,gmrt_shore_blend,blend to GMRT,unknown,54,mixed_blend,2,216.455555556,false
west,west_0279,279,139500,0.780475273283,86160.1702128,3240005.27942,0.0257355984373,0.999668784635,0.999668784635,-0.0257355984373,0.000632537788867,topo-bathy.tt3,30,30,30,0.00620955611377,3,gmrt_shore_blend,blend to GMRT,unknown,54,mixed_blend,2,123.688888889,false
west,west_0280,280,140000,0.783272675696,86106.3729023,3240500.26637,-0.370638256692,0.928777305212,0.928777305212,0.370638256692,0.000394395047108,topo-bathy.tt3,30,30,30,0.00814706505629,3,gmrt_shore_blend,blend to GMRT,unknown,54,mixed_blend,2,195.569305072,false
west,west_0281,281,140500,0.786070078109,85813.0804257,3240875.04694,-0.360362623963,0.932812295829,0.932812295829,0.360362623963,-0.000117494900036,topo-bathy.tt3,30,30,30,-0.100800164102,3,gmrt_shore_blend,blend to GMRT,unknown,54,mixed_blend,2,30.9222222222,false
west,west_0282,282,141000,0.788867480522,85771.3057207,3241367.60046,-0.259207171552,0.965821744535,0.965821744535,0.259207171552,-6.04585924656e-05,topo-bathy.tt3,30,30,30,0.0151920339555,3,gmrt_shore_blend,blend to GMRT,unknown,54,mixed_blend,2,87.4612520908,false
west,west_0283,283,141500,0.791664882936,85560.8164204,3241814.99802,-0.30334205079,0.952881734646,0.952881734646,0.30334205079,-0.000122177516362,topo-bathy.tt3,30,30,30,-0.0153593566575,3,gmrt_shore_blend,blend to GMRT,unknown,54,mixed_blend,2,69.1441909042,false
west,west_0284,284,142000,0.794462285349,85477.0439984,3242291.95836,-0.139566593764,0.990212687207,0.990212687207,0.139566593764,-0.000240892267997,topo-bathy.tt3,30,30,30,-0.199678302512,1,copernicus_a2_land_core,land/a2 core,false,30,high,1,30.9222222222,false
west,west_0285,285,142500,0.797259687762,85424.082062,3242785.11625,-0.0672549414481,0.997735823177,0.997735823177,0.0672549414481,-0.000282431217026,topo-bathy.tt3,30,30,30,0.0989275281784,3,gmrt_shore_blend,blend to GMRT,unknown,54,mixed_blend,2,30.9222222222,false
west,west_0286,286,143000,0.800057090175,85410.4575138,3243279.77754,0.14192665877,0.989877175982,0.989877175982,-0.14192665877,-0.000527146488383,topo-bathy.tt3,30,30,30,-0.0270423405534,3,gmrt_shore_blend,blend to GMRT,unknown,54,mixed_blend,2,157.673014515,false
west,west_0287,287,143500,0.802854492588,85561.4346838,3243743.09149,0.443805397711,0.896123188497,0.896123188497,-0.443805397711,-0.000368081932517,topo-bathy.tt3,30,30,30,0.0195266426782,3,gmrt_shore_blend,blend to GMRT,unknown,54,mixed_blend,2,328.707731076,false
west,west_0288,288,144000,0.805651895002,85837.1876875,3244141.42276,0.488604343065,0.872505470435,0.872505470435,-0.488604343065,0.000104158870042,topo-bathy.tt3,30,30,30,0.0590376066503,3,gmrt_shore_blend,blend to GMRT,unknown,54,mixed_blend,2,197.998830586,false
west,west_0289,289,144500,0.808449297415,86036.1559423,3244590.8058,0.348229639127,0.937409258773,0.937409258773,-0.348229639127,0.000296887918144,topo-bathy.tt3,30,30,30,0.00445049656515,3,gmrt_shore_blend,blend to GMRT,unknown,54,mixed_blend,2,154.611111111,false
west,west_0290,290,145000,0.811246699828,86181.7241541,3245068.89027,0.211980938416,0.977273800809,0.977273800809,-0.211980938416,0.000187265081058,topo-bathy.tt3,30,30,30,-0.00693911785403,3,gmrt_shore_blend,blend to GMRT,unknown,54,mixed_blend,2,30.9222222222,false
west,west_0291,291,145500,0.814044102241,86241.4509826,3245537.2563,0.167621750809,0.985851382641,0.985851382641,-0.167621750809,0.000153589719654,topo-bathy.tt3,30,30,30,0.15807228956,1,copernicus_a2_land_core,land/a2 core,false,30,high,1,30.9222222222,false
west,west_0292,292,146000,0.816841504654,86343.746759,3246021.81081,0.0599757858372,0.998199832255,0.998199832255,-0.0599757858372,-1.53880502023e-05,topo-bathy.tt3,30,30,30,0.0847981045862,3,gmrt_shore_blend,blend to GMRT,unknown,54,mixed_blend,2,123.688888889,false
west,west_0293,293,146500,0.819638907068,86297.3162001,3246467.04238,0.182771637321,0.983155393918,0.983155393918,-0.182771637321,-0.000524506085106,topo-bathy.tt3,30,30,30,-0.321743640739,3,gmrt_shore_blend,blend to GMRT,unknown,54,mixed_blend,2,138.288381808,false
west,west_0294,294,147000,0.822436309481,86508.7344582,3246909.30379,0.551797373654,0.833978212203,0.833978212203,-0.551797373654,-4.02534476977e-05,topo-bathy.tt3,30,30,30,-0.0390963068386,3,gmrt_shore_blend,blend to GMRT,unknown,54,mixed_blend,2,291.719661006,false
west,west_0295,295,147500,0.825233711894,86831.7040804,3247274.70814,0.222188288707,0.975003776588,0.975003776588,-0.222188288707,0.000847716378818,topo-bathy.tt3,30,30,30,0.0709347586179,3,gmrt_shore_blend,blend to GMRT,unknown,54,mixed_blend,2,111.491657774,false
west,west_0296,296,148000,0.828031114307,86697.6642487,3247738.36306,-0.260170223302,0.965562765908,0.965562765908,0.260170223302,0.000419655326117,topo-bathy.tt3,30,30,30,0.060800041893,3,gmrt_shore_blend,blend to GMRT,unknown,54,mixed_blend,2,197.998830586,false
west,west_0297,297,148500,0.83082851672,86594.4338034,3248155.28295,-0.194352222567,0.980931808834,0.980931808834,0.194352222567,-0.000141817264717,topo-bathy.tt3,30,30,30,-0.710499284906,3,gmrt_shore_blend,blend to GMRT,unknown,54,mixed_blend,2,30.9222222222,false
west,west_0298,298,149000,0.833625919134,86523.6257728,3248616.76761,-0.121083388142,0.99264233897,0.99264233897,0.121083388142,-0.000106730839166,topo-bathy.tt3,30,30,30,-0.937959397719,3,gmrt_shore_blend,blend to GMRT,unknown,54,mixed_blend,2,61.8444444444,false
west,west_0299,299,149500,0.836423321547,86482.0448384,3249076.64836,-0.088749278727,0.996053997294,0.996053997294,0.088749278727,-0.000284482923306,topo-bathy.tt3,30,30,30,0.0309860309894,3,gmrt_shore_blend,blend to GMRT,unknown,54,mixed_blend,2,185.533333333,false
west,west_0300,300,150000,0.83922072396,86438.654227,3249570.42322,0.162379513181,0.986728378886,0.986728378886,-0.162379513181,-0.000790526781203,topo-bathy.tt3,30,30,30,-0.0891358352387,3,gmrt_shore_blend,blend to GMRT,unknown,54,mixed_blend,2,185.533333333,false
west,west_0301,301,150500,0.842018126373,86633.4753607,3249996.84322,0.645486882319,0.763771356332,0.763771356332,-0.645486882319,-0.000821464580957,topo-bathy.tt3,30,30,30,-0.0688683711343,3,gmrt_shore_blend,blend to GMRT,unknown,54,mixed_blend,2,276.576763617,false
west,west_0302,302,151000,0.844815528786,87041.6053138,3250283.86417,0.83303222198,0.553224472653,0.553224472653,-0.83303222198,-7.92951013796e-05,topo-bathy.tt3,30,30,30,-0.0678074847585,3,gmrt_shore_blend,blend to GMRT,unknown,54,mixed_blend,2,185.533333333,false
west,west_0303,303,151500,0.8476129312,87457.8249151,3250544.30145,0.703958506857,0.710241100348,0.710241100348,-0.703958506857,0.000449882482472,topo-bathy.tt3,30,30,30,0.0469960817878,3,gmrt_shore_blend,blend to GMRT,unknown,54,mixed_blend,2,154.611111111,false
west,west_0304,304,152000,0.850410333613,87719.9551451,3250968.26804,0.50956899132,0.86042980137,0.86042980137,-0.50956899132,0.00023889659281,topo-bathy.tt3,30,30,30,-0.000979168093472,3,gmrt_shore_blend,blend to GMRT,unknown,54,mixed_blend,2,216.455555556,false
west,west_0305,305,152500,0.853207736026,87966.2603927,3251402.81727,0.515901001142,0.856648210773,0.856648210773,-0.515901001142,-8.38534154348e-05,topo-bathy.tt3,30,30,30,-0.0147472356938,3,gmrt_shore_blend,blend to GMRT,unknown,54,mixed_blend,2,264.19958248,false
west,west_0306,306,153000,0.856005138439,88234.8951367,3251823.32051,0.579844005103,0.814727518712,0.814727518712,-0.579844005103,6.83112056529e-05,topo-bathy.tt3,30,30,30,0.0329622330428,3,gmrt_shore_blend,blend to GMRT,unknown,54,mixed_blend,2,304.548569582,false
west,west_0307,307,153500,0.858802540852,88543.460971,3252213.83056,0.456224592975,0.889864664297,0.889864664297,-0.456224592975,-0.000328570121526,topo-bathy.tt3,30,30,30,0.00832743196684,3,gmrt_shore_blend,blend to GMRT,unknown,54,mixed_blend,2,276.576763617,false
west,west_0308,308,154000,0.861599943266,88671.0463943,3252674.03219,0.811729486979,0.584033594897,0.584033594897,-0.811729486979,-0.00121232324759,topo-bathy.tt3,30,30,30,-0.155680433004,3,gmrt_shore_blend,blend to GMRT,unknown,54,mixed_blend,2,218.653130227,false
west,west_0309,309,154500,0.864397345679,89027.4287777,3252562.04195,0.993363213651,-0.115019675558,-0.115019675558,-0.993363213651,-0.000323315812244,topo-bathy.tt3,30,30,30,0.170827234103,3,gmrt_shore_blend,blend to GMRT,unknown,54,mixed_blend,2,207.432572713,false
west,west_0310,310,155000,0.867194748092,89518.0201766,3252575.96268,0.955226139134,0.295876702556,0.295876702556,-0.955226139134,0.000953776724492,topo-bathy.tt3,30,30,30,0.0328918344991,3,gmrt_shore_blend,blend to GMRT,unknown,54,mixed_blend,2,154.611111111,false
west,west_0311,311,155500,0.869992150505,89920.3859771,3252838.63115,0.668577613026,0.743642370606,0.743642370606,-0.668577613026,0.000885552192934,topo-bathy.tt3,30,30,30,0.0406685583675,3,gmrt_shore_blend,blend to GMRT,unknown,54,mixed_blend,2,207.432572713,false
west,west_0312,312,156000,0.872789552919,90150.9618176,3253279.96803,0.375439529971,0.926846890989,0.926846890989,-0.375439529971,0.000502185625556,topo-bathy.tt3,30,30,30,0.0211917252697,3,gmrt_shore_blend,blend to GMRT,unknown,54,mixed_blend,2,154.611111111,false
west,west_0313,313,156500,0.875586955332,90293.1272424,3253758.81684,0.228083440932,0.973641589073,0.973641589073,-0.228083440932,8.83381347383e-05,topo-bathy.tt3,30,30,30,0.0154271427419,3,gmrt_shore_blend,blend to GMRT,unknown,54,mixed_blend,2,92.7666666667,false
west,west_0314,314,157000,0.878384357745,90377.5399812,3254247.1839,0.292206108604,0.956355368101,0.956355368101,-0.292206108604,-8.27448555772e-05,topo-bathy.tt3,30,30,30,0.453053470773,3,gmrt_shore_blend,blend to GMRT,unknown,54,mixed_blend,2,30.9222222222,false
west,west_0315,315,157500,0.881181760158,90574.2650771,3254678.94708,0.30777500687,0.951459166305,0.951459166305,-0.30777500687,-0.000233183849275,topo-bathy.tt3,30,30,30,0.0214998726609,3,gmrt_shore_blend,blend to GMRT,unknown,54,mixed_blend,2,247.377777778,false
west,west_0316,316,158000,0.883979162571,90672.0846307,3255157.74259,0.505288856784,0.862950271574,0.862950271574,-0.505288856784,-0.000334453547186,topo-bathy.tt3,30,30,30,-0.0659506984879,3,gmrt_shore_blend,blend to GMRT,unknown,54,mixed_blend,2,197.998830586,false
west,west_0317,317,158500,0.886776564985,91045.0455143,3255482.96265,0.603040508686,0.797710564606,0.797710564606,-0.603040508686,-5.97864280745e-06,topo-bathy.tt3,30,30,30,0.0947325129985,3,gmrt_shore_blend,blend to GMRT,unknown,54,mixed_blend,2,61.8444444444,false
west,west_0318,318,159000,0.889573967398,91258.5684782,3255933.55177,0.510439066945,0.859913925307,0.859913925307,-0.510439066945,-0.000176591613035,topo-bathy.tt3,30,30,30,-0.033125432938,3,gmrt_shore_blend,blend to GMRT,unknown,54,mixed_blend,2,30.9222222222,false
west,west_0319,319,159500,0.892371369811,91552.0694764,3256337.1233,0.733800109554,0.67936543864,0.67936543864,-0.733800109554,-0.000577090794733,topo-bathy.tt3,30,30,30,-0.0198096880422,3,gmrt_shore_blend,blend to GMRT,unknown,54,mixed_blend,2,30.9222222222,false
west,west_0320,320,160000,0.895168772224,91974.2789627,3256596.1695,0.896934079936,0.442164286492,0.442164286492,-0.896934079936,-0.000183543011294,topo-bathy.tt3,30,30,30,-0.0179864590284,3,gmrt_shore_blend,blend to GMRT,unknown,54,mixed_blend,2,247.377777778,false
west,west_0321,321,160500,0.897966174637,92438.3099583,3256774.01593,0.845468474614,0.534025335011,0.534025335011,-0.845468474614,0.000230433043354,topo-bathy.tt3,30,30,30,0.0108370625713,3,gmrt_shore_blend,blend to GMRT,unknown,54,mixed_blend,2,154.611111111,false
west,west_0322,322,161000,0.900763577051,92797.4743874,3257116.12646,0.772235997614,0.635335788375,0.635335788375,-0.772235997614,-0.000753615086926,topo-bathy.tt3,30,30,30,-0.00132347790347,3,gmrt_shore_blend,blend to GMRT,unknown,54,mixed_blend,2,254.991176802,false
west,west_0323,323,161500,0.903560979464,93203.2873137,3257403.37987,0.981954990699,-0.189114770022,-0.189114770022,-0.981954990699,-0.00122636147296,topo-bathy.tt3,30,30,30,-0.0110378940281,3,gmrt_shore_blend,blend to GMRT,unknown,54,mixed_blend,2,304.548569582,false
west,west_0324,324,162000,0.906358381877,93441.4645426,3256992.10036,0.858777147958,-0.512349304815,-0.512349304815,-0.858777147958,0.000147388224769,topo-bathy.tt3,30,30,30,0.0083869444117,5,gmrt_core,GMRT core,unknown,54,high,1,197.998830586,false
west,west_0325,325,162500,0.90915578429,93930.5445334,3256969.49579,0.999081121738,-0.0428592135656,-0.0428592135656,-0.999081121738,0.000643703663146,topo-bathy.tt3,30,30,30,-0.00480426286232,5,gmrt_core,GMRT core,unknown,54,high,1,626.127278703,false
west,west_0326,326,163000,0.911953186703,94429.786075,3256949.70271,0.994409934292,0.105588269148,0.105588269148,-0.994409934292,0.000874162181129,topo-bathy.tt3,30,30,30,-0.00958991658997,5,gmrt_core,GMRT core,unknown,54,high,1,1135.31308414,false
west,west_0327,327,163500,0.914750589117,94886.7554106,3257071.02802,0.673923389039,0.738801235588,0.738801235588,-0.673923389039,0.00130781474488,topo-bathy.tt3,30,30,30,0.0821686154265,5,gmrt_core,GMRT core,unknown,54,high,1,1545.49254293,false
west,west_0328,328,164000,0.91754799153,94982.7550602,3257555.9054,0.156549520422,0.987670110743,0.987670110743,-0.156549520422,0.000859832029679,topo-bathy.tt3,30,30,30,-0.0337431785403,5,gmrt_core,GMRT core,unknown,54,high,1,1510.13192396,false
west,west_0329,329,164500,0.920345393943,95041.931756,3258050.03477,-0.120035398031,0.992769612357,0.992769612357,0.120035398031,0.000759055680747,topo-bathy.tt3,30,30,30,0.0484655818747,5,gmrt_core,GMRT core,unknown,54,high,1,1323.5289084,false
west,west_0330,330,165000,0.923142796356,94866.6801114,3258515.91956,-0.566176255232,0.824284203422,0.824284203422,0.566176255232,0.000954594846342,topo-bathy.tt3,30,30,30,0.00130587213252,5,gmrt_core,GMRT core,unknown,54,high,1,830.881894862,false
west,west_0331,331,165500,0.925940198769,94501.8534839,3258836.32347,-0.879552271984,0.475802270747,0.475802270747,0.879552271984,0.000711195257018,topo-bathy.tt3,30,30,30,0.00425350855699,5,gmrt_core,GMRT core,unknown,54,high,1,318.363763137,false
west,west_0332,332,166000,0.928737601183,94023.0468896,3258972.29108,-0.96696812623,0.25489731826,0.25489731826,0.96696812623,-0.000227856504462,topo-bathy.tt3,30,30,30,0.00488098360778,5,gmrt_core,GMRT core,unknown,54,high,1,154.611111111,false
west,west_0333,333,166500,0.931535003596,93537.2995617,3259090.58439,-0.749339379916,0.662186147324,0.662186147324,0.749339379916,-0.00165610821094,topo-bathy.tt3,30,30,30,-0.0288371812445,3,gmrt_shore_blend,blend to GMRT,unknown,54,mixed_blend,2,247.377777778,false
west,west_0334,334,167000,0.934332406009,93428.8649619,3259497.36563,0.336364136873,0.941732004036,0.941732004036,-0.336364136873,-0.00183344633664,topo-bathy.tt3,30,30,30,-0.0200149159211,3,gmrt_shore_blend,blend to GMRT,unknown,54,mixed_blend,2,285.088802496,false
west,west_0335,335,167500,0.937129808422,93749.6826332,3259685.20169,0.834035603176,0.551710624,0.551710624,-0.834035603176,-0.000133932614224,topo-bathy.tt3,30,30,30,4.64935039416,3,gmrt_shore_blend,blend to GMRT,unknown,54,mixed_blend,2,30.9222222222,false
west,west_0336,336,168000,0.939927210835,94014.2103113,3259884.56883,0.45910368897,0.888382689371,0.888382689371,-0.45910368897,0.000655831071053,topo-bathy.tt3,30,30,30,0.176166389524,3,gmrt_shore_blend,blend to GMRT,unknown,54,mixed_blend,2,131.191878136,false
west,west_0337,337,168500,0.942724613249,94104.0787034,3260370.97125,0.324564613187,0.945863527083,0.945863527083,-0.324564613187,-0.000142242624277,topo-bathy.tt3,30,30,30,-0.0453748714109,3,gmrt_shore_blend,blend to GMRT,unknown,54,mixed_blend,2,254.991176802,false
west,west_0338,338,169000,0.945522015662,94327.5359637,3260797.67917,0.580407190382,0.814326404676,0.814326404676,-0.580407190382,-0.000356728671001,topo-bathy.tt3,30,30,30,-0.101598107775,3,gmrt_shore_blend,blend to GMRT,unknown,54,mixed_blend,2,207.432572713,false
west,west_0339,339,169500,0.948319418075,94664.9075201,3261157.82869,0.634437084683,0.772974505129,0.772974505129,-0.634437084683,-9.17272292027e-05,topo-bathy.tt3,30,30,30,-0.00831024035958,3,gmrt_shore_blend,blend to GMRT,unknown,54,mixed_blend,2,291.719661006,false
west,west_0340,340,170000,0.951116820488,94955.8566733,3261563.20171,0.652558364096,0.757738465071,0.757738465071,-0.652558364096,-1.71582468791e-05,topo-bathy.tt3,30,30,30,-0.0406767877598,3,gmrt_shore_blend,blend to GMRT,unknown,54,mixed_blend,2,195.569305072,false
west,west_0341,341,170500,0.953914222901,95311.7321903,3261908.9093,0.647605932733,0.761975429977,0.761975429977,-0.647605932733,0.000447821686128,topo-bathy.tt3,30,30,30,-0.18716819035,3,gmrt_shore_blend,blend to GMRT,unknown,54,mixed_blend,2,30.9222222222,false
west,west_0342,342,171000,0.956711625315,95537.8889857,3262248.02299,0.260108122551,0.96557949677,0.96557949677,-0.260108122551,-8.34028771946e-05,topo-bathy.tt3,30,30,30,-0.162376247895,3,gmrt_shore_blend,blend to GMRT,unknown,54,mixed_blend,2,30.9222222222,false
west,west_0343,343,171500,0.959509027728,95527.5743282,3262710.16356,0.708832143392,0.705377198734,0.705377198734,-0.708832143392,-0.000858937539445,topo-bathy.tt3,30,30,30,-0.205979085283,3,gmrt_shore_blend,blend to GMRT,unknown,54,mixed_blend,2,92.7666666667,false
west,west_0344,344,172000,0.962306430141,96018.0944286,3262725.88785,0.901001120865,0.433816758781,0.433816758781,-0.901001120865,-0.000131660727563,topo-bathy.tt3,30,30,30,0.0541836140127,3,gmrt_shore_blend,blend to GMRT,unknown,54,mixed_blend,2,340.144444444,false
west,west_0345,345,172500,0.965103832554,96319.0521309,3263091.2467,0.795299767296,0.60621636413,0.60621636413,-0.795299767296,5.3256254338e-05,topo-bathy.tt3,30,30,30,-0.334081452383,3,gmrt_shore_blend,blend to GMRT,unknown,54,mixed_blend,2,30.9222222222,false
west,west_0346,346,173000,0.967901234967,96756.5033825,3263288.73925,0.876631164167,0.481162968245,0.481162968245,-0.876631164167,3.34710599842e-05,topo-bathy.tt3,30,30,30,0.0324661346837,3,gmrt_shore_blend,blend to GMRT,unknown,54,mixed_blend,2,138.288381808,false
west,west_0347,347,173500,0.970698637381,97175.2704768,3263561.20554,0.774567401159,0.632491376275,0.632491376275,-0.774567401159,0.000567247121488,topo-bathy.tt3,30,30,30,-0.00120373383365,3,gmrt_shore_blend,blend to GMRT,unknown,54,mixed_blend,2,349.845008363,false
west,west_0348,348,174000,0.973496039794,97517.591176,3263910.22353,0.480801297738,0.876829579846,0.876829579846,-0.480801297738,0.000612895648428,topo-bathy.tt3,30,30,30,0.0153605069534,3,gmrt_shore_blend,blend to GMRT,unknown,54,mixed_blend,2,349.845008363,false
west,west_0349,349,174500,0.976293442207,97633.1019465,3264396.14541,0.269751735121,0.962929904717,0.962929904717,-0.269751735121,0.000141309893935,topo-bathy.tt3,30,30,30,0.00390056750683,3,gmrt_shore_blend,blend to GMRT,unknown,54,mixed_blend,2,154.611111111,false
west,west_0350,350,175000,0.97909084462,97786.8418714,3264871.36488,0.352516101941,0.935805747937,0.935805747937,-0.352516101941,1.46973162597e-05,topo-bathy.tt3,30,30,30,-0.0104052321676,3,gmrt_shore_blend,blend to GMRT,unknown,54,mixed_blend,2,87.4612520908,false
west,west_0351,351,175500,0.981888247033,97983.5054546,3265326.34297,0.255570625125,0.966790388643,0.966790388643,-0.255570625125,0.000311895533973,topo-bathy.tt3,30,30,30,0.0112511651199,3,gmrt_shore_blend,blend to GMRT,unknown,54,mixed_blend,2,123.688888889,false
west,west_0352,352,176000,0.984685649447,98038.4802736,3265823.28018,0.0483440627418,0.998830742217,0.998830742217,-0.0483440627418,5.52930212851e-06,topo-bathy.tt3,30,30,30,-0.00248258008103,3,gmrt_shore_blend,blend to GMRT,unknown,54,mixed_blend,2,254.991176802,false
west,west_0353,353,176500,0.98748305186,98031.6058663,3266320.13967,0.250221069416,0.968188729753,0.968188729753,-0.250221069416,-0.000530764641729,topo-bathy.tt3,30,30,30,-0.0942241313802,3,gmrt_shore_blend,blend to GMRT,unknown,54,mixed_blend,2,127.495588401,false
west,west_0354,354,177000,0.990280454273,98278.503679,3266752.01075,0.547293961089,0.836940451977,0.836940451977,-0.547293961089,-0.00052805068915,topo-bathy.tt3,30,30,30,-0.0259901659977,3,gmrt_shore_blend,blend to GMRT,unknown,54,mixed_blend,2,154.611111111,false
west,west_0355,355,177500,0.993077856686,98576.378272,3267153.22407,0.703961053928,0.710238575799,0.710238575799,-0.703961053928,-0.000360667383797,topo-bathy.tt3,30,30,30,-0.00890693062422,3,gmrt_shore_blend,blend to GMRT,unknown,54,mixed_blend,2,391.138610144,false
west,west_0356,356,178000,0.995875259099,98966.0392121,3267445.67733,0.807437141087,0.589953611052,0.589953611052,-0.807437141087,-0.000192581957323,topo-bathy.tt3,30,30,30,0.0361207130757,3,gmrt_shore_blend,blend to GMRT,unknown,54,mixed_blend,2,241.510276089,false
west,west_0357,357,178500,0.998672661513,99371.2726121,3267734.01329,0.826882391453,0.56237488449,0.56237488449,-0.826882391453,-7.81730272183e-05,topo-bathy.tt3,30,30,30,0.00902546502909,3,gmrt_shore_blend,blend to GMRT,unknown,54,mixed_blend,2,285.088802496,false
west,west_0358,358,178737.244824,1,99572.9920365,3267858.47488,0.851042766305,0.525096381553,0.525096381553,-0.851042766305,-8.88534773362e-05,topo-bathy.tt3,30,30,30,-0.00159181370476,3,gmrt_shore_blend,blend to GMRT,unknown,54,mixed_blend,2,138.288381808,false
