case_id,requested_time_min_s,effective_first_selected_time_s,frame_index,time_s,seaward_distance_m,landward_distance_m,side,zone,candidate_count_before_global_sampling,displayed_arrow_count,displayed_speed_max_mps,displayed_top10_mean_speed_mps,displayed_top10_count,displayed_max_point_id,displayed_max_x_m,displayed_max_y_m,displayed_max_u_mps,displayed_max_v_mps,displayed_max_h_m,displayed_max_m,displayed_max_b0_m,displayed_max_b_current_m,displayed_max_shoreline_distance_m,displayed_max_static_zone,displayed_max_dynamic_wet,displayed_max_source_topo_id,displayed_max_native_dx_m,displayed_max_native_dy_m,displayed_max_effective_resolution_m,displayed_max_source_precedence_rank,colorbar_fraction,colorbar_saturated
aqaba_lsa_c10_angm25,900,900,44,900,1000,500,east,seaward,153816,315,18.358914819,11.3397494686,10,667813,85414.0390625,3155832.75,-15.7229318619,9.47835254669,1.29332339764,0,-12.1270460507,-5.11352074146,1.39062349246,seaward,true,topo-bathy.tt3,30,30,30,1,0.668128470287,false
aqaba_lsa_c10_angm25,900,900,44,900,1000,500,east,landward_inundated,153816,59,13.2245838497,9.9092150574,10,680743,87304.7421875,3159014,12.7731904984,3.42567110062,1.0532977581,0,1.23269721698,-1.67155730724,9.98247527903,landward,true,topo-bathy.tt3,30,30,30,1,0.481276865477,false
aqaba_lsa_c10_angm25,900,900,44,900,1000,500,east,combined_coastal,153816,374,18.358914819,12.3998145496,10,667813,85414.0390625,3155832.75,-15.7229318619,9.47835254669,1.29332339764,0,-12.1270460507,-5.11352074146,1.39062349246,seaward,true,topo-bathy.tt3,30,30,30,1,0.668128470287,false
aqaba_lsa_c10_angm25,900,900,44,900,1000,500,west,seaward,153816,303,7.58303018648,6.32039604166,10,674054,59124.25,3157813.5,-1.39486980438,7.4536356926,2.38415288925,0,-4.51100718677,-4.38289034367,79.116836165,seaward,true,topo-bathy.tt3,30,30,30,1,0.275966112844,false
aqaba_lsa_c10_angm25,900,900,44,900,1000,500,west,landward_inundated,153816,99,6.85377274734,4.91932287444,10,696803,61255.0429688,3164926,6.44932031631,-2.3195836544,0.278365343809,0,0.517811077027,-2.26461598277,5.04969664372,landward,true,topo-bathy.tt3,30,30,30,1,0.249426545442,false
aqaba_lsa_c10_angm25,900,900,44,900,1000,500,west,combined_coastal,153816,402,7.58303018648,6.59940255777,10,674054,59124.25,3157813.5,-1.39486980438,7.4536356926,2.38415288925,0,-4.51100718677,-4.38289034367,79.116836165,seaward,true,topo-bathy.tt3,30,30,30,1,0.275966112844,false
aqaba_lsa_c10_angm25,900,900,45,1020,1000,500,east,seaward,162666,331,14.5933535745,11.6896127293,10,599882,75120.203125,3132304,14.5926160812,-0.14671215415,1.85207891464,0,-4.94465722859,-3.56591308117,19.0708253955,seaward,true,topo-bathy.tt3,30,30,30,1,0.531089941655,false
aqaba_lsa_c10_angm25,900,900,45,1020,1000,500,east,landward_inundated,162666,53,14.4766596544,10.4387091099,10,670012,85564.09375,3156643,5.59817409515,13.350435257,0.725818634033,0,2.44460533837,-1.41360396147,2.73304826402,landward,true,topo-bathy.tt3,30,30,30,1,0.5268431476,false
aqaba_lsa_c10_angm25,900,900,45,1020,1000,500,east,combined_coastal,162666,384,14.5933535745,12.4471777243,10,599882,75120.203125,3132304,14.5926160812,-0.14671215415,1.85207891464,0,-4.94465722859,-3.56591308117,19.0708253955,seaward,true,topo-bathy.tt3,30,30,30,1,0.531089941655,false
aqaba_lsa_c10_angm25,900,900,45,1020,1000,500,west,seaward,162666,294,5.64740506846,5.06873241393,10,685494,61165.0078125,3160634.5,1.76603186131,-5.36416959763,0.321714282036,0,-2.3035310291,-1.31111657619,21.2964655777,seaward,true,topo-bathy.tt3,30,30,30,1,0.20552370043,false
aqaba_lsa_c10_angm25,900,900,45,1020,1000,500,west,landward_inundated,162666,111,6.23316559591,5.07431381352,10,617076,49580.6953125,3138696.25,6.15517282486,-0.982955157757,0.475472688675,0,3.54243762818,0.287623643875,33.4243073592,landward,true,topo-bathy.tt3,30,30,30,1,0.226841043476,false
aqaba_lsa_c10_angm25,900,900,45,1020,1000,500,west,combined_coastal,162666,405,6.23316559591,5.42013865858,10,617076,49580.6953125,3138696.25,6.15517282486,-0.982955157757,0.475472688675,0,3.54243762818,0.287623643875,33.4243073592,landward,true,topo-bathy.tt3,30,30,30,1,0.226841043476,false
aqaba_lsa_c10_angm25,900,900,46,1140,1000,500,east,seaward,167983,299,13.597186513,10.6089462383,10,664209,85053.90625,3154602.25,8.00829792023,10.9886598587,0.710077702999,0,-0.250092803387,-2.56299191713,1.41806342858,seaward,true,topo-bathy.tt3,30,30,30,1,0.494836841648,false
aqaba_lsa_c10_angm25,900,900,46,1140,1000,500,east,landward_inundated,167983,59,12.7410477016,10.2023680117,10,668793,85534.0859375,3156222.75,12.4968709946,2.48244071007,1.12710642815,0,3.38959053816,-2.81663835049,14.9019690639,landward,true,topo-bathy.tt3,30,30,30,1,0.463679732415,false
aqaba_lsa_c10_angm25,900,900,46,1140,1000,500,east,combined_coastal,167983,358,13.597186513,11.5651884716,10,664209,85053.90625,3154602.25,8.00829792023,10.9886598587,0.710077702999,0,-0.250092803387,-2.56299191713,1.41806342858,seaward,true,topo-bathy.tt3,30,30,30,1,0.494836841648,false
aqaba_lsa_c10_angm25,900,900,46,1140,1000,500,west,seaward,167983,284,6.6907627327,5.62804608546,10,690248,60924.9179688,3162315.25,-3.30580663681,5.81703948975,1.68662035465,0,-2.18417746333,-2.39928239584,47.3527971402,seaward,true,topo-bathy.tt3,30,30,30,1,0.243494188721,false
aqaba_lsa_c10_angm25,900,900,46,1140,1000,500,west,landward_inundated,167983,106,5.73957693501,4.58436299264,10,684464,61044.9648438,3160244.25,5.13944625854,-2.55515861511,0.526622593403,0,1.33851833178,0.961134254932,16.2904588471,landward,true,topo-bathy.tt3,30,30,30,1,0.208878073431,false
aqaba_lsa_c10_angm25,900,900,46,1140,1000,500,west,combined_coastal,167983,390,6.6907627327,5.68763888615,10,690248,60924.9179688,3162315.25,-3.30580663681,5.81703948975,1.68662035465,0,-2.18417746333,-2.39928239584,47.3527971402,seaward,true,topo-bathy.tt3,30,30,30,1,0.243494188721,false
aqaba_lsa_c10_angm25,900,900,47,1260,1000,500,east,seaward,173088,287,11.9231235126,10.1900337969,10,650729,82833.078125,3150010.5,-7.2435092926,-9.47060966492,1.05317926407,0,-0.774421361977,-1.58097112179,11.2649254056,seaward,true,topo-bathy.tt3,30,30,30,1,0.43391335229,false
aqaba_lsa_c10_angm25,900,900,47,1260,1000,500,east,landward_inundated,173088,60,14.4385835231,10.533802275,10,668876,85564.09375,3156252.75,13.4747486115,5.18689155579,0.295569181442,0,3.71568529799,-1.10100948811,17.9409922855,landward,true,topo-bathy.tt3,30,30,30,1,0.525457458542,false
aqaba_lsa_c10_angm25,900,900,47,1260,1000,500,east,combined_coastal,173088,347,14.4385835231,11.3878818443,10,668876,85564.09375,3156252.75,13.4747486115,5.18689155579,0.295569181442,0,3.71568529799,-1.10100948811,17.9409922855,landward,true,topo-bathy.tt3,30,30,30,1,0.525457458542,false
aqaba_lsa_c10_angm25,900,900,47,1260,1000,500,west,seaward,173088,275,6.43330411403,5.22381071905,10,672632,59964.5625,3157513.25,4.45456647873,-4.6415772438,0.894053995609,0,-3.90684903977,-3.70422655344,116.763948884,seaward,true,topo-bathy.tt3,30,30,30,1,0.234124602623,false
aqaba_lsa_c10_angm25,900,900,47,1260,1000,500,west,landward_inundated,173088,106,4.95120425835,3.75851182656,10,636919,52251.6914062,3144908.75,1.40591466427,4.74740219116,0.919200837612,0.0197681281716,8.34709157109,5.69955450296,268.048769488,landward,true,topo-bathy.tt3,30,30,30,1,0.180187149394,false
aqaba_lsa_c10_angm25,900,900,47,1260,1000,500,west,combined_coastal,173088,381,6.43330411403,5.30225388113,10,672632,59964.5625,3157513.25,4.45456647873,-4.6415772438,0.894053995609,0,-3.90684903977,-3.70422655344,116.763948884,seaward,true,topo-bathy.tt3,30,30,30,1,0.234124602623,false
aqaba_lsa_c10_angm25,900,900,48,1380,1000,500,east,seaward,186549,288,14.0358740022,10.0132443602,10,650729,82833.078125,3150010.5,-9.08583927155,-10.6982841492,1.06875896454,0,-0.774421361977,-1.58097118139,11.2649254056,seaward,true,topo-bathy.tt3,30,30,30,1,0.510801815829,false
aqaba_lsa_c10_angm25,900,900,48,1380,1000,500,east,landward_inundated,186549,61,12.8440883059,10.5186413711,10,668793,85534.0859375,3156222.75,12.2262992859,3.93550634384,1.9094479084,0,3.38959053816,-2.81663829088,14.9019690639,landward,true,topo-bathy.tt3,30,30,30,1,0.467429646941,false
aqaba_lsa_c10_angm25,900,900,48,1380,1000,500,east,combined_coastal,186549,349,14.0358740022,11.3131043332,10,650729,82833.078125,3150010.5,-9.08583927155,-10.6982841492,1.06875896454,0,-0.774421361977,-1.58097118139,11.2649254056,seaward,true,topo-bathy.tt3,30,30,30,1,0.510801815829,false
aqaba_lsa_c10_angm25,900,900,48,1380,1000,500,west,seaward,186549,286,5.42113594532,4.76710998518,10,675000,59064.2265625,3157993.5,-4.06601953506,3.58555436134,0.313728362322,0,-2.69924533031,-3.1047411263,30.7883926838,seaward,true,topo-bathy.tt3,30,30,30,1,0.197289180873,false
aqaba_lsa_c10_angm25,900,900,48,1380,1000,500,west,landward_inundated,186549,114,5.51922550293,3.97076902644,10,613484,49580.6953125,3137165.75,5.45202493668,0.85864675045,0.460846811533,0,2.09624124167,2.13972982764,24.054620978,landward,true,topo-bathy.tt3,30,30,30,1,0.200858913982,false
aqaba_lsa_c10_angm25,900,900,48,1380,1000,500,west,combined_coastal,186549,400,5.51922550293,4.99048555034,10,613484,49580.6953125,3137165.75,5.45202493668,0.85864675045,0.460846811533,0,2.09624124167,2.13972982764,24.054620978,landward,true,topo-bathy.tt3,30,30,30,1,0.200858913982,false
aqaba_lsa_c10_angm25,900,900,49,1500,1000,500,east,seaward,191691,266,14.244325838,10.8991063821,10,664209,85053.90625,3154602.25,7.96532344818,11.8090829849,0.96789753437,0,-0.250092803387,-2.56299197674,1.41806342858,seaward,true,topo-bathy.tt3,30,30,30,1,0.518387918144,false
aqaba_lsa_c10_angm25,900,900,49,1500,1000,500,east,landward_inundated,191691,51,16.2498599584,10.9521300889,10,650128,82623,3149800.5,-13.631064415,-8.84601783752,1.89267420769,0,3.26085157871,-3.1873190403,18.0750893991,landward,true,topo-bathy.tt3,30,30,30,1,0.591374500258,false
aqaba_lsa_c10_angm25,900,900,49,1500,1000,500,east,combined_coastal,191691,317,16.2498599584,12.8654585131,10,650128,82623,3149800.5,-13.631064415,-8.84601783752,1.89267420769,0,3.26085157871,-3.1873190403,18.0750893991,landward,true,topo-bathy.tt3,30,30,30,1,0.591374500258,false
aqaba_lsa_c10_angm25,900,900,49,1500,1000,500,west,seaward,191691,273,5.86552393394,5.16953043419,10,660694,54922.6835938,3153551.75,-2.06160855293,-5.49127864838,0.434754997492,0,-5.05596659968,-3.52114883065,20.2447310866,seaward,true,topo-bathy.tt3,30,30,30,1,0.213461610996,false
aqaba_lsa_c10_angm25,900,900,49,1500,1000,500,west,landward_inundated,191691,103,5.76179501321,4.1573674928,10,687579,61315.0664062,3161384.75,4.71209669113,-3.31578445435,0.723170280457,0,0.506293930819,-4.80104923248,2.63630106173,landward,true,topo-bathy.tt3,30,30,30,1,0.209686646854,false
aqaba_lsa_c10_angm25,900,900,49,1500,1000,500,west,combined_coastal,191691,376,5.86552393394,5.32876735073,10,660694,54922.6835938,3153551.75,-2.06160855293,-5.49127864838,0.434754997492,0,-5.05596659968,-3.52114883065,20.2447310866,seaward,true,topo-bathy.tt3,30,30,30,1,0.213461610996,false
aqaba_lsa_c10_angm25,900,900,50,1620,1000,500,east,seaward,202892,275,15.739074614,11.3205848828,10,669734,85504.0703125,3156553,15.657204628,-1.60325074196,1.04729831219,0,-2.94090185383,-1.21296842396,23.7704479582,seaward,true,topo-bathy.tt3,30,30,30,1,0.57278569835,false
aqaba_lsa_c10_angm25,900,900,50,1620,1000,500,east,landward_inundated,202892,55,14.2905982809,10.5882438027,10,620993,78811.578125,3140227,-13.5912408829,-4.41580915451,0.46520113945,0,1.18148703814,-0.670684590936,1.81450025903,landward,true,topo-bathy.tt3,30,30,30,1,0.520071892212,false
aqaba_lsa_c10_angm25,900,900,50,1620,1000,500,east,combined_coastal,202892,330,15.739074614,12.9439479677,10,669734,85504.0703125,3156553,15.657204628,-1.60325074196,1.04729831219,0,-2.94090185383,-1.21296842396,23.7704479582,seaward,true,topo-bathy.tt3,30,30,30,1,0.57278569835,false
aqaba_lsa_c10_angm25,900,900,50,1620,1000,500,west,seaward,202892,262,4.94952925021,4.25277031763,10,675005,59214.28125,3157993.5,0.532662510872,-4.92078351974,1.75412809849,0,-1.72861265017,-1.47849610448,45.9803414853,seaward,true,topo-bathy.tt3,30,30,30,1,0.180126191509,false
aqaba_lsa_c10_angm25,900,900,50,1620,1000,500,west,landward_inundated,202892,111,5.49815161435,3.63362545646,10,688894,61165.0078125,3161835,5.21399688721,1.74467980862,0.497519880533,0,0.0168940027711,-0.0272590517998,3.85449152913,landward,true,topo-bathy.tt3,30,30,30,1,0.200091980584,false
aqaba_lsa_c10_angm25,900,900,50,1620,1000,500,west,combined_coastal,202892,373,5.49815161435,4.58169085416,10,688894,61165.0078125,3161835,5.21399688721,1.74467980862,0.497519880533,0,0.0168940027711,-0.0272590517998,3.85449152913,landward,true,topo-bathy.tt3,30,30,30,1,0.200091980584,false
aqaba_lsa_c10_angm25,900,900,51,1740,1000,500,east,seaward,214468,275,12.2951241809,10.1478228511,10,664209,85053.90625,3154602.25,6.54559135437,10.4079446793,1.0091381073,0,-0.250092803387,-2.56299185753,1.41806342858,seaward,true,topo-bathy.tt3,30,30,30,1,0.447451420304,false
aqaba_lsa_c10_angm25,900,900,51,1740,1000,500,east,landward_inundated,214468,47,12.5434861811,9.34237292324,10,680743,87304.7421875,3159014,12.039525032,3.51978445053,0.834404885769,0,1.23269721698,-1.67155724764,9.98247527903,landward,true,topo-bathy.tt3,30,30,30,1,0.456489956888,false
aqaba_lsa_c10_angm25,900,900,51,1740,1000,500,east,combined_coastal,214468,322,12.5434861811,11.2665459917,10,680743,87304.7421875,3159014,12.039525032,3.51978445053,0.834404885769,0,1.23269721698,-1.67155724764,9.98247527903,landward,true,topo-bathy.tt3,30,30,30,1,0.456489956888,false
aqaba_lsa_c10_angm25,900,900,51,1740,1000,500,west,seaward,214468,290,5.40814284344,4.37323936849,10,594662,50180.9179688,3130233.25,-1.69119501114,-5.13691234589,2.34344577789,0,-3.02604909715,-2.98330760002,124.959539955,seaward,true,topo-bathy.tt3,30,30,30,1,0.196816328236,false
aqaba_lsa_c10_angm25,900,900,51,1740,1000,500,west,landward_inundated,214468,97,4.76010958298,3.60908097826,10,690806,60744.8515625,3162525.25,4.63745355606,1.07362365723,0.621045589447,0,1.803686191,0.145047187805,34.5816090243,landward,true,topo-bathy.tt3,30,30,30,1,0.173232719114,false
aqaba_lsa_c10_angm25,900,900,51,1740,1000,500,west,combined_coastal,214468,387,5.40814284344,4.52147054323,10,594662,50180.9179688,3130233.25,-1.69119501114,-5.13691234589,2.34344577789,0,-3.02604909715,-2.98330760002,124.959539955,seaward,true,topo-bathy.tt3,30,30,30,1,0.196816328236,false
aqaba_lsa_c10_angm25,900,900,52,1860,1000,500,east,seaward,219097,288,16.4277310161,11.5376121291,10,664196,84663.7578125,3154602.25,12.1108846664,11.0994062424,1.28092861176,0,-1.10053009106,-2.94126737118,2.63403293988,seaward,true,topo-bathy.tt3,30,30,30,1,0.597847688835,false
aqaba_lsa_c10_angm25,900,900,52,1860,1000,500,east,landward_inundated,219097,50,12.9583325824,10.5677249203,10,650034,82562.9765625,3149770.5,-12.9237003326,-0.946759223938,0.468681722879,0,4.57513176462,2.12928542495,12.8372115557,landward,true,topo-bathy.tt3,30,30,30,1,0.471587292119,false
aqaba_lsa_c10_angm25,900,900,52,1860,1000,500,east,combined_coastal,219097,338,16.4277310161,12.4455137663,10,664196,84663.7578125,3154602.25,12.1108846664,11.0994062424,1.28092861176,0,-1.10053009106,-2.94126737118,2.63403293988,seaward,true,topo-bathy.tt3,30,30,30,1,0.597847688835,false
aqaba_lsa_c10_angm25,900,900,52,1860,1000,500,west,seaward,219097,295,5.66327230258,3.61353170384,10,672896,59904.5390625,3157573.25,2.58731174469,-5.03770494461,1.05572140217,0,-1.11641031701,-1.24319390953,32.6050149314,seaward,true,topo-bathy.tt3,30,30,30,1,0.206101150185,false
aqaba_lsa_c10_angm25,900,900,52,1860,1000,500,west,landward_inundated,219097,100,3.53255567413,2.93199906888,10,699299,61375.0859375,3166006.5,3.52232718468,0.268627613783,0.229082107544,0,0.616563688863,0.819369196892,8.25614588303,landward,true,topo-bathy.tt3,30,30,30,1,0.128558852308,false
aqaba_lsa_c10_angm25,900,900,52,1860,1000,500,west,combined_coastal,219097,395,5.66327230258,3.74676592704,10,672896,59904.5390625,3157573.25,2.58731174469,-5.03770494461,1.05572140217,0,-1.11641031701,-1.24319390953,32.6050149314,seaward,true,topo-bathy.tt3,30,30,30,1,0.206101150185,false
aqaba_lsa_c10_angm25,900,900,53,1980,1000,500,east,seaward,218896,269,22.5053714175,11.8611166087,10,669734,85504.0703125,3156553,6.17163419724,21.6426124573,0.223746076226,0,-2.94090185383,-1.21296836436,23.7704479582,seaward,true,topo-bathy.tt3,30,30,30,1,0.819028767585,false
aqaba_lsa_c10_angm25,900,900,53,1980,1000,500,east,landward_inundated,218896,51,12.9276901843,9.65726912971,10,650127,82592.9921875,3149800.5,-6.9970536232,-10.8704376221,1.58508396149,0,2.70787844508,-3.1873190403,6.13736733955,landward,true,topo-bathy.tt3,30,30,30,1,0.470472135871,false
aqaba_lsa_c10_angm25,900,900,53,1980,1000,500,east,combined_coastal,218896,320,22.5053714175,12.3698546627,10,669734,85504.0703125,3156553,6.17163419724,21.6426124573,0.223746076226,0,-2.94090185383,-1.21296836436,23.7704479582,seaward,true,topo-bathy.tt3,30,30,30,1,0.819028767585,false
aqaba_lsa_c10_angm25,900,900,53,1980,1000,500,west,seaward,218896,280,4.22174298991,3.90949176747,10,674548,60174.640625,3157903.5,4.17239141464,0.643633246422,0.251522868872,0,-3.55360170702,-2.90185150504,26.4701442646,seaward,true,topo-bathy.tt3,30,30,30,1,0.153640164116,false
aqaba_lsa_c10_angm25,900,900,53,1980,1000,500,west,landward_inundated,218896,105,3.90517111806,2.72786619362,10,834117,79621.8828125,3215074.75,-1.0656055212,-3.75697302818,0.477120727301,0,2.34534468628,-0.580422081053,0.860570865966,landward,true,topo-bathy.tt3,30,30,30,1,0.142119293599,false
aqaba_lsa_c10_angm25,900,900,53,1980,1000,500,west,combined_coastal,218896,385,4.22174298991,3.9425674788,10,674548,60174.640625,3157903.5,4.17239141464,0.643633246422,0.251522868872,0,-3.55360170702,-2.90185150504,26.4701442646,seaward,true,topo-bathy.tt3,30,30,30,1,0.153640164116,false
aqaba_lsa_c10_angm25,900,900,54,2100,1000,500,east,seaward,222535,275,12.2047162893,10.3014896281,10,640606,81302.5078125,3146229.25,-8.534948349,-8.72409057617,0.591226875782,0,-6.428837403,-1.4519534111,5.84244016645,seaward,true,topo-bathy.tt3,30,30,30,1,0.444161242917,false
aqaba_lsa_c10_angm25,900,900,54,2100,1000,500,east,landward_inundated,222535,53,13.3228292156,9.49208447205,10,668473,85474.0625,3156102.75,-10.969417572,-7.56106185913,1.62329149246,0,1.51431338824,-1.41720786691,10.9927976647,landward,true,topo-bathy.tt3,30,30,30,1,0.484852268853,false
aqaba_lsa_c10_angm25,900,900,54,2100,1000,500,east,combined_coastal,222535,328,13.3228292156,11.4036326079,10,668473,85474.0625,3156102.75,-10.969417572,-7.56106185913,1.62329149246,0,1.51431338824,-1.41720786691,10.9927976647,landward,true,topo-bathy.tt3,30,30,30,1,0.484852268853,false
aqaba_lsa_c10_angm25,900,900,54,2100,1000,500,west,seaward,222535,277,4.06113617262,3.35030758245,10,623076,50541.0507812,3140917.25,3.9068710804,-1.10868632793,0.167767107487,0,-0.242578611588,0.0232402682304,3.46692939344,seaward,true,topo-bathy.tt3,30,30,30,1,0.147795265972,false
aqaba_lsa_c10_angm25,900,900,54,2100,1000,500,west,landward_inundated,222535,115,4.21437545958,3.31723517638,10,622592,50481.03125,3140737,4.09861040115,-0.980996072292,0.203949421644,0,0.186024440848,0.538233309984,2.63825202806,landward,true,topo-bathy.tt3,30,30,30,1,0.153372040602,false
aqaba_lsa_c10_angm25,900,900,54,2100,1000,500,west,combined_coastal,222535,392,4.21437545958,3.7655216724,10,622592,50481.03125,3140737,4.09861040115,-0.980996072292,0.203949421644,0,0.186024440848,0.538233309984,2.63825202806,landward,true,topo-bathy.tt3,30,30,30,1,0.153372040602,false
aqaba_lsa_c10_angm25,900,900,55,2220,1000,500,east,seaward,227722,280,15.1978968574,10.6266482442,10,603426,75360.296875,3133594.5,-9.6121301651,-11.7721290588,0.675034761429,0,-29.1884035161,-0.295745611191,24.5751757539,seaward,true,topo-bathy.tt3,30,30,30,1,0.553090837831,false
aqaba_lsa_c10_angm25,900,900,55,2220,1000,500,east,landward_inundated,227722,47,13.8117586895,10.2771742362,10,668108,85324.0078125,3155952.75,-10.0217456818,-9.50417232513,1.17977464199,0,2.12798710101,-1.01442198455,0.732073350682,landward,true,topo-bathy.tt3,30,30,30,1,0.502645679013,false
aqaba_lsa_c10_angm25,900,900,55,2220,1000,500,east,combined_coastal,227722,327,15.1978968574,11.4980955932,10,603426,75360.296875,3133594.5,-9.6121301651,-11.7721290588,0.675034761429,0,-29.1884035161,-0.295745611191,24.5751757539,seaward,true,topo-bathy.tt3,30,30,30,1,0.553090837831,false
aqaba_lsa_c10_angm25,900,900,55,2220,1000,500,west,seaward,227722,275,3.85128366922,3.39317793053,10,740837,69838.2421875,3180502,3.4796898365,-1.65049827099,0.22128996253,0,-2.01025952249,-1.81043311954,41.0836750485,seaward,true,topo-bathy.tt3,30,30,30,1,0.140158189736,false
aqaba_lsa_c10_angm25,900,900,55,2220,1000,500,west,landward_inundated,227722,103,4.0995490988,2.95139110399,10,690408,60804.875,3162375.25,-3.83767557144,1.44171738625,2.20770168304,0,0.981591043011,0.697085857391,21.5448072258,landward,true,topo-bathy.tt3,30,30,30,1,0.149193211867,false
aqaba_lsa_c10_angm25,900,900,55,2220,1000,500,west,combined_coastal,227722,378,4.0995490988,3.6354306149,10,690408,60804.875,3162375.25,-3.83767557144,1.44171738625,2.20770168304,0,0.981591043011,0.697085857391,21.5448072258,landward,true,topo-bathy.tt3,30,30,30,1,0.149193211867,false
aqaba_lsa_c10_angm25,900,900,56,2340,1000,500,east,seaward,219439,261,12.7278637636,9.59930874202,10,650729,82833.078125,3150010.5,-7.9241771698,-9.96021747589,0.996351540089,0,-0.774421361977,-1.58097112179,11.2649254056,seaward,true,topo-bathy.tt3,30,30,30,1,0.463199934759,false
aqaba_lsa_c10_angm25,900,900,56,2340,1000,500,east,landward_inundated,219439,44,14.293892893,11.3410052771,10,603427,75390.3046875,3133594.5,-9.44645786285,-10.7275257111,0.543211817741,0,0.64948280842,-0.295745611191,0.960509081338,landward,true,topo-bathy.tt3,30,30,30,1,0.520191791681,false
aqaba_lsa_c10_angm25,900,900,56,2340,1000,500,east,combined_coastal,219439,305,14.293892893,12.2608585042,10,603427,75390.3046875,3133594.5,-9.44645786285,-10.7275257111,0.543211817741,0,0.64948280842,-0.295745611191,0.960509081338,landward,true,topo-bathy.tt3,30,30,30,1,0.520191791681,false
aqaba_lsa_c10_angm25,900,900,56,2340,1000,500,west,seaward,219439,282,4.34570080853,3.51010380142,10,688997,61195.0195312,3161865,3.90181255341,1.91336727142,0.40857565403,0,-2.70393758127,-2.7550586462,32.6266553841,seaward,true,topo-bathy.tt3,30,30,30,1,0.158151310257,false
aqaba_lsa_c10_angm25,900,900,56,2340,1000,500,west,landward_inundated,219439,93,3.84849084936,2.60411664818,10,683373,60954.9296875,3159824.25,3.03438019753,2.3671541214,0.969798922539,0,1.10277879217,-1.73530417681,10.7996825857,landward,true,topo-bathy.tt3,30,30,30,1,0.140056551786,false
aqaba_lsa_c10_angm25,900,900,56,2340,1000,500,west,combined_coastal,219439,375,4.34570080853,3.6105895579,10,688997,61195.0195312,3161865,3.90181255341,1.91336727142,0.40857565403,0,-2.70393758127,-2.7550586462,32.6266553841,seaward,true,topo-bathy.tt3,30,30,30,1,0.158151310257,false
aqaba_lsa_c10_angm25,900,900,57,2460,1000,500,east,seaward,226511,265,16.2124860104,10.5169770919,10,625734,79861.9765625,3141967.5,13.1705198288,9.45421123505,1.46121585369,0,-22.0929570839,-4.38952600956,23.4967141765,seaward,true,topo-bathy.tt3,30,30,30,1,0.590014365471,false
aqaba_lsa_c10_angm25,900,900,57,2460,1000,500,east,landward_inundated,226511,54,11.2952193725,9.3515792297,10,620993,78811.578125,3140227,-10.447019577,-4.29438734055,0.529497206211,0,1.18148703814,-0.670684605837,1.81450025903,landward,true,topo-bathy.tt3,30,30,30,1,0.411062294003,false
aqaba_lsa_c10_angm25,900,900,57,2460,1000,500,east,combined_coastal,226511,319,16.2124860104,11.5964378722,10,625734,79861.9765625,3141967.5,13.1705198288,9.45421123505,1.46121585369,0,-22.0929570839,-4.38952600956,23.4967141765,seaward,true,topo-bathy.tt3,30,30,30,1,0.590014365471,false
aqaba_lsa_c10_angm25,900,900,57,2460,1000,500,west,seaward,226511,285,4.67726167729,3.77529244566,10,694836,60984.9414062,3164205.75,3.90252518654,2.57819199562,0.370886921883,0,-3.37445179907,-3.18218767643,24.9043637809,seaward,true,topo-bathy.tt3,30,30,30,1,0.170217669202,false
aqaba_lsa_c10_angm25,900,900,57,2460,1000,500,west,landward_inundated,226511,93,3.02141908473,2.2080724033,10,596129,49730.75,3130863.5,-1.17483496666,-2.78365516663,1.25517916679,0,0.28430236619,0.0182955265045,14.4398941744,landward,true,topo-bathy.tt3,30,30,30,1,0.109957267686,false
aqaba_lsa_c10_angm25,900,900,57,2460,1000,500,west,combined_coastal,226511,378,4.67726167729,3.77808491988,10,694836,60984.9414062,3164205.75,3.90252518654,2.57819199562,0.370886921883,0,-3.37445179907,-3.18218767643,24.9043637809,seaward,true,topo-bathy.tt3,30,30,30,1,0.170217669202,false
aqaba_lsa_c10_angm25,900,900,58,2580,1000,500,east,seaward,226686,266,13.5660145707,10.5448465321,10,603096,75300.2734375,3133474.5,-9.08761978149,-10.0723342896,1.22419059277,0,-43.1089048073,-1.94541448355,35.6423195518,seaward,true,topo-bathy.tt3,30,30,30,1,0.493702413916,false
aqaba_lsa_c10_angm25,900,900,58,2580,1000,500,east,landward_inundated,226686,48,17.5300820101,10.7885488927,10,668876,85564.09375,3156252.75,15.017531395,9.04309272766,0.305731624365,0,3.71568529799,-1.10100951791,17.9409922855,landward,true,topo-bathy.tt3,30,30,30,1,0.637965097221,false
aqaba_lsa_c10_angm25,900,900,58,2580,1000,500,east,combined_coastal,226686,314,17.5300820101,12.4562718223,10,668876,85564.09375,3156252.75,15.017531395,9.04309272766,0.305731624365,0,3.71568529799,-1.10100951791,17.9409922855,landward,true,topo-bathy.tt3,30,30,30,1,0.637965097221,false
aqaba_lsa_c10_angm25,900,900,58,2580,1000,500,west,seaward,226686,279,5.18253886793,3.48800577935,10,672764,59934.5507812,3157543.25,3.04908871651,-4.19067621231,0.772259354591,0,-2.42624197546,-2.14823484421,74.6844819075,seaward,true,topo-bathy.tt3,30,30,30,1,0.188606015125,false
aqaba_lsa_c10_angm25,900,900,58,2580,1000,500,west,landward_inundated,226686,108,3.4801293726,2.42060465442,10,590236,50481.03125,3128792.75,1.96815550327,2.87013316154,0.474298864603,0,1.67282337296,0.808836072683,221.223629187,landward,true,topo-bathy.tt3,30,30,30,1,0.126650923382,false
aqaba_lsa_c10_angm25,900,900,58,2580,1000,500,west,combined_coastal,226686,387,5.18253886793,3.52496405846,10,672764,59934.5507812,3157543.25,3.04908871651,-4.19067621231,0.772259354591,0,-2.42624197546,-2.14823484421,74.6844819075,seaward,true,topo-bathy.tt3,30,30,30,1,0.188606015125,false
aqaba_lsa_c10_angm25,900,900,59,2700,1000,500,east,seaward,227063,253,13.4347947262,8.9146208099,10,625734,79861.9765625,3141967.5,12.1867208481,5.65486907959,1.68578100204,0,-22.0929570839,-4.38952612877,23.4967141765,seaward,true,topo-bathy.tt3,30,30,30,1,0.488926983841,false
aqaba_lsa_c10_angm25,900,900,59,2700,1000,500,east,landward_inundated,227063,58,15.2792413722,12.0180616127,10,603427,75390.3046875,3133594.5,-9.01778507233,-12.3342924118,0.508165836334,0,0.64948280842,-0.295745640993,0.960509081338,landward,true,topo-bathy.tt3,30,30,30,1,0.556051175453,false
aqaba_lsa_c10_angm25,900,900,59,2700,1000,500,east,combined_coastal,227063,311,15.2792413722,12.5820809804,10,603427,75390.3046875,3133594.5,-9.01778507233,-12.3342924118,0.508165836334,0,0.64948280842,-0.295745640993,0.960509081338,landward,true,topo-bathy.tt3,30,30,30,1,0.556051175453,false
aqaba_lsa_c10_angm25,900,900,59,2700,1000,500,west,seaward,227063,276,4.31519855832,3.26723237986,10,590440,50481.03125,3128852.75,3.47395038605,2.55980610847,0.732737421989,0,-1.78538431685,-2.77974689007,161.734022737,seaward,true,topo-bathy.tt3,30,30,30,1,0.157041254354,false
aqaba_lsa_c10_angm25,900,900,59,2700,1000,500,west,landward_inundated,227063,100,4.45031354584,3.22331812188,10,691742,60744.8515625,3162915.25,0.0203893650323,4.45026683807,0.000700021570083,0,3.70813577625,0.0118484204286,42.2187582158,landward,true,topo-bathy.tt3,30,30,30,1,0.161958438774,false
aqaba_lsa_c10_angm25,900,900,59,2700,1000,500,west,combined_coastal,227063,376,4.45031354584,3.68664012822,10,691742,60744.8515625,3162915.25,0.0203893650323,4.45026683807,0.000700021570083,0,3.70813577625,0.0118484204286,42.2187582158,landward,true,topo-bathy.tt3,30,30,30,1,0.161958438774,false
aqaba_lsa_c10_angm25,900,900,60,2820,1000,500,east,seaward,226222,242,12.2572804057,7.36154149652,10,625734,79861.9765625,3141967.5,11.5906820297,3.98710584641,1.64632499218,0,-22.0929570839,-4.38952600956,23.4967141765,seaward,true,topo-bathy.tt3,30,30,30,1,0.446074187286,false
aqaba_lsa_c10_angm25,900,900,60,2820,1000,500,east,landward_inundated,226222,60,14.2652473472,11.0605410304,10,666825,85293.9921875,3155472.5,-6.42885541916,12.7344846725,0.269462883472,0,3.20177259788,-0.0565033257008,12.8477645188,landward,true,topo-bathy.tt3,30,30,30,1,0.519149306061,false
aqaba_lsa_c10_angm25,900,900,60,2820,1000,500,east,combined_coastal,226222,302,14.2652473472,11.3773797815,10,666825,85293.9921875,3155472.5,-6.42885541916,12.7344846725,0.269462883472,0,3.20177259788,-0.0565033257008,12.8477645188,landward,true,topo-bathy.tt3,30,30,30,1,0.519149306061,false
aqaba_lsa_c10_angm25,900,900,60,2820,1000,500,west,seaward,226222,287,3.5998669098,3.0110151254,10,688895,61195.0195312,3161835,2.89572834969,2.13864421844,0.501819014549,0,-2.51629692153,-2.57156932354,24.0410441585,seaward,true,topo-bathy.tt3,30,30,30,1,0.131008482549,false
aqaba_lsa_c10_angm25,900,900,60,2820,1000,500,west,landward_inundated,226222,96,2.93300320305,2.24091721627,10,834117,79621.8828125,3215074.75,-1.17657649517,-2.68666625023,0.717701852322,0,2.34534468628,-0.580422058702,0.860570865966,landward,true,topo-bathy.tt3,30,30,30,1,0.106739584704,false
aqaba_lsa_c10_angm25,900,900,60,2820,1000,500,west,combined_coastal,226222,383,3.5998669098,3.07569341139,10,688895,61195.0195312,3161835,2.89572834969,2.13864421844,0.501819014549,0,-2.51629692153,-2.57156932354,24.0410441585,seaward,true,topo-bathy.tt3,30,30,30,1,0.131008482549,false
aqaba_lsa_c10_angm25,900,900,61,2940,1000,500,east,seaward,232341,274,11.14203628,8.54973974121,10,603096,75300.2734375,3133474.5,-6.58199548721,-8.9901227951,1.4362257719,0,-43.1089048073,-1.94541454315,35.6423195518,seaward,true,topo-bathy.tt3,30,30,30,1,0.405487564435,false
aqaba_lsa_c10_angm25,900,900,61,2940,1000,500,east,landward_inundated,232341,55,15.6489266449,11.383718834,10,608639,76470.7109375,3135335,-12.2547960281,-9.73184871674,0.789314389229,0,2.38725772098,-2.21444511414,12.0388961328,landward,true,topo-bathy.tt3,30,30,30,1,0.56950498022,false
aqaba_lsa_c10_angm25,900,900,61,2940,1000,500,east,combined_coastal,232341,329,15.6489266449,12.0588439611,10,608639,76470.7109375,3135335,-12.2547960281,-9.73184871674,0.789314389229,0,2.38725772098,-2.21444511414,12.0388961328,landward,true,topo-bathy.tt3,30,30,30,1,0.56950498022,false
aqaba_lsa_c10_angm25,900,900,61,2940,1000,500,west,seaward,232341,286,4.02356009032,2.93360904968,10,700930,61705.2109375,3166606.75,-0.254013985395,4.0155339241,1.66405296326,0,-0.541510661729,-1.57102242112,13.4960981642,seaward,true,topo-bathy.tt3,30,30,30,1,0.146427774994,false
aqaba_lsa_c10_angm25,900,900,61,2940,1000,500,west,landward_inundated,232341,99,2.84062590345,2.25317136013,10,834117,79621.8828125,3215074.75,-1.43552172184,-2.45121049881,0.607205808163,0,2.34534468628,-0.580422084779,0.860570865966,landward,true,topo-bathy.tt3,30,30,30,1,0.103377735462,false
aqaba_lsa_c10_angm25,900,900,61,2940,1000,500,west,combined_coastal,232341,385,4.02356009032,2.9893617881,10,700930,61705.2109375,3166606.75,-0.254013985395,4.0155339241,1.66405296326,0,-0.541510661729,-1.57102242112,13.4960981642,seaward,true,topo-bathy.tt3,30,30,30,1,0.146427774994,false
aqaba_lsa_c10_angm25,900,900,62,3060,1000,500,east,seaward,226966,255,23.6787296587,10.0332548367,10,669734,85504.0703125,3156553,19.8966007233,-12.8377380371,0.704425036907,0,-2.94090185383,-1.21296840906,23.7704479582,seaward,true,topo-bathy.tt3,30,30,30,1,0.861730313647,false
aqaba_lsa_c10_angm25,900,900,62,3060,1000,500,east,landward_inundated,226966,52,17.1794423147,12.5132368346,10,608639,76470.7109375,3135335,8.04090309143,15.1814727783,0.927855551243,0,2.38725772098,-2.21444505453,12.0388961328,landward,true,topo-bathy.tt3,30,30,30,1,0.625204410351,false
aqaba_lsa_c10_angm25,900,900,62,3060,1000,500,east,combined_coastal,226966,307,23.6787296587,14.3786697555,10,669734,85504.0703125,3156553,19.8966007233,-12.8377380371,0.704425036907,0,-2.94090185383,-1.21296840906,23.7704479582,seaward,true,topo-bathy.tt3,30,30,30,1,0.861730313647,false
aqaba_lsa_c10_angm25,900,900,62,3060,1000,500,west,seaward,226966,262,4.70753033057,3.08707005342,10,719028,65966.796875,3173149.25,3.69763374329,-2.91347670555,0.82462978363,0,-2.66888570952,-2.44340479374,118.656096232,seaward,true,topo-bathy.tt3,30,30,30,1,0.171319223908,false
aqaba_lsa_c10_angm25,900,900,62,3060,1000,500,west,landward_inundated,226966,106,2.88200452485,2.50389917968,10,782146,72809.34375,3196708,2.8818218708,-0.032446667552,0.303864121437,0,0.473685347674,0.413081765175,12.1503182357,landward,true,topo-bathy.tt3,30,30,30,1,0.104883610689,false
aqaba_lsa_c10_angm25,900,900,62,3060,1000,500,west,combined_coastal,226966,368,4.70753033057,3.24324156641,10,719028,65966.796875,3173149.25,3.69763374329,-2.91347670555,0.82462978363,0,-2.66888570952,-2.44340479374,118.656096232,seaward,true,topo-bathy.tt3,30,30,30,1,0.171319223908,false
aqaba_lsa_c10_angm25,900,900,63,3180,1000,500,east,seaward,225513,256,17.2282248025,9.62139402005,10,667324,85504.0703125,3155652.75,12.7591571808,-11.5765123367,2.81227350235,0,-11.8395387623,-6.89856910706,4.29018285819,seaward,true,topo-bathy.tt3,30,30,30,1,0.626979731457,false
aqaba_lsa_c10_angm25,900,900,63,3180,1000,500,east,landward_inundated,225513,48,13.2692796067,9.95575095734,10,650127,82592.9921875,3149800.5,-7.69879865646,-10.807510376,1.51476264,0,2.70787844508,-3.1873190403,6.13736733955,landward,true,topo-bathy.tt3,30,30,30,1,0.482903459861,false
aqaba_lsa_c10_angm25,900,900,63,3180,1000,500,east,combined_coastal,225513,304,17.2282248025,11.9005192773,10,667324,85504.0703125,3155652.75,12.7591571808,-11.5765123367,2.81227350235,0,-11.8395387623,-6.89856910706,4.29018285819,seaward,true,topo-bathy.tt3,30,30,30,1,0.626979731457,false
aqaba_lsa_c10_angm25,900,900,63,3180,1000,500,west,seaward,225513,281,4.07445918306,2.75000399725,10,673626,60054.5976562,3157723.5,3.64527773857,1.82021093369,0.431998819113,0,-2.15915146556,-1.12187382579,14.695413545,seaward,true,topo-bathy.tt3,30,30,30,1,0.148280124836,false
aqaba_lsa_c10_angm25,900,900,63,3180,1000,500,west,landward_inundated,225513,95,4.0886492229,2.36716284885,10,834117,79621.8828125,3215074.75,-0.770161449909,-4.01545810699,0.53896677494,0,2.34534468628,-0.580422051251,0.860570865966,landward,true,topo-bathy.tt3,30,30,30,1,0.148796537147,false
aqaba_lsa_c10_angm25,900,900,63,3180,1000,500,west,combined_coastal,225513,376,4.0886492229,3.10375933899,10,834117,79621.8828125,3215074.75,-0.770161449909,-4.01545810699,0.53896677494,0,2.34534468628,-0.580422051251,0.860570865966,landward,true,topo-bathy.tt3,30,30,30,1,0.148796537147,false
aqaba_lsa_c10_angm25,900,900,64,3300,1000,500,east,seaward,227218,263,13.9308125353,10.0166706681,10,603508,75360.296875,3133624.5,-12.432767868,-6.28441095352,15.7977542877,0,-38.5330374442,-20.0242028236,43.0662851851,seaward,true,topo-bathy.tt3,30,30,30,1,0.50697835688,false
aqaba_lsa_c10_angm25,900,900,64,3300,1000,500,east,landward_inundated,227218,42,13.7125491292,8.46045709191,10,681241,87574.84375,3159104,-11.0602865219,-8.10580444336,0.306094914675,0,1.97509316051,-0.744032174349,10.9039972578,landward,true,topo-bathy.tt3,30,30,30,1,0.499035186107,false
aqaba_lsa_c10_angm25,900,900,64,3300,1000,500,east,combined_coastal,227218,305,13.9308125353,10.9438873567,10,603508,75360.296875,3133624.5,-12.432767868,-6.28441095352,15.7977542877,0,-38.5330374442,-20.0242028236,43.0662851851,seaward,true,topo-bathy.tt3,30,30,30,1,0.50697835688,false
aqaba_lsa_c10_angm25,900,900,64,3300,1000,500,west,seaward,227218,268,3.78780611295,2.79954952434,10,674517,59244.2929688,3157903.5,0.249201744795,3.7795996666,0.325328886509,0,-0.531648954677,-1.08885407448,2.77898082948,seaward,true,topo-bathy.tt3,30,30,30,1,0.137848077021,false
aqaba_lsa_c10_angm25,900,900,64,3300,1000,500,west,landward_inundated,227218,91,2.86258037692,2.36598770975,10,690407,60774.8632812,3162375.25,2.83740162849,0.3788382411,0.320163369179,0,2.66786519227,0.697085857391,47.9057941019,landward,true,topo-bathy.tt3,30,30,30,1,0.104176715626,false
aqaba_lsa_c10_angm25,900,900,64,3300,1000,500,west,combined_coastal,227218,359,3.78780611295,2.96709343165,10,674517,59244.2929688,3157903.5,0.249201744795,3.7795996666,0.325328886509,0,-0.531648954677,-1.08885407448,2.77898082948,seaward,true,topo-bathy.tt3,30,30,30,1,0.137848077021,false
aqaba_lsa_c10_angm25,900,900,65,3420,1000,500,east,seaward,227743,248,12.5957871538,9.75881572338,10,658089,84093.546875,3152531.5,8.16408443451,9.59174537659,1.70861816406,0,-0.275790429512,-3.49229490757,9.81301666773,seaward,true,topo-bathy.tt3,30,30,30,1,0.458393324773,false
aqaba_lsa_c10_angm25,900,900,65,3420,1000,500,east,landward_inundated,227743,53,16.1308621066,9.75564032262,10,668793,85534.0859375,3156222.75,12.4729614258,10.2288780212,1.39354646206,0,3.38959053816,-2.81663835049,14.9019690639,landward,true,topo-bathy.tt3,30,30,30,1,0.587043860159,false
aqaba_lsa_c10_angm25,900,900,65,3420,1000,500,east,combined_coastal,227743,301,16.1308621066,11.523011744,10,668793,85534.0859375,3156222.75,12.4729614258,10.2288780212,1.39354646206,0,3.38959053816,-2.81663835049,14.9019690639,landward,true,topo-bathy.tt3,30,30,30,1,0.587043860159,false
aqaba_lsa_c10_angm25,900,900,65,3420,1000,500,west,seaward,227743,257,3.73388434738,2.64250498695,10,674827,59064.2265625,3157963.5,-0.477193832397,3.70326590538,1.66912937164,0,-2.97801059517,-2.76471710205,18.847661524,seaward,true,topo-bathy.tt3,30,30,30,1,0.135885724284,false
aqaba_lsa_c10_angm25,900,900,65,3420,1000,500,west,landward_inundated,227743,106,3.57768203523,2.05577457806,10,673625,60024.5859375,3157723.5,3.15978145599,1.67797195911,0.330360531807,0,0.939222333622,-1.12187385559,11.1956889383,landward,true,topo-bathy.tt3,30,30,30,1,0.130201117492,false
aqaba_lsa_c10_angm25,900,900,65,3420,1000,500,west,combined_coastal,227743,363,3.73388434738,2.84625587509,10,674827,59064.2265625,3157963.5,-0.477193832397,3.70326590538,1.66912937164,0,-2.97801059517,-2.76471710205,18.847661524,seaward,true,topo-bathy.tt3,30,30,30,1,0.135885724284,false
aqaba_lsa_c10_angm25,900,900,66,3540,1000,500,east,seaward,226494,251,14.3789776687,9.2105512961,10,996282,109543.023438,3266664,8.93569374084,11.2653617859,0.463922232389,0,-38.3387510275,-0.952277213335,38.71755846,seaward,true,topo-bathy.tt3,30,30,30,1,0.523288247088,false
aqaba_lsa_c10_angm25,900,900,66,3540,1000,500,east,landward_inundated,226494,53,15.9612284933,10.601828108,10,668793,85534.0859375,3156222.75,13.5538129807,8.42941093445,1.63793063164,0,3.38959053816,-2.81663835049,14.9019690639,landward,true,topo-bathy.tt3,30,30,30,1,0.580870453525,false
aqaba_lsa_c10_angm25,900,900,66,3540,1000,500,east,combined_coastal,226494,304,15.9612284933,12.120488759,10,668793,85534.0859375,3156222.75,13.5538129807,8.42941093445,1.63793063164,0,3.38959053816,-2.81663835049,14.9019690639,landward,true,topo-bathy.tt3,30,30,30,1,0.580870453525,false
aqaba_lsa_c10_angm25,900,900,66,3540,1000,500,west,seaward,226494,255,3.46203305419,2.44724263596,10,674827,59064.2265625,3157963.5,-2.97657155991,-1.76796340942,0.853369891644,0,-2.97801059517,0.0754192471504,18.847661524,seaward,true,topo-bathy.tt3,30,30,30,1,0.125992351475,false
aqaba_lsa_c10_angm25,900,900,66,3540,1000,500,west,landward_inundated,226494,113,2.93146898661,2.35168302391,10,835483,79681.90625,3215735,-0.695643782616,2.84773421288,1.96750736237,0,1.61538938814,-2.03237187862,1.1103691946,landward,true,topo-bathy.tt3,30,30,30,1,0.106683750593,false
aqaba_lsa_c10_angm25,900,900,66,3540,1000,500,west,combined_coastal,226494,368,3.46203305419,2.68763162124,10,674827,59064.2265625,3157963.5,-2.97657155991,-1.76796340942,0.853369891644,0,-2.97801059517,0.0754192471504,18.847661524,seaward,true,topo-bathy.tt3,30,30,30,1,0.125992351475,false
aqaba_lsa_c10_angm25,900,900,67,3600,1000,500,east,seaward,232207,256,10.4190169368,7.97268761983,10,666319,84873.8359375,3155292.5,-2.56853532791,-10.0974521637,8.31347560883,0,-64.7596898214,-9.75868535042,43.9915807633,seaward,true,topo-bathy.tt3,30,30,30,1,0.379175017504,false
aqaba_lsa_c10_angm25,900,900,67,3600,1000,500,east,landward_inundated,232207,48,14.6037206833,11.3354864838,10,681241,87574.84375,3159104,-10.3558340073,-10.2968616486,0.24283733964,0,1.97509316051,-0.744032174349,10.9039972578,landward,true,topo-bathy.tt3,30,30,30,1,0.531467227601,false
aqaba_lsa_c10_angm25,900,900,67,3600,1000,500,east,combined_coastal,232207,304,14.6037206833,11.6474430068,10,681241,87574.84375,3159104,-10.3558340073,-10.2968616486,0.24283733964,0,1.97509316051,-0.744032174349,10.9039972578,landward,true,topo-bathy.tt3,30,30,30,1,0.531467227601,false
aqaba_lsa_c10_angm25,900,900,67,3600,1000,500,west,seaward,232207,274,4.56361536361,3.19358910891,10,674701,60174.640625,3157933.5,4.473549366,0.90218693018,0.39544314146,0,-2.10766750962,-1.03541219234,13.6316479574,seaward,true,topo-bathy.tt3,30,30,30,1,0.166081785439,false
aqaba_lsa_c10_angm25,900,900,67,3600,1000,500,west,landward_inundated,232207,95,3.70315491514,2.30878458838,10,835483,79681.90625,3215735,-0.9456204772,3.58038520813,1.64193058014,0,1.61538938814,-2.03237187862,1.1103691946,landward,true,topo-bathy.tt3,30,30,30,1,0.134767400638,false
aqaba_lsa_c10_angm25,900,900,67,3600,1000,500,west,combined_coastal,232207,369,4.56361536361,3.36797730925,10,674701,60174.640625,3157933.5,4.473549366,0.90218693018,0.39544314146,0,-2.10766750962,-1.03541219234,13.6316479574,seaward,true,topo-bathy.tt3,30,30,30,1,0.166081785439,false
aqaba_lsb_nc10_angm20,900,900,44,900,1000,500,east,seaward,145196,380,15.8678256878,11.3867274876,10,679373,86914.6015625,3158803.75,-12.0664405823,-10.3048000336,1.07995975018,0,-13.4391278463,1.08247029781,15.103287375,seaward,true,topo-bathy.tt3,30,30,30,1,0.540397831642,false
aqaba_lsb_nc10_angm20,900,900,44,900,1000,500,east,landward_inundated,145196,57,14.7812891749,11.591233861,10,651332,82923.109375,3150280.75,7.51653337479,12.7274599075,1.72790944576,0,2.06202619483,-2.5455929637,0.66646226857,landward,true,topo-bathy.tt3,30,30,30,1,0.50339452778,false
aqaba_lsb_nc10_angm20,900,900,44,900,1000,500,east,combined_coastal,145196,437,15.8678256878,13.0334257168,10,679373,86914.6015625,3158803.75,-12.0664405823,-10.3048000336,1.07995975018,0,-13.4391278463,1.08247029781,15.103287375,seaward,true,topo-bathy.tt3,30,30,30,1,0.540397831642,false
aqaba_lsb_nc10_angm20,900,900,44,900,1000,500,west,seaward,145196,334,7.24221151327,5.27665711199,10,762864,72809.34375,3188995,4.80751848221,-5.41640043259,0.519564211369,0,-5.12148593316,-4.70825630426,61.9538174123,seaward,true,topo-bathy.tt3,30,30,30,1,0.246642197556,false
aqaba_lsb_nc10_angm20,900,900,44,900,1000,500,west,landward_inundated,145196,116,6.0045353444,4.086121217,10,691760,60744.8515625,3163005.5,5.99169778824,0.392431288958,0.237631112337,0,4.53069330975,4.62426635623,51.1492081308,landward,true,topo-bathy.tt3,30,30,30,1,0.20449165147,false
aqaba_lsb_nc10_angm20,900,900,44,900,1000,500,west,combined_coastal,145196,450,7.24221151327,5.58471521201,10,762864,72809.34375,3188995,4.80751848221,-5.41640043259,0.519564211369,0,-5.12148593316,-4.70825630426,61.9538174123,seaward,true,topo-bathy.tt3,30,30,30,1,0.246642197556,false
aqaba_lsb_nc10_angm20,900,900,45,1020,1000,500,east,seaward,146880,317,16.1323966592,12.1574168079,10,726808,88085.0390625,3175700,7.93042182922,-14.0485811234,0.812879025936,0,-26.4059117811,-2.89658397436,30.0487471502,seaward,true,topo-bathy.tt3,30,30,30,1,0.549408113333,false
aqaba_lsb_nc10_angm20,900,900,45,1020,1000,500,east,landward_inundated,146880,56,13.9368639458,11.8452937313,10,653744,83583.359375,3151031,-3.59879350662,-13.4642066956,0.744891941547,0,3.63718949358,-2.05194801092,11.978036355,landward,true,topo-bathy.tt3,30,30,30,1,0.474636614014,false
aqaba_lsb_nc10_angm20,900,900,45,1020,1000,500,east,combined_coastal,146880,373,16.1323966592,14.0435506366,10,726808,88085.0390625,3175700,7.93042182922,-14.0485811234,0.812879025936,0,-26.4059117811,-2.89658397436,30.0487471502,seaward,true,topo-bathy.tt3,30,30,30,1,0.549408113333,false
aqaba_lsb_nc10_angm20,900,900,45,1020,1000,500,west,seaward,146880,281,5.95906274432,5.30185790067,10,698524,61345.078125,3165766.5,1.07243061066,5.86176776886,1.64759814739,0.0233432594687,-0.952011657663,-0.769453346729,8.9549219489,seaward,true,topo-bathy.tt3,30,30,30,1,0.202943027546,false
aqaba_lsb_nc10_angm20,900,900,45,1020,1000,500,west,landward_inundated,146880,115,8.07004879548,4.99103780808,10,688146,61225.03125,3161655,7.54835748672,-2.8544678688,1.02696418762,0,1.51929095983,0.916188359261,6.64773941247,landward,true,topo-bathy.tt3,30,30,30,1,0.2748351889,false
aqaba_lsb_nc10_angm20,900,900,45,1020,1000,500,west,combined_coastal,146880,396,8.07004879548,5.90157845695,10,688146,61225.03125,3161655,7.54835748672,-2.8544678688,1.02696418762,0,1.51929095983,0.916188359261,6.64773941247,landward,true,topo-bathy.tt3,30,30,30,1,0.2748351889,false
aqaba_lsb_nc10_angm20,900,900,46,1140,1000,500,east,seaward,154944,291,13.8941471694,9.13304794299,10,677491,86614.484375,3158473.75,-9.72750377655,-9.92083644867,0.980122566223,0,-25.3802207274,-1.49569445848,21.5674378193,seaward,true,topo-bathy.tt3,30,30,30,1,0.473181842969,false
aqaba_lsb_nc10_angm20,900,900,46,1140,1000,500,east,landward_inundated,154944,59,14.4478615117,11.9536787234,10,674382,86314.375,3157903.5,-3.36121749878,14.0514383316,0.648374378681,0,4.23478079339,1.10835927725,19.8526383743,landward,true,topo-bathy.tt3,30,30,30,1,0.492039248881,false
aqaba_lsb_nc10_angm20,900,900,46,1140,1000,500,east,combined_coastal,154944,350,14.4478615117,12.5864025307,10,674382,86314.375,3157903.5,-3.36121749878,14.0514383316,0.648374378681,0,4.23478079339,1.10835927725,19.8526383743,landward,true,topo-bathy.tt3,30,30,30,1,0.492039248881,false
aqaba_lsb_nc10_angm20,900,900,46,1140,1000,500,west,seaward,154944,255,4.79217275569,4.06869452612,10,690135,61014.953125,3162345.25,3.52357649803,3.24797296524,0.777780532837,0,-4.96306186632,-5.85072994232,136.690591606,seaward,true,topo-bathy.tt3,30,30,30,1,0.163203189712,false
aqaba_lsb_nc10_angm20,900,900,46,1140,1000,500,west,landward_inundated,154944,128,7.03021053806,4.78283829651,10,688053,61195.0195312,3161624.75,6.94465780258,-1.09342956543,0.380049347878,0,6.19269729353,2.81042230129,46.9584583275,landward,true,topo-bathy.tt3,30,30,30,1,0.239422250125,false
aqaba_lsb_nc10_angm20,900,900,46,1140,1000,500,west,combined_coastal,154944,383,7.03021053806,4.91959975049,10,688053,61195.0195312,3161624.75,6.94465780258,-1.09342956543,0.380049347878,0,6.19269729353,2.81042230129,46.9584583275,landward,true,topo-bathy.tt3,30,30,30,1,0.239422250125,false
aqaba_lsb_nc10_angm20,900,900,47,1260,1000,500,east,seaward,163134,273,11.3737339635,8.66589451086,10,681371,87634.8671875,3159164,11.0540266037,2.67774534225,1.43912053108,0,-0.405607289877,-2.89865374565,10.999502452,seaward,true,topo-bathy.tt3,30,30,30,1,0.3873461489,false
aqaba_lsb_nc10_angm20,900,900,47,1260,1000,500,east,landward_inundated,163134,52,14.4861926303,11.2939221392,10,653744,83583.359375,3151031,-3.35615563393,-14.0920543671,1.11740970612,0,3.63718949358,-2.05194813013,11.978036355,landward,true,topo-bathy.tt3,30,30,30,1,0.493344661091,false
aqaba_lsb_nc10_angm20,900,900,47,1260,1000,500,east,combined_coastal,163134,325,14.4861926303,11.9349630485,10,653744,83583.359375,3151031,-3.35615563393,-14.0920543671,1.11740970612,0,3.63718949358,-2.05194813013,11.978036355,landward,true,topo-bathy.tt3,30,30,30,1,0.493344661091,false
aqaba_lsb_nc10_angm20,900,900,47,1260,1000,500,west,seaward,163134,266,4.57854776381,3.83233220795,10,678313,60594.796875,3158623.75,4.56672954559,0.328756570816,0.295386314392,0,-0.991172208517,-0.730366557837,12.3641942215,seaward,true,topo-bathy.tt3,30,30,30,1,0.155927934445,false
aqaba_lsb_nc10_angm20,900,900,47,1260,1000,500,west,landward_inundated,163134,128,5.23536719436,3.80312001802,10,683257,60954.9296875,3159854.25,4.8985247612,-1.84757268429,0.16851426661,0,1.07334669979,-1.13041062653,18.8947256228,landward,true,topo-bathy.tt3,30,30,30,1,0.178296707775,false
aqaba_lsb_nc10_angm20,900,900,47,1260,1000,500,west,combined_coastal,163134,394,5.23536719436,4.1875785255,10,683257,60954.9296875,3159854.25,4.8985247612,-1.84757268429,0.16851426661,0,1.07334669979,-1.13041062653,18.8947256228,landward,true,topo-bathy.tt3,30,30,30,1,0.178296707775,false
aqaba_lsb_nc10_angm20,900,900,48,1380,1000,500,east,seaward,169226,275,18.4476041902,12.007123687,10,682869,87995,3159704.25,17.8179035187,-4.77874612808,0.43139526248,0,-2.72758438587,1.32570567727,1.16055041483,seaward,true,topo-bathy.tt3,30,30,30,1,0.628255282074,false
aqaba_lsb_nc10_angm20,900,900,48,1380,1000,500,east,landward_inundated,169226,49,14.1994218972,10.6878934108,10,653744,83583.359375,3151031,-3.22084379196,-13.8293075562,1.25459527969,0,3.63718949358,-2.05194801092,11.978036355,landward,true,topo-bathy.tt3,30,30,30,1,0.483578339894,false
aqaba_lsb_nc10_angm20,900,900,48,1380,1000,500,east,combined_coastal,169226,324,18.4476041902,13.6099186157,10,682869,87995,3159704.25,17.8179035187,-4.77874612808,0.43139526248,0,-2.72758438587,1.32570567727,1.16055041483,seaward,true,topo-bathy.tt3,30,30,30,1,0.628255282074,false
aqaba_lsb_nc10_angm20,900,900,48,1380,1000,500,west,seaward,169226,285,6.237464329,4.65691400279,10,762946,72809.34375,3189025,4.36704206467,-4.45363950729,0.504986464977,0,-3.16887153822,-2.77391523123,39.4098081312,seaward,true,topo-bathy.tt3,30,30,30,1,0.212424327357,false
aqaba_lsb_nc10_angm20,900,900,48,1380,1000,500,west,landward_inundated,169226,111,4.57839892244,3.4160356193,10,679173,60594.796875,3158773.75,3.94129085541,-2.32979893684,0.203571259975,0,0.132605512914,-1.06121075153,20.084845058,landward,true,topo-bathy.tt3,30,30,30,1,0.155922865474,false
aqaba_lsb_nc10_angm20,900,900,48,1380,1000,500,west,combined_coastal,169226,396,6.237464329,4.73925431004,10,762946,72809.34375,3189025,4.36704206467,-4.45363950729,0.504986464977,0,-3.16887153822,-2.77391523123,39.4098081312,seaward,true,topo-bathy.tt3,30,30,30,1,0.212424327357,false
aqaba_lsb_nc10_angm20,900,900,49,1500,1000,500,east,seaward,171648,256,13.446002371,10.3818035891,10,650681,82833.078125,3150010.5,-7.57965660095,-11.1060247421,1.09902834892,0,-0.774421361977,-1.58097118139,11.2649254056,seaward,true,topo-bathy.tt3,30,30,30,1,0.457919734469,false
aqaba_lsb_nc10_angm20,900,900,49,1500,1000,500,east,landward_inundated,171648,67,18.4864156385,12.4813472723,10,685243,88115.046875,3160604.5,-5.03238630295,-17.7882728577,2.51764345169,0,3.11016242109,-7.25083303452,0.59804499057,landward,true,topo-bathy.tt3,30,30,30,1,0.629577052488,false
aqaba_lsb_nc10_angm20,900,900,49,1500,1000,500,east,combined_coastal,171648,323,18.4864156385,13.3963085546,10,685243,88115.046875,3160604.5,-5.03238630295,-17.7882728577,2.51764345169,0,3.11016242109,-7.25083303452,0.59804499057,landward,true,topo-bathy.tt3,30,30,30,1,0.629577052488,false
aqaba_lsb_nc10_angm20,900,900,49,1500,1000,500,west,seaward,171648,285,5.50622285583,3.98712077861,10,789942,74429.953125,3199409,1.21630144119,-5.37020492554,0.930327951908,0,-3.74794553111,-3.58659273386,100.099446477,seaward,true,topo-bathy.tt3,30,30,30,1,0.187521022122,false
aqaba_lsb_nc10_angm20,900,900,49,1500,1000,500,west,landward_inundated,171648,108,4.05227315206,3.08451721169,10,688898,61104.9882812,3161895,-3.00696253777,2.71644878387,2.03221821785,0,5.26315716561,2.5706384182,52.4218832498,landward,true,topo-bathy.tt3,30,30,30,1,0.138005021462,false
aqaba_lsb_nc10_angm20,900,900,49,1500,1000,500,west,combined_coastal,171648,393,5.50622285583,4.13210709671,10,789942,74429.953125,3199409,1.21630144119,-5.37020492554,0.930327951908,0,-3.74794553111,-3.58659273386,100.099446477,seaward,true,topo-bathy.tt3,30,30,30,1,0.187521022122,false
aqaba_lsb_nc10_angm20,900,900,50,1620,1000,500,east,seaward,177405,268,14.3562594134,11.3439713457,10,674873,86374.3984375,3157993.5,13.8807563782,3.66425800323,0.846881568432,0,-25.442392291,-1.41242170334,12.795287096,seaward,true,topo-bathy.tt3,30,30,30,1,0.488919629579,false
aqaba_lsb_nc10_angm20,900,900,50,1620,1000,500,east,landward_inundated,177405,59,15.7867097221,11.9109299688,10,666627,85293.9921875,3155472.5,-3.21906590462,15.4550256729,0.238544985652,0,3.20177259788,-0.0565033257008,12.8477645188,landward,true,topo-bathy.tt3,30,30,30,1,0.53763533016,false
aqaba_lsb_nc10_angm20,900,900,50,1620,1000,500,east,combined_coastal,177405,327,15.7867097221,13.3087660255,10,666627,85293.9921875,3155472.5,-3.21906590462,15.4550256729,0.238544985652,0,3.20177259788,-0.0565033257008,12.8477645188,landward,true,topo-bathy.tt3,30,30,30,1,0.53763533016,false
aqaba_lsb_nc10_angm20,900,900,50,1620,1000,500,west,seaward,177405,273,7.9548959366,4.31242571033,10,648949,53992.3398438,3149410.25,6.98052310944,-3.8147957325,0.511948108673,0,-1.23387421195,0.389792323112,7.96283319121,seaward,true,topo-bathy.tt3,30,30,30,1,0.270913520205,false
aqaba_lsb_nc10_angm20,900,900,50,1620,1000,500,west,landward_inundated,177405,125,5.55434579825,2.77875511643,10,690681,60774.8632812,3162555.25,5.44848108292,1.07926416397,0.54327327013,0,0.0217326268008,-0.0529137849808,1.44066609589,landward,true,topo-bathy.tt3,30,30,30,1,0.189159906633,false
aqaba_lsb_nc10_angm20,900,900,50,1620,1000,500,west,combined_coastal,177405,398,7.9548959366,4.53860867803,10,648949,53992.3398438,3149410.25,6.98052310944,-3.8147957325,0.511948108673,0,-1.23387421195,0.389792323112,7.96283319121,seaward,true,topo-bathy.tt3,30,30,30,1,0.270913520205,false
aqaba_lsb_nc10_angm20,900,900,51,1740,1000,500,east,seaward,173275,269,15.8351454551,10.7943383615,10,663720,84603.7421875,3154512.25,14.7047185898,5.87563467026,2.41697955132,0,-2.2486919569,-5.5644903183,5.9491496781,seaward,true,topo-bathy.tt3,30,30,30,1,0.539284867129,false
aqaba_lsb_nc10_angm20,900,900,51,1740,1000,500,east,landward_inundated,173275,52,27.7789975221,12.9833661242,10,656080,83883.46875,3151871.25,3.51830554008,-27.5552940369,0.00312534742989,0,3.10748887676,0.298270724481,3.31039869469,landward,true,topo-bathy.tt3,30,30,30,1,0.946047071698,false
aqaba_lsb_nc10_angm20,900,900,51,1740,1000,500,east,combined_coastal,173275,321,27.7789975221,14.4730263201,10,656080,83883.46875,3151871.25,3.51830554008,-27.5552940369,0.00312534742989,0,3.10748887676,0.298270724481,3.31039869469,landward,true,topo-bathy.tt3,30,30,30,1,0.946047071698,false
aqaba_lsb_nc10_angm20,900,900,51,1740,1000,500,west,seaward,173275,298,4.83716503503,3.47566872065,10,684123,61074.9765625,3160184.25,3.25814175606,3.57528710365,0.532648742199,0,-0.89562565763,-0.829168587923,13.6540149924,seaward,true,topo-bathy.tt3,30,30,30,1,0.164735455737,false
aqaba_lsb_nc10_angm20,900,900,51,1740,1000,500,west,landward_inundated,173275,87,4.35142346128,3.08173313981,10,694390,60924.9179688,3164115.75,4.34672927856,-0.202066123486,0.562050282955,0.00592792080715,1.85501008104,-0.514719661325,24.3112363217,landward,true,topo-bathy.tt3,30,30,30,1,0.148192943967,false
aqaba_lsb_nc10_angm20,900,900,51,1740,1000,500,west,combined_coastal,173275,385,4.83716503503,3.76713532971,10,684123,61074.9765625,3160184.25,3.25814175606,3.57528710365,0.532648742199,0,-0.89562565763,-0.829168587923,13.6540149924,seaward,true,topo-bathy.tt3,30,30,30,1,0.164735455737,false
aqaba_lsb_nc10_angm20,900,900,52,1860,1000,500,east,seaward,178768,249,15.532480784,9.19193112013,10,676513,86434.421875,3158293.75,-11.657292366,-10.2647695541,2.5640847683,0,-0.210543844593,-2.05233210325,1.97175893394,seaward,true,topo-bathy.tt3,30,30,30,1,0.528977258818,false
aqaba_lsb_nc10_angm20,900,900,52,1860,1000,500,east,landward_inundated,178768,57,14.7219900628,11.8061695969,10,634232,80552.2265625,3144218.5,-12.5099077225,-7.76139163971,0.580773472786,0,1.85710528978,-1.85952067375,13.5494714555,landward,true,topo-bathy.tt3,30,30,30,1,0.50137502541,false
aqaba_lsb_nc10_angm20,900,900,52,1860,1000,500,east,combined_coastal,178768,306,15.532480784,12.6625053783,10,676513,86434.421875,3158293.75,-11.657292366,-10.2647695541,2.5640847683,0,-0.210543844593,-2.05233210325,1.97175893394,seaward,true,topo-bathy.tt3,30,30,30,1,0.528977258818,false
aqaba_lsb_nc10_angm20,900,900,52,1860,1000,500,west,seaward,178768,264,4.26474964426,3.4297890093,10,694391,60954.9296875,3164115.75,2.91877508163,3.10947608948,0.389376312494,0.0285733379424,-0.656719627279,-0.514719665051,5.50139792757,seaward,true,topo-bathy.tt3,30,30,30,1,0.145241163194,false
aqaba_lsb_nc10_angm20,900,900,52,1860,1000,500,west,landward_inundated,178768,112,3.45577103749,2.36633017966,10,692412,60804.875,3163305.5,3.44042825699,0.325279682875,0.142782226205,6.49593595238e-38,0.818150689925,-1.28712274134,13.0170815394,landward,true,topo-bathy.tt3,30,30,30,1,0.117690426657,false
aqaba_lsb_nc10_angm20,900,900,52,1860,1000,500,west,combined_coastal,178768,376,4.26474964426,3.48377752779,10,694391,60954.9296875,3164115.75,2.91877508163,3.10947608948,0.389376312494,0.0285733379424,-0.656719627279,-0.514719665051,5.50139792757,seaward,true,topo-bathy.tt3,30,30,30,1,0.145241163194,false
aqaba_lsb_nc10_angm20,900,900,53,1980,1000,500,east,seaward,180957,247,11.8934408977,9.11393179852,10,650128,82562.9765625,3149800.5,-11.0720653534,-4.34319067001,12.2033472061,0,-1.25064679959,-15.215066433,5.80346269268,seaward,true,topo-bathy.tt3,30,30,30,1,0.405045391746,false
aqaba_lsb_nc10_angm20,900,900,53,1980,1000,500,east,landward_inundated,180957,53,14.9831368763,10.9114558057,10,666626,85263.984375,3155472.5,2.80090999603,14.7190113068,0.394506633282,0,3.49056520546,1.02673751116,15.0526631298,landward,true,topo-bathy.tt3,30,30,30,1,0.510268693297,false
aqaba_lsb_nc10_angm20,900,900,53,1980,1000,500,east,combined_coastal,180957,300,14.9831368763,12.0772444486,10,666626,85263.984375,3155472.5,2.80090999603,14.7190113068,0.394506633282,0,3.49056520546,1.02673751116,15.0526631298,landward,true,topo-bathy.tt3,30,30,30,1,0.510268693297,false
aqaba_lsb_nc10_angm20,900,900,53,1980,1000,500,west,seaward,180957,278,3.79334942942,3.12470144027,10,675168,60264.6757812,3158053.5,-2.86301898956,2.48849797249,1.67443430424,0,-2.75409212566,-2.68992435932,46.3527556036,seaward,true,topo-bathy.tt3,30,30,30,1,0.1291870636,false
aqaba_lsb_nc10_angm20,900,900,53,1980,1000,500,west,landward_inundated,180957,103,4.51296269436,3.39352080207,10,686602,61345.078125,3161084.75,4.51292467117,-0.0185254681855,0.189671099186,0,3.18888846398,0.466455459595,31.6525461049,landward,true,topo-bathy.tt3,30,30,30,1,0.153694356259,false
aqaba_lsb_nc10_angm20,900,900,53,1980,1000,500,west,combined_coastal,180957,381,4.51296269436,3.62944888011,10,686602,61345.078125,3161084.75,4.51292467117,-0.0185254681855,0.189671099186,0,3.18888846398,0.466455459595,31.6525461049,landward,true,topo-bathy.tt3,30,30,30,1,0.153694356259,false
aqaba_lsb_nc10_angm20,900,900,54,2100,1000,500,east,seaward,184253,268,11.8406322087,8.32762060618,10,731797,87274.734375,3177590.75,9.1161775589,-7.55618143082,1.508654356,0,-6.53108994574,-3.73579406738,10.7812204655,seaward,true,topo-bathy.tt3,30,30,30,1,0.403246928517,false
aqaba_lsb_nc10_angm20,900,900,54,2100,1000,500,east,landward_inundated,184253,53,15.2503097822,12.3599256837,10,653744,83583.359375,3151031,-3.50576400757,-14.8418855667,0.959867477417,0,3.63718949358,-2.05194807053,11.978036355,landward,true,topo-bathy.tt3,30,30,30,1,0.519367586985,false
aqaba_lsb_nc10_angm20,900,900,54,2100,1000,500,east,combined_coastal,184253,321,15.2503097822,12.8483032365,10,653744,83583.359375,3151031,-3.50576400757,-14.8418855667,0.959867477417,0,3.63718949358,-2.05194807053,11.978036355,landward,true,topo-bathy.tt3,30,30,30,1,0.519367586985,false
aqaba_lsb_nc10_angm20,900,900,54,2100,1000,500,west,seaward,184253,278,12.2636008429,4.03471410511,10,670903,57173.5234375,3157033.25,-0.587123572826,12.2495384216,0.00254667457193,0,-0.134212446439,-0.283672726713,3.15420743286,seaward,true,topo-bathy.tt3,30,30,30,1,0.417651632555,false
aqaba_lsb_nc10_angm20,900,900,54,2100,1000,500,west,landward_inundated,184253,103,3.19023950171,2.46405879964,10,609686,49760.7617188,3135725.25,3.18560624123,0.171874821186,0.300440192223,0,0.582604173023,-0.995859086514,11.8623711346,landward,true,topo-bathy.tt3,30,30,30,1,0.108647431795,false
aqaba_lsb_nc10_angm20,900,900,54,2100,1000,500,west,combined_coastal,184253,381,12.2636008429,4.09124675875,10,670903,57173.5234375,3157033.25,-0.587123572826,12.2495384216,0.00254667457193,0,-0.134212446439,-0.283672726713,3.15420743286,seaward,true,topo-bathy.tt3,30,30,30,1,0.417651632555,false
aqaba_lsb_nc10_angm20,900,900,55,2220,1000,500,east,seaward,181904,251,14.7855174202,10.4717717276,10,680380,87244.71875,3158984,10.001999855,10.8890552521,4.26292610168,0,-19.1527015477,-6.58545064926,34.4283159868,seaward,true,topo-bathy.tt3,30,30,30,1,0.503538525744,false
aqaba_lsb_nc10_angm20,900,900,55,2220,1000,500,east,landward_inundated,181904,49,14.021243076,10.2602492063,10,653744,83583.359375,3151031,-3.41501498222,-13.5990047455,1.09260690212,0,3.63718949358,-2.05194807053,11.978036355,landward,true,topo-bathy.tt3,30,30,30,1,0.477510246476,false
aqaba_lsb_nc10_angm20,900,900,55,2220,1000,500,east,combined_coastal,181904,300,14.7855174202,12.1753255947,10,680380,87244.71875,3158984,10.001999855,10.8890552521,4.26292610168,0,-19.1527015477,-6.58545064926,34.4283159868,seaward,true,topo-bathy.tt3,30,30,30,1,0.503538525744,false
aqaba_lsb_nc10_angm20,900,900,55,2220,1000,500,west,seaward,181904,278,3.37132799606,2.7920852163,10,675170,60324.6953125,3158053.5,-0.0431543439627,-3.37105178833,1.04868328571,0,-3.37857983643,-2.97825276852,85.4253035734,seaward,true,topo-bathy.tt3,30,30,30,1,0.114814617621,false
aqaba_lsb_nc10_angm20,900,900,55,2220,1000,500,west,landward_inundated,181904,114,2.33209810062,1.96565482378,10,639358,53182.0351562,3145749,2.31004834175,-0.319934695959,0.397931694984,0,4.10859992775,-0.375271759927,35.9693773365,landward,true,topo-bathy.tt3,30,30,30,1,0.0794223973435,false
aqaba_lsb_nc10_angm20,900,900,55,2220,1000,500,west,combined_coastal,181904,392,3.37132799606,2.7920852163,10,675170,60324.6953125,3158053.5,-0.0431543439627,-3.37105178833,1.04868328571,0,-3.37857983643,-2.97825276852,85.4253035734,seaward,true,topo-bathy.tt3,30,30,30,1,0.114814617621,false
aqaba_lsb_nc10_angm20,900,900,56,2340,1000,500,east,seaward,181899,255,12.0942680655,8.9227949077,10,666617,84993.8828125,3155472.5,-11.5334978104,-3.64002037048,13.4886465073,0,-3.46870112385,-17.0994749069,18.9802112829,seaward,true,topo-bathy.tt3,30,30,30,1,0.411884801767,false
aqaba_lsb_nc10_angm20,900,900,56,2340,1000,500,east,landward_inundated,181899,51,16.3491984186,11.8246357886,10,650129,82592.9921875,3149800.5,-10.8194570541,-12.2570648193,0.852624475956,0,2.70787844508,-3.1873190999,6.13736733955,landward,true,topo-bathy.tt3,30,30,30,1,0.556791557228,false
aqaba_lsb_nc10_angm20,900,900,56,2340,1000,500,east,combined_coastal,181899,306,16.3491984186,12.7357527395,10,650129,82592.9921875,3149800.5,-10.8194570541,-12.2570648193,0.852624475956,0,2.70787844508,-3.1873190999,6.13736733955,landward,true,topo-bathy.tt3,30,30,30,1,0.556791557228,false
aqaba_lsb_nc10_angm20,900,900,56,2340,1000,500,west,seaward,181899,274,3.86610886873,2.92796755892,10,672698,59904.5390625,3157573.25,2.13088417053,-3.22585344315,0.607948839664,0,-1.11641031701,-1.24319392443,32.6050149314,seaward,true,topo-bathy.tt3,30,30,30,1,0.131664973555,false
aqaba_lsb_nc10_angm20,900,900,56,2340,1000,500,west,landward_inundated,181899,107,3.52709909121,2.24378887574,10,677470,60504.7617188,3158473.75,3.52615046501,-0.0817979052663,0.267805427313,0,0.135957706647,-1.0121357739,5.72368132424,landward,true,topo-bathy.tt3,30,30,30,1,0.120119589059,false
aqaba_lsb_nc10_angm20,900,900,56,2340,1000,500,west,combined_coastal,181899,381,3.86610886873,3.11629680162,10,672698,59904.5390625,3157573.25,2.13088417053,-3.22585344315,0.607948839664,0,-1.11641031701,-1.24319392443,32.6050149314,seaward,true,topo-bathy.tt3,30,30,30,1,0.131664973555,false
aqaba_lsb_nc10_angm20,900,900,57,2460,1000,500,east,seaward,177738,255,12.8267547164,8.65113790879,10,677491,86614.484375,3158473.75,-8.82016277313,-9.31291389465,1.14669263363,0,-25.3802207274,-1.49569451809,21.5674378193,seaward,true,topo-bathy.tt3,30,30,30,1,0.436830513022,false
aqaba_lsb_nc10_angm20,900,900,57,2460,1000,500,east,landward_inundated,177738,48,14.7837631966,11.9878292824,10,653743,83553.34375,3151031,-3.40734004974,-14.3857460022,1.15911245346,0,3.09225085227,-2.05194807053,4.54949422808,landward,true,topo-bathy.tt3,30,30,30,1,0.503478783557,false
aqaba_lsb_nc10_angm20,900,900,57,2460,1000,500,east,combined_coastal,177738,303,14.7837631966,12.457703582,10,653743,83553.34375,3151031,-3.40734004974,-14.3857460022,1.15911245346,0,3.09225085227,-2.05194807053,4.54949422808,landward,true,topo-bathy.tt3,30,30,30,1,0.503478783557,false
aqaba_lsb_nc10_angm20,900,900,57,2460,1000,500,west,seaward,177738,278,3.6119400408,2.76284025712,10,674803,59094.2382812,3157993.5,-3.59836697578,0.312835365534,1.36773467064,0,-0.50347111544,-1.63512530923,27.2509035752,seaward,true,topo-bathy.tt3,30,30,30,1,0.123008949334,false
aqaba_lsb_nc10_angm20,900,900,57,2460,1000,500,west,landward_inundated,177738,105,2.97354317736,2.29591725786,10,729455,67737.4609375,3176690.5,2.94850325584,-0.385081261396,0.323162227869,0,0.616724061929,-0.83765527606,12.0847207038,landward,true,topo-bathy.tt3,30,30,30,1,0.101267578618,false
aqaba_lsb_nc10_angm20,900,900,57,2460,1000,500,west,combined_coastal,177738,383,3.6119400408,2.87159231368,10,674803,59094.2382812,3157993.5,-3.59836697578,0.312835365534,1.36773467064,0,-0.50347111544,-1.63512530923,27.2509035752,seaward,true,topo-bathy.tt3,30,30,30,1,0.123008949334,false
aqaba_lsb_nc10_angm20,900,900,58,2580,1000,500,east,seaward,177568,245,14.5357342961,10.6437679952,10,665484,84783.8046875,3155082.5,-13.4457702637,-5.52257490158,16.7541980743,0,-14.7220649337,-20.6756212711,43.7206574552,seaward,true,topo-bathy.tt3,30,30,30,1,0.495031861927,false
aqaba_lsb_nc10_angm20,900,900,58,2580,1000,500,east,landward_inundated,177568,49,14.5256724141,9.86648581353,10,653743,83553.34375,3151031,-3.39363598824,-14.1236820221,1.0250774622,0,3.09225085227,-2.05194807053,4.54949422808,landward,true,topo-bathy.tt3,30,30,30,1,0.494689192469,false
aqaba_lsb_nc10_angm20,900,900,58,2580,1000,500,east,combined_coastal,177568,294,14.5357342961,12.5789955503,10,665484,84783.8046875,3155082.5,-13.4457702637,-5.52257490158,16.7541980743,0,-14.7220649337,-20.6756212711,43.7206574552,seaward,true,topo-bathy.tt3,30,30,30,1,0.495031861927,false
aqaba_lsb_nc10_angm20,900,900,58,2580,1000,500,west,seaward,177568,269,3.25052667544,2.71770218545,10,680509,60744.8515625,3159014,3.02859520912,1.18048071861,0.955522239208,0,-2.28262330006,-1.91579300165,17.5222803269,seaward,true,topo-bathy.tt3,30,30,30,1,0.110700583789,false
aqaba_lsb_nc10_angm20,900,900,58,2580,1000,500,west,landward_inundated,177568,109,3.99531113088,2.06774134956,10,833919,79621.8828125,3215074.75,-1.49152171612,-3.70646381378,0.395701676607,0,2.34534468628,-0.580422073603,0.860570865966,landward,true,topo-bathy.tt3,30,30,30,1,0.136065111525,false
aqaba_lsb_nc10_angm20,900,900,58,2580,1000,500,west,combined_coastal,177568,378,3.99531113088,2.94545575253,10,833919,79621.8828125,3215074.75,-1.49152171612,-3.70646381378,0.395701676607,0,2.34534468628,-0.580422073603,0.860570865966,landward,true,topo-bathy.tt3,30,30,30,1,0.136065111525,false
aqaba_lsb_nc10_angm20,900,900,59,2700,1000,500,east,seaward,184631,259,17.0890655957,10.7703862813,10,667837,85293.9921875,3155922.75,17.0738792419,0.720285058022,0.096527941525,0,-22.3363805299,1.95402824134,19.3157416175,seaward,true,topo-bathy.tt3,30,30,30,1,0.581988621151,false
aqaba_lsb_nc10_angm20,900,900,59,2700,1000,500,east,landward_inundated,184631,39,14.6326275605,10.8748582358,10,650129,82592.9921875,3149800.5,-8.45840930939,-11.9402303696,0.745299220085,0,2.70787844508,-3.18731915951,6.13736733955,landward,true,topo-bathy.tt3,30,30,30,1,0.498331678234,false
aqaba_lsb_nc10_angm20,900,900,59,2700,1000,500,east,combined_coastal,184631,298,17.0890655957,13.329635576,10,667837,85293.9921875,3155922.75,17.0738792419,0.720285058022,0.096527941525,0,-22.3363805299,1.95402824134,19.3157416175,seaward,true,topo-bathy.tt3,30,30,30,1,0.581988621151,false
aqaba_lsb_nc10_angm20,900,900,59,2700,1000,500,west,seaward,184631,275,2.89077660206,2.4292559827,10,762862,72749.3203125,3188995,2.37665605545,-1.64562916756,0.13115632534,0,-1.23356099424,-1.04011207819,18.2347430831,seaward,true,topo-bathy.tt3,30,30,30,1,0.0984488636474,false
aqaba_lsb_nc10_angm20,900,900,59,2700,1000,500,west,landward_inundated,184631,106,2.55565917271,1.79075041793,10,833919,79621.8828125,3215074.75,-1.33549368382,-2.17895627022,0.48884293437,0,2.34534468628,-0.580422081053,0.860570865966,landward,true,topo-bathy.tt3,30,30,30,1,0.0870360377358,false
aqaba_lsb_nc10_angm20,900,900,59,2700,1000,500,west,combined_coastal,184631,381,2.89077660206,2.46946817317,10,762862,72749.3203125,3188995,2.37665605545,-1.64562916756,0.13115632534,0,-1.23356099424,-1.04011207819,18.2347430831,seaward,true,topo-bathy.tt3,30,30,30,1,0.0984488636474,false
aqaba_lsb_nc10_angm20,900,900,60,2820,1000,500,east,seaward,182880,236,14.1102598994,9.892875496,10,665577,84813.8203125,3155112.5,-11.8728322983,-7.62465000153,13.3800325394,0,-4.065637163,-17.6748933792,4.05865156838,seaward,true,topo-bathy.tt3,30,30,30,1,0.480541821141,false
aqaba_lsb_nc10_angm20,900,900,60,2820,1000,500,east,landward_inundated,182880,57,15.0396828273,10.1193319832,10,653743,83553.34375,3151031,-3.41168832779,-14.647608757,1.02918386459,0,3.09225085227,-2.05194807053,4.54949422808,landward,true,topo-bathy.tt3,30,30,30,1,0.512194433463,false
aqaba_lsb_nc10_angm20,900,900,60,2820,1000,500,east,combined_coastal,182880,293,15.0396828273,12.4761047844,10,653743,83553.34375,3151031,-3.41168832779,-14.647608757,1.02918386459,0,3.09225085227,-2.05194807053,4.54949422808,landward,true,topo-bathy.tt3,30,30,30,1,0.512194433463,false
aqaba_lsb_nc10_angm20,900,900,60,2820,1000,500,west,seaward,182880,259,3.17183224632,2.50043899721,10,810998,75570.375,3207332,2.8442504406,-1.40383732319,0.849886119366,0,-0.0274932203194,-1.727843225,1.17949170953,seaward,true,topo-bathy.tt3,30,30,30,1,0.10802055064,false
aqaba_lsb_nc10_angm20,900,900,60,2820,1000,500,west,landward_inundated,182880,105,3.17183224632,1.97797811654,10,811070,75570.375,3207362,2.8442504406,-1.40383732319,0.849886119366,0,0.0656470532715,-1.727843225,1.23607013677,landward,true,topo-bathy.tt3,30,30,30,1,0.10802055064,false
aqaba_lsb_nc10_angm20,900,900,60,2820,1000,500,west,combined_coastal,182880,364,3.17183224632,2.67382497424,10,810998,75570.375,3207332,2.8442504406,-1.40383732319,0.849886119366,0,-0.0274932203194,-1.727843225,1.17949170953,seaward,true,topo-bathy.tt3,30,30,30,1,0.10802055064,false
aqaba_lsb_nc10_angm20,900,900,61,2940,1000,500,east,seaward,183834,238,13.5259129307,9.07761850553,10,665577,84813.8203125,3155112.5,-11.8603982925,-6.50240516663,14.0662498474,0,-4.065637163,-17.6748933792,4.05865156838,seaward,true,topo-bathy.tt3,30,30,30,1,0.460641184404,false
aqaba_lsb_nc10_angm20,900,900,61,2940,1000,500,east,landward_inundated,183834,43,14.4839247584,11.9954982087,10,653743,83553.34375,3151031,-3.45471382141,-14.0658817291,0.932118833065,0,3.09225085227,-2.05194813013,4.54949422808,landward,true,topo-bathy.tt3,30,30,30,1,0.493267425991,false
aqaba_lsb_nc10_angm20,900,900,61,2940,1000,500,east,combined_coastal,183834,281,14.4839247584,12.5321573768,10,653743,83553.34375,3151031,-3.45471382141,-14.0658817291,0.932118833065,0,3.09225085227,-2.05194813013,4.54949422808,landward,true,topo-bathy.tt3,30,30,30,1,0.493267425991,false
aqaba_lsb_nc10_angm20,900,900,61,2940,1000,500,west,seaward,183834,261,3.28177002635,2.46024028469,10,680019,60714.8398438,3158923.75,3.12067580223,1.01557719707,0.421472877264,0,-2.0317568208,-1.37515255809,29.6229220719,seaward,true,topo-bathy.tt3,30,30,30,1,0.11176461357,false
aqaba_lsb_nc10_angm20,900,900,61,2940,1000,500,west,landward_inundated,183834,111,2.62388908239,1.60932765987,10,833919,79621.8828125,3215074.75,-1.24850678444,-2.30781817436,0.539126574993,0,2.34534468628,-0.5804220438,0.860570865966,landward,true,topo-bathy.tt3,30,30,30,1,0.0893596891279,false
aqaba_lsb_nc10_angm20,900,900,61,2940,1000,500,west,combined_coastal,183834,372,3.28177002635,2.51259998956,10,680019,60714.8398438,3158923.75,3.12067580223,1.01557719707,0.421472877264,0,-2.0317568208,-1.37515255809,29.6229220719,seaward,true,topo-bathy.tt3,30,30,30,1,0.11176461357,false
aqaba_lsb_nc10_angm20,900,900,62,3060,1000,500,east,seaward,181446,237,15.4558436387,10.3549528434,10,665484,84783.8046875,3155082.5,-12.0867090225,-9.63299369812,15.1259307861,0,-14.7220649337,-20.6756219864,43.7206574552,seaward,true,topo-bathy.tt3,30,30,30,1,0.526367288933,false
aqaba_lsb_nc10_angm20,900,900,62,3060,1000,500,east,landward_inundated,181446,45,13.2032854913,9.46843507669,10,686770,88445.171875,3161144.75,6.84901189804,11.2879486084,1.39757823944,0,0.0293913588609,-2.8531678915,1.33158778442,landward,true,topo-bathy.tt3,30,30,30,1,0.449653720079,false
aqaba_lsb_nc10_angm20,900,900,62,3060,1000,500,east,combined_coastal,181446,282,15.4558436387,12.1295520565,10,665484,84783.8046875,3155082.5,-12.0867090225,-9.63299369812,15.1259307861,0,-14.7220649337,-20.6756219864,43.7206574552,seaward,true,topo-bathy.tt3,30,30,30,1,0.526367288933,false
aqaba_lsb_nc10_angm20,900,900,62,3060,1000,500,west,seaward,181446,272,2.93441879792,2.23425627972,10,673103,59484.3828125,3157663.5,0.774797320366,2.83028316498,1.33619594574,0,-1.37965320327,-1.20659716427,60.5175774859,seaward,true,topo-bathy.tt3,30,30,30,1,0.0999351509609,false
aqaba_lsb_nc10_angm20,900,900,62,3060,1000,500,west,landward_inundated,181446,96,3.83599010568,1.62185029437,10,833919,79621.8828125,3215074.75,-1.55310297012,-3.50751924515,0.274932354689,0,2.34534468628,-0.580422073603,0.860570865966,landward,true,topo-bathy.tt3,30,30,30,1,0.130639242963,false
aqaba_lsb_nc10_angm20,900,900,62,3060,1000,500,west,combined_coastal,181446,368,3.83599010568,2.43717601549,10,833919,79621.8828125,3215074.75,-1.55310297012,-3.50751924515,0.274932354689,0,2.34534468628,-0.580422073603,0.860570865966,landward,true,topo-bathy.tt3,30,30,30,1,0.130639242963,false
aqaba_lsb_nc10_angm20,900,900,63,3180,1000,500,east,seaward,184358,228,14.7343902597,10.2110408097,10,665484,84783.8046875,3155082.5,-13.4018983841,-6.12302017212,16.8389987946,0,-14.7220649337,-20.6756210327,43.7206574552,seaward,true,topo-bathy.tt3,30,30,30,1,0.501797328985,false
aqaba_lsb_nc10_angm20,900,900,63,3180,1000,500,east,landward_inundated,184358,46,14.8830076485,11.2794317097,10,668595,85534.0859375,3156222.75,12.229552269,8.4818611145,1.47166955471,0,3.38959053816,-2.81663835049,14.9019690639,landward,true,topo-bathy.tt3,30,30,30,1,0.506858672374,false
aqaba_lsb_nc10_angm20,900,900,63,3180,1000,500,east,combined_coastal,184358,274,14.8830076485,12.5604250917,10,668595,85534.0859375,3156222.75,12.229552269,8.4818611145,1.47166955471,0,3.38959053816,-2.81663835049,14.9019690639,landward,true,topo-bathy.tt3,30,30,30,1,0.506858672374,false
aqaba_lsb_nc10_angm20,900,900,63,3180,1000,500,west,seaward,184358,259,3.00015829407,2.23656037538,10,673555,59274.3046875,3157753.5,1.30684351921,-2.70057582855,0.549144983292,0,-2.8063311718,-1.83716988564,54.774758534,seaward,true,topo-bathy.tt3,30,30,30,1,0.102173988333,false
aqaba_lsb_nc10_angm20,900,900,63,3180,1000,500,west,landward_inundated,184358,99,2.8913552696,1.80442243794,10,833919,79621.8828125,3215074.75,-1.12038850784,-2.66545772552,0.708828628063,0,2.34534468628,-0.580422058702,0.860570865966,landward,true,topo-bathy.tt3,30,30,30,1,0.0984685708645,false
aqaba_lsb_nc10_angm20,900,900,63,3180,1000,500,west,combined_coastal,184358,358,3.00015829407,2.44359381631,10,673555,59274.3046875,3157753.5,1.30684351921,-2.70057582855,0.549144983292,0,-2.8063311718,-1.83716988564,54.774758534,seaward,true,topo-bathy.tt3,30,30,30,1,0.102173988333,false
aqaba_lsb_nc10_angm20,900,900,64,3300,1000,500,east,seaward,180904,229,14.6694659914,10.5935758216,10,665484,84783.8046875,3155082.5,-13.9757966995,-4.45761585236,17.5125980377,0,-14.7220649337,-20.6756212711,43.7206574552,seaward,true,topo-bathy.tt3,30,30,30,1,0.499586255175,false
aqaba_lsb_nc10_angm20,900,900,64,3300,1000,500,east,landward_inundated,180904,52,17.4609514572,12.0674602044,10,650130,82623,3149800.5,-14.4676332474,-9.77611446381,1.02615714073,0,3.26085157871,-3.1873190403,18.0750893991,landward,true,topo-bathy.tt3,30,30,30,1,0.59465364011,false
aqaba_lsb_nc10_angm20,900,900,64,3300,1000,500,east,combined_coastal,180904,281,17.4609514572,13.6108013112,10,650130,82623,3149800.5,-14.4676332474,-9.77611446381,1.02615714073,0,3.26085157871,-3.1873190403,18.0750893991,landward,true,topo-bathy.tt3,30,30,30,1,0.59465364011,false
aqaba_lsb_nc10_angm20,900,900,64,3300,1000,500,west,seaward,180904,253,2.80590999344,2.15275407872,10,673557,59334.328125,3157753.5,0.929974615574,-2.64731526375,0.67727971077,0,-1.92575212029,-0.561705335975,30.4998448559,seaward,true,topo-bathy.tt3,30,30,30,1,0.0955586295233,false
aqaba_lsb_nc10_angm20,900,900,64,3300,1000,500,west,landward_inundated,180904,99,4.40978042012,1.92991294147,10,833919,79621.8828125,3215074.75,-1.9846009016,-3.93795919418,0.375115692616,0,2.34534468628,-0.580422073603,0.860570865966,landward,true,topo-bathy.tt3,30,30,30,1,0.150180360179,false
aqaba_lsb_nc10_angm20,900,900,64,3300,1000,500,west,combined_coastal,180904,352,4.40978042012,2.436464287,10,833919,79621.8828125,3215074.75,-1.9846009016,-3.93795919418,0.375115692616,0,2.34534468628,-0.580422073603,0.860570865966,landward,true,topo-bathy.tt3,30,30,30,1,0.150180360179,false
aqaba_lsb_nc10_angm20,900,900,65,3420,1000,500,east,seaward,182670,239,12.9361382319,8.97019224096,10,665484,84783.8046875,3155082.5,-12.1496763229,-4.44173812866,16.2282485962,0,-14.7220649337,-20.6756224632,43.7206574552,seaward,true,topo-bathy.tt3,30,30,30,1,0.440555699811,false
aqaba_lsb_nc10_angm20,900,900,65,3420,1000,500,east,landward_inundated,182670,45,14.7700753451,10.8653482155,10,653743,83553.34375,3151031,-3.34956240654,-14.3852548599,1.06839692593,0,3.09225085227,-2.05194807053,4.54949422808,landward,true,topo-bathy.tt3,30,30,30,1,0.50301262736,false
aqaba_lsb_nc10_angm20,900,900,65,3420,1000,500,east,combined_coastal,182670,284,14.7700753451,12.2151661937,10,653743,83553.34375,3151031,-3.34956240654,-14.3852548599,1.06839692593,0,3.09225085227,-2.05194807053,4.54949422808,landward,true,topo-bathy.tt3,30,30,30,1,0.50301262736,false
aqaba_lsb_nc10_angm20,900,900,65,3420,1000,500,west,seaward,182670,254,3.23469117684,2.04266752208,10,672697,59874.5273438,3157573.25,1.49438869953,-2.86880278587,0.483712226152,0,-0.344512213778,-0.902639240026,14.0669471789,seaward,true,topo-bathy.tt3,30,30,30,1,0.110161286895,false
aqaba_lsb_nc10_angm20,900,900,65,3420,1000,500,west,landward_inundated,182670,105,3.22467137012,1.55378407863,10,833919,79621.8828125,3215074.75,-1.56477797031,-2.81957006454,0.44400832057,0,2.34534468628,-0.580422088504,0.860570865966,landward,true,topo-bathy.tt3,30,30,30,1,0.109820050362,false
aqaba_lsb_nc10_angm20,900,900,65,3420,1000,500,west,combined_coastal,182670,359,3.23469117684,2.25025568731,10,672697,59874.5273438,3157573.25,1.49438869953,-2.86880278587,0.483712226152,0,-0.344512213778,-0.902639240026,14.0669471789,seaward,true,topo-bathy.tt3,30,30,30,1,0.110161286895,false
aqaba_lsb_nc10_angm20,900,900,66,3540,1000,500,east,seaward,180230,224,14.3862666674,9.07375853444,10,665483,84753.796875,3155082.5,-13.6287746429,-4.60664415359,16.4461956024,0,-77.5359500974,-20.6756215096,69.4987771998,seaward,true,topo-bathy.tt3,30,30,30,1,0.489941562598,false
aqaba_lsb_nc10_angm20,900,900,66,3540,1000,500,east,landward_inundated,180230,48,14.7540936187,11.6569133468,10,681043,87574.84375,3159104,-11.7767696381,-8.88768672943,0.583790481091,0,1.97509316051,-0.744032174349,10.9039972578,landward,true,topo-bathy.tt3,30,30,30,1,0.502468350501,false
aqaba_lsb_nc10_angm20,900,900,66,3540,1000,500,east,combined_coastal,180230,272,14.7540936187,12.5557935805,10,681043,87574.84375,3159104,-11.7767696381,-8.88768672943,0.583790481091,0,1.97509316051,-0.744032174349,10.9039972578,landward,true,topo-bathy.tt3,30,30,30,1,0.502468350501,false
aqaba_lsb_nc10_angm20,900,900,66,3540,1000,500,west,seaward,180230,266,6.52826190124,2.67238315243,10,674467,59094.2382812,3157933.5,5.66707229614,-3.2407553196,0.000809497141745,0,-1.95907929246,-0.266369140649,13.594451134,seaward,true,topo-bathy.tt3,30,30,30,1,0.222327787388,false
aqaba_lsb_nc10_angm20,900,900,66,3540,1000,500,west,landward_inundated,180230,103,2.6727809938,1.50116525944,10,833919,79621.8828125,3215074.75,-0.792090713978,-2.55271434784,0.524882018566,0,2.34534468628,-0.580422088504,0.860570865966,landward,true,topo-bathy.tt3,30,30,30,1,0.0910247617995,false
aqaba_lsb_nc10_angm20,900,900,66,3540,1000,500,west,combined_coastal,180230,369,6.52826190124,2.7844062668,10,674467,59094.2382812,3157933.5,5.66707229614,-3.2407553196,0.000809497141745,0,-1.95907929246,-0.266369140649,13.594451134,seaward,true,topo-bathy.tt3,30,30,30,1,0.222327787388,false
aqaba_lsb_nc10_angm20,900,900,67,3600,1000,500,east,seaward,178161,224,14.0443859868,9.29551730234,10,665484,84783.8046875,3155082.5,-13.1171092987,-5.01858758926,16.7736625671,0,-14.7220649337,-20.6756215096,43.7206574552,seaward,true,topo-bathy.tt3,30,30,30,1,0.478298406054,false
aqaba_lsb_nc10_angm20,900,900,67,3600,1000,500,east,landward_inundated,178161,44,13.8255790846,10.9073742547,10,653743,83553.34375,3151031,-3.27730703354,-13.4315261841,0.998074829578,0,3.09225085227,-2.05194813013,4.54949422808,landward,true,topo-bathy.tt3,30,30,30,1,0.47084667462,false
aqaba_lsb_nc10_angm20,900,900,67,3600,1000,500,east,combined_coastal,178161,268,14.0443859868,12.1522497975,10,665484,84783.8046875,3155082.5,-13.1171092987,-5.01858758926,16.7736625671,0,-14.7220649337,-20.6756215096,43.7206574552,seaward,true,topo-bathy.tt3,30,30,30,1,0.478298406054,false
aqaba_lsb_nc10_angm20,900,900,67,3600,1000,500,west,seaward,178161,247,2.95352450642,1.97419816869,10,673215,57683.7109375,3157693.5,1.95212602615,-2.21641850471,0.522487938404,0,-1.09591094917,-1.53136783838,26.4097033401,seaward,true,topo-bathy.tt3,30,30,30,1,0.100585818774,false
aqaba_lsb_nc10_angm20,900,900,67,3600,1000,500,west,landward_inundated,178161,106,2.8958760532,1.59971470074,10,833919,79621.8828125,3215074.75,-1.65567219257,-2.37588882446,0.571464955807,0,2.34534468628,-0.580422076397,0.860570865966,landward,true,topo-bathy.tt3,30,30,30,1,0.0986225315708,false
aqaba_lsb_nc10_angm20,900,900,67,3600,1000,500,west,combined_coastal,178161,353,2.95352450642,2.1675860186,10,673215,57683.7109375,3157693.5,1.95212602615,-2.21641850471,0.522487938404,0,-1.09591094917,-1.53136783838,26.4097033401,seaward,true,topo-bathy.tt3,30,30,30,1,0.100585818774,false
aqaba_lsc_c10_angm30,900,900,44,900,1000,500,east,seaward,141706,394,17.0357043081,11.3782351196,10,669528,85504.0703125,3156553,15.9496850967,-5.98521232605,0.555455505848,0,-2.94090185383,-1.21296840906,23.7704479582,seaward,true,topo-bathy.tt3,30,30,30,1,0.470728032402,false
aqaba_lsc_c10_angm30,900,900,44,900,1000,500,east,landward_inundated,141706,68,28.9160470735,13.349947363,10,653728,83343.265625,3151031,11.2139072418,26.6530685425,0.528962671757,0,3.12202569097,-3.096968472,3.47471362921,landward,true,topo-bathy.tt3,30,30,30,1,0.79900388605,false
aqaba_lsc_c10_angm30,900,900,44,900,1000,500,east,combined_coastal,141706,462,28.9160470735,15.0084924579,10,653728,83343.265625,3151031,11.2139072418,26.6530685425,0.528962671757,0,3.12202569097,-3.096968472,3.47471362921,landward,true,topo-bathy.tt3,30,30,30,1,0.79900388605,false
aqaba_lsc_c10_angm30,900,900,44,900,1000,500,west,seaward,141706,377,7.40945129719,5.51713302981,10,833750,79591.875,3214624.5,7.40789794922,0.151711896062,1.70507907867,0,-3.5357007239,-3.6303113699,13.6801782735,seaward,true,topo-bathy.tt3,30,30,30,1,0.204736849573,false
aqaba_lsc_c10_angm30,900,900,44,900,1000,500,west,landward_inundated,141706,132,5.02702502897,4.06423312743,10,778715,72959.3984375,3195207.5,4.88844060898,1.17223250866,0.289050161839,0,0.299717826907,0.248256266117,5.11533011126,landward,true,topo-bathy.tt3,30,30,30,1,0.138906003411,false
aqaba_lsc_c10_angm30,900,900,44,900,1000,500,west,combined_coastal,141706,509,7.40945129719,5.5930793847,10,833750,79591.875,3214624.5,7.40789794922,0.151711896062,1.70507907867,0,-3.5357007239,-3.6303113699,13.6801782735,seaward,true,topo-bathy.tt3,30,30,30,1,0.204736849573,false
aqaba_lsc_c10_angm30,900,900,45,1020,1000,500,east,seaward,151305,348,13.9943982573,11.0825249744,10,669528,85504.0703125,3156553,8.77561759949,-10.9009962082,0.68192589283,0,-2.94090185383,-1.21296834946,23.7704479582,seaward,true,topo-bathy.tt3,30,30,30,1,0.386691118674,false
aqaba_lsc_c10_angm30,900,900,45,1020,1000,500,east,landward_inundated,151305,63,27.4858361113,10.2809573892,10,653728,83343.265625,3151031,11.3042345047,25.0536518097,0.686081051826,0,3.12202569097,-3.09696829319,3.47471362921,landward,true,topo-bathy.tt3,30,30,30,1,0.759484510743,false
aqaba_lsc_c10_angm30,900,900,45,1020,1000,500,east,combined_coastal,151305,411,27.4858361113,13.4312609608,10,653728,83343.265625,3151031,11.3042345047,25.0536518097,0.686081051826,0,3.12202569097,-3.09696829319,3.47471362921,landward,true,topo-bathy.tt3,30,30,30,1,0.759484510743,false
aqaba_lsc_c10_angm30,900,900,45,1020,1000,500,west,seaward,151305,330,5.97522743146,4.64032557755,10,832280,79591.875,3214024.5,5.26467180252,2.82605266571,0.389355689287,0,-0.977754077316,-0.926173180342,6.7557170915,seaward,true,topo-bathy.tt3,30,30,30,1,0.165106590317,false
aqaba_lsc_c10_angm30,900,900,45,1020,1000,500,west,landward_inundated,151305,134,5.05374568657,3.83201599505,10,841453,79381.796875,3217625.75,4.24711275101,2.73904705048,0.250246495008,0,0.466152342693,0.443190425634,0.793874410202,landward,true,topo-bathy.tt3,30,30,30,1,0.139644344623,false
aqaba_lsc_c10_angm30,900,900,45,1020,1000,500,west,combined_coastal,151305,464,5.97522743146,4.91802611347,10,832280,79591.875,3214024.5,5.26467180252,2.82605266571,0.389355689287,0,-0.977754077316,-0.926173180342,6.7557170915,seaward,true,topo-bathy.tt3,30,30,30,1,0.165106590317,false
aqaba_lsc_c10_angm30,900,900,46,1140,1000,500,east,seaward,151956,316,30.9903943068,12.9870583654,10,653727,83313.2578125,3151031,11.6404657364,28.7211437225,0.496222615242,0,-15.2565974382,-3.09696853161,14.3522295273,seaward,true,topo-bathy.tt3,30,30,30,1,0.856321938416,false
aqaba_lsc_c10_angm30,900,900,46,1140,1000,500,east,landward_inundated,151956,53,14.4402004166,8.22028448786,10,738205,87514.8203125,3179811.75,-13.2786941528,-5.67412281036,0.637986421585,0,2.89139683736,-1.18946009874,11.5326164482,landward,true,topo-bathy.tt3,30,30,30,1,0.399009457235,false
aqaba_lsc_c10_angm30,900,900,46,1140,1000,500,east,combined_coastal,151956,369,30.9903943068,13.6191750542,10,653727,83313.2578125,3151031,11.6404657364,28.7211437225,0.496222615242,0,-15.2565974382,-3.09696853161,14.3522295273,seaward,true,topo-bathy.tt3,30,30,30,1,0.856321938416,false
aqaba_lsc_c10_angm30,900,900,46,1140,1000,500,west,seaward,151956,311,10.2717879064,4.8604114648,10,830881,79381.796875,3213544.25,-4.58606100082,-9.19117355347,0.74664914608,0,-1.10721788828,-1.03755170107,4.15342861696,seaward,true,topo-bathy.tt3,30,30,30,1,0.283828506469,false
aqaba_lsc_c10_angm30,900,900,46,1140,1000,500,west,landward_inundated,151956,121,4.48910934368,3.36756525148,10,786899,72959.3984375,3198268.5,3.57715249062,-2.71220993996,0.23099912703,0,0.742238719636,0.986028537154,10.3489354609,landward,true,topo-bathy.tt3,30,30,30,1,0.124042397683,false
aqaba_lsc_c10_angm30,900,900,46,1140,1000,500,west,combined_coastal,151956,432,10.2717879064,4.95550613569,10,830881,79381.796875,3213544.25,-4.58606100082,-9.19117355347,0.74664914608,0,-1.10721788828,-1.03755170107,4.15342861696,seaward,true,topo-bathy.tt3,30,30,30,1,0.283828506469,false
aqaba_lsc_c10_angm30,900,900,47,1260,1000,500,east,seaward,157671,282,20.8055235365,10.4299037697,10,653521,83253.234375,3150971,-18.2211837769,-10.0428218842,0.664183616638,0,-14.1423476664,-1.0243473649,14.2840189202,seaward,true,topo-bathy.tt3,30,30,30,1,0.574895113245,false
aqaba_lsc_c10_angm30,900,900,47,1260,1000,500,east,landward_inundated,157671,60,13.4978262,10.3346577488,10,668670,85564.09375,3156252.75,12.0820426941,6.01793622971,0.554664134979,0,3.71568529799,-1.10100948811,17.9409922855,landward,true,topo-bathy.tt3,30,30,30,1,0.37296991389,false
aqaba_lsc_c10_angm30,900,900,47,1260,1000,500,east,combined_coastal,157671,342,20.8055235365,12.7095006429,10,653521,83253.234375,3150971,-18.2211837769,-10.0428218842,0.664183616638,0,-14.1423476664,-1.0243473649,14.2840189202,seaward,true,topo-bathy.tt3,30,30,30,1,0.574895113245,false
aqaba_lsc_c10_angm30,900,900,47,1260,1000,500,west,seaward,157671,289,9.28518257053,4.7673142387,10,830881,79381.796875,3213544.25,-5.87631130219,-7.18912935257,0.428457647562,0,-1.10721788828,-1.03755173087,4.15342861696,seaward,true,topo-bathy.tt3,30,30,30,1,0.256566775454,false
aqaba_lsc_c10_angm30,900,900,47,1260,1000,500,west,landward_inundated,157671,108,3.45769782415,2.63514849652,10,827262,77671.15625,3212764,2.59858250618,2.28101801872,0.674425661564,0,1.95298755198,-0.618074189872,20.5775040881,landward,true,topo-bathy.tt3,30,30,30,1,0.0955425889043,false
aqaba_lsc_c10_angm30,900,900,47,1260,1000,500,west,combined_coastal,157671,397,9.28518257053,4.78741273459,10,830881,79381.796875,3213544.25,-5.87631130219,-7.18912935257,0.428457647562,0,-1.10721788828,-1.03755173087,4.15342861696,seaward,true,topo-bathy.tt3,30,30,30,1,0.256566775454,false
aqaba_lsc_c10_angm30,900,900,48,1380,1000,500,east,seaward,154015,279,15.1697770123,11.4879551495,10,652802,83103.1796875,3150760.75,-10.95200634,-10.4964609146,0.867230653763,0,-41.8452762021,-1.88238465786,42.7712864412,seaward,true,topo-bathy.tt3,30,30,30,1,0.419169008563,false
aqaba_lsc_c10_angm30,900,900,48,1380,1000,500,east,landward_inundated,154015,54,18.6988373987,10.9351947933,10,742143,88355.1328125,3181012,-16.0886611938,-9.52898216248,0.596452414989,0,1.38931069268,-2.82728642225,8.59469079178,landward,true,topo-bathy.tt3,30,30,30,1,0.516683477108,false
aqaba_lsc_c10_angm30,900,900,48,1380,1000,500,east,combined_coastal,154015,333,18.6988373987,13.6422988476,10,742143,88355.1328125,3181012,-16.0886611938,-9.52898216248,0.596452414989,0,1.38931069268,-2.82728642225,8.59469079178,landward,true,topo-bathy.tt3,30,30,30,1,0.516683477108,false
aqaba_lsc_c10_angm30,900,900,48,1380,1000,500,west,seaward,154015,271,10.2077021296,4.41089316094,10,830788,79351.78125,3213514.25,-6.53140497208,-7.84461164474,0.404021948576,0,-0.809715163167,-0.746572494507,4.76470264331,seaward,true,topo-bathy.tt3,30,30,30,1,0.282057697874,false
aqaba_lsc_c10_angm30,900,900,48,1380,1000,500,west,landward_inundated,154015,113,3.4697355018,2.39385979813,10,650793,54232.4257812,3150070.5,3.469632864,-0.0266878530383,0.129878714681,0,2.61329772499,-0.0529605448246,11.6722626018,landward,true,topo-bathy.tt3,30,30,30,1,0.0958752122118,false
aqaba_lsc_c10_angm30,900,900,48,1380,1000,500,west,combined_coastal,154015,384,10.2077021296,4.48057763142,10,830788,79351.78125,3213514.25,-6.53140497208,-7.84461164474,0.404021948576,0,-0.809715163167,-0.746572494507,4.76470264331,seaward,true,topo-bathy.tt3,30,30,30,1,0.282057697874,false
aqaba_lsc_c10_angm30,900,900,49,1500,1000,500,east,seaward,156148,274,14.33682905,11.0654957884,10,674865,86374.3984375,3157993.5,14.2006540298,1.97131741047,0.592813849449,0,-25.442392291,-1.41242170334,12.795287096,seaward,true,topo-bathy.tt3,30,30,30,1,0.3961531151,false
aqaba_lsc_c10_angm30,900,900,49,1500,1000,500,east,landward_inundated,156148,57,24.6108579738,10.4465976731,10,742143,88355.1328125,3181012,-22.4048366547,-10.1841850281,0.418909370899,0,1.38931069268,-2.82728654146,8.59469079178,landward,true,topo-bathy.tt3,30,30,30,1,0.680043545029,false
aqaba_lsc_c10_angm30,900,900,49,1500,1000,500,east,combined_coastal,156148,331,24.6108579738,12.7066566927,10,742143,88355.1328125,3181012,-22.4048366547,-10.1841850281,0.418909370899,0,1.38931069268,-2.82728654146,8.59469079178,landward,true,topo-bathy.tt3,30,30,30,1,0.680043545029,false
aqaba_lsc_c10_angm30,900,900,49,1500,1000,500,west,seaward,156148,281,8.28967155354,4.44103612825,10,831437,79501.8359375,3213724.25,8.14340591431,1.55035305023,1.33434855938,0,-1.80287781649,-1.71224030852,4.39767022693,seaward,true,topo-bathy.tt3,30,30,30,1,0.22905896399,false
aqaba_lsc_c10_angm30,900,900,49,1500,1000,500,west,landward_inundated,156148,104,2.97988683181,2.32065781038,10,793757,75300.2734375,3200369.25,2.63876748085,1.38442468643,0.730928480625,0,0.89149970424,-1.96900373697,10.2735260939,landward,true,topo-bathy.tt3,30,30,30,1,0.0823397870584,false
aqaba_lsc_c10_angm30,900,900,49,1500,1000,500,west,combined_coastal,156148,385,8.28967155354,4.49938866234,10,831437,79501.8359375,3213724.25,8.14340591431,1.55035305023,1.33434855938,0,-1.80287781649,-1.71224030852,4.39767022693,seaward,true,topo-bathy.tt3,30,30,30,1,0.22905896399,false
aqaba_lsc_c10_angm30,900,900,50,1620,1000,500,east,seaward,158416,257,31.0150311242,12.1539801564,10,653727,83313.2578125,3151031,11.8648223877,28.6558570862,0.556508421898,0,-15.2565974382,-3.09696853161,14.3522295273,seaward,true,topo-bathy.tt3,30,30,30,1,0.857002699269,false
aqaba_lsc_c10_angm30,900,900,50,1620,1000,500,east,landward_inundated,158416,63,12.6972509948,9.43104452617,10,666705,85414.0390625,3155502.5,-6.75532150269,-10.7510843277,1.77320361137,0,2.31150590773,-3.360714674,6.80009740958,landward,true,topo-bathy.tt3,30,30,30,1,0.350848539609,false
aqaba_lsc_c10_angm30,900,900,50,1620,1000,500,east,combined_coastal,158416,320,31.0150311242,13.0692762487,10,653727,83313.2578125,3151031,11.8648223877,28.6558570862,0.556508421898,0,-15.2565974382,-3.09696853161,14.3522295273,seaward,true,topo-bathy.tt3,30,30,30,1,0.857002699269,false
aqaba_lsc_c10_angm30,900,900,50,1620,1000,500,west,seaward,158416,282,10.1216443562,4.33995595295,10,830881,79381.796875,3213544.25,-7.01794672012,-7.29356622696,0.705883204937,0,-1.10721788828,-1.03755173087,4.15342861696,seaward,true,topo-bathy.tt3,30,30,30,1,0.279679762357,false
aqaba_lsc_c10_angm30,900,900,50,1620,1000,500,west,landward_inundated,158416,113,2.19398806357,1.91626817669,10,762901,72299.15625,3188725,0.930970191956,1.98667514324,0.984715282917,0.0342848077416,4.14177400234,3.44473856688,378.71389273,landward,true,topo-bathy.tt3,30,30,30,1,0.0606239498878,false
aqaba_lsc_c10_angm30,900,900,50,1620,1000,500,west,combined_coastal,158416,395,10.1216443562,4.33995595295,10,830881,79381.796875,3213544.25,-7.01794672012,-7.29356622696,0.705883204937,0,-1.10721788828,-1.03755173087,4.15342861696,seaward,true,topo-bathy.tt3,30,30,30,1,0.279679762357,false
aqaba_lsc_c10_angm30,900,900,51,1740,1000,500,east,seaward,154856,269,13.6317302052,11.3419891805,10,781576,92946.84375,3196317.75,8.70738792419,-10.4883489609,0.507048070431,0,-1.4003373404,-0.685438781977,5.33177604469,seaward,true,topo-bathy.tt3,30,30,30,1,0.376669929325,false
aqaba_lsc_c10_angm30,900,900,51,1740,1000,500,east,landward_inundated,154856,60,28.4026895651,11.8599352389,10,653728,83343.265625,3151031,11.371752739,26.0268325806,0.58819258213,0,3.12202569097,-3.09696829319,3.47471362921,landward,true,topo-bathy.tt3,30,30,30,1,0.784818868191,false
aqaba_lsc_c10_angm30,900,900,51,1740,1000,500,east,combined_coastal,154856,329,28.4026895651,14.0402552812,10,653728,83343.265625,3151031,11.371752739,26.0268325806,0.58819258213,0,3.12202569097,-3.09696829319,3.47471362921,landward,true,topo-bathy.tt3,30,30,30,1,0.784818868191,false
aqaba_lsc_c10_angm30,900,900,51,1740,1000,500,west,seaward,154856,272,10.0093384958,4.52834904666,10,830788,79351.78125,3213514.25,-2.85614728928,-9.5931892395,0.35425132513,0,-0.809715163167,-0.746572524309,4.76470264331,seaward,true,topo-bathy.tt3,30,30,30,1,0.276576543625,false
aqaba_lsc_c10_angm30,900,900,51,1740,1000,500,west,landward_inundated,154856,110,2.48875466216,1.99829830354,10,821000,75270.265625,3210933.25,2.43185949326,-0.529111683369,0.542055845261,0,0.927920023079,-0.505694821477,18.863338391,landward,true,topo-bathy.tt3,30,30,30,1,0.0687688964343,false
aqaba_lsc_c10_angm30,900,900,51,1740,1000,500,west,combined_coastal,154856,382,10.0093384958,4.52834904666,10,830788,79351.78125,3213514.25,-2.85614728928,-9.5931892395,0.35425132513,0,-0.809715163167,-0.746572524309,4.76470264331,seaward,true,topo-bathy.tt3,30,30,30,1,0.276576543625,false
aqaba_lsc_c10_angm30,900,900,52,1860,1000,500,east,seaward,156055,257,12.3862598716,10.1177701906,10,740737,87934.9765625,3180532,-10.200712204,-7.02601623535,9.988032341,0,-5.22524039417,-12.142837286,6.90316538794,seaward,true,topo-bathy.tt3,30,30,30,1,0.342255279427,false
aqaba_lsc_c10_angm30,900,900,52,1860,1000,500,east,landward_inundated,156055,57,30.7621603106,12.0549859224,10,653728,83343.265625,3151031,11.4793596268,28.5400562286,0.533448159695,0,3.12202569097,-3.09696835279,3.47471362921,landward,true,topo-bathy.tt3,30,30,30,1,0.850015410784,false
aqaba_lsc_c10_angm30,900,900,52,1860,1000,500,east,combined_coastal,156055,314,30.7621603106,13.9824253217,10,653728,83343.265625,3151031,11.4793596268,28.5400562286,0.533448159695,0,3.12202569097,-3.09696835279,3.47471362921,landward,true,topo-bathy.tt3,30,30,30,1,0.850015410784,false
aqaba_lsc_c10_angm30,900,900,52,1860,1000,500,west,seaward,156055,273,7.69675723459,3.4437015004,10,830881,79381.796875,3213544.25,-6.43708944321,-4.21947288513,0.76665276289,0,-1.10721788828,-1.03755170107,4.15342861696,seaward,true,topo-bathy.tt3,30,30,30,1,0.212675644246,false
aqaba_lsc_c10_angm30,900,900,52,1860,1000,500,west,landward_inundated,156055,110,2.52331323246,2.0946789166,10,807208,75570.375,3205351.25,-2.51952052116,-0.138296827674,0.416787564754,0,4.65952092695,-0.584487572312,42.5317075783,landward,true,topo-bathy.tt3,30,30,30,1,0.0697238136779,false
aqaba_lsc_c10_angm30,900,900,52,1860,1000,500,west,combined_coastal,156055,383,7.69675723459,3.62817221588,10,830881,79381.796875,3213544.25,-6.43708944321,-4.21947288513,0.76665276289,0,-1.10721788828,-1.03755170107,4.15342861696,seaward,true,topo-bathy.tt3,30,30,30,1,0.212675644246,false
aqaba_lsc_c10_angm30,900,900,53,1980,1000,500,east,seaward,151334,241,12.0428745664,9.53083076046,10,740737,87934.9765625,3180532,-9.68795490265,-7.15362548828,9.98206043243,0,-5.22524039417,-12.1428370476,6.90316538794,seaward,true,topo-bathy.tt3,30,30,30,1,0.332766908053,false
aqaba_lsc_c10_angm30,900,900,53,1980,1000,500,east,landward_inundated,151334,54,32.4614455626,12.3011355115,10,653728,83343.265625,3151031,11.783870697,30.2470798492,0.536744475365,0,3.12202569097,-3.09696829319,3.47471362921,landward,true,topo-bathy.tt3,30,30,30,1,0.896969806603,false
aqaba_lsc_c10_angm30,900,900,53,1980,1000,500,east,combined_coastal,151334,295,32.4614455626,13.5384405965,10,653728,83343.265625,3151031,11.783870697,30.2470798492,0.536744475365,0,3.12202569097,-3.09696829319,3.47471362921,landward,true,topo-bathy.tt3,30,30,30,1,0.896969806603,false
aqaba_lsc_c10_angm30,900,900,53,1980,1000,500,west,seaward,151334,265,9.87218650207,3.38069269984,10,830788,79351.78125,3213514.25,-4.54412937164,-8.76418590546,0.470500856638,0,-0.809715163167,-0.746572494507,4.76470264331,seaward,true,topo-bathy.tt3,30,30,30,1,0.272786780257,false
aqaba_lsc_c10_angm30,900,900,53,1980,1000,500,west,landward_inundated,151334,114,4.53075965258,1.85367404247,10,830787,79321.7734375,3213514.25,2.05243134499,-4.03922128677,0.100327774882,0,2.22608976628,2.21999569237,26.3197462355,landward,true,topo-bathy.tt3,30,30,30,1,0.125193272786,false
aqaba_lsc_c10_angm30,900,900,53,1980,1000,500,west,combined_coastal,151334,379,9.87218650207,3.61997691021,10,830788,79351.78125,3213514.25,-4.54412937164,-8.76418590546,0.470500856638,0,-0.809715163167,-0.746572494507,4.76470264331,seaward,true,topo-bathy.tt3,30,30,30,1,0.272786780257,false
aqaba_lsc_c10_angm30,900,900,54,2100,1000,500,east,seaward,153125,248,28.9109022539,11.9118215039,10,653727,83313.2578125,3151031,11.568860054,26.4953155518,0.543558239937,0,-15.2565974382,-3.09696853161,14.3522295273,seaward,true,topo-bathy.tt3,30,30,30,1,0.798861725165,false
aqaba_lsc_c10_angm30,900,900,54,2100,1000,500,east,landward_inundated,153125,49,14.3345487905,11.2352199239,10,782932,93126.9140625,3196768,5.93901538849,13.0463552475,0.787048578262,0,0.220360046594,-0.981844291091,7.19461899482,landward,true,topo-bathy.tt3,30,30,30,1,0.396090107313,false
aqaba_lsc_c10_angm30,900,900,54,2100,1000,500,east,combined_coastal,153125,297,28.9109022539,14.3297506585,10,653727,83313.2578125,3151031,11.568860054,26.4953155518,0.543558239937,0,-15.2565974382,-3.09696853161,14.3522295273,seaward,true,topo-bathy.tt3,30,30,30,1,0.798861725165,false
aqaba_lsc_c10_angm30,900,900,54,2100,1000,500,west,seaward,153125,275,9.23826342133,3.81975575397,10,830974,79411.8046875,3213574.25,7.81636142731,4.92442941666,0.742471694946,0,-1.32269462144,-1.24598532915,3.7091312737,seaward,true,topo-bathy.tt3,30,30,30,1,0.255270312544,false
aqaba_lsc_c10_angm30,900,900,54,2100,1000,500,west,landward_inundated,153125,105,2.02228243202,1.75737695283,10,765059,72779.3359375,3189505.25,-1.7085994482,1.08181059361,0.086584828794,0,4.28186561717,4.19144508988,394.113645299,landward,true,topo-bathy.tt3,30,30,30,1,0.0558794055689,false
aqaba_lsc_c10_angm30,900,900,54,2100,1000,500,west,combined_coastal,153125,380,9.23826342133,3.82248621953,10,830974,79411.8046875,3213574.25,7.81636142731,4.92442941666,0.742471694946,0,-1.32269462144,-1.24598532915,3.7091312737,seaward,true,topo-bathy.tt3,30,30,30,1,0.255270312544,false
aqaba_lsc_c10_angm30,900,900,55,2220,1000,500,east,seaward,153987,242,30.8834620018,11.0762601845,10,653727,83313.2578125,3151031,11.6966705322,28.5827941895,0.498228013515,0,-15.2565974382,-3.09696835279,14.3522295273,seaward,true,topo-bathy.tt3,30,30,30,1,0.853367200965,false
aqaba_lsc_c10_angm30,900,900,55,2220,1000,500,east,landward_inundated,153987,52,14.3316000033,10.9789311384,10,666705,85414.0390625,3155502.5,-12.4760894775,-7.0527973175,2.35893368721,0,2.31150590773,-3.360714674,6.80009740958,landward,true,topo-bathy.tt3,30,30,30,1,0.396008626864,false
aqaba_lsc_c10_angm30,900,900,55,2220,1000,500,east,combined_coastal,153987,294,30.8834620018,13.9006924669,10,653727,83313.2578125,3151031,11.6966705322,28.5827941895,0.498228013515,0,-15.2565974382,-3.09696835279,14.3522295273,seaward,true,topo-bathy.tt3,30,30,30,1,0.853367200965,false
aqaba_lsc_c10_angm30,900,900,55,2220,1000,500,west,seaward,153987,258,8.48242258338,3.55879154155,10,831344,79471.828125,3213694.25,-3.12608361244,-7.88537216187,0.417274802923,0,-0.677921382648,-0.610688880086,4.93773259026,seaward,true,topo-bathy.tt3,30,30,30,1,0.234385031606,false
aqaba_lsc_c10_angm30,900,900,55,2220,1000,500,west,landward_inundated,153987,112,2.30741097543,1.61188281517,10,778499,72959.3984375,3195117.25,2.25557398796,-0.48634493351,0.387278914452,0,1.49737078149,-0.348065175116,25.6885185513,landward,true,topo-bathy.tt3,30,30,30,1,0.0637580348168,false
aqaba_lsc_c10_angm30,900,900,55,2220,1000,500,west,combined_coastal,153987,370,8.48242258338,3.61466470424,10,831344,79471.828125,3213694.25,-3.12608361244,-7.88537216187,0.417274802923,0,-0.677921382648,-0.610688880086,4.93773259026,seaward,true,topo-bathy.tt3,30,30,30,1,0.234385031606,false
aqaba_lsc_c10_angm30,900,900,56,2340,1000,500,east,seaward,151643,241,30.8332590352,12.7423242519,10,653727,83313.2578125,3151031,11.7837953568,28.4926662445,0.562017858028,0,-15.2565974382,-3.09696835279,14.3522295273,seaward,true,topo-bathy.tt3,30,30,30,1,0.851980000103,false
aqaba_lsc_c10_angm30,900,900,56,2340,1000,500,east,landward_inundated,151643,52,14.7981200914,10.1603945594,10,782849,93096.8984375,3196738,9.28304004669,11.5243015289,0.523095488548,0,0.600483947447,-0.533166319132,9.3930763197,landward,true,topo-bathy.tt3,30,30,30,1,0.408899440133,false
aqaba_lsc_c10_angm30,900,900,56,2340,1000,500,east,combined_coastal,151643,293,30.8332590352,14.5069890111,10,653727,83313.2578125,3151031,11.7837953568,28.4926662445,0.562017858028,0,-15.2565974382,-3.09696835279,14.3522295273,seaward,true,topo-bathy.tt3,30,30,30,1,0.851980000103,false
aqaba_lsc_c10_angm30,900,900,56,2340,1000,500,west,seaward,151643,255,7.57974686859,3.1174355945,10,831344,79471.828125,3213694.25,-5.10049724579,-5.60691452026,0.407819718122,0,-0.677921382648,-0.610688894987,4.93773259026,seaward,true,topo-bathy.tt3,30,30,30,1,0.209442431321,false
aqaba_lsc_c10_angm30,900,900,56,2340,1000,500,west,landward_inundated,151643,108,2.05899774784,1.58622762728,10,766459,72899.3828125,3190045.5,2.05718326569,-0.086421854794,0.437689065933,0.00918356329203,2.82204482862,2.80543708801,351.713406184,landward,true,topo-bathy.tt3,30,30,30,1,0.056893917682,false
aqaba_lsc_c10_angm30,900,900,56,2340,1000,500,west,combined_coastal,151643,363,7.57974686859,3.21894492715,10,831344,79471.828125,3213694.25,-5.10049724579,-5.60691452026,0.407819718122,0,-0.677921382648,-0.610688894987,4.93773259026,seaward,true,topo-bathy.tt3,30,30,30,1,0.209442431321,false
aqaba_lsc_c10_angm30,900,900,57,2460,1000,500,east,seaward,149808,247,29.2637587339,13.5877205016,10,653727,83313.2578125,3151031,11.4270887375,26.9404754639,0.595198810101,0,-15.2565974382,-3.09696835279,14.3522295273,seaward,true,topo-bathy.tt3,30,30,30,1,0.80861180262,false
aqaba_lsc_c10_angm30,900,900,57,2460,1000,500,east,landward_inundated,149808,45,12.9562551969,10.1547225197,10,639615,81032.40625,3145839,-9.32839775085,-8.9914150238,0.759008288383,0,0.758224320724,-1.08568140864,8.00664614885,landward,true,topo-bathy.tt3,30,30,30,1,0.358005304967,false
aqaba_lsc_c10_angm30,900,900,57,2460,1000,500,east,combined_coastal,149808,292,29.2637587339,14.7439110984,10,653727,83313.2578125,3151031,11.4270887375,26.9404754639,0.595198810101,0,-15.2565974382,-3.09696835279,14.3522295273,seaward,true,topo-bathy.tt3,30,30,30,1,0.80861180262,false
aqaba_lsc_c10_angm30,900,900,57,2460,1000,500,west,seaward,149808,246,8.02235297968,3.6824739538,10,830974,79411.8046875,3213574.25,6.6376786232,4.50548219681,0.708646297455,0,-1.32269462144,-1.24598532915,3.7091312737,seaward,true,topo-bathy.tt3,30,30,30,1,0.221672457156,false
aqaba_lsc_c10_angm30,900,900,57,2460,1000,500,west,landward_inundated,149808,106,2.04671602811,1.48816457575,10,766459,72899.3828125,3190045.5,2.04370641708,-0.110953055322,0.435440897942,0.0131342029199,2.82204482862,2.8054369688,351.713406184,landward,true,topo-bathy.tt3,30,30,30,1,0.0565545510401,false
aqaba_lsc_c10_angm30,900,900,57,2460,1000,500,west,combined_coastal,149808,352,8.02235297968,3.70495242392,10,830974,79411.8046875,3213574.25,6.6376786232,4.50548219681,0.708646297455,0,-1.32269462144,-1.24598532915,3.7091312737,seaward,true,topo-bathy.tt3,30,30,30,1,0.221672457156,false
aqaba_lsc_c10_angm30,900,900,58,2580,1000,500,east,seaward,147918,234,33.1052902202,13.9915166205,10,653727,83313.2578125,3151031,12.045083046,30.8362808228,0.533545732498,0,-15.2565974382,-3.0969684124,14.3522295273,seaward,true,topo-bathy.tt3,30,30,30,1,0.914760425845,false
aqaba_lsc_c10_angm30,900,900,58,2580,1000,500,east,landward_inundated,147918,51,14.4266005698,11.3715236866,10,656072,83883.46875,3151871.25,-4.91297578812,13.5642719269,0.00606920057908,0,3.10748887676,0.298270714935,3.31039869469,landward,true,topo-bathy.tt3,30,30,30,1,0.398633668304,false
aqaba_lsc_c10_angm30,900,900,58,2580,1000,500,east,combined_coastal,147918,285,33.1052902202,15.2969734296,10,653727,83313.2578125,3151031,12.045083046,30.8362808228,0.533545732498,0,-15.2565974382,-3.0969684124,14.3522295273,seaward,true,topo-bathy.tt3,30,30,30,1,0.914760425845,false
aqaba_lsc_c10_angm30,900,900,58,2580,1000,500,west,seaward,147918,249,8.0867197406,3.35640170032,10,830881,79381.796875,3213544.25,-5.18527269363,-6.20548009872,0.960123002529,0,-1.10721788828,-1.03755171597,4.15342861696,seaward,true,topo-bathy.tt3,30,30,30,1,0.223451029863,false
aqaba_lsc_c10_angm30,900,900,58,2580,1000,500,west,landward_inundated,147918,108,2.142113784,1.59131305019,10,778499,72959.3984375,3195117.25,2.05469608307,-0.605702459812,0.40965500474,0,1.49737078149,-0.348065160215,25.6885185513,landward,true,topo-bathy.tt3,30,30,30,1,0.0591905675566,false
aqaba_lsc_c10_angm30,900,900,58,2580,1000,500,west,combined_coastal,147918,357,8.0867197406,3.45539367893,10,830881,79381.796875,3213544.25,-5.18527269363,-6.20548009872,0.960123002529,0,-1.10721788828,-1.03755171597,4.15342861696,seaward,true,topo-bathy.tt3,30,30,30,1,0.223451029863,false
aqaba_lsc_c10_angm30,900,900,59,2700,1000,500,east,seaward,150286,233,31.4940675963,13.607682484,10,653727,83313.2578125,3151031,11.6426744461,29.2630214691,0.534419596195,0,-15.2565974382,-3.096968472,14.3522295273,seaward,true,topo-bathy.tt3,30,30,30,1,0.870239363388,false
aqaba_lsc_c10_angm30,900,900,59,2700,1000,500,east,landward_inundated,150286,53,13.4012339262,10.9725402004,10,738308,87544.8359375,3179841.75,-10.0901756287,-8.81937789917,0.51638686657,0,1.13133585126,-0.767416805029,9.14002827672,landward,true,topo-bathy.tt3,30,30,30,1,0.370300890633,false
aqaba_lsc_c10_angm30,900,900,59,2700,1000,500,east,combined_coastal,150286,286,31.4940675963,15.2797242304,10,653727,83313.2578125,3151031,11.6426744461,29.2630214691,0.534419596195,0,-15.2565974382,-3.096968472,14.3522295273,seaward,true,topo-bathy.tt3,30,30,30,1,0.870239363388,false
aqaba_lsc_c10_angm30,900,900,59,2700,1000,500,west,seaward,150286,247,7.65246314869,3.39004211598,10,831344,79471.828125,3213694.25,-5.04680013657,-5.75239086151,0.408393889666,0,-0.677921382648,-0.610688880086,4.93773259026,seaward,true,topo-bathy.tt3,30,30,30,1,0.211451716692,false
aqaba_lsc_c10_angm30,900,900,59,2700,1000,500,west,landward_inundated,150286,116,1.96766439956,1.44609373662,10,766459,72899.3828125,3190045.5,1.96765172482,-0.00706251524389,0.398941129446,0.0235922895372,2.82204482862,2.80543699861,351.713406184,landward,true,topo-bathy.tt3,30,30,30,1,0.0543702082685,false
aqaba_lsc_c10_angm30,900,900,59,2700,1000,500,west,combined_coastal,150286,363,7.65246314869,3.39504581244,10,831344,79471.828125,3213694.25,-5.04680013657,-5.75239086151,0.408393889666,0,-0.677921382648,-0.610688880086,4.93773259026,seaward,true,topo-bathy.tt3,30,30,30,1,0.211451716692,false
aqaba_lsc_c10_angm30,900,900,60,2820,1000,500,east,seaward,147482,238,14.6842656084,11.3744009896,10,740052,87904.96875,3180321.75,13.0944776535,-6.64547300339,5.2106461525,0,-16.6450502824,-10.4343657494,0.884727889779,seaward,true,topo-bathy.tt3,30,30,30,1,0.405753430095,false
aqaba_lsc_c10_angm30,900,900,60,2820,1000,500,east,landward_inundated,147482,48,12.1594392086,9.10472633662,10,669806,85564.09375,3156643,7.3296289444,9.70198440552,1.19836425781,0,2.44460533837,-1.41360394657,2.73304826402,landward,true,topo-bathy.tt3,30,30,30,1,0.335987804804,false
aqaba_lsc_c10_angm30,900,900,60,2820,1000,500,east,combined_coastal,147482,286,14.6842656084,12.0325078627,10,740052,87904.96875,3180321.75,13.0944776535,-6.64547300339,5.2106461525,0,-16.6450502824,-10.4343657494,0.884727889779,seaward,true,topo-bathy.tt3,30,30,30,1,0.405753430095,false
aqaba_lsc_c10_angm30,900,900,60,2820,1000,500,west,seaward,147482,237,8.0996379239,2.81416647831,10,831344,79471.828125,3213694.25,-4.23741388321,-6.90278625488,0.329972177744,0,-0.677921382648,-0.610688894987,4.93773259026,seaward,true,topo-bathy.tt3,30,30,30,1,0.22380798317,false
aqaba_lsc_c10_angm30,900,900,60,2820,1000,500,west,landward_inundated,147482,104,1.91633508495,1.30493110206,10,766459,72899.3828125,3190045.5,1.91608643532,0.0308695677668,0.383444964886,0.0266370344907,2.82204482862,2.8054369092,351.713406184,landward,true,topo-bathy.tt3,30,30,30,1,0.0529518843277,false
aqaba_lsc_c10_angm30,900,900,60,2820,1000,500,west,combined_coastal,147482,341,8.0996379239,2.89856571111,10,831344,79471.828125,3213694.25,-4.23741388321,-6.90278625488,0.329972177744,0,-0.677921382648,-0.610688894987,4.93773259026,seaward,true,topo-bathy.tt3,30,30,30,1,0.22380798317,false
aqaba_lsc_c10_angm30,900,900,61,2940,1000,500,east,seaward,152070,228,16.2968456937,9.47220289624,10,652803,83133.1875,3150760.75,-13.0921430588,-9.70479106903,0.998981893063,0,-2.99863725963,-1.88238465786,13.1413965938,seaward,true,topo-bathy.tt3,30,30,30,1,0.450312001724,false
aqaba_lsc_c10_angm30,900,900,61,2940,1000,500,east,landward_inundated,152070,52,14.9066723458,11.5953658265,10,740572,87904.96875,3180472,-7.33626270294,-12.9764451981,0.506399869919,0,2.25781619897,0.972867250443,12.9618776041,landward,true,topo-bathy.tt3,30,30,30,1,0.411898939785,false
aqaba_lsc_c10_angm30,900,900,61,2940,1000,500,east,combined_coastal,152070,280,16.2968456937,13.070574886,10,652803,83133.1875,3150760.75,-13.0921430588,-9.70479106903,0.998981893063,0,-2.99863725963,-1.88238465786,13.1413965938,seaward,true,topo-bathy.tt3,30,30,30,1,0.450312001724,false
aqaba_lsc_c10_angm30,900,900,61,2940,1000,500,west,seaward,152070,246,7.33571914678,3.56581332904,10,830788,79351.78125,3213514.25,0.179534897208,-7.33352184296,0.792911469936,0,-0.809715163167,-0.746572505683,4.76470264331,seaward,true,topo-bathy.tt3,30,30,30,1,0.202699493826,false
aqaba_lsc_c10_angm30,900,900,61,2940,1000,500,west,landward_inundated,152070,98,1.91685955874,1.40919911925,10,766459,72899.3828125,3190045.5,1.91680717468,0.0141712035984,0.380757689476,0.0282868426293,2.82204482862,2.8054369688,351.713406184,landward,true,topo-bathy.tt3,30,30,30,1,0.0529663765088,false
aqaba_lsc_c10_angm30,900,900,61,2940,1000,500,west,combined_coastal,152070,344,7.33571914678,3.592997343,10,830788,79351.78125,3213514.25,0.179534897208,-7.33352184296,0.792911469936,0,-0.809715163167,-0.746572505683,4.76470264331,seaward,true,topo-bathy.tt3,30,30,30,1,0.202699493826,false
aqaba_lsc_c10_angm30,900,900,62,3060,1000,500,east,seaward,157217,235,15.122254692,10.2978518211,10,781211,93036.8828125,3196197.75,2.81376457214,-14.8581733704,1.56633472443,0,-31.8377777489,-1.9410584271,16.4667622322,seaward,true,topo-bathy.tt3,30,30,30,1,0.417855878919,false
aqaba_lsc_c10_angm30,900,900,62,3060,1000,500,east,landward_inundated,157217,51,18.4678468551,11.6385498298,10,653728,83343.265625,3151031,8.83348560333,16.2182273865,1.68626260757,0,3.12202569097,-3.0969684124,3.47471362921,landward,true,topo-bathy.tt3,30,30,30,1,0.510300780971,false
aqaba_lsc_c10_angm30,900,900,62,3060,1000,500,east,combined_coastal,157217,286,18.4678468551,13.3013270573,10,653728,83343.265625,3151031,8.83348560333,16.2182273865,1.68626260757,0,3.12202569097,-3.0969684124,3.47471362921,landward,true,topo-bathy.tt3,30,30,30,1,0.510300780971,false
aqaba_lsc_c10_angm30,900,900,62,3060,1000,500,west,seaward,157217,242,8.41373741719,3.49239906611,10,830974,79411.8046875,3213574.25,7.26095676422,4.25082159042,0.677834868431,0,-1.32269462144,-1.24598532915,3.7091312737,seaward,true,topo-bathy.tt3,30,30,30,1,0.232487133371,false
aqaba_lsc_c10_angm30,900,900,62,3060,1000,500,west,landward_inundated,157217,103,1.90526465043,1.39437441046,10,766459,72899.3828125,3190045.5,1.90526342392,-0.00216186512262,0.376599103212,0.0295114759356,2.82204482862,2.80543705821,351.713406184,landward,true,topo-bathy.tt3,30,30,30,1,0.0526459877375,false
aqaba_lsc_c10_angm30,900,900,62,3060,1000,500,west,combined_coastal,157217,345,8.41373741719,3.52091501305,10,830974,79411.8046875,3213574.25,7.26095676422,4.25082159042,0.677834868431,0,-1.32269462144,-1.24598532915,3.7091312737,seaward,true,topo-bathy.tt3,30,30,30,1,0.232487133371,false
aqaba_lsc_c10_angm30,900,900,63,3180,1000,500,east,seaward,150745,237,16.0603277935,9.91913758751,10,781212,93066.890625,3196197.75,13.7410364151,-8.31372642517,0.631801903248,0,-3.12402810654,-1.9410584569,5.16319940864,seaward,true,topo-bathy.tt3,30,30,30,1,0.443776574495,false
aqaba_lsc_c10_angm30,900,900,63,3180,1000,500,east,landward_inundated,150745,45,16.3919660252,11.644754559,10,653522,83283.25,3150971,-13.145149231,-9.79293632507,1.2635178566,0,2.25448340098,-1.0243473798,7.38731326278,landward,true,topo-bathy.tt3,30,30,30,1,0.452940352491,false
aqaba_lsc_c10_angm30,900,900,63,3180,1000,500,east,combined_coastal,150745,282,16.3919660252,12.5770825326,10,653522,83283.25,3150971,-13.145149231,-9.79293632507,1.2635178566,0,2.25448340098,-1.0243473798,7.38731326278,landward,true,topo-bathy.tt3,30,30,30,1,0.452940352491,false
aqaba_lsc_c10_angm30,900,900,63,3180,1000,500,west,seaward,150745,237,7.11471469982,3.06778666657,10,830974,79411.8046875,3213574.25,5.59787988663,4.39123058319,0.754620850086,0,-1.32269462144,-1.24598532915,3.7091312737,seaward,true,topo-bathy.tt3,30,30,30,1,0.196592732016,false
aqaba_lsc_c10_angm30,900,900,63,3180,1000,500,west,landward_inundated,150745,110,2.27355189257,1.3758141722,10,778499,72959.3984375,3195117.25,2.2231771946,-0.475942611694,0.523087143898,0,1.49737078149,-0.348065152764,25.6885185513,landward,true,topo-bathy.tt3,30,30,30,1,0.0628224457056,false
aqaba_lsc_c10_angm30,900,900,63,3180,1000,500,west,combined_coastal,150745,347,7.11471469982,3.23007000424,10,830974,79411.8046875,3213574.25,5.59787988663,4.39123058319,0.754620850086,0,-1.32269462144,-1.24598532915,3.7091312737,seaward,true,topo-bathy.tt3,30,30,30,1,0.196592732016,false
aqaba_lsc_c10_angm30,900,900,64,3300,1000,500,east,seaward,153028,232,9.69404884203,7.51453095644,10,783922,93306.9765625,3197128,4.12284040451,8.77364063263,7.56910085678,0,-7.7887225751,-9.50966286659,17.2053161125,seaward,true,topo-bathy.tt3,30,30,30,1,0.26786450709,false
aqaba_lsc_c10_angm30,900,900,64,3300,1000,500,east,landward_inundated,153028,54,15.4897022176,12.34790946,10,738205,87514.8203125,3179811.75,-14.0570201874,-6.50623226166,0.306755781174,0,2.89139683736,-1.18946009874,11.5326164482,landward,true,topo-bathy.tt3,30,30,30,1,0.428009133965,false
aqaba_lsc_c10_angm30,900,900,64,3300,1000,500,east,combined_coastal,153028,286,15.4897022176,12.4222903089,10,738205,87514.8203125,3179811.75,-14.0570201874,-6.50623226166,0.306755781174,0,2.89139683736,-1.18946009874,11.5326164482,landward,true,topo-bathy.tt3,30,30,30,1,0.428009133965,false
aqaba_lsc_c10_angm30,900,900,64,3300,1000,500,west,seaward,153028,245,10.6951827492,3.22600674043,10,830788,79351.78125,3213514.25,-6.35723686218,-8.60072517395,0.313629567623,0,-0.809715163167,-0.746572524309,4.76470264331,seaward,true,topo-bathy.tt3,30,30,30,1,0.295527689415,false
aqaba_lsc_c10_angm30,900,900,64,3300,1000,500,west,landward_inundated,153028,109,1.90466180538,1.36553550474,10,766459,72899.3828125,3190045.5,1.90459477901,-0.0159787554294,0.373086065054,0.0310347471386,2.82204482862,2.80543699861,351.713406184,landward,true,topo-bathy.tt3,30,30,30,1,0.0526293300132,false
aqaba_lsc_c10_angm30,900,900,64,3300,1000,500,west,combined_coastal,153028,354,10.6951827492,3.34813323263,10,830788,79351.78125,3213514.25,-6.35723686218,-8.60072517395,0.313629567623,0,-0.809715163167,-0.746572524309,4.76470264331,seaward,true,topo-bathy.tt3,30,30,30,1,0.295527689415,false
aqaba_lsc_c10_angm30,900,900,65,3420,1000,500,east,seaward,143830,231,15.8791385479,11.5780716506,10,731546,87364.765625,3177500.75,8.44069099426,-13.4499731064,3.0925347805,0,-9.48105934859,-6.04735803604,17.5075255352,seaward,true,topo-bathy.tt3,30,30,30,1,0.438769980372,false
aqaba_lsc_c10_angm30,900,900,65,3420,1000,500,east,landward_inundated,143830,50,17.0056452845,10.2301971598,10,653625,83313.2578125,3151001,-13.2639455795,-10.6423549652,0.800635814667,0,7.18116839367,-2.11260271072,7.03775111627,landward,true,topo-bathy.tt3,30,30,30,1,0.46989744596,false
aqaba_lsc_c10_angm30,900,900,65,3420,1000,500,east,combined_coastal,143830,281,17.0056452845,13.1975294837,10,653625,83313.2578125,3151001,-13.2639455795,-10.6423549652,0.800635814667,0,7.18116839367,-2.11260271072,7.03775111627,landward,true,topo-bathy.tt3,30,30,30,1,0.46989744596,false
aqaba_lsc_c10_angm30,900,900,65,3420,1000,500,west,seaward,143830,238,8.2620505565,3.04992230405,10,830685,79321.7734375,3213484.25,-4.99759864807,-6.57917070389,0.312062859535,0,-0.476200354669,-0.417611330748,5.44818685979,seaward,true,topo-bathy.tt3,30,30,30,1,0.228295744733,false
aqaba_lsc_c10_angm30,900,900,65,3420,1000,500,west,landward_inundated,143830,101,1.89317375339,1.37227856023,10,766459,72899.3828125,3190045.5,1.89309501648,-0.0172661263496,0.371245473623,0.0313301309943,2.82204482862,2.80543699861,351.713406184,landward,true,topo-bathy.tt3,30,30,30,1,0.0523118938796,false
aqaba_lsc_c10_angm30,900,900,65,3420,1000,500,west,combined_coastal,143830,339,8.2620505565,3.30131552548,10,830685,79321.7734375,3213484.25,-4.99759864807,-6.57917070389,0.312062859535,0,-0.476200354669,-0.417611330748,5.44818685979,seaward,true,topo-bathy.tt3,30,30,30,1,0.228295744733,false
aqaba_lsc_c10_angm30,900,900,66,3540,1000,500,east,seaward,148684,224,18.0186572885,10.7698918023,10,738204,87484.8125,3179811.75,-17.3800106049,-4.75470733643,0.670065522194,0,-15.1851801715,-1.18946009874,9.1804923033,seaward,true,topo-bathy.tt3,30,30,30,1,0.497888842078,false
aqaba_lsc_c10_angm30,900,900,66,3540,1000,500,east,landward_inundated,148684,53,18.349127481,10.9804915652,10,739952,87964.9921875,3180291.75,18.2996349335,-1.34678900242,0.273045897484,0,4.74050816253,4.67197239399,51.3695725495,landward,true,topo-bathy.tt3,30,30,30,1,0.50702034499,false
aqaba_lsc_c10_angm30,900,900,66,3540,1000,500,east,combined_coastal,148684,277,18.349127481,13.4888411935,10,739952,87964.9921875,3180291.75,18.2996349335,-1.34678900242,0.273045897484,0,4.74050816253,4.67197239399,51.3695725495,landward,true,topo-bathy.tt3,30,30,30,1,0.50702034499,false
aqaba_lsc_c10_angm30,900,900,66,3540,1000,500,west,seaward,148684,244,7.57957887227,2.85110810607,10,830788,79351.78125,3213514.25,-1.72568380833,-7.38051700592,0.496725171804,0,-0.809715163167,-0.746572524309,4.76470264331,seaward,true,topo-bathy.tt3,30,30,30,1,0.209437789272,false
aqaba_lsc_c10_angm30,900,900,66,3540,1000,500,west,landward_inundated,148684,102,1.58480781566,1.20049152233,10,786178,72809.34375,3198028.5,-1.48758947849,0.546528458595,0.174908488989,0,0.334943452049,0.389738291502,7.08121365984,landward,true,topo-bathy.tt3,30,30,30,1,0.0437911724287,false
aqaba_lsc_c10_angm30,900,900,66,3540,1000,500,west,combined_coastal,148684,346,7.57957887227,2.91673158052,10,830788,79351.78125,3213514.25,-1.72568380833,-7.38051700592,0.496725171804,0,-0.809715163167,-0.746572524309,4.76470264331,seaward,true,topo-bathy.tt3,30,30,30,1,0.209437789272,false
aqaba_lsc_c10_angm30,900,900,67,3600,1000,500,east,seaward,147613,224,17.10610419,12.6099766543,10,784005,93336.9921875,3197158,9.82017803192,14.0065307617,0.847604453564,0,-0.623271151187,-2.42167192698,3.59895252404,seaward,true,topo-bathy.tt3,30,30,30,1,0.472673311404,false
aqaba_lsc_c10_angm30,900,900,67,3600,1000,500,east,landward_inundated,147613,42,14.9998463437,10.3102018074,10,653625,83313.2578125,3151001,-11.1264600754,-10.0596857071,0.916411995888,0,7.18116839367,-2.11260282993,7.03775111627,landward,true,topo-bathy.tt3,30,30,30,1,0.414473509753,false
aqaba_lsc_c10_angm30,900,900,67,3600,1000,500,east,combined_coastal,147613,266,17.10610419,13.2643030029,10,784005,93336.9921875,3197158,9.82017803192,14.0065307617,0.847604453564,0,-0.623271151187,-2.42167192698,3.59895252404,seaward,true,topo-bathy.tt3,30,30,30,1,0.472673311404,false
aqaba_lsc_c10_angm30,900,900,67,3600,1000,500,west,seaward,147613,247,9.06048740863,2.75586615275,10,830788,79351.78125,3213514.25,-2.57643842697,-8.6864490509,0.574230074883,0,-0.809715163167,-0.746572509408,4.76470264331,seaward,true,topo-bathy.tt3,30,30,30,1,0.250358032361,false
aqaba_lsc_c10_angm30,900,900,67,3600,1000,500,west,landward_inundated,147613,104,1.53062397407,1.24077413642,10,778499,72959.3984375,3195117.25,1.48503088951,-0.370800495148,0.304654687643,0,1.49737078149,-0.34806516394,25.6885185513,landward,true,topo-bathy.tt3,30,30,30,1,0.0422939726255,false
aqaba_lsc_c10_angm30,900,900,67,3600,1000,500,west,combined_coastal,147613,351,9.06048740863,2.89018254311,10,830788,79351.78125,3213514.25,-2.57643842697,-8.6864490509,0.574230074883,0,-0.809715163167,-0.746572509408,4.76470264331,seaward,true,topo-bathy.tt3,30,30,30,1,0.250358032361,false
aqaba_lsd_nc8_angm40,900,900,44,900,1000,500,east,seaward,146915,319,15.9721977369,10.3544909938,10,630453,80312.140625,3143258,-5.4549946785,15.0117998123,0.666486978531,0,-0.635147440132,-5.49526143074,0.398023616233,seaward,true,topo-bathy.tt3,30,30,30,1,0.662874633346,false
aqaba_lsd_nc8_angm40,900,900,44,900,1000,500,east,landward_inundated,146915,56,12.5823162909,9.23599773478,10,607050,75930.5078125,3134764.75,7.03144311905,10.4342460632,0.719644725323,0,5.51513067567,2.27827054262,25.4349772913,landward,true,topo-bathy.tt3,30,30,30,1,0.522188520037,false
aqaba_lsd_nc8_angm40,900,900,44,900,1000,500,east,combined_coastal,146915,375,15.9721977369,11.1886714239,10,630453,80312.140625,3143258,-5.4549946785,15.0117998123,0.666486978531,0,-0.635147440132,-5.49526143074,0.398023616233,seaward,true,topo-bathy.tt3,30,30,30,1,0.662874633346,false
aqaba_lsd_nc8_angm40,900,900,44,900,1000,500,west,seaward,146915,300,6.14880558743,5.34834380151,10,703185,62485.5,3167237,4.15622329712,-4.53140354156,0.884519636631,0,-3.95533945799,-3.55804926157,74.2113097697,seaward,true,topo-bathy.tt3,30,30,30,1,0.255186375502,false
aqaba_lsd_nc8_angm40,900,900,44,900,1000,500,west,landward_inundated,146915,102,5.18659905618,4.50121904282,10,626791,50661.0976562,3142177.75,5.13061523438,0.759998083115,0.26117387414,0,0.450022062098,0.488881319761,4.16447503007,landward,true,topo-bathy.tt3,30,30,30,1,0.215253091923,false
aqaba_lsd_nc8_angm40,900,900,44,900,1000,500,west,combined_coastal,146915,402,6.14880558743,5.37853468569,10,703185,62485.5,3167237,4.15622329712,-4.53140354156,0.884519636631,0,-3.95533945799,-3.55804926157,74.2113097697,seaward,true,topo-bathy.tt3,30,30,30,1,0.255186375502,false
aqaba_lsd_nc8_angm40,900,900,45,1020,1000,500,east,seaward,154092,301,12.7406525746,9.12537479163,10,590686,74009.796875,3128912.75,-11.7603778839,-4.9007897377,0.684634804726,0,-13.6249283278,0.501974463463,123.190651968,seaward,true,topo-bathy.tt3,30,30,30,1,0.528759757615,false
aqaba_lsd_nc8_angm40,900,900,45,1020,1000,500,east,landward_inundated,154092,60,12.842996166,10.0829861824,10,658165,84003.515625,3152411.5,-11.1289577484,-6.41005849838,1.57198882103,0,1.65292578015,-1.26954075694,1.26548860569,landward,true,topo-bathy.tt3,30,30,30,1,0.533007198808,false
aqaba_lsd_nc8_angm40,900,900,45,1020,1000,500,east,combined_coastal,154092,361,12.842996166,10.9322186107,10,658165,84003.515625,3152411.5,-11.1289577484,-6.41005849838,1.57198882103,0,1.65292578015,-1.26954075694,1.26548860569,landward,true,topo-bathy.tt3,30,30,30,1,0.533007198808,false
aqaba_lsd_nc8_angm40,900,900,45,1020,1000,500,west,seaward,154092,293,5.59504322337,4.83344679019,10,633555,51951.578125,3143948.25,4.25834608078,-3.62918686867,1.11372876167,0,-3.5637475102,-3.00514018536,88.4265707641,seaward,true,topo-bathy.tt3,30,30,30,1,0.232204251809,false
aqaba_lsd_nc8_angm40,900,900,45,1020,1000,500,west,landward_inundated,154092,111,7.3963755071,4.63752451717,10,694584,60894.9101562,3163965.75,6.49238491058,3.54334712029,1.29671406746,0,2.04207063653,-2.81312310696,11.7448656013,landward,true,topo-bathy.tt3,30,30,30,1,0.306962747589,false
aqaba_lsd_nc8_angm40,900,900,45,1020,1000,500,west,combined_coastal,154092,404,7.3963755071,5.36832866295,10,694584,60894.9101562,3163965.75,6.49238491058,3.54334712029,1.29671406746,0,2.04207063653,-2.81312310696,11.7448656013,landward,true,topo-bathy.tt3,30,30,30,1,0.306962747589,false
aqaba_lsd_nc8_angm40,900,900,46,1140,1000,500,east,seaward,164614,302,11.0509015162,8.6008145633,10,635237,80582.2421875,3144308.5,-10.4363594055,-3.63384461403,0.338938683271,0,-6.73409181432,-0.84713485837,6.46818022805,seaward,true,topo-bathy.tt3,30,30,30,1,0.458632081278,false
aqaba_lsd_nc8_angm40,900,900,46,1140,1000,500,east,landward_inundated,164614,59,9.72305978034,9.02266318775,10,593926,74670.0390625,3129933,-8.93137550354,-3.84297060966,8.0728559494,0,0.0916462145739,-10.4212818146,5.75298256733,landward,true,topo-bathy.tt3,30,30,30,1,0.403524285953,false
aqaba_lsd_nc8_angm40,900,900,46,1140,1000,500,east,combined_coastal,164614,361,11.0509015162,9.82735881367,10,635237,80582.2421875,3144308.5,-10.4363594055,-3.63384461403,0.338938683271,0,-6.73409181432,-0.84713485837,6.46818022805,seaward,true,topo-bathy.tt3,30,30,30,1,0.458632081278,false
aqaba_lsd_nc8_angm40,900,900,46,1140,1000,500,west,seaward,164614,285,6.14483433307,4.96909665128,10,649885,54082.3710938,3149530.25,5.97628450394,-1.42933988571,0.553749442101,0,-0.315035374637,-3.06484401226,4.23502486988,seaward,true,topo-bathy.tt3,30,30,30,1,0.255021561378,false
aqaba_lsd_nc8_angm40,900,900,46,1140,1000,500,west,landward_inundated,164614,110,3.75020657658,3.23414111806,10,590335,50481.03125,3128822.75,2.48186707497,2.81147384644,0.863240778446,0,0.294541089498,-1.02413190901,191.439008853,landward,true,topo-bathy.tt3,30,30,30,1,0.155640247533,false
aqaba_lsd_nc8_angm40,900,900,46,1140,1000,500,west,combined_coastal,164614,395,6.14483433307,4.96909665128,10,649885,54082.3710938,3149530.25,5.97628450394,-1.42933988571,0.553749442101,0,-0.315035374637,-3.06484401226,4.23502486988,seaward,true,topo-bathy.tt3,30,30,30,1,0.255021561378,false
aqaba_lsd_nc8_angm40,900,900,47,1260,1000,500,east,seaward,166216,302,12.2638934484,9.57524834327,10,650269,82442.9375,3149650.5,11.801700592,3.33510804176,0.69438803196,0,-0.530568015104,-1.97764241695,2.65581881514,seaward,true,topo-bathy.tt3,30,30,30,1,0.508973405346,false
aqaba_lsd_nc8_angm40,900,900,47,1260,1000,500,east,landward_inundated,166216,51,12.5093141382,10.1026417861,10,607133,75960.5234375,3134795,10.5266637802,6.75812768936,0.662554204464,0,3.65706385592,0.131064116955,19.9666083418,landward,true,topo-bathy.tt3,30,30,30,1,0.519158800769,false
aqaba_lsd_nc8_angm40,900,900,47,1260,1000,500,east,combined_coastal,166216,353,12.5093141382,10.9761961021,10,607133,75960.5234375,3134795,10.5266637802,6.75812768936,0.662554204464,0,3.65706385592,0.131064116955,19.9666083418,landward,true,topo-bathy.tt3,30,30,30,1,0.519158800769,false
aqaba_lsd_nc8_angm40,900,900,47,1260,1000,500,west,seaward,166216,266,4.47362835742,4.0440817131,10,684193,61044.9648438,3159974.25,3.73305177689,2.4652941227,0.510741174221,0,-2.31356601519,-2.11270684004,29.8914048948,seaward,true,topo-bathy.tt3,30,30,30,1,0.185663538982,false
aqaba_lsd_nc8_angm40,900,900,47,1260,1000,500,west,landward_inundated,166216,108,4.93649218754,3.63838484406,10,648488,53752.25,3148990.25,4.93481874466,-0.128526553512,0.228229388595,0,0.48124285972,0.605124488473,6.02871040983,landward,true,topo-bathy.tt3,30,30,30,1,0.204873211735,false
aqaba_lsd_nc8_angm40,900,900,47,1260,1000,500,west,combined_coastal,166216,374,4.93649218754,4.18807094179,10,648488,53752.25,3148990.25,4.93481874466,-0.128526553512,0.228229388595,0,0.48124285972,0.605124488473,6.02871040983,landward,true,topo-bathy.tt3,30,30,30,1,0.204873211735,false
aqaba_lsd_nc8_angm40,900,900,48,1380,1000,500,east,seaward,175178,269,10.9882488534,8.13651566804,10,609709,76680.7890625,3135725.25,7.91553688049,-7.62140989304,1.07674336433,0.0065745045431,-4.70994823166,-2.02183228731,1.92231241596,seaward,true,topo-bathy.tt3,30,30,30,1,0.456031884264,false
aqaba_lsd_nc8_angm40,900,900,48,1380,1000,500,east,landward_inundated,175178,54,15.2629868726,9.62172476304,10,607299,76020.5390625,3134855,-9.15930557251,-12.2092542648,0.754054963589,2.22051229237e-27,1.37110063806,-0.988109141588,21.8604742873,landward,true,topo-bathy.tt3,30,30,30,1,0.633441120227,false
aqaba_lsd_nc8_angm40,900,900,48,1380,1000,500,east,combined_coastal,175178,323,15.2629868726,10.6789952262,10,607299,76020.5390625,3134855,-9.15930557251,-12.2092542648,0.754054963589,2.22051229237e-27,1.37110063806,-0.988109141588,21.8604742873,landward,true,topo-bathy.tt3,30,30,30,1,0.633441120227,false
aqaba_lsd_nc8_angm40,900,900,48,1380,1000,500,west,seaward,175178,263,4.19242734074,3.77184444539,10,602463,50300.9648438,3133234.25,4.18935775757,0.160401329398,0.866596639156,0,-0.977564905501,-2.19784706831,26.5960732033,seaward,true,topo-bathy.tt3,30,30,30,1,0.173993196309,false
aqaba_lsd_nc8_angm40,900,900,48,1380,1000,500,west,landward_inundated,175178,106,4.83371823632,3.80766613417,10,619206,49610.7070312,3139326.5,4.81688690186,0.403029233217,0.235692217946,0,0.643299252018,0.353229269385,11.144213141,landward,true,topo-bathy.tt3,30,30,30,1,0.200607909843,false
aqaba_lsd_nc8_angm40,900,900,48,1380,1000,500,west,combined_coastal,175178,369,4.83371823632,4.05962634291,10,619206,49610.7070312,3139326.5,4.81688690186,0.403029233217,0.235692217946,0,0.643299252018,0.353229269385,11.144213141,landward,true,topo-bathy.tt3,30,30,30,1,0.200607909843,false
aqaba_lsd_nc8_angm40,900,900,49,1500,1000,500,east,seaward,185238,271,9.28964115749,6.63022231617,10,649501,82442.9375,3149380.25,-8.7512254715,3.11664652824,0.936798810959,0,-6.4503389552,-2.02595841885,13.8406572237,seaward,true,topo-bathy.tt3,30,30,30,1,0.385536641708,false
aqaba_lsd_nc8_angm40,900,900,49,1500,1000,500,east,landward_inundated,185238,57,13.1846730294,9.62220309469,10,652588,83073.171875,3150520.75,7.38456583023,10.922627449,1.29757559299,0,2.99741370018,-2.41196298599,4.52702229323,landward,true,topo-bathy.tt3,30,30,30,1,0.547187396756,false
aqaba_lsd_nc8_angm40,900,900,49,1500,1000,500,east,combined_coastal,185238,328,13.1846730294,10.1097001038,10,652588,83073.171875,3150520.75,7.38456583023,10.922627449,1.29757559299,0,2.99741370018,-2.41196298599,4.52702229323,landward,true,topo-bathy.tt3,30,30,30,1,0.547187396756,false
aqaba_lsd_nc8_angm40,900,900,49,1500,1000,500,west,seaward,185238,283,4.81454536541,4.03443323047,10,644702,53752.25,3147549.75,3.93540620804,2.7735221386,1.66576385498,0,-2.90077886889,-2.48472374678,21.9240488815,seaward,true,topo-bathy.tt3,30,30,30,1,0.199812201576,false
aqaba_lsd_nc8_angm40,900,900,49,1500,1000,500,west,landward_inundated,185238,109,4.15219142367,3.10299308346,10,651261,54202.4179688,3150010.5,-4.14382457733,-0.263460606337,0.126310408115,0,6.5752646767,1.23358255625,32.4516819191,landward,true,topo-bathy.tt3,30,30,30,1,0.172323334139,false
aqaba_lsd_nc8_angm40,900,900,49,1500,1000,500,west,combined_coastal,185238,392,4.81454536541,4.0750095516,10,644702,53752.25,3147549.75,3.93540620804,2.7735221386,1.66576385498,0,-2.90077886889,-2.48472374678,21.9240488815,seaward,true,topo-bathy.tt3,30,30,30,1,0.199812201576,false
aqaba_lsd_nc8_angm40,900,900,50,1620,1000,500,east,seaward,188417,252,14.1455877897,7.43470266087,10,604418,75510.3515625,3133894.5,-12.8853645325,-5.83652591705,0.912789046764,0,-1.91923254081,-0.969398569316,4.78403581292,seaward,true,topo-bathy.tt3,30,30,30,1,0.587067069541,false
aqaba_lsd_nc8_angm40,900,900,50,1620,1000,500,east,landward_inundated,188417,52,11.0906400212,9.2430144487,10,590687,74039.8046875,3128912.75,-10.4014596939,-3.84862732887,0.520635485649,0,2.79755722812,0.501974463463,108.379688444,landward,true,topo-bathy.tt3,30,30,30,1,0.460281299965,false
aqaba_lsd_nc8_angm40,900,900,50,1620,1000,500,east,combined_coastal,188417,304,14.1455877897,10.2199610442,10,604418,75510.3515625,3133894.5,-12.8853645325,-5.83652591705,0.912789046764,0,-1.91923254081,-0.969398569316,4.78403581292,seaward,true,topo-bathy.tt3,30,30,30,1,0.587067069541,false
aqaba_lsd_nc8_angm40,900,900,50,1620,1000,500,west,seaward,188417,280,4.43189679413,3.47557161188,10,639062,53152.0234375,3145448.75,4.40941667557,-0.445818096399,0.31239798665,0,-1.66325277154,-1.25825002789,28.7862441873,seaward,true,topo-bathy.tt3,30,30,30,1,0.183931604832,false
aqaba_lsd_nc8_angm40,900,900,50,1620,1000,500,west,landward_inundated,188417,94,5.00283218403,3.09017403964,10,647422,53752.25,3148600,4.99638128281,-0.253976255655,0.64499014616,0,2.34465955935,-0.381679028273,26.9705595536,landward,true,topo-bathy.tt3,30,30,30,1,0.207626439661,false
aqaba_lsd_nc8_angm40,900,900,50,1620,1000,500,west,combined_coastal,188417,374,5.00283218403,3.83730418646,10,647422,53752.25,3148600,4.99638128281,-0.253976255655,0.64499014616,0,2.34465955935,-0.381679028273,26.9705595536,landward,true,topo-bathy.tt3,30,30,30,1,0.207626439661,false
aqaba_lsd_nc8_angm40,900,900,51,1740,1000,500,east,seaward,193908,243,13.0082980246,7.24845882494,10,604418,75510.3515625,3133894.5,-12.0912504196,-4.79765367508,0.634922981262,0,-1.91923254081,-0.96939855814,4.78403581292,seaward,true,topo-bathy.tt3,30,30,30,1,0.539867520144,false
aqaba_lsd_nc8_angm40,900,900,51,1740,1000,500,east,landward_inundated,193908,63,15.3996830175,9.34500921661,10,603424,75390.3046875,3133594.5,-12.152718544,-9.45841789246,0.666324853897,0,0.64948280842,-0.295745640993,0.960509081338,landward,true,topo-bathy.tt3,30,30,30,1,0.639114253528,false
aqaba_lsd_nc8_angm40,900,900,51,1740,1000,500,east,combined_coastal,193908,306,15.3996830175,10.2007925238,10,603424,75390.3046875,3133594.5,-12.152718544,-9.45841789246,0.666324853897,0,0.64948280842,-0.295745640993,0.960509081338,landward,true,topo-bathy.tt3,30,30,30,1,0.639114253528,false
aqaba_lsd_nc8_angm40,900,900,51,1740,1000,500,west,seaward,193908,284,4.46970964384,3.63326494928,10,638120,52851.9140625,3145118.75,-3.49385309219,-2.78770422935,1.51559889317,0,-1.25024805655,-0.766311824322,30.8103395951,seaward,true,topo-bathy.tt3,30,30,30,1,0.185500905393,false
aqaba_lsd_nc8_angm40,900,900,51,1740,1000,500,west,landward_inundated,193908,103,4.85468989591,3.3958431844,10,612752,49610.7070312,3136865.75,4.6404299736,1.42633223534,0.253501534462,0,0.793343128681,-1.63238251209,12.0285214683,landward,true,topo-bathy.tt3,30,30,30,1,0.201478271041,false
aqaba_lsd_nc8_angm40,900,900,51,1740,1000,500,west,combined_coastal,193908,387,4.85468989591,3.91269608217,10,612752,49610.7070312,3136865.75,4.6404299736,1.42633223534,0.253501534462,0,0.793343128681,-1.63238251209,12.0285214683,landward,true,topo-bathy.tt3,30,30,30,1,0.201478271041,false
aqaba_lsd_nc8_angm40,900,900,52,1860,1000,500,east,seaward,191237,263,11.2442997684,7.61661725598,10,604418,75510.3515625,3133894.5,-10.0970144272,-4.94818925858,0.823503434658,4.7644147787e-43,-1.91923254081,-0.969398543239,4.78403581292,seaward,true,topo-bathy.tt3,30,30,30,1,0.466658452955,false
aqaba_lsd_nc8_angm40,900,900,52,1860,1000,500,east,landward_inundated,191237,49,8.88782685134,6.15112134426,10,641287,81362.53125,3146259.25,6.91087579727,5.58867263794,0.445124179125,0,1.1900790389,-1.34730085731,9.4579515784,landward,true,topo-bathy.tt3,30,30,30,1,0.368860632855,false
aqaba_lsd_nc8_angm40,900,900,52,1860,1000,500,east,combined_coastal,191237,312,11.2442997684,8.60717197734,10,604418,75510.3515625,3133894.5,-10.0970144272,-4.94818925858,0.823503434658,4.7644147787e-43,-1.91923254081,-0.969398543239,4.78403581292,seaward,true,topo-bathy.tt3,30,30,30,1,0.466658452955,false
aqaba_lsd_nc8_angm40,900,900,52,1860,1000,500,west,seaward,191237,269,4.22787467607,3.36130904325,10,790730,74399.9375,3199469,0.0902612879872,-4.22691106796,0.735826611519,0,-1.28338129545,-1.33031445742,35.4395384172,seaward,true,topo-bathy.tt3,30,30,30,1,0.175464323814,false
aqaba_lsd_nc8_angm40,900,900,52,1860,1000,500,west,landward_inundated,191237,104,3.10269114914,2.54670715904,10,603240,50210.9296875,3133534.5,3.10260772705,-0.0227521210909,0.411833226681,0,0.711215327792,0.480189740658,14.8033458226,landward,true,topo-bathy.tt3,30,30,30,1,0.128767204849,false
aqaba_lsd_nc8_angm40,900,900,52,1860,1000,500,west,combined_coastal,191237,373,4.22787467607,3.37244972412,10,790730,74399.9375,3199469,0.0902612879872,-4.22691106796,0.735826611519,0,-1.28338129545,-1.33031445742,35.4395384172,seaward,true,topo-bathy.tt3,30,30,30,1,0.175464323814,false
aqaba_lsd_nc8_angm40,900,900,53,1980,1000,500,east,seaward,194651,256,18.1589740151,9.83872174643,10,603423,75360.296875,3133594.5,-13.3092651367,-12.3536148071,0.655716300011,0,-29.1884035161,-0.295745640993,24.5751757539,seaward,true,topo-bathy.tt3,30,30,30,1,0.753629740909,false
aqaba_lsd_nc8_angm40,900,900,53,1980,1000,500,east,landward_inundated,194651,57,13.6443144442,7.47176984396,10,652588,83073.171875,3150520.75,7.60117673874,11.3309059143,0.92273235321,0,2.99741370018,-2.41196286678,4.52702229323,landward,true,topo-bathy.tt3,30,30,30,1,0.56626333354,false
aqaba_lsd_nc8_angm40,900,900,53,1980,1000,500,east,combined_coastal,194651,313,18.1589740151,11.3870456601,10,603423,75360.296875,3133594.5,-13.3092651367,-12.3536148071,0.655716300011,0,-29.1884035161,-0.295745640993,24.5751757539,seaward,true,topo-bathy.tt3,30,30,30,1,0.753629740909,false
aqaba_lsd_nc8_angm40,900,900,53,1980,1000,500,west,seaward,194651,265,4.14253185065,3.31015065175,10,682774,60894.9101562,3159464,4.10703516006,-0.54113984108,0.452171683311,0,-2.56109006699,-2.13232409954,29.7450263494,seaward,true,topo-bathy.tt3,30,30,30,1,0.171922444666,false
aqaba_lsd_nc8_angm40,900,900,53,1980,1000,500,west,landward_inundated,194651,114,3.70804637092,2.92611692691,10,678562,60534.7734375,3158563.75,3.68337798119,0.427006483078,1.06905758381,0,0.804266699688,-0.774139404297,10.7077373412,landward,true,topo-bathy.tt3,30,30,30,1,0.153890523962,false
aqaba_lsd_nc8_angm40,900,900,53,1980,1000,500,west,combined_coastal,194651,379,4.14253185065,3.50536261695,10,682774,60894.9101562,3159464,4.10703516006,-0.54113984108,0.452171683311,0,-2.56109006699,-2.13232409954,29.7450263494,seaward,true,topo-bathy.tt3,30,30,30,1,0.171922444666,false
aqaba_lsd_nc8_angm40,900,900,54,2100,1000,500,east,seaward,197279,259,13.7432433777,9.33832452048,10,650361,82442.9375,3149680.5,4.21216535568,13.0818347931,0.404668867588,0,-3.20236232489,-0.305854156613,19.238678497,seaward,true,topo-bathy.tt3,30,30,30,1,0.570369060351,false
aqaba_lsd_nc8_angm40,900,900,54,2100,1000,500,east,landward_inundated,197279,50,12.6253748555,8.09682844264,10,658165,84003.515625,3152411.5,-8.20075416565,-9.599360466,1.21842777729,0,1.65292578015,-1.26954073086,1.26548860569,landward,true,topo-bathy.tt3,30,30,30,1,0.523975527103,false
aqaba_lsd_nc8_angm40,900,900,54,2100,1000,500,east,combined_coastal,197279,309,13.7432433777,11.3015019274,10,650361,82442.9375,3149680.5,4.21216535568,13.0818347931,0.404668867588,0,-3.20236232489,-0.305854156613,19.238678497,seaward,true,topo-bathy.tt3,30,30,30,1,0.570369060351,false
aqaba_lsd_nc8_angm40,900,900,54,2100,1000,500,west,seaward,197279,283,3.91658282909,3.36977403977,10,633008,51801.5234375,3143828.25,2.82928967476,-2.70827269554,0.658249378204,0,-2.26380424103,-1.88809418678,54.2934033525,seaward,true,topo-bathy.tt3,30,30,30,1,0.162545158128,false
aqaba_lsd_nc8_angm40,900,900,54,2100,1000,500,west,landward_inundated,197279,93,3.61766202976,2.72513904802,10,689993,61044.9648438,3162075,3.55598950386,-0.665144503117,1.20413219929,0,0.676510630785,-1.96846079826,7.15392010691,landward,true,topo-bathy.tt3,30,30,30,1,0.150139412938,false
aqaba_lsd_nc8_angm40,900,900,54,2100,1000,500,west,combined_coastal,197279,376,3.91658282909,3.4537276909,10,633008,51801.5234375,3143828.25,2.82928967476,-2.70827269554,0.658249378204,0,-2.26380424103,-1.88809418678,54.2934033525,seaward,true,topo-bathy.tt3,30,30,30,1,0.162545158128,false
aqaba_lsd_nc8_angm40,900,900,55,2220,1000,500,east,seaward,194657,255,13.4752106519,9.100382095,10,634836,80522.21875,3144218.5,-11.9123477936,-6.2989897728,0.76992815733,0,-9.75572634808,-1.85952073336,12.9389753364,seaward,true,topo-bathy.tt3,30,30,30,1,0.559245225188,false
aqaba_lsd_nc8_angm40,900,900,55,2220,1000,500,east,landward_inundated,194657,51,9.54035691764,6.17505448906,10,593926,74670.0390625,3129933,-8.86968708038,-3.51383852959,8.41169834137,0,0.0916462145739,-10.4212818146,5.75298256733,landward,true,topo-bathy.tt3,30,30,30,1,0.395941791977,false
aqaba_lsd_nc8_angm40,900,900,55,2220,1000,500,east,combined_coastal,194657,306,13.4752106519,10.0419941114,10,634836,80522.21875,3144218.5,-11.9123477936,-6.2989897728,0.76992815733,0,-9.75572634808,-1.85952073336,12.9389753364,seaward,true,topo-bathy.tt3,30,30,30,1,0.559245225188,false
aqaba_lsd_nc8_angm40,900,900,55,2220,1000,500,west,seaward,194657,249,4.28829396463,3.13661083486,10,693763,60864.8984375,3163665.75,4.2559928894,-0.525347173214,0.650618612766,0,-1.64653898379,-1.59262114763,12.4213182048,seaward,true,topo-bathy.tt3,30,30,30,1,0.177971831823,false
aqaba_lsd_nc8_angm40,900,900,55,2220,1000,500,west,landward_inundated,194657,114,3.62952605031,2.58266336097,10,834524,79621.8828125,3215074.75,-2.0533490181,-2.99286103249,0.256582856178,0,2.34534468628,-0.580422073603,0.860570865966,landward,true,topo-bathy.tt3,30,30,30,1,0.150631790906,false
aqaba_lsd_nc8_angm40,900,900,55,2220,1000,500,west,combined_coastal,194657,363,4.28829396463,3.31209411763,10,693763,60864.8984375,3163665.75,4.2559928894,-0.525347173214,0.650618612766,0,-1.64653898379,-1.59262114763,12.4213182048,seaward,true,topo-bathy.tt3,30,30,30,1,0.177971831823,false
aqaba_lsd_nc8_angm40,900,900,56,2340,1000,500,east,seaward,199334,255,14.2296740978,8.41802302877,10,603093,75300.2734375,3133474.5,-9.92141056061,-10.2004528046,1.18147730827,5.06607300313e-34,-43.1089048073,-1.94541460276,35.6423195518,seaward,true,topo-bathy.tt3,30,30,30,1,0.590556800986,false
aqaba_lsd_nc8_angm40,900,900,56,2340,1000,500,east,landward_inundated,199334,54,10.7470601074,6.70059529884,10,680161,87244.71875,3158833.75,10.3914222717,2.74183225632,0.881893157959,0,0.738296191968,-2.09102320671,16.5258137138,landward,true,topo-bathy.tt3,30,30,30,1,0.446022122037,false
aqaba_lsd_nc8_angm40,900,900,56,2340,1000,500,east,combined_coastal,199334,309,14.2296740978,9.87419548418,10,603093,75300.2734375,3133474.5,-9.92141056061,-10.2004528046,1.18147730827,5.06607300313e-34,-43.1089048073,-1.94541460276,35.6423195518,seaward,true,topo-bathy.tt3,30,30,30,1,0.590556800986,false
aqaba_lsd_nc8_angm40,900,900,56,2340,1000,500,west,seaward,199334,283,4.27198556873,3.06238996345,10,679263,60624.8085938,3158683.75,2.90417957306,3.13298606873,1.19912230968,0,-2.97516433103,-2.79601883888,31.778506103,seaward,true,topo-bathy.tt3,30,30,30,1,0.177295004368,false
aqaba_lsd_nc8_angm40,900,900,56,2340,1000,500,west,landward_inundated,199334,101,2.66503801952,2.1011068781,10,834524,79621.8828125,3215074.75,-0.584549307823,-2.60014033318,0.568354427814,0,2.34534468628,-0.580422073603,0.860570865966,landward,true,topo-bathy.tt3,30,30,30,1,0.110603821036,false
aqaba_lsd_nc8_angm40,900,900,56,2340,1000,500,west,combined_coastal,199334,384,4.27198556873,3.07846669497,10,679263,60624.8085938,3158683.75,2.90417957306,3.13298606873,1.19912230968,0,-2.97516433103,-2.79601883888,31.778506103,seaward,true,topo-bathy.tt3,30,30,30,1,0.177295004368,false
aqaba_lsd_nc8_angm40,900,900,57,2460,1000,500,east,seaward,204560,261,15.5757750869,7.85674862847,10,603423,75360.296875,3133594.5,-10.8104734421,-11.2133150101,0.571409404278,1.37122089347e-29,-29.1884035161,-0.295745640993,24.5751757539,seaward,true,topo-bathy.tt3,30,30,30,1,0.646422387817,false
aqaba_lsd_nc8_angm40,900,900,57,2460,1000,500,east,landward_inundated,204560,51,10.9398258352,8.56100247158,10,663293,84543.71875,3154212,7.86940383911,7.59949159622,0.782576084137,0,0.889643718774,-0.567808255553,21.8608329181,landward,true,topo-bathy.tt3,30,30,30,1,0.454022242825,false
aqaba_lsd_nc8_angm40,900,900,57,2460,1000,500,east,combined_coastal,204560,312,15.5757750869,10.5040231622,10,603423,75360.296875,3133594.5,-10.8104734421,-11.2133150101,0.571409404278,1.37122089347e-29,-29.1884035161,-0.295745640993,24.5751757539,seaward,true,topo-bathy.tt3,30,30,30,1,0.646422387817,false
aqaba_lsd_nc8_angm40,900,900,57,2460,1000,500,west,seaward,204560,262,3.07879196314,2.80287885745,10,684110,61014.953125,3159944.25,2.95912861824,0.850010454655,0.116340123117,0,-0.195445017212,0.270512618124,11.5239208192,seaward,true,topo-bathy.tt3,30,30,30,1,0.127775346094,false
aqaba_lsd_nc8_angm40,900,900,57,2460,1000,500,west,landward_inundated,204560,113,2.72086790724,2.19586930428,10,834524,79621.8828125,3215074.75,-1.02536821365,-2.52026629448,0.617048621178,0,2.34534468628,-0.580422047526,0.860570865966,landward,true,topo-bathy.tt3,30,30,30,1,0.112920860742,false
aqaba_lsd_nc8_angm40,900,900,57,2460,1000,500,west,combined_coastal,204560,375,3.07879196314,2.84161485131,10,684110,61014.953125,3159944.25,2.95912861824,0.850010454655,0.116340123117,0,-0.195445017212,0.270512618124,11.5239208192,seaward,true,topo-bathy.tt3,30,30,30,1,0.127775346094,false
aqaba_lsd_nc8_angm40,900,900,58,2580,1000,500,east,seaward,201167,253,17.8213854524,8.50038573043,10,603423,75360.296875,3133594.5,-11.4464693069,-13.6594333649,0.459750473499,1.7931184784e-31,-29.1884035161,-0.295745626092,24.5751757539,seaward,true,topo-bathy.tt3,30,30,30,1,0.739619214718,false
aqaba_lsd_nc8_angm40,900,900,58,2580,1000,500,east,landward_inundated,201167,50,10.4816809511,6.55191127527,10,658248,84033.5234375,3152441.5,-6.30387020111,-8.37417793274,0.782585024834,0,2.48480055722,-0.445963025093,9.50562898615,landward,true,topo-bathy.tt3,30,30,30,1,0.435008414733,false
aqaba_lsd_nc8_angm40,900,900,58,2580,1000,500,east,combined_coastal,201167,303,17.8213854524,9.9905365897,10,603423,75360.296875,3133594.5,-11.4464693069,-13.6594333649,0.459750473499,1.7931184784e-31,-29.1884035161,-0.295745626092,24.5751757539,seaward,true,topo-bathy.tt3,30,30,30,1,0.739619214718,false
aqaba_lsd_nc8_angm40,900,900,58,2580,1000,500,west,seaward,201167,288,4.13426407578,3.17325854973,10,675072,59094.2382812,3157933.5,3.07393193245,2.76461243629,0.415142595768,0,-1.95907929246,-0.266369134188,13.594451134,seaward,true,topo-bathy.tt3,30,30,30,1,0.171579317294,false
aqaba_lsd_nc8_angm40,900,900,58,2580,1000,500,west,landward_inundated,201167,94,2.98386766845,2.0561206901,10,834524,79621.8828125,3215074.75,-1.71140742302,-2.44428944588,0.531520664692,0,2.34534468628,-0.580422095954,0.860570865966,landward,true,topo-bathy.tt3,30,30,30,1,0.123835818918,false
aqaba_lsd_nc8_angm40,900,900,58,2580,1000,500,west,combined_coastal,201167,382,4.13426407578,3.23973674316,10,675072,59094.2382812,3157933.5,3.07393193245,2.76461243629,0.415142595768,0,-1.95907929246,-0.266369134188,13.594451134,seaward,true,topo-bathy.tt3,30,30,30,1,0.171579317294,false
aqaba_lsd_nc8_angm40,900,900,59,2700,1000,500,east,seaward,198648,263,10.3947306738,8.3741844356,10,603175,75300.2734375,3133504.5,-7.49090623856,-7.2067155838,6.08063697815,6.23460433521e-31,-43.6306730487,-7.90367567539,35.4798329242,seaward,true,topo-bathy.tt3,30,30,30,1,0.431399823469,false
aqaba_lsd_nc8_angm40,900,900,59,2700,1000,500,east,landward_inundated,198648,46,11.0151782126,6.47233701125,10,658248,84033.5234375,3152441.5,-6.79071998596,-8.67296218872,0.985506296158,0,2.48480055722,-0.445963025093,9.50562898615,landward,true,topo-bathy.tt3,30,30,30,1,0.457149500599,false
aqaba_lsd_nc8_angm40,900,900,59,2700,1000,500,east,combined_coastal,198648,309,11.0151782126,9.44207059256,10,658248,84033.5234375,3152441.5,-6.79071998596,-8.67296218872,0.985506296158,0,2.48480055722,-0.445963025093,9.50562898615,landward,true,topo-bathy.tt3,30,30,30,1,0.457149500599,false
aqaba_lsd_nc8_angm40,900,900,59,2700,1000,500,west,seaward,198648,269,3.46683956898,2.60512650456,10,685088,61074.9765625,3160334.5,3.34417057037,0.914056777954,0.329200059175,0,-1.30565535231,-1.25393846631,21.6935987453,seaward,true,topo-bathy.tt3,30,30,30,1,0.143880012382,false
aqaba_lsd_nc8_angm40,900,900,59,2700,1000,500,west,landward_inundated,198648,105,3.32323811924,2.26753925161,10,834524,79621.8828125,3215074.75,-1.68588590622,-2.86386108398,0.373489677906,0,2.34534468628,-0.580422088504,0.860570865966,landward,true,topo-bathy.tt3,30,30,30,1,0.137920296636,false
aqaba_lsd_nc8_angm40,900,900,59,2700,1000,500,west,combined_coastal,198648,374,3.46683956898,2.82914689513,10,685088,61074.9765625,3160334.5,3.34417057037,0.914056777954,0.329200059175,0,-1.30565535231,-1.25393846631,21.6935987453,seaward,true,topo-bathy.tt3,30,30,30,1,0.143880012382,false
aqaba_lsd_nc8_angm40,900,900,60,2820,1000,500,east,seaward,195108,261,14.1962697367,8.13731684073,10,603093,75300.2734375,3133474.5,-9.65335083008,-10.4089813232,1.07919716835,1.09282898004e-25,-43.1089048073,-1.94541454315,35.6423195518,seaward,true,topo-bathy.tt3,30,30,30,1,0.589170460545,false
aqaba_lsd_nc8_angm40,900,900,60,2820,1000,500,east,landward_inundated,195108,44,10.2302580667,7.40134573328,10,650456,82532.96875,3149710.5,5.75770282745,8.45618343353,1.1371743679,0,1.85215271115,-2.1758440733,12.8212838066,landward,true,topo-bathy.tt3,30,30,30,1,0.424573917546,false
aqaba_lsd_nc8_angm40,900,900,60,2820,1000,500,east,combined_coastal,195108,305,14.1962697367,9.76371879311,10,603093,75300.2734375,3133474.5,-9.65335083008,-10.4089813232,1.07919716835,1.09282898004e-25,-43.1089048073,-1.94541454315,35.6423195518,seaward,true,topo-bathy.tt3,30,30,30,1,0.589170460545,false
aqaba_lsd_nc8_angm40,900,900,60,2820,1000,500,west,seaward,195108,274,3.52054971175,2.5560704581,10,719433,65906.7734375,3173149.25,2.01218652725,-2.88883638382,0.577161550522,0,-1.86053880379,-1.67704343796,105.274589169,seaward,true,topo-bathy.tt3,30,30,30,1,0.1461090789,false
aqaba_lsd_nc8_angm40,900,900,60,2820,1000,500,west,landward_inundated,195108,97,2.85595206739,1.99801051459,10,668709,56483.265625,3156042.75,2.85322213173,-0.124842613935,0.191983416677,0,0.25019639535,-0.928629294038,8.04353302152,landward,true,topo-bathy.tt3,30,30,30,1,0.118527093811,false
aqaba_lsd_nc8_angm40,900,900,60,2820,1000,500,west,combined_coastal,195108,371,3.52054971175,2.66088916847,10,719433,65906.7734375,3173149.25,2.01218652725,-2.88883638382,0.577161550522,0,-1.86053880379,-1.67704343796,105.274589169,seaward,true,topo-bathy.tt3,30,30,30,1,0.1461090789,false
aqaba_lsd_nc8_angm40,900,900,61,2940,1000,500,east,seaward,198965,243,17.0916339277,9.59027444439,10,603093,75300.2734375,3133474.5,-13.3927307129,-10.6187906265,0.9280205369,0.00435381894931,-43.1089048073,-1.94541460276,35.6423195518,seaward,true,topo-bathy.tt3,30,30,30,1,0.709333227631,false
aqaba_lsd_nc8_angm40,900,900,61,2940,1000,500,east,landward_inundated,198965,49,14.9734179903,8.40464094967,10,603424,75390.3046875,3133594.5,-9.66681575775,-11.4348554611,0.665422558784,0.00351122883148,0.64948280842,-0.295745611191,0.960509081338,landward,true,topo-bathy.tt3,30,30,30,1,0.621423496235,false
aqaba_lsd_nc8_angm40,900,900,61,2940,1000,500,east,combined_coastal,198965,292,17.0916339277,11.1364564186,10,603093,75300.2734375,3133474.5,-13.3927307129,-10.6187906265,0.9280205369,0.00435381894931,-43.1089048073,-1.94541460276,35.6423195518,seaward,true,topo-bathy.tt3,30,30,30,1,0.709333227631,false
aqaba_lsd_nc8_angm40,900,900,61,2940,1000,500,west,seaward,198965,280,3.38273091299,2.58407459695,10,693515,60864.8984375,3163545.5,2.85296225548,-1.81754636765,0.540503144264,0,-2.20925958554,-2.10863232613,22.8824585114,seaward,true,topo-bathy.tt3,30,30,30,1,0.140389353462,false
aqaba_lsd_nc8_angm40,900,900,61,2940,1000,500,west,landward_inundated,198965,106,2.49319888809,2.03230723389,10,834524,79621.8828125,3215074.75,-1.15044665337,-2.21190261841,0.4861369133,0,2.34534468628,-0.580422081053,0.860570865966,landward,true,topo-bathy.tt3,30,30,30,1,0.103472191243,false
aqaba_lsd_nc8_angm40,900,900,61,2940,1000,500,west,combined_coastal,198965,386,3.38273091299,2.62812538138,10,693515,60864.8984375,3163545.5,2.85296225548,-1.81754636765,0.540503144264,0,-2.20925958554,-2.10863232613,22.8824585114,seaward,true,topo-bathy.tt3,30,30,30,1,0.140389353462,false
aqaba_lsd_nc8_angm40,900,900,62,3060,1000,500,east,seaward,205951,243,14.5143362114,8.61967653159,10,603423,75360.296875,3133594.5,-8.5675907135,-11.7159013748,1.91322827339,0.00853224657476,-29.1884035161,-0.2957457304,24.5751757539,seaward,true,topo-bathy.tt3,30,30,30,1,0.602370785341,false
aqaba_lsd_nc8_angm40,900,900,62,3060,1000,500,east,landward_inundated,205951,53,10.7500410291,7.22686366176,10,658248,84033.5234375,3152441.5,-6.10550546646,-8.84794807434,0.705952346325,0,2.48480055722,-0.445963025093,9.50562898615,landward,true,topo-bathy.tt3,30,30,30,1,0.446145835594,false
aqaba_lsd_nc8_angm40,900,900,62,3060,1000,500,east,combined_coastal,205951,296,14.5143362114,9.93742303794,10,603423,75360.296875,3133594.5,-8.5675907135,-11.7159013748,1.91322827339,0.00853224657476,-29.1884035161,-0.2957457304,24.5751757539,seaward,true,topo-bathy.tt3,30,30,30,1,0.602370785341,false
aqaba_lsd_nc8_angm40,900,900,62,3060,1000,500,west,seaward,205951,274,3.01814882911,2.59658962888,10,636001,53482.1484375,3144488.5,0.52576392889,2.972001791,0.905023694038,0,-1.65113799088,-1.28941479325,920.255372326,seaward,true,topo-bathy.tt3,30,30,30,1,0.125258548099,false
aqaba_lsd_nc8_angm40,900,900,62,3060,1000,500,west,landward_inundated,205951,99,3.30632362324,1.8213646877,10,834524,79621.8828125,3215074.75,-1.48872613907,-2.95219755173,0.302779883146,0,2.34534468628,-0.580422073603,0.860570865966,landward,true,topo-bathy.tt3,30,30,30,1,0.137218314948,false
aqaba_lsd_nc8_angm40,900,900,62,3060,1000,500,west,combined_coastal,205951,373,3.30632362324,2.69966786375,10,834524,79621.8828125,3215074.75,-1.48872613907,-2.95219755173,0.302779883146,0,2.34534468628,-0.580422073603,0.860570865966,landward,true,topo-bathy.tt3,30,30,30,1,0.137218314948,false
aqaba_lsd_nc8_angm40,900,900,63,3180,1000,500,east,seaward,204925,228,10.9326450324,8.41619090105,10,650269,82442.9375,3149650.5,6.0632109642,9.09726333618,0.941651940346,0,-0.530568015104,-1.97764253616,2.65581881514,seaward,true,topo-bathy.tt3,30,30,30,1,0.453724226729,false
aqaba_lsd_nc8_angm40,900,900,63,3180,1000,500,east,landward_inundated,204925,56,10.771574597,6.71950215627,10,658248,84033.5234375,3152441.5,-6.19982099533,-8.80846405029,0.744790077209,0,2.48480055722,-0.445963025093,9.50562898615,landward,true,topo-bathy.tt3,30,30,30,1,0.447039516989,false
aqaba_lsd_nc8_angm40,900,900,63,3180,1000,500,east,combined_coastal,204925,284,10.9326450324,9.56883308713,10,650269,82442.9375,3149650.5,6.0632109642,9.09726333618,0.941651940346,0,-0.530568015104,-1.97764253616,2.65581881514,seaward,true,topo-bathy.tt3,30,30,30,1,0.453724226729,false
aqaba_lsd_nc8_angm40,900,900,63,3180,1000,500,west,seaward,204925,303,3.33713619481,2.7908072171,10,679607,60624.8085938,3158743.75,2.99551963806,1.47082972527,0.894280552864,0,-2.18986868645,-2.05701208115,20.1490933522,seaward,true,topo-bathy.tt3,30,30,30,1,0.138497091509,false
aqaba_lsd_nc8_angm40,900,900,63,3180,1000,500,west,landward_inundated,204925,87,2.84958149521,1.94143579927,10,834524,79621.8828125,3215074.75,-0.838038086891,-2.72356510162,0.735802531242,0,2.34534468628,-0.580422073603,0.860570865966,landward,true,topo-bathy.tt3,30,30,30,1,0.118262703727,false
aqaba_lsd_nc8_angm40,900,900,63,3180,1000,500,west,combined_coastal,204925,390,3.33713619481,2.86107888406,10,679607,60624.8085938,3158743.75,2.99551963806,1.47082972527,0.894280552864,0,-2.18986868645,-2.05701208115,20.1490933522,seaward,true,topo-bathy.tt3,30,30,30,1,0.138497091509,false
aqaba_lsd_nc8_angm40,900,900,64,3300,1000,500,east,seaward,209714,247,10.3389095857,7.46989283732,10,603094,75330.28125,3133474.5,10.2786254883,-1.11485850811,2.05516314507,0.00212833518162,-2.74650291703,-1.94541464746,5.63494720132,seaward,true,topo-bathy.tt3,30,30,30,1,0.429083148963,false
aqaba_lsd_nc8_angm40,900,900,64,3300,1000,500,east,landward_inundated,209714,46,10.5599101624,7.16249429568,10,658248,84033.5234375,3152441.5,-6.25986337662,-8.50445842743,0.8642603755,0,2.48480055722,-0.445963054895,9.50562898615,landward,true,topo-bathy.tt3,30,30,30,1,0.438255066232,false
aqaba_lsd_nc8_angm40,900,900,64,3300,1000,500,east,combined_coastal,209714,293,10.5599101624,9.03217430116,10,658248,84033.5234375,3152441.5,-6.25986337662,-8.50445842743,0.8642603755,0,2.48480055722,-0.445963054895,9.50562898615,landward,true,topo-bathy.tt3,30,30,30,1,0.438255066232,false
aqaba_lsd_nc8_angm40,900,900,64,3300,1000,500,west,seaward,209714,272,3.67347168833,2.51186839347,10,673304,59934.5507812,3157573.25,2.1125793457,-3.0052292347,0.646282672882,0,-1.79050898431,-1.24319386482,50.9133616224,seaward,true,topo-bathy.tt3,30,30,30,1,0.152455613098,false
aqaba_lsd_nc8_angm40,900,900,64,3300,1000,500,west,landward_inundated,209714,98,2.53890012628,1.92788650029,10,834524,79621.8828125,3215074.75,-1.50005316734,-2.04837846756,0.426935046911,0,2.34534468628,-0.580422058702,0.860570865966,landward,true,topo-bathy.tt3,30,30,30,1,0.105368873966,false
aqaba_lsd_nc8_angm40,900,900,64,3300,1000,500,west,combined_coastal,209714,370,3.67347168833,2.63601523419,10,673304,59934.5507812,3157573.25,2.1125793457,-3.0052292347,0.646282672882,0,-1.79050898431,-1.24319386482,50.9133616224,seaward,true,topo-bathy.tt3,30,30,30,1,0.152455613098,false
aqaba_lsd_nc8_angm40,900,900,65,3420,1000,500,east,seaward,205580,234,12.0917023108,8.15201894528,10,664325,84603.7421875,3154512.25,3.97802519798,11.4186067581,4.74240493774,0,-2.2486919569,-5.56449025869,5.9491496781,seaward,true,topo-bathy.tt3,30,30,30,1,0.501827166668,false
aqaba_lsd_nc8_angm40,900,900,65,3420,1000,500,east,landward_inundated,205580,44,16.1001608647,7.45786845777,10,607546,76050.5546875,3134945,3.45700883865,15.7246389389,7.04627370834,0.00917717814445,0.115548335781,-8.41808855534,2.23678506491,landward,true,topo-bathy.tt3,30,30,30,1,0.668185330897,false
aqaba_lsd_nc8_angm40,900,900,65,3420,1000,500,east,combined_coastal,205580,278,16.1001608647,10.1490934675,10,607546,76050.5546875,3134945,3.45700883865,15.7246389389,7.04627370834,0.00917717814445,0.115548335781,-8.41808855534,2.23678506491,landward,true,topo-bathy.tt3,30,30,30,1,0.668185330897,false
aqaba_lsd_nc8_angm40,900,900,65,3420,1000,500,west,seaward,205580,285,3.35794737279,2.63352895756,10,689404,61195.0195312,3161865,3.33720636368,-0.372644931078,1.06452190876,0,-2.70393758127,-2.75505876541,32.6266553841,seaward,true,topo-bathy.tt3,30,30,30,1,0.139360792434,false
aqaba_lsd_nc8_angm40,900,900,65,3420,1000,500,west,landward_inundated,205580,98,2.57308289663,1.77302903522,10,834524,79621.8828125,3215074.75,-1.2169251442,-2.26712346077,0.515877068043,0,2.34534468628,-0.580422088504,0.860570865966,landward,true,topo-bathy.tt3,30,30,30,1,0.106787519775,false
aqaba_lsd_nc8_angm40,900,900,65,3420,1000,500,west,combined_coastal,205580,383,3.35794737279,2.67891421862,10,689404,61195.0195312,3161865,3.33720636368,-0.372644931078,1.06452190876,0,-2.70393758127,-2.75505876541,32.6266553841,seaward,true,topo-bathy.tt3,30,30,30,1,0.139360792434,false
aqaba_lsd_nc8_angm40,900,900,66,3540,1000,500,east,seaward,209139,249,15.7858693746,7.98465299908,10,607381,76020.5390625,3134885,15.2738513947,3.98787355423,1.77571284771,0.00858515873551,-2.66426706463,-4.51344549656,9.59178886192,seaward,true,topo-bathy.tt3,30,30,30,1,0.655141674681,false
aqaba_lsd_nc8_angm40,900,900,66,3540,1000,500,east,landward_inundated,209139,44,10.8991440158,8.33588826747,10,658248,84033.5234375,3152441.5,-6.48830413818,-8.75746822357,0.720273017883,0,2.48480055722,-0.445963054895,9.50562898615,landward,true,topo-bathy.tt3,30,30,30,1,0.452333874914,false
aqaba_lsd_nc8_angm40,900,900,66,3540,1000,500,east,combined_coastal,209139,293,15.7858693746,9.97544803514,10,607381,76020.5390625,3134885,15.2738513947,3.98787355423,1.77571284771,0.00858515873551,-2.66426706463,-4.51344549656,9.59178886192,seaward,true,topo-bathy.tt3,30,30,30,1,0.655141674681,false
aqaba_lsd_nc8_angm40,900,900,66,3540,1000,500,west,seaward,209139,265,2.97080452138,2.30549439743,10,685488,61074.9765625,3160484.5,2.80154728889,-0.988439321518,0.187496066093,0,-0.81761055024,-0.730167686939,17.3590845086,seaward,true,topo-bathy.tt3,30,30,30,1,0.123293675065,false
aqaba_lsd_nc8_angm40,900,900,66,3540,1000,500,west,landward_inundated,209139,106,2.26071161977,1.89002063158,10,834524,79621.8828125,3215074.75,-1.01283454895,-2.02113413811,0.410000354052,0,2.34534468628,-0.580422073603,0.860570865966,landward,true,topo-bathy.tt3,30,30,30,1,0.0938235558274,false
aqaba_lsd_nc8_angm40,900,900,66,3540,1000,500,west,combined_coastal,209139,371,2.97080452138,2.36885765396,10,685488,61074.9765625,3160484.5,2.80154728889,-0.988439321518,0.187496066093,0,-0.81761055024,-0.730167686939,17.3590845086,seaward,true,topo-bathy.tt3,30,30,30,1,0.123293675065,false
aqaba_lsd_nc8_angm40,900,900,67,3600,1000,500,east,seaward,207663,263,13.2584981844,7.375189634,10,650269,82442.9375,3149650.5,8.36042976379,10.2903347015,0.76057612896,0,-0.530568015104,-1.97764253616,2.65581881514,seaward,true,topo-bathy.tt3,30,30,30,1,0.550251272082,false
aqaba_lsd_nc8_angm40,900,900,67,3600,1000,500,east,landward_inundated,207663,50,17.7644312698,10.6708137121,10,650084,82412.921875,3149590.5,-16.475151062,-6.64412641525,0.367903500795,0,3.50710035537,-1.30093464255,12.4145200545,landward,true,topo-bathy.tt3,30,30,30,1,0.73725551477,false
aqaba_lsd_nc8_angm40,900,900,67,3600,1000,500,east,combined_coastal,207663,313,17.7644312698,11.748677736,10,650084,82412.921875,3149590.5,-16.475151062,-6.64412641525,0.367903500795,0,3.50710035537,-1.30093464255,12.4145200545,landward,true,topo-bathy.tt3,30,30,30,1,0.73725551477,false
aqaba_lsd_nc8_angm40,900,900,67,3600,1000,500,west,seaward,207663,282,3.06949287788,2.24786065834,10,695736,61014.953125,3164386,2.97240972519,0.765876591206,0.433944791555,0,-2.00112708023,-1.60269591212,23.6092504458,seaward,true,topo-bathy.tt3,30,30,30,1,0.127389417505,false
aqaba_lsd_nc8_angm40,900,900,67,3600,1000,500,west,landward_inundated,207663,94,2.80034440297,1.72249667505,10,834524,79621.8828125,3215074.75,-1.07650208473,-2.58516383171,0.675715744495,0,2.34534468628,-0.580422073603,0.860570865966,landward,true,topo-bathy.tt3,30,30,30,1,0.116219276767,false
aqaba_lsd_nc8_angm40,900,900,67,3600,1000,500,west,combined_coastal,207663,376,3.06949287788,2.38619477842,10,695736,61014.953125,3164386,2.97240972519,0.765876591206,0.433944791555,0,-2.00112708023,-1.60269591212,23.6092504458,seaward,true,topo-bathy.tt3,30,30,30,1,0.127389417505,false
aqaba_lse_c10_angm40,900,900,44,900,1000,500,east,seaward,153861,372,15.453034511,12.2260304328,10,682868,87995,3159704.25,14.1238050461,-6.27012014389,0.680804073811,0,-2.72758438587,1.32570570707,1.16055041483,seaward,true,topo-bathy.tt3,30,30,30,1,0.372299035335,false
aqaba_lse_c10_angm40,900,900,44,900,1000,500,east,landward_inundated,153861,68,32.997777158,13.1479093308,10,653735,83343.265625,3151031,12.107298851,30.6963615417,0.557809650898,0,3.12202569097,-3.096968472,3.47471362921,landward,true,topo-bathy.tt3,30,30,30,1,0.794992115975,false
aqaba_lse_c10_angm40,900,900,44,900,1000,500,east,combined_coastal,153861,440,32.997777158,14.9457961344,10,653735,83343.265625,3151031,12.107298851,30.6963615417,0.557809650898,0,3.12202569097,-3.096968472,3.47471362921,landward,true,topo-bathy.tt3,30,30,30,1,0.794992115975,false
aqaba_lse_c10_angm40,900,900,44,900,1000,500,west,seaward,153861,334,5.19063385084,4.35017034225,10,726886,68277.65625,3175700,5.19063138962,0.00505475606769,0.262306839228,0,-0.893262821288,-1.01926138997,11.7238805815,seaward,true,topo-bathy.tt3,30,30,30,1,0.125054271643,false
aqaba_lse_c10_angm40,900,900,44,900,1000,500,west,landward_inundated,153861,114,4.89334818706,3.71212855072,10,688512,61195.0195312,3161775,4.78687620163,1.01522052288,0.618040323257,0,0.0692717374768,-0.61578329606,1.90991938936,landward,true,topo-bathy.tt3,30,30,30,1,0.117891978323,false
aqaba_lse_c10_angm40,900,900,44,900,1000,500,west,combined_coastal,153861,448,5.19063385084,4.53069498369,10,726886,68277.65625,3175700,5.19063138962,0.00505475606769,0.262306839228,0,-0.893262821288,-1.01926138997,11.7238805815,seaward,true,topo-bathy.tt3,30,30,30,1,0.125054271643,false
aqaba_lse_c10_angm40,900,900,45,1020,1000,500,east,seaward,164395,328,16.0473599484,11.8817878495,10,669535,85504.0703125,3156553,15.642408371,-3.58229279518,0.572798728943,0,-2.94090185383,-1.21296840906,23.7704479582,seaward,true,topo-bathy.tt3,30,30,30,1,0.386617697917,false
aqaba_lse_c10_angm40,900,900,45,1020,1000,500,east,landward_inundated,164395,67,33.1519422692,14.7835821861,10,653735,83343.265625,3151031,12.0357179642,30.8900108337,0.548976242542,0,3.12202569097,-3.096968472,3.47471362921,landward,true,topo-bathy.tt3,30,30,30,1,0.798706307006,false
aqaba_lse_c10_angm40,900,900,45,1020,1000,500,east,combined_coastal,164395,395,33.1519422692,16.5690341492,10,653735,83343.265625,3151031,12.0357179642,30.8900108337,0.548976242542,0,3.12202569097,-3.096968472,3.47471362921,landward,true,topo-bathy.tt3,30,30,30,1,0.798706307006,false
aqaba_lse_c10_angm40,900,900,45,1020,1000,500,west,seaward,164395,320,5.62186791555,4.2247133039,10,710633,64706.328125,3170088,5.4871006012,1.22357094288,0.649142205715,0,-0.966976214573,-1.52102279663,8.33984526804,seaward,true,topo-bathy.tt3,30,30,30,1,0.135443689086,false
aqaba_lse_c10_angm40,900,900,45,1020,1000,500,west,landward_inundated,164395,98,4.45419579755,3.16347830965,10,746960,71098.7109375,3182752.75,4.26969909668,1.26867246628,0.468680769205,0,1.27060407005,-0.539707325399,14.2480045287,landward,true,topo-bathy.tt3,30,30,30,1,0.107311790279,false
aqaba_lse_c10_angm40,900,900,45,1020,1000,500,west,combined_coastal,164395,418,5.62186791555,4.32474088831,10,710633,64706.328125,3170088,5.4871006012,1.22357094288,0.649142205715,0,-0.966976214573,-1.52102279663,8.33984526804,seaward,true,topo-bathy.tt3,30,30,30,1,0.135443689086,false
aqaba_lse_c10_angm40,900,900,46,1140,1000,500,east,seaward,176847,293,14.5105471781,11.9091186868,10,652809,83103.1796875,3150760.75,-10.3391723633,-10.1812324524,0.814507126808,0,-41.8452762021,-1.88238465786,42.7712864412,seaward,true,topo-bathy.tt3,30,30,30,1,0.349592354352,false
aqaba_lse_c10_angm40,900,900,46,1140,1000,500,east,landward_inundated,176847,57,32.7729192175,13.4923759201,10,653735,83343.265625,3151031,11.8800210953,30.5438919067,0.551512598991,0,3.12202569097,-3.09696853161,3.47471362921,landward,true,topo-bathy.tt3,30,30,30,1,0.789574772586,false
aqaba_lse_c10_angm40,900,900,46,1140,1000,500,east,combined_coastal,176847,350,32.7729192175,15.7696275654,10,653735,83343.265625,3151031,11.8800210953,30.5438919067,0.551512598991,0,3.12202569097,-3.09696853161,3.47471362921,landward,true,topo-bathy.tt3,30,30,30,1,0.789574772586,false
aqaba_lse_c10_angm40,900,900,46,1140,1000,500,west,seaward,176847,295,4.78275296333,4.01982477708,10,690752,60774.8632812,3162585.25,4.50189065933,1.61483943462,0.386170595884,0,-0.168610828491,-0.225825756788,1.87209746295,seaward,true,topo-bathy.tt3,30,30,30,1,0.115227485788,false
aqaba_lse_c10_angm40,900,900,46,1140,1000,500,west,landward_inundated,176847,116,4.40089484116,2.99196023453,10,768300,72899.3828125,3191005.75,4.40086698532,-0.0156582389027,0.384488999844,0,2.22690708956,-0.242041543126,27.8600306088,landward,true,topo-bathy.tt3,30,30,30,1,0.10602764802,false
aqaba_lse_c10_angm40,900,900,46,1140,1000,500,west,combined_coastal,176847,411,4.78275296333,4.16093886688,10,690752,60774.8632812,3162585.25,4.50189065933,1.61483943462,0.386170595884,0,-0.168610828491,-0.225825756788,1.87209746295,seaward,true,topo-bathy.tt3,30,30,30,1,0.115227485788,false
aqaba_lse_c10_angm40,900,900,47,1260,1000,500,east,seaward,184176,284,16.6566482626,10.3792049351,10,652810,83133.1875,3150760.75,-13.0930185318,-10.2964458466,0.553894519806,0,-2.99863725963,-1.88238465786,13.1413965938,seaward,true,topo-bathy.tt3,30,30,30,1,0.401296850511,false
aqaba_lse_c10_angm40,900,900,47,1260,1000,500,east,landward_inundated,184176,57,27.5244352159,14.8005545218,10,653735,83343.265625,3151031,11.6407184601,24.941696167,0.555489420891,0,3.12202569097,-3.09696853161,3.47471362921,landward,true,topo-bathy.tt3,30,30,30,1,0.66312675816,false
aqaba_lse_c10_angm40,900,900,47,1260,1000,500,east,combined_coastal,184176,341,27.5244352159,15.9315789975,10,653735,83343.265625,3151031,11.6407184601,24.941696167,0.555489420891,0,3.12202569097,-3.09696853161,3.47471362921,landward,true,topo-bathy.tt3,30,30,30,1,0.66312675816,false
aqaba_lse_c10_angm40,900,900,47,1260,1000,500,west,seaward,184176,299,4.78343911835,3.91664856482,10,690681,60804.875,3162555.25,4.14717960358,2.38373470306,1.04027926922,0,-1.53899449464,-1.64542639256,28.3875132737,seaward,true,topo-bathy.tt3,30,30,30,1,0.115244016835,false
aqaba_lse_c10_angm40,900,900,47,1260,1000,500,west,landward_inundated,184176,115,4.13861347454,2.73118941915,10,699028,61375.0859375,3165976.5,4.07946205139,-0.697216510773,0.316794902086,0,0.0343448276111,0.253193229437,1.09133702042,landward,true,topo-bathy.tt3,30,30,30,1,0.0997086884844,false
aqaba_lse_c10_angm40,900,900,47,1260,1000,500,west,combined_coastal,184176,414,4.78343911835,4.00362752775,10,690681,60804.875,3162555.25,4.14717960358,2.38373470306,1.04027926922,0,-1.53899449464,-1.64542639256,28.3875132737,seaward,true,topo-bathy.tt3,30,30,30,1,0.115244016835,false
aqaba_lse_c10_angm40,900,900,48,1380,1000,500,east,seaward,185413,283,32.065119637,14.1414786901,10,653734,83313.2578125,3151031,11.949344635,29.7554206848,0.50253790617,0,-15.2565974382,-3.09696835279,14.3522295273,seaward,true,topo-bathy.tt3,30,30,30,1,0.772522257701,false
aqaba_lse_c10_angm40,900,900,48,1380,1000,500,east,landward_inundated,185413,53,27.6873734511,12.0089458454,10,742250,88355.1328125,3181012,-25.9438400269,-9.66994380951,0.762763619423,0,1.38931069268,-2.82728636265,8.59469079178,landward,true,topo-bathy.tt3,30,30,30,1,0.667052313865,false
aqaba_lse_c10_angm40,900,900,48,1380,1000,500,east,combined_coastal,185413,336,32.065119637,16.2061200992,10,653734,83313.2578125,3151031,11.949344635,29.7554206848,0.50253790617,0,-15.2565974382,-3.09696835279,14.3522295273,seaward,true,topo-bathy.tt3,30,30,30,1,0.772522257701,false
aqaba_lse_c10_angm40,900,900,48,1380,1000,500,west,seaward,185413,276,4.27512944453,3.3575961897,10,694308,60954.9296875,3164085.75,4.14947891235,1.02886176109,0.140139505267,0,-1.33425038827,-1.10392026603,10.4000034963,seaward,true,topo-bathy.tt3,30,30,30,1,0.102997671234,false
aqaba_lse_c10_angm40,900,900,48,1380,1000,500,west,landward_inundated,185413,116,5.19528445023,3.40082031316,10,690046,60834.8867188,3162315.25,4.69136333466,2.23205971718,0.285278707743,0,3.40071307184,-0.313236169517,24.793711216,landward,true,topo-bathy.tt3,30,30,30,1,0.125166315246,false
aqaba_lse_c10_angm40,900,900,48,1380,1000,500,west,combined_coastal,185413,392,5.19528445023,3.93568807883,10,690046,60834.8867188,3162315.25,4.69136333466,2.23205971718,0.285278707743,0,3.40071307184,-0.313236169517,24.793711216,landward,true,topo-bathy.tt3,30,30,30,1,0.125166315246,false
aqaba_lse_c10_angm40,900,900,49,1500,1000,500,east,seaward,187062,273,30.9404115175,13.1474347326,10,653734,83313.2578125,3151031,11.8054790497,28.5996456146,0.56497335434,0,-15.2565974382,-3.0969684124,14.3522295273,seaward,true,topo-bathy.tt3,30,30,30,1,0.745425460136,false
aqaba_lse_c10_angm40,900,900,49,1500,1000,500,east,landward_inundated,187062,53,21.4902853763,12.3414272974,10,742250,88355.1328125,3181012,-19.8747596741,-8.17473506927,0.712985694408,0,1.38931069268,-2.82728642225,8.59469079178,landward,true,topo-bathy.tt3,30,30,30,1,0.517750252158,false
aqaba_lse_c10_angm40,900,900,49,1500,1000,500,east,combined_coastal,187062,326,30.9404115175,15.2947417156,10,653734,83313.2578125,3151031,11.8054790497,28.5996456146,0.56497335434,0,-15.2565974382,-3.0969684124,14.3522295273,seaward,true,topo-bathy.tt3,30,30,30,1,0.745425460136,false
aqaba_lse_c10_angm40,900,900,49,1500,1000,500,west,seaward,187062,284,4.66614006046,3.29243122844,10,790041,74429.953125,3199409,0.706429243088,-4.61235523224,0.885023415089,0,-3.74794553111,-3.64869457483,100.099446477,seaward,true,topo-bathy.tt3,30,30,30,1,0.112418013563,false
aqaba_lse_c10_angm40,900,900,49,1500,1000,500,west,landward_inundated,187062,122,4.41787219369,3.14015389851,10,690128,60834.8867188,3162345.25,3.46044516563,2.74643659592,0.338065028191,0,0.352865047756,0.0432329177856,9.52400671119,landward,true,topo-bathy.tt3,30,30,30,1,0.106436671372,false
aqaba_lse_c10_angm40,900,900,49,1500,1000,500,west,combined_coastal,187062,406,4.66614006046,3.65429793457,10,790041,74429.953125,3199409,0.706429243088,-4.61235523224,0.885023415089,0,-3.74794553111,-3.64869457483,100.099446477,seaward,true,topo-bathy.tt3,30,30,30,1,0.112418013563,false
aqaba_lse_c10_angm40,900,900,50,1620,1000,500,east,seaward,193065,270,30.769802854,12.9992126224,10,653734,83313.2578125,3151031,11.820898056,28.408575058,0.551267206669,0,-15.2565974382,-3.096968472,14.3522295273,seaward,true,topo-bathy.tt3,30,30,30,1,0.741315106224,false
aqaba_lse_c10_angm40,900,900,50,1620,1000,500,east,landward_inundated,193065,57,15.7189754981,10.6376935974,10,668677,85564.09375,3156252.75,9.84551620483,12.2536525726,0.77617007494,0,3.71568529799,-1.10100951791,17.9409922855,landward,true,topo-bathy.tt3,30,30,30,1,0.37870616352,false
aqaba_lse_c10_angm40,900,900,50,1620,1000,500,east,combined_coastal,193065,327,30.769802854,14.2503035102,10,653734,83313.2578125,3151031,11.820898056,28.408575058,0.551267206669,0,-15.2565974382,-3.096968472,14.3522295273,seaward,true,topo-bathy.tt3,30,30,30,1,0.741315106224,false
aqaba_lse_c10_angm40,900,900,50,1620,1000,500,west,seaward,193065,285,4.08151323665,3.53847964503,10,713935,64646.3046875,3171348.5,-1.41887593269,-3.82694935799,0.275347173214,0,-2.76582102101,-2.12390309572,23.3581065501,seaward,true,topo-bathy.tt3,30,30,30,1,0.0983330128223,false
aqaba_lse_c10_angm40,900,900,50,1620,1000,500,west,landward_inundated,193065,116,3.41126061773,2.81955122566,10,727069,68247.6484375,3175760.25,2.81762933731,-1.9229310751,0.822904229164,0,0.419823462831,-1.88071513176,5.78126961706,landward,true,topo-bathy.tt3,30,30,30,1,0.0821850903363,false
aqaba_lse_c10_angm40,900,900,50,1620,1000,500,west,combined_coastal,193065,401,4.08151323665,3.57978296985,10,713935,64646.3046875,3171348.5,-1.41887593269,-3.82694935799,0.275347173214,0,-2.76582102101,-2.12390309572,23.3581065501,seaward,true,topo-bathy.tt3,30,30,30,1,0.0983330128223,false
aqaba_lse_c10_angm40,900,900,51,1740,1000,500,east,seaward,198730,266,30.3623715716,12.9598000409,10,653734,83313.2578125,3151031,11.6630306244,28.0329685211,0.529536128044,0,-15.2565974382,-3.09696853161,14.3522295273,seaward,true,topo-bathy.tt3,30,30,30,1,0.731499152386,false
aqaba_lse_c10_angm40,900,900,51,1740,1000,500,east,landward_inundated,198730,61,13.7798204395,10.2594577193,10,677491,86644.5,3158473.75,-9.27150440216,-10.1942462921,1.18613648415,0,0.101047860148,-1.49569448829,5.40601291401,landward,true,topo-bathy.tt3,30,30,30,1,0.331987471655,false
aqaba_lse_c10_angm40,900,900,51,1740,1000,500,east,combined_coastal,198730,327,30.3623715716,14.2617495541,10,653734,83313.2578125,3151031,11.6630306244,28.0329685211,0.529536128044,0,-15.2565974382,-3.09696853161,14.3522295273,seaward,true,topo-bathy.tt3,30,30,30,1,0.731499152386,false
aqaba_lse_c10_angm40,900,900,51,1740,1000,500,west,seaward,198730,264,4.19138442895,3.215695394,10,674801,59064.2265625,3157993.5,-4.1892156601,0.134816855192,1.64905822277,0,-2.69924533031,-3.10474121571,30.7883926838,seaward,true,topo-bathy.tt3,30,30,30,1,0.10098006178,false
aqaba_lse_c10_angm40,900,900,51,1740,1000,500,west,landward_inundated,198730,106,4.02407320326,2.47466659342,10,654558,54712.6054688,3151301,4.0181927681,-0.217467293143,0.239640131593,0,5.55472144706,-0.820609882474,22.4123743874,landward,true,topo-bathy.tt3,30,30,30,1,0.0969491507072,false
aqaba_lse_c10_angm40,900,900,51,1740,1000,500,west,combined_coastal,198730,370,4.19138442895,3.37411876933,10,674801,59064.2265625,3157993.5,-4.1892156601,0.134816855192,1.64905822277,0,-2.69924533031,-3.10474121571,30.7883926838,seaward,true,topo-bathy.tt3,30,30,30,1,0.10098006178,false
aqaba_lse_c10_angm40,900,900,52,1860,1000,500,east,seaward,192930,259,13.9116698845,10.3897462666,10,652810,83133.1875,3150760.75,-10.1818132401,-9.47972774506,0.856055021286,0,-2.99863725963,-1.88238465786,13.1413965938,seaward,true,topo-bathy.tt3,30,30,30,1,0.335164027118,false
aqaba_lse_c10_angm40,900,900,52,1860,1000,500,east,landward_inundated,192930,49,30.5594517989,13.7552244953,10,653735,83343.265625,3151031,11.7094593048,28.2270908356,0.560059547424,0,3.12202569097,-3.0969684124,3.47471362921,landward,true,topo-bathy.tt3,30,30,30,1,0.73624726697,false
aqaba_lse_c10_angm40,900,900,52,1860,1000,500,east,combined_coastal,192930,308,30.5594517989,14.7418280088,10,653735,83343.265625,3151031,11.7094593048,28.2270908356,0.560059547424,0,3.12202569097,-3.0969684124,3.47471362921,landward,true,topo-bathy.tt3,30,30,30,1,0.73624726697,false
aqaba_lse_c10_angm40,900,900,52,1860,1000,500,west,seaward,192930,286,3.22438690806,2.77582045103,10,726978,68277.65625,3175730,3.07441520691,-0.971926987171,0.952634692192,0,-1.30021090689,-1.43277341127,17.19550253,seaward,true,topo-bathy.tt3,30,30,30,1,0.0776828741671,false
aqaba_lse_c10_angm40,900,900,52,1860,1000,500,west,landward_inundated,192930,112,3.4417527818,2.43303280289,10,844602,78661.5234375,3219066.25,-2.26347064972,2.59275197983,0.800373256207,0,0.402124141135,-0.505123466253,6.69143738256,landward,true,topo-bathy.tt3,30,30,30,1,0.0829197164877,false
aqaba_lse_c10_angm40,900,900,52,1860,1000,500,west,combined_coastal,192930,398,3.4417527818,2.98046822911,10,844602,78661.5234375,3219066.25,-2.26347064972,2.59275197983,0.800373256207,0,0.402124141135,-0.505123466253,6.69143738256,landward,true,topo-bathy.tt3,30,30,30,1,0.0829197164877,false
aqaba_lse_c10_angm40,900,900,53,1980,1000,500,east,seaward,195018,263,32.2461779099,11.6829031388,10,653734,83313.2578125,3151031,11.928062439,29.9589271545,0.553935527802,0,-15.2565974382,-3.0969684124,14.3522295273,seaward,true,topo-bathy.tt3,30,30,30,1,0.776884366664,false
aqaba_lse_c10_angm40,900,900,53,1980,1000,500,east,landward_inundated,195018,46,15.1976901041,10.4008076499,10,742250,88355.1328125,3181012,-13.0329360962,-7.81743955612,1.20331215858,0,1.38931069268,-2.82728636265,8.59469079178,landward,true,topo-bathy.tt3,30,30,30,1,0.366147203066,false
aqaba_lse_c10_angm40,900,900,53,1980,1000,500,east,combined_coastal,195018,309,32.2461779099,13.6136998447,10,653734,83313.2578125,3151031,11.928062439,29.9589271545,0.553935527802,0,-15.2565974382,-3.0969684124,14.3522295273,seaward,true,topo-bathy.tt3,30,30,30,1,0.776884366664,false
aqaba_lse_c10_angm40,900,900,53,1980,1000,500,west,seaward,195018,292,3.98529482158,3.12262582353,10,674502,60174.640625,3157933.5,-1.10007917881,-3.83045697212,0.41201967001,0,-2.10766750962,-1.03541225195,13.6316479574,seaward,true,topo-bathy.tt3,30,30,30,1,0.0960148905734,false
aqaba_lse_c10_angm40,900,900,53,1980,1000,500,west,landward_inundated,195018,98,3.14501744999,2.23687266193,10,679690,60654.8203125,3158863.75,2.22188901901,2.22583556175,0.916900575161,0,0.580216990431,-2.53119367361,1.98654803003,landward,true,topo-bathy.tt3,30,30,30,1,0.0757706819273,false
aqaba_lse_c10_angm40,900,900,53,1980,1000,500,west,combined_coastal,195018,390,3.98529482158,3.17596134019,10,674502,60174.640625,3157933.5,-1.10007917881,-3.83045697212,0.41201967001,0,-2.10766750962,-1.03541225195,13.6316479574,seaward,true,topo-bathy.tt3,30,30,30,1,0.0960148905734,false
aqaba_lse_c10_angm40,900,900,54,2100,1000,500,east,seaward,197342,270,35.0387643355,13.1250229569,10,653734,83313.2578125,3151031,12.377366066,32.7798080444,0.574825823307,0,-15.2565974382,-3.096968472,14.3522295273,seaward,true,topo-bathy.tt3,30,30,30,1,0.844164177086,false
aqaba_lse_c10_angm40,900,900,54,2100,1000,500,east,landward_inundated,197342,47,27.3079854599,11.8175087785,10,742250,88355.1328125,3181012,-25.5651454926,-9.59944820404,0.637134134769,0,1.38931069268,-2.82728654146,8.59469079178,landward,true,topo-bathy.tt3,30,30,30,1,0.657911987217,false
aqaba_lse_c10_angm40,900,900,54,2100,1000,500,east,combined_coastal,197342,317,35.0387643355,16.3637525868,10,653734,83313.2578125,3151031,12.377366066,32.7798080444,0.574825823307,0,-15.2565974382,-3.096968472,14.3522295273,seaward,true,topo-bathy.tt3,30,30,30,1,0.844164177086,false
aqaba_lse_c10_angm40,900,900,54,2100,1000,500,west,seaward,197342,282,3.59726350515,3.051562908,10,695130,61014.953125,3164386,3.58280611038,0.32218798995,0.359154701233,0,-2.00112708023,-1.60269582272,23.6092504458,seaward,true,topo-bathy.tt3,30,30,30,1,0.0866663264008,false
aqaba_lse_c10_angm40,900,900,54,2100,1000,500,west,landward_inundated,197342,105,4.5680702248,2.27663969847,10,680998,60774.8632812,3159104,4.09735488892,2.01964068413,0.261567503214,0,0.0243339891741,-1.26645436883,1.91429785181,landward,true,topo-bathy.tt3,30,30,30,1,0.110055286347,false
aqaba_lse_c10_angm40,900,900,54,2100,1000,500,west,combined_coastal,197342,387,4.5680702248,3.32601668735,10,680998,60774.8632812,3159104,4.09735488892,2.01964068413,0.261567503214,0,0.0243339891741,-1.26645436883,1.91429785181,landward,true,topo-bathy.tt3,30,30,30,1,0.110055286347,false
aqaba_lse_c10_angm40,900,900,55,2220,1000,500,east,seaward,199934,272,29.7916421309,11.5251638427,10,653734,83313.2578125,3151031,11.7994337082,27.3553524017,0.548770844936,0,-15.2565974382,-3.09696835279,14.3522295273,seaward,true,topo-bathy.tt3,30,30,30,1,0.717748971472,false
aqaba_lse_c10_angm40,900,900,55,2220,1000,500,east,landward_inundated,199934,40,13.2710533823,10.1289141632,10,668594,85534.0859375,3156222.75,12.6031217575,4.15718412399,1.89917731285,0,3.38959053816,-2.81663835049,14.9019690639,landward,true,topo-bathy.tt3,30,30,30,1,0.319730106639,false
aqaba_lse_c10_angm40,900,900,55,2220,1000,500,east,combined_coastal,199934,312,29.7916421309,13.3733248787,10,653734,83313.2578125,3151031,11.7994337082,27.3553524017,0.548770844936,0,-15.2565974382,-3.09696835279,14.3522295273,seaward,true,topo-bathy.tt3,30,30,30,1,0.717748971472,false
aqaba_lse_c10_angm40,900,900,55,2220,1000,500,west,seaward,199934,277,3.64087229351,2.95394391025,10,672833,59994.5742188,3157603.25,3.57407402992,0.694223225117,0.98726350069,0,-2.25843540505,-1.79430931807,39.5343462632,seaward,true,topo-bathy.tt3,30,30,30,1,0.0877169621079,false
aqaba_lse_c10_angm40,900,900,55,2220,1000,500,west,landward_inundated,199934,105,3.01121871821,2.18672957251,10,674629,59094.2382812,3157963.5,-2.90982365608,-0.77483189106,0.479272007942,0,0.545458467418,0.0754193067551,1.46291413359,landward,true,topo-bathy.tt3,30,30,30,1,0.0725471636768,false
aqaba_lse_c10_angm40,900,900,55,2220,1000,500,west,combined_coastal,199934,382,3.64087229351,3.01901159407,10,672833,59994.5742188,3157603.25,3.57407402992,0.694223225117,0.98726350069,0,-2.25843540505,-1.79430931807,39.5343462632,seaward,true,topo-bathy.tt3,30,30,30,1,0.0877169621079,false
aqaba_lse_c10_angm40,900,900,56,2340,1000,500,east,seaward,197889,252,32.7772145607,13.0014193989,10,653734,83313.2578125,3151031,12.2542705536,30.4003067017,0.505161583424,0,-15.2565974382,-3.096968472,14.3522295273,seaward,true,topo-bathy.tt3,30,30,30,1,0.789678257252,false
aqaba_lse_c10_angm40,900,900,56,2340,1000,500,east,landward_inundated,197889,49,23.2615773448,12.6880333119,10,742250,88355.1328125,3181012,-21.1871623993,-9.60235023499,0.915766775608,0,1.38931069268,-2.82728642225,8.59469079178,landward,true,topo-bathy.tt3,30,30,30,1,0.56042473727,false
aqaba_lse_c10_angm40,900,900,56,2340,1000,500,east,combined_coastal,197889,301,32.7772145607,16.1798043724,10,653734,83313.2578125,3151031,12.2542705536,30.4003067017,0.505161583424,0,-15.2565974382,-3.096968472,14.3522295273,seaward,true,topo-bathy.tt3,30,30,30,1,0.789678257252,false
aqaba_lse_c10_angm40,900,900,56,2340,1000,500,west,seaward,197889,272,3.46582536294,2.65432949541,10,673554,59274.3046875,3157753.5,2.07608532906,-2.77521443367,0.799668550491,0,-2.8063311718,-1.83717000484,54.774758534,seaward,true,topo-bathy.tt3,30,30,30,1,0.0834996801659,false
aqaba_lse_c10_angm40,900,900,56,2340,1000,500,west,landward_inundated,197889,99,3.99679688259,2.34767954006,10,834018,79621.8828125,3215074.75,-1.03586280346,-3.86022973061,0.44654789567,0,2.34534468628,-0.580422058702,0.860570865966,landward,true,topo-bathy.tt3,30,30,30,1,0.0962920015974,false
aqaba_lse_c10_angm40,900,900,56,2340,1000,500,west,combined_coastal,197889,371,3.99679688259,2.94890415886,10,834018,79621.8828125,3215074.75,-1.03586280346,-3.86022973061,0.44654789567,0,2.34534468628,-0.580422058702,0.860570865966,landward,true,topo-bathy.tt3,30,30,30,1,0.0962920015974,false
aqaba_lse_c10_angm40,900,900,57,2460,1000,500,east,seaward,197391,244,18.9225517718,9.92974224724,10,653528,83253.234375,3150971,-15.3549585342,-11.0584001541,0.756697237492,0,-14.1423476664,-1.0243473351,14.2840189202,seaward,true,topo-bathy.tt3,30,30,30,1,0.455887661786,false
aqaba_lse_c10_angm40,900,900,57,2460,1000,500,east,landward_inundated,197391,58,25.9715877084,12.1009077607,10,742250,88355.1328125,3181012,-23.7669277191,-10.4717006683,0.491414904594,0,1.38931069268,-2.82728636265,8.59469079178,landward,true,topo-bathy.tt3,30,30,30,1,0.625715101009,false
aqaba_lse_c10_angm40,900,900,57,2460,1000,500,east,combined_coastal,197391,302,25.9715877084,14.086291332,10,742250,88355.1328125,3181012,-23.7669277191,-10.4717006683,0.491414904594,0,1.38931069268,-2.82728636265,8.59469079178,landward,true,topo-bathy.tt3,30,30,30,1,0.625715101009,false
aqaba_lse_c10_angm40,900,900,57,2460,1000,500,west,seaward,197391,278,3.6026039194,2.65976982379,10,673554,59274.3046875,3157753.5,2.31584191322,-2.75964331627,0.772361516953,0,-2.8063311718,-1.83716988564,54.774758534,seaward,true,topo-bathy.tt3,30,30,30,1,0.0867949892257,false
aqaba_lse_c10_angm40,900,900,57,2460,1000,500,west,landward_inundated,197391,106,3.23071120606,2.09575531515,10,834018,79621.8828125,3215074.75,-1.59698152542,-2.80840611458,0.673774302006,0,2.34534468628,-0.580422073603,0.860570865966,landward,true,topo-bathy.tt3,30,30,30,1,0.0778352410075,false
aqaba_lse_c10_angm40,900,900,57,2460,1000,500,west,combined_coastal,197391,384,3.6026039194,2.78284088399,10,673554,59274.3046875,3157753.5,2.31584191322,-2.75964331627,0.772361516953,0,-2.8063311718,-1.83716988564,54.774758534,seaward,true,topo-bathy.tt3,30,30,30,1,0.0867949892257,false
aqaba_lse_c10_angm40,900,900,58,2580,1000,500,east,seaward,203059,253,10.9683626193,8.81901329967,10,731653,87364.765625,3177500.75,5.75189256668,-9.33920288086,4.58496999741,0,-9.48105934859,-6.04735815525,17.5075255352,seaward,true,topo-bathy.tt3,30,30,30,1,0.264253006066,false
aqaba_lse_c10_angm40,900,900,58,2580,1000,500,east,landward_inundated,203059,47,20.1130410342,14.0072193664,10,678686,86974.625,3158683.75,7.76884508133,18.5520744324,1.82005417347,0,2.36036501072,-4.45161688328,17.6684376468,landward,true,topo-bathy.tt3,30,30,30,1,0.484569277921,false
aqaba_lse_c10_angm40,900,900,58,2580,1000,500,east,combined_coastal,203059,300,20.1130410342,14.009704952,10,678686,86974.625,3158683.75,7.76884508133,18.5520744324,1.82005417347,0,2.36036501072,-4.45161688328,17.6684376468,landward,true,topo-bathy.tt3,30,30,30,1,0.484569277921,false
aqaba_lse_c10_angm40,900,900,58,2580,1000,500,west,seaward,203059,279,3.21716557771,2.80085884367,10,694226,60954.9296875,3164055.75,3.18187308311,0.475224196911,0.876699924469,0,-3.16046305406,-2.44955778122,21.9189520858,seaward,true,topo-bathy.tt3,30,30,30,1,0.0775088957603,false
aqaba_lse_c10_angm40,900,900,58,2580,1000,500,west,landward_inundated,203059,101,3.12522465342,2.03111892472,10,785485,72809.34375,3198028.5,3.05429530144,-0.662049353123,0.491958916187,0,0.334943452049,0.389738321304,7.08121365984,landward,true,topo-bathy.tt3,30,30,30,1,0.0752938280728,false
aqaba_lse_c10_angm40,900,900,58,2580,1000,500,west,combined_coastal,203059,380,3.21716557771,2.92752193734,10,694226,60954.9296875,3164055.75,3.18187308311,0.475224196911,0.876699924469,0,-3.16046305406,-2.44955778122,21.9189520858,seaward,true,topo-bathy.tt3,30,30,30,1,0.0775088957603,false
aqaba_lse_c10_angm40,900,900,59,2700,1000,500,east,seaward,202569,252,19.5933792954,10.8355148428,10,653734,83313.2578125,3151031,10.4776220322,16.5565681458,1.13314068317,0,-15.2565974382,-3.09696853161,14.3522295273,seaward,true,topo-bathy.tt3,30,30,30,1,0.472049435044,false
aqaba_lse_c10_angm40,900,900,59,2700,1000,500,east,landward_inundated,202569,45,21.1756641504,10.2036776616,10,678686,86974.625,3158683.75,7.95423936844,19.6249542236,2.01849007607,0,2.36036501072,-4.45161676407,17.6684376468,landward,true,topo-bathy.tt3,30,30,30,1,0.510170305396,false
aqaba_lse_c10_angm40,900,900,59,2700,1000,500,east,combined_coastal,202569,297,21.1756641504,13.5342992177,10,678686,86974.625,3158683.75,7.95423936844,19.6249542236,2.01849007607,0,2.36036501072,-4.45161676407,17.6684376468,landward,true,topo-bathy.tt3,30,30,30,1,0.510170305396,false
aqaba_lse_c10_angm40,900,900,59,2700,1000,500,west,seaward,202569,279,2.81260614196,2.48290817537,10,785734,72899.3828125,3198118.5,2.2175090313,1.73014652729,0.651803016663,0,-2.79269809436,-2.6521062851,41.9313492266,seaward,true,topo-bathy.tt3,30,30,30,1,0.0677621312942,false
aqaba_lse_c10_angm40,900,900,59,2700,1000,500,west,landward_inundated,202569,106,4.19110471079,2.00945707101,10,834018,79621.8828125,3215074.75,-1.58042967319,-3.88170075417,0.350633949041,0,2.34534468628,-0.580422058702,0.860570865966,landward,true,topo-bathy.tt3,30,30,30,1,0.100973322729,false
aqaba_lse_c10_angm40,900,900,59,2700,1000,500,west,combined_coastal,202569,385,4.19110471079,2.69884292187,10,834018,79621.8828125,3215074.75,-1.58042967319,-3.88170075417,0.350633949041,0,2.34534468628,-0.580422058702,0.860570865966,landward,true,topo-bathy.tt3,30,30,30,1,0.100973322729,false
aqaba_lse_c10_angm40,900,900,60,2820,1000,500,east,seaward,209051,256,22.9689050528,10.5180898998,10,653734,83313.2578125,3151031,11.4253835678,19.9256420135,0.927028715611,0,-15.2565974382,-3.096968472,14.3522295273,seaward,true,topo-bathy.tt3,30,30,30,1,0.553373590654,false
aqaba_lse_c10_angm40,900,900,60,2820,1000,500,east,landward_inundated,209051,48,18.7718373375,10.9936910847,10,742250,88355.1328125,3181012,-16.2491226196,-9.39935588837,0.797909200191,0,1.38931069268,-2.82728642225,8.59469079178,landward,true,topo-bathy.tt3,30,30,30,1,0.452256605473,false
aqaba_lse_c10_angm40,900,900,60,2820,1000,500,east,combined_coastal,209051,304,22.9689050528,13.3977597303,10,653734,83313.2578125,3151031,11.4253835678,19.9256420135,0.927028715611,0,-15.2565974382,-3.096968472,14.3522295273,seaward,true,topo-bathy.tt3,30,30,30,1,0.553373590654,false
aqaba_lse_c10_angm40,900,900,60,2820,1000,500,west,seaward,209051,282,3.20377058177,2.48648559098,10,821684,75900.5,3211473.5,-0.0149225471541,-3.2037358284,0.408893883228,0,-1.00700109815,-0.836035847664,21.9820477075,seaward,true,topo-bathy.tt3,30,30,30,1,0.0771861795932,false
aqaba_lse_c10_angm40,900,900,60,2820,1000,500,west,landward_inundated,209051,95,2.85354133359,1.83693755011,10,834018,79621.8828125,3215074.75,-1.07172417641,-2.64463710785,0.71774148941,0,2.34534468628,-0.580422058702,0.860570865966,landward,true,topo-bathy.tt3,30,30,30,1,0.0687483539255,false
aqaba_lse_c10_angm40,900,900,60,2820,1000,500,west,combined_coastal,209051,377,3.20377058177,2.62631065475,10,821684,75900.5,3211473.5,-0.0149225471541,-3.2037358284,0.408893883228,0,-1.00700109815,-0.836035847664,21.9820477075,seaward,true,topo-bathy.tt3,30,30,30,1,0.0771861795932,false
aqaba_lse_c10_angm40,900,900,61,2940,1000,500,east,seaward,206855,246,17.6084998056,10.7399380045,10,653734,83313.2578125,3151031,9.57573223114,14.7771654129,1.68002271652,0,-15.2565974382,-3.0969684124,14.3522295273,seaward,true,topo-bathy.tt3,30,30,30,1,0.424229136785,false
aqaba_lse_c10_angm40,900,900,61,2940,1000,500,east,landward_inundated,206855,50,14.1355860649,11.3259115734,10,677491,86644.5,3158473.75,-9.78542804718,-10.2009897232,1.01801693439,0,0.101047860148,-1.49569445848,5.40601291401,landward,true,topo-bathy.tt3,30,30,30,1,0.340558681347,false
aqaba_lse_c10_angm40,900,900,61,2940,1000,500,east,combined_coastal,206855,296,17.6084998056,12.8159417415,10,653734,83313.2578125,3151031,9.57573223114,14.7771654129,1.68002271652,0,-15.2565974382,-3.0969684124,14.3522295273,seaward,true,topo-bathy.tt3,30,30,30,1,0.424229136785,false
aqaba_lse_c10_angm40,900,900,61,2940,1000,500,west,seaward,206855,286,3.36579769127,2.59936165312,10,699246,61435.109375,3166066.5,2.82143425941,1.83523917198,0.807760179043,0,-2.3089498535,-2.05373984575,33.1733840663,seaward,true,topo-bathy.tt3,30,30,30,1,0.0810897841911,false
aqaba_lse_c10_angm40,900,900,61,2940,1000,500,west,landward_inundated,206855,97,2.64171406503,1.68035494758,10,690209,60804.875,3162375.25,-0.315706074238,2.62278151512,0.493122458458,0,0.981591043011,-1.41773056984,21.5448072258,landward,true,topo-bathy.tt3,30,30,30,1,0.0636449493038,false
aqaba_lse_c10_angm40,900,900,61,2940,1000,500,west,combined_coastal,206855,383,3.36579769127,2.67422309894,10,699246,61435.109375,3166066.5,2.82143425941,1.83523917198,0.807760179043,0,-2.3089498535,-2.05373984575,33.1733840663,seaward,true,topo-bathy.tt3,30,30,30,1,0.0810897841911,false
aqaba_lse_c10_angm40,900,900,62,3060,1000,500,east,seaward,211014,248,17.4645265613,11.9479283614,10,653528,83253.234375,3150971,-15.887673378,-7.25200128555,0.540908038616,0,-14.1423476664,-1.0243473649,14.2840189202,seaward,true,topo-bathy.tt3,30,30,30,1,0.420760491199,false
aqaba_lse_c10_angm40,900,900,62,3060,1000,500,east,landward_inundated,211014,45,14.2357087886,10.5860335084,10,742250,88355.1328125,3181012,-11.6205701828,-8.2230014801,1.1060603857,0,1.38931069268,-2.82728648186,8.59469079178,landward,true,topo-bathy.tt3,30,30,30,1,0.342970867343,false
aqaba_lse_c10_angm40,900,900,62,3060,1000,500,east,combined_coastal,211014,293,17.4645265613,13.3783775319,10,653528,83253.234375,3150971,-15.887673378,-7.25200128555,0.540908038616,0,-14.1423476664,-1.0243473649,14.2840189202,seaward,true,topo-bathy.tt3,30,30,30,1,0.420760491199,false
aqaba_lse_c10_angm40,900,900,62,3060,1000,500,west,seaward,211014,286,2.97543849445,2.30033220839,10,672698,59934.5507812,3157573.25,0.991145312786,-2.8055062294,0.343891084194,0,-1.79050898431,-1.24319392443,50.9133616224,seaward,true,topo-bathy.tt3,30,30,30,1,0.071685136042,false
aqaba_lse_c10_angm40,900,900,62,3060,1000,500,west,landward_inundated,211014,104,3.11577958534,1.77527530352,10,834018,79621.8828125,3215074.75,-0.71348541975,-3.0329887867,0.741760253906,0,2.34534468628,-0.580422058702,0.860570865966,landward,true,topo-bathy.tt3,30,30,30,1,0.0750662747251,false
aqaba_lse_c10_angm40,900,900,62,3060,1000,500,west,combined_coastal,211014,390,3.11577958534,2.44873784884,10,834018,79621.8828125,3215074.75,-0.71348541975,-3.0329887867,0.741760253906,0,2.34534468628,-0.580422058702,0.860570865966,landward,true,topo-bathy.tt3,30,30,30,1,0.0750662747251,false
aqaba_lse_c10_angm40,900,900,63,3180,1000,500,east,seaward,214176,246,13.9018831084,9.78045269797,10,665483,84783.8046875,3155082.5,-4.26060390472,-13.2328987122,0.441564381123,0,-14.7220649337,1.73929971457,43.7206574552,seaward,true,topo-bathy.tt3,30,30,30,1,0.33492824124,false
aqaba_lse_c10_angm40,900,900,63,3180,1000,500,east,landward_inundated,214176,51,14.7584749507,10.3970349987,10,668594,85534.0859375,3156222.75,13.224489212,6.55175304413,1.53908038139,0,3.38959053816,-2.81663823128,14.9019690639,landward,true,topo-bathy.tt3,30,30,30,1,0.355565502895,false
aqaba_lse_c10_angm40,900,900,63,3180,1000,500,east,combined_coastal,214176,297,14.7584749507,12.0259436292,10,668594,85534.0859375,3156222.75,13.224489212,6.55175304413,1.53908038139,0,3.38959053816,-2.81663823128,14.9019690639,landward,true,topo-bathy.tt3,30,30,30,1,0.355565502895,false
aqaba_lse_c10_angm40,900,900,63,3180,1000,500,west,seaward,214176,289,2.81848174666,2.04304521659,10,782876,72779.3359375,3197008,2.77339267731,0.502127885818,0.98477011919,0,-1.18538580149,-1.84778040648,26.6505806229,seaward,true,topo-bathy.tt3,30,30,30,1,0.0679036880843,false
aqaba_lse_c10_angm40,900,900,63,3180,1000,500,west,landward_inundated,214176,93,2.55494231025,1.61653342768,10,834018,79621.8828125,3215074.75,-1.455493927,-2.09982562065,0.263428986073,0,2.34534468628,-0.580422073603,0.860570865966,landward,true,topo-bathy.tt3,30,30,30,1,0.0615544187625,false
aqaba_lse_c10_angm40,900,900,63,3180,1000,500,west,combined_coastal,214176,382,2.81848174666,2.19239204003,10,782876,72779.3359375,3197008,2.77339267731,0.502127885818,0.98477011919,0,-1.18538580149,-1.84778040648,26.6505806229,seaward,true,topo-bathy.tt3,30,30,30,1,0.0679036880843,false
aqaba_lse_c10_angm40,900,900,64,3300,1000,500,east,seaward,210950,250,16.7379383988,9.68370751196,10,665483,84783.8046875,3155082.5,-11.4214696884,-12.2355470657,0.344009548426,0,-14.7220649337,1.73929986358,43.7206574552,seaward,true,topo-bathy.tt3,30,30,30,1,0.403255316289,false
aqaba_lse_c10_angm40,900,900,64,3300,1000,500,east,landward_inundated,210950,47,13.8585844096,11.3422472749,10,738415,87544.8359375,3179841.75,-7.63669204712,-11.5646572113,0.189193665981,0,1.13133585126,-0.767416775227,9.14002827672,landward,true,topo-bathy.tt3,30,30,30,1,0.333885076302,false
aqaba_lse_c10_angm40,900,900,64,3300,1000,500,east,combined_coastal,210950,297,16.7379383988,12.4849061163,10,665483,84783.8046875,3155082.5,-11.4214696884,-12.2355470657,0.344009548426,0,-14.7220649337,1.73929986358,43.7206574552,seaward,true,topo-bathy.tt3,30,30,30,1,0.403255316289,false
aqaba_lse_c10_angm40,900,900,64,3300,1000,500,west,seaward,210950,278,2.7231069701,2.37286807582,10,785240,72839.359375,3197938.5,2.11111450195,1.72003114223,0.454065769911,0,-2.30861545511,-2.27940782905,39.1832212611,seaward,true,topo-bathy.tt3,30,30,30,1,0.0656058910217,false
aqaba_lse_c10_angm40,900,900,64,3300,1000,500,west,landward_inundated,210950,101,3.47209661922,1.72633666753,10,834018,79621.8828125,3215074.75,-0.706153512001,-3.39952969551,0.644294142723,0,2.34534468628,-0.5804220438,0.860570865966,landward,true,topo-bathy.tt3,30,30,30,1,0.0836507691097,false
aqaba_lse_c10_angm40,900,900,64,3300,1000,500,west,combined_coastal,210950,379,3.47209661922,2.51752686245,10,834018,79621.8828125,3215074.75,-0.706153512001,-3.39952969551,0.644294142723,0,2.34534468628,-0.5804220438,0.860570865966,landward,true,topo-bathy.tt3,30,30,30,1,0.0836507691097,false
aqaba_lse_c10_angm40,900,900,65,3420,1000,500,east,seaward,214018,236,15.6174019613,10.1098498636,10,731977,87244.71875,3177620.75,7.80982160568,-13.5244197845,1.66420149803,0,-7.58720694217,-4.72838354111,8.29475585142,seaward,true,topo-bathy.tt3,30,30,30,1,0.376259024109,false
aqaba_lse_c10_angm40,900,900,65,3420,1000,500,east,landward_inundated,214018,52,13.5137430529,10.5774139149,10,680877,87514.8203125,3159074,-2.87315964699,-13.2047796249,4.17715167999,0,2.52893145818,-7.79760813713,3.96245495746,landward,true,topo-bathy.tt3,30,30,30,1,0.325577057295,false
aqaba_lse_c10_angm40,900,900,65,3420,1000,500,east,combined_coastal,214018,288,15.6174019613,12.3579707042,10,731977,87244.71875,3177620.75,7.80982160568,-13.5244197845,1.66420149803,0,-7.58720694217,-4.72838354111,8.29475585142,seaward,true,topo-bathy.tt3,30,30,30,1,0.376259024109,false
aqaba_lse_c10_angm40,900,900,65,3420,1000,500,west,seaward,214018,258,2.31260291637,1.92077008045,10,790317,74429.953125,3199499,0.259247869253,-2.29802584648,0.324609518051,0,-0.508240150074,-0.351331135258,10.2153997446,seaward,true,topo-bathy.tt3,30,30,30,1,0.0557159070774,false
aqaba_lse_c10_angm40,900,900,65,3420,1000,500,west,landward_inundated,214018,116,2.78907008417,1.36358540058,10,834018,79621.8828125,3215074.75,-1.18490421772,-2.52485918999,0.64363771677,0,2.34534468628,-0.5804220438,0.860570865966,landward,true,topo-bathy.tt3,30,30,30,1,0.0671950936938,false
aqaba_lse_c10_angm40,900,900,65,3420,1000,500,west,combined_coastal,214018,374,2.78907008417,2.02789716633,10,834018,79621.8828125,3215074.75,-1.18490421772,-2.52485918999,0.64363771677,0,2.34534468628,-0.5804220438,0.860570865966,landward,true,topo-bathy.tt3,30,30,30,1,0.0671950936938,false
aqaba_lse_c10_angm40,900,900,66,3540,1000,500,east,seaward,219325,244,17.0704831199,9.04448177852,10,996183,109543.023438,3266664,12.5385131836,11.5839147568,0.348397016525,0,-38.3387510275,-0.952277183533,38.71755846,seaward,true,topo-bathy.tt3,30,30,30,1,0.41126708115,false
aqaba_lse_c10_angm40,900,900,66,3540,1000,500,east,landward_inundated,219325,57,13.8420664006,11.2103473741,10,668274,85474.0625,3156102.75,-11.7647571564,-7.29337310791,2.13860654831,0,1.51431338824,-1.4172077775,10.9927976647,landward,true,topo-bathy.tt3,30,30,30,1,0.33348711959,false
aqaba_lse_c10_angm40,900,900,66,3540,1000,500,east,combined_coastal,219325,301,17.0704831199,12.3809337947,10,996183,109543.023438,3266664,12.5385131836,11.5839147568,0.348397016525,0,-38.3387510275,-0.952277183533,38.71755846,seaward,true,topo-bathy.tt3,30,30,30,1,0.41126708115,false
aqaba_lse_c10_angm40,900,900,66,3540,1000,500,west,seaward,219325,284,3.27410147181,2.52230080814,10,811314,75600.3828125,3207422,3.21763586998,-0.605441868305,0.519006490707,0,-1.27491261953,-1.27759897709,24.8860539482,seaward,true,topo-bathy.tt3,30,30,30,1,0.0788806120037,false
aqaba_lse_c10_angm40,900,900,66,3540,1000,500,west,landward_inundated,219325,99,2.52515120171,1.50386748246,10,834018,79621.8828125,3215074.75,-1.21577620506,-2.21320509911,0.505602538586,0,2.34534468628,-0.580422095954,0.860570865966,landward,true,topo-bathy.tt3,30,30,30,1,0.0608366826466,false
aqaba_lse_c10_angm40,900,900,66,3540,1000,500,west,combined_coastal,219325,383,3.27410147181,2.56185396685,10,811314,75600.3828125,3207422,3.21763586998,-0.605441868305,0.519006490707,0,-1.27491261953,-1.27759897709,24.8860539482,seaward,true,topo-bathy.tt3,30,30,30,1,0.0788806120037,false
aqaba_lse_c10_angm40,900,900,67,3600,1000,500,east,seaward,214116,240,12.7139591622,10.459962367,10,665483,84783.8046875,3155082.5,-12.0519151688,-4.04920959473,16.0102729797,0,-14.7220649337,-20.6756210327,43.7206574552,seaward,true,topo-bathy.tt3,30,30,30,1,0.306308429454,false
aqaba_lse_c10_angm40,900,900,67,3600,1000,500,east,landward_inundated,214116,49,15.7806801654,11.3703749984,10,681042,87574.84375,3159104,-14.6074771881,-5.97088575363,0.598067462444,0,1.97509316051,-0.744032144547,10.9039972578,landward,true,topo-bathy.tt3,30,30,30,1,0.380192770446,false
aqaba_lse_c10_angm40,900,900,67,3600,1000,500,east,combined_coastal,214116,289,15.7806801654,12.1836612158,10,681042,87574.84375,3159104,-14.6074771881,-5.97088575363,0.598067462444,0,1.97509316051,-0.744032144547,10.9039972578,landward,true,topo-bathy.tt3,30,30,30,1,0.380192770446,false
aqaba_lse_c10_angm40,900,900,67,3600,1000,500,west,seaward,214116,287,2.87427761484,2.17874533787,10,790228,74519.984375,3199469,0.324581295252,-2.85589194298,0.358212381601,0,-1.01403925263,-0.46589936316,25.2431469496,seaward,true,topo-bathy.tt3,30,30,30,1,0.0692479384894,false
aqaba_lse_c10_angm40,900,900,67,3600,1000,500,west,landward_inundated,214116,93,2.77026226586,1.42735774581,10,834018,79621.8828125,3215074.75,-1.05590558052,-2.56113576889,0.665544092655,0,2.34534468628,-0.580422103405,0.860570865966,landward,true,topo-bathy.tt3,30,30,30,1,0.0667419702242,false
aqaba_lse_c10_angm40,900,900,67,3600,1000,500,west,combined_coastal,214116,380,2.87427761484,2.28487782116,10,790228,74519.984375,3199469,0.324581295252,-2.85589194298,0.358212381601,0,-1.01403925263,-0.46589936316,25.2431469496,seaward,true,topo-bathy.tt3,30,30,30,1,0.0692479384894,false
aqaba_lsf_nc10_angm30,900,900,44,900,1000,500,east,seaward,118104,364,8.26654465592,6.13304864062,10,714099,88775.2890625,3171438.5,-7.56921768188,-3.32305645943,0.336364299059,0,-21.7881029817,-1.01828297973,16.2436376071,seaward,true,topo-bathy.tt3,30,30,30,1,0.157579212981,false
aqaba_lsf_nc10_angm30,900,900,44,900,1000,500,east,landward_inundated,118104,61,15.4424089415,5.99234358116,10,738308,87544.8359375,3179841.75,-14.7329072952,-4.62703323364,0.312130540609,0,1.13133585126,-0.767416805029,9.14002827672,landward,true,topo-bathy.tt3,30,30,30,1,0.29436756817,false
aqaba_lsf_nc10_angm30,900,900,44,900,1000,500,east,combined_coastal,118104,425,15.4424089415,8.72015420136,10,738308,87544.8359375,3179841.75,-14.7329072952,-4.62703323364,0.312130540609,0,1.13133585126,-0.767416805029,9.14002827672,landward,true,topo-bathy.tt3,30,30,30,1,0.29436756817,false
aqaba_lsf_nc10_angm30,900,900,44,900,1000,500,west,seaward,118104,340,3.84707872211,2.9691574615,10,746969,71098.7109375,3182692.75,3.82453989983,-0.415823578835,0.313673257828,0,-2.43273204259,-1.95280861855,22.7669878283,seaward,true,topo-bathy.tt3,30,30,30,1,0.0733341030067,false
aqaba_lsf_nc10_angm30,900,900,44,900,1000,500,west,landward_inundated,118104,139,3.76574160072,2.42647317039,10,811717,75540.359375,3207302,0.904613316059,3.65547323227,0.781078159809,0,0.90134012146,0.916075527668,23.6789618228,landward,true,topo-bathy.tt3,30,30,30,1,0.0717836317873,false
aqaba_lsf_nc10_angm30,900,900,44,900,1000,500,west,combined_coastal,118104,479,3.84707872211,3.12837578072,10,746969,71098.7109375,3182692.75,3.82453989983,-0.415823578835,0.313673257828,0,-2.43273204259,-1.95280861855,22.7669878283,seaward,true,topo-bathy.tt3,30,30,30,1,0.0733341030067,false
aqaba_lsf_nc10_angm30,900,900,45,1020,1000,500,east,seaward,125688,331,13.1725895713,5.11981833872,10,725141,87995,3175160,5.5802822113,-11.9322071075,1.96023738384,0,-61.9251386854,-2.84279364347,46.818200599,seaward,true,topo-bathy.tt3,30,30,30,1,0.251099629165,false
aqaba_lsf_nc10_angm30,900,900,45,1020,1000,500,east,landward_inundated,125688,55,13.9382828878,5.80865387745,10,738308,87544.8359375,3179841.75,-13.2107887268,-4.44418621063,0.306703448296,2.16028531437e-33,1.13133585126,-0.767416805029,9.14002827672,landward,true,topo-bathy.tt3,30,30,30,1,0.265695491791,false
aqaba_lsf_nc10_angm30,900,900,45,1020,1000,500,east,combined_coastal,125688,386,13.9382828878,8.23313734846,10,738308,87544.8359375,3179841.75,-13.2107887268,-4.44418621063,0.306703448296,2.16028531437e-33,1.13133585126,-0.767416805029,9.14002827672,landward,true,topo-bathy.tt3,30,30,30,1,0.265695491791,false
aqaba_lsf_nc10_angm30,900,900,45,1020,1000,500,west,seaward,125688,343,2.99820942465,2.49265228659,10,720855,67017.1875,3173719.5,-1.13819694519,-2.77376413345,0.776027023792,0,-2.15533883311,-1.45484608412,50.3335813117,seaward,true,topo-bathy.tt3,30,30,30,1,0.0571527162987,false
aqaba_lsf_nc10_angm30,900,900,45,1020,1000,500,west,landward_inundated,125688,135,2.47185688873,2.17361756705,10,793829,75300.2734375,3200399.25,2.28144073486,0.95136988163,0.306308090687,0,1.3688424755,-0.808003604412,22.0289527904,landward,true,topo-bathy.tt3,30,30,30,1,0.0471192353446,false
aqaba_lsf_nc10_angm30,900,900,45,1020,1000,500,west,combined_coastal,125688,478,2.99820942465,2.56608955685,10,720855,67017.1875,3173719.5,-1.13819694519,-2.77376413345,0.776027023792,0,-2.15533883311,-1.45484608412,50.3335813117,seaward,true,topo-bathy.tt3,30,30,30,1,0.0571527162987,false
aqaba_lsf_nc10_angm30,900,900,46,1140,1000,500,east,seaward,129644,292,12.4495748659,6.62917648378,10,740737,87934.9765625,3180532,-10.283823967,-7.01675701141,9.66118335724,5.47184572497e-06,-5.22524039417,-12.142837286,6.90316538794,seaward,true,topo-bathy.tt3,30,30,30,1,0.237317318296,false
aqaba_lsf_nc10_angm30,900,900,46,1140,1000,500,east,landward_inundated,129644,53,6.61418560645,2.42815869553,10,664084,84723.78125,3154632.25,6.23168230057,-2.21666121483,3.73138070107,0,2.12123870436,-4.34882426262,9.41132140576,landward,true,topo-bathy.tt3,30,30,30,1,0.126081477299,false
aqaba_lsf_nc10_angm30,900,900,46,1140,1000,500,east,combined_coastal,129644,345,12.4495748659,6.9369677735,10,740737,87934.9765625,3180532,-10.283823967,-7.01675701141,9.66118335724,5.47184572497e-06,-5.22524039417,-12.142837286,6.90316538794,seaward,true,topo-bathy.tt3,30,30,30,1,0.237317318296,false
aqaba_lsf_nc10_angm30,900,900,46,1140,1000,500,west,seaward,129644,281,3.73802382684,2.56468119398,10,744437,70678.5546875,3181822.5,1.97194027901,-3.17557454109,0.137824863195,0,-0.594520327097,-0.141043438343,6.00226126349,seaward,true,topo-bathy.tt3,30,30,30,1,0.0712552677396,false
aqaba_lsf_nc10_angm30,900,900,46,1140,1000,500,west,landward_inundated,129644,124,2.46484980367,1.64399284818,10,743136,70348.4296875,3181372.25,2.45862746239,0.17503015697,0.492048293352,0,0.711885707883,-0.295666903257,12.3000433362,landward,true,topo-bathy.tt3,30,30,30,1,0.0469856643067,false
aqaba_lsf_nc10_angm30,900,900,46,1140,1000,500,west,combined_coastal,129644,405,3.73802382684,2.60745640417,10,744437,70678.5546875,3181822.5,1.97194027901,-3.17557454109,0.137824863195,0,-0.594520327097,-0.141043438343,6.00226126349,seaward,true,topo-bathy.tt3,30,30,30,1,0.0712552677396,false
aqaba_lsf_nc10_angm30,900,900,47,1260,1000,500,east,seaward,135720,261,13.5139710909,5.73378947439,10,738307,87514.8203125,3179841.75,-10.0972585678,-8.98180294037,1.05805802345,1.45937016811e-12,-13.6116686056,-0.767416805029,10.8480304157,seaward,true,topo-bathy.tt3,30,30,30,1,0.257607140273,false
aqaba_lsf_nc10_angm30,900,900,47,1260,1000,500,east,landward_inundated,135720,45,7.11768094968,1.80148238435,10,664084,84723.78125,3154632.25,6.20229578018,-3.4918346405,3.6182308197,0,2.12123870436,-4.34882432222,9.41132140576,landward,true,topo-bathy.tt3,30,30,30,1,0.135679247979,false
aqaba_lsf_nc10_angm30,900,900,47,1260,1000,500,east,combined_coastal,135720,306,13.5139710909,6.20491215115,10,738307,87514.8203125,3179841.75,-10.0972585678,-8.98180294037,1.05805802345,1.45937016811e-12,-13.6116686056,-0.767416805029,10.8480304157,seaward,true,topo-bathy.tt3,30,30,30,1,0.257607140273,false
aqaba_lsf_nc10_angm30,900,900,47,1260,1000,500,west,seaward,135720,254,3.16193121734,2.34947197871,10,720855,67017.1875,3173719.5,0.195899412036,-3.15585684776,0.989402711391,0,-2.15533883311,-1.45484605432,50.3335813117,seaward,true,topo-bathy.tt3,30,30,30,1,0.0602736274307,false
aqaba_lsf_nc10_angm30,900,900,47,1260,1000,500,west,landward_inundated,135720,126,2.55927802724,1.9405263407,10,834711,79621.8828125,3215074.75,-0.994587659836,-2.3581135273,0.348353534937,0,2.34534468628,-0.580422058702,0.860570865966,landward,true,topo-bathy.tt3,30,30,30,1,0.0487856818199,false
aqaba_lsf_nc10_angm30,900,900,47,1260,1000,500,west,combined_coastal,135720,380,3.16193121734,2.44425609892,10,720855,67017.1875,3173719.5,0.195899412036,-3.15585684776,0.989402711391,0,-2.15533883311,-1.45484605432,50.3335813117,seaward,true,topo-bathy.tt3,30,30,30,1,0.0602736274307,false
aqaba_lsf_nc10_angm30,900,900,48,1380,1000,500,east,seaward,131334,259,13.1986148639,6.54633562373,10,738307,87514.8203125,3179841.75,-12.2336511612,-4.95390892029,1.24860477448,3.70033421859e-06,-13.6116686056,-0.767416834831,10.8480304157,seaward,true,topo-bathy.tt3,30,30,30,1,0.251595730654,false
aqaba_lsf_nc10_angm30,900,900,48,1380,1000,500,east,landward_inundated,131334,45,7.08609449972,1.989653816,10,663900,84723.78125,3154572.25,6.24913883209,-3.34080815315,0.36695381999,0,2.05425420148,-0.449624225497,16.6222877447,landward,true,topo-bathy.tt3,30,30,30,1,0.135077138134,false
aqaba_lsf_nc10_angm30,900,900,48,1380,1000,500,east,combined_coastal,131334,304,13.1986148639,7.1782985129,10,738307,87514.8203125,3179841.75,-12.2336511612,-4.95390892029,1.24860477448,3.70033421859e-06,-13.6116686056,-0.767416834831,10.8480304157,seaward,true,topo-bathy.tt3,30,30,30,1,0.251595730654,false
aqaba_lsf_nc10_angm30,900,900,48,1380,1000,500,west,seaward,131334,243,3.1169101818,2.30437452585,10,742393,70198.375,3181102.25,-1.29578638077,-2.83479571342,0.856550991535,0,-1.23357952765,-1.47995769978,16.1076382986,seaward,true,topo-bathy.tt3,30,30,30,1,0.059415423714,false
aqaba_lsf_nc10_angm30,900,900,48,1380,1000,500,west,landward_inundated,131334,121,3.47179767716,2.03819532568,10,834711,79621.8828125,3215074.75,-1.25353848934,-3.23759484291,0.461514741182,0,2.34534468628,-0.580422066152,0.860570865966,landward,true,topo-bathy.tt3,30,30,30,1,0.0661803895543,false
aqaba_lsf_nc10_angm30,900,900,48,1380,1000,500,west,combined_coastal,131334,364,3.47179767716,2.55185943629,10,834711,79621.8828125,3215074.75,-1.25353848934,-3.23759484291,0.461514741182,0,2.34534468628,-0.580422066152,0.860570865966,landward,true,topo-bathy.tt3,30,30,30,1,0.0661803895543,false
aqaba_lsf_nc10_angm30,900,900,49,1500,1000,500,east,seaward,130420,242,11.8932364298,5.86898751537,10,681027,87334.7578125,3159104,-10.9203414917,-4.71117973328,13.4697389603,0,-2.30423130409,-17.6863365173,20.1598501673,seaward,true,topo-bathy.tt3,30,30,30,1,0.226712237629,false
aqaba_lsf_nc10_angm30,900,900,49,1500,1000,500,east,landward_inundated,130420,45,4.56416899538,2.12377505587,10,663900,84723.78125,3154572.25,3.94679069519,-2.29226565361,0.139461874962,0,2.05425420148,-0.449624240398,16.6222877447,landward,true,topo-bathy.tt3,30,30,30,1,0.0870034806732,false
aqaba_lsf_nc10_angm30,900,900,49,1500,1000,500,east,combined_coastal,130420,287,11.8932364298,6.09005978685,10,681027,87334.7578125,3159104,-10.9203414917,-4.71117973328,13.4697389603,0,-2.30423130409,-17.6863365173,20.1598501673,seaward,true,topo-bathy.tt3,30,30,30,1,0.226712237629,false
aqaba_lsf_nc10_angm30,900,900,49,1500,1000,500,west,seaward,130420,242,2.57540767829,2.07614433779,10,782467,72899.3828125,3196618,2.50693964958,-0.589896857738,0.73999351263,0,-2.32960080149,-2.38577002287,45.1753846504,seaward,true,topo-bathy.tt3,30,30,30,1,0.0490931497916,false
aqaba_lsf_nc10_angm30,900,900,49,1500,1000,500,west,landward_inundated,130420,122,3.58942303455,1.69308100197,10,834711,79621.8828125,3215074.75,-1.52984189987,-3.24708199501,0.390996336937,0,2.34534468628,-0.580422073603,0.860570865966,landward,true,topo-bathy.tt3,30,30,30,1,0.0684225973951,false
aqaba_lsf_nc10_angm30,900,900,49,1500,1000,500,west,combined_coastal,130420,364,3.58942303455,2.29944192742,10,834711,79621.8828125,3215074.75,-1.52984189987,-3.24708199501,0.390996336937,0,2.34534468628,-0.580422073603,0.860570865966,landward,true,topo-bathy.tt3,30,30,30,1,0.0684225973951,false
aqaba_lsf_nc10_angm30,900,900,50,1620,1000,500,east,seaward,131770,231,11.3598930727,4.70173726261,10,731466,87424.7890625,3177470.75,6.1386680603,-9.55844783783,0.593541920185,0,-3.50663634554,-1.1371538043,0.295106192778,seaward,true,topo-bathy.tt3,30,30,30,1,0.216545495664,false
aqaba_lsf_nc10_angm30,900,900,50,1620,1000,500,east,landward_inundated,131770,43,8.19606665447,2.50030787009,10,681035,87574.84375,3159104,4.42750167847,6.8972992897,0.644595146179,0,1.97509316051,-0.744032151997,10.9039972578,landward,true,topo-bathy.tt3,30,30,30,1,0.156235741378,false
aqaba_lsf_nc10_angm30,900,900,50,1620,1000,500,east,combined_coastal,131770,274,11.3598930727,5.77936048313,10,731466,87424.7890625,3177470.75,6.1386680603,-9.55844783783,0.593541920185,0,-3.50663634554,-1.1371538043,0.295106192778,seaward,true,topo-bathy.tt3,30,30,30,1,0.216545495664,false
aqaba_lsf_nc10_angm30,900,900,50,1620,1000,500,west,seaward,131770,251,2.44813581171,1.99414097223,10,637756,52941.9453125,3145208.75,2.2429189682,0.981164336205,0.591103792191,0,-0.90150494545,-1.1886947155,22.6957185686,seaward,true,topo-bathy.tt3,30,30,30,1,0.0466670574632,false
aqaba_lsf_nc10_angm30,900,900,50,1620,1000,500,west,landward_inundated,131770,117,3.86625032601,1.79527187699,10,834711,79621.8828125,3215074.75,-1.74098873138,-3.45207905769,0.288666546345,0,2.34534468628,-0.580422073603,0.860570865966,landward,true,topo-bathy.tt3,30,30,30,1,0.0736995575443,false
aqaba_lsf_nc10_angm30,900,900,50,1620,1000,500,west,combined_coastal,131770,368,3.86625032601,2.25941598916,10,834711,79621.8828125,3215074.75,-1.74098873138,-3.45207905769,0.288666546345,0,2.34534468628,-0.580422073603,0.860570865966,landward,true,topo-bathy.tt3,30,30,30,1,0.0736995575443,false
aqaba_lsf_nc10_angm30,900,900,51,1740,1000,500,east,seaward,132246,259,9.05124467565,4.35533699008,10,732455,86974.625,3177831,-1.77529883385,8.87543487549,0.849204063416,0,-28.7891057861,-1.28707805276,20.884193534,seaward,true,topo-bathy.tt3,30,30,30,1,0.172537386763,false
aqaba_lsf_nc10_angm30,900,900,51,1740,1000,500,east,landward_inundated,132246,49,7.05099743706,2.87094194901,10,680864,87334.7578125,3159074,-2.71452736855,-6.50752687454,0.0853708386421,0,2.52213868718,0.460308253765,9.44200829548,landward,true,topo-bathy.tt3,30,30,30,1,0.134408107996,false
aqaba_lsf_nc10_angm30,900,900,51,1740,1000,500,east,combined_coastal,132246,308,9.05124467565,5.63825864256,10,732455,86974.625,3177831,-1.77529883385,8.87543487549,0.849204063416,0,-28.7891057861,-1.28707805276,20.884193534,seaward,true,topo-bathy.tt3,30,30,30,1,0.172537386763,false
aqaba_lsf_nc10_angm30,900,900,51,1740,1000,500,west,seaward,132246,243,1.95369369394,1.50027719332,10,846825,78421.4375,3219636.5,1.9508484602,-0.105400830507,0.381823092699,0,-0.173647304607,-0.823456913233,12.6079622237,seaward,true,topo-bathy.tt3,30,30,30,1,0.037241861928,false
aqaba_lsf_nc10_angm30,900,900,51,1740,1000,500,west,landward_inundated,132246,128,4.32988240976,1.74401092983,10,834711,79621.8828125,3215074.75,-1.59962141514,-4.02356719971,0.325723946095,0,2.34534468628,-0.580422073603,0.860570865966,landward,true,topo-bathy.tt3,30,30,30,1,0.0825374434944,false
aqaba_lsf_nc10_angm30,900,900,51,1740,1000,500,west,combined_coastal,132246,371,4.32988240976,1.94342800554,10,834711,79621.8828125,3215074.75,-1.59962141514,-4.02356719971,0.325723946095,0,2.34534468628,-0.580422073603,0.860570865966,landward,true,topo-bathy.tt3,30,30,30,1,0.0825374434944,false
aqaba_lsf_nc10_angm30,900,900,52,1860,1000,500,east,seaward,135066,229,8.57401416237,4.04115341015,10,731951,87214.7109375,3177650.75,6.8510556221,-5.15526485443,0.955500006676,0,-3.69533460349,-1.37641245127,5.74472852527,seaward,true,topo-bathy.tt3,30,30,30,1,0.163440283702,false
aqaba_lsf_nc10_angm30,900,900,52,1860,1000,500,east,landward_inundated,135066,46,8.04017928814,1.92286872297,10,679371,87094.6640625,3158803.75,-1.67604339123,7.86354637146,0.170901298523,0,3.78442205853,-0.0898583307862,15.7382708507,landward,true,topo-bathy.tt3,30,30,30,1,0.153264172298,false
aqaba_lsf_nc10_angm30,900,900,52,1860,1000,500,east,combined_coastal,135066,275,8.57401416237,4.76113489696,10,731951,87214.7109375,3177650.75,6.8510556221,-5.15526485443,0.955500006676,0,-3.69533460349,-1.37641245127,5.74472852527,seaward,true,topo-bathy.tt3,30,30,30,1,0.163440283702,false
aqaba_lsf_nc10_angm30,900,900,52,1860,1000,500,west,seaward,135066,280,2.07392298843,1.73698029679,10,675816,60384.71875,3158173.5,1.32315731049,-1.59700071812,0.259029090405,0,-0.652805601995,-0.756086647511,24.6046835596,seaward,true,topo-bathy.tt3,30,30,30,1,0.0395337067547,false
aqaba_lsf_nc10_angm30,900,900,52,1860,1000,500,west,landward_inundated,135066,114,3.59463608386,1.53609090797,10,834711,79621.8828125,3215074.75,-1.44509804249,-3.29136753082,0.407330840826,0,2.34534468628,-0.580422073603,0.860570865966,landward,true,topo-bathy.tt3,30,30,30,1,0.068521970016,false
aqaba_lsf_nc10_angm30,900,900,52,1860,1000,500,west,combined_coastal,135066,394,3.59463608386,1.94575856415,10,834711,79621.8828125,3215074.75,-1.44509804249,-3.29136753082,0.407330840826,0,2.34534468628,-0.580422073603,0.860570865966,landward,true,topo-bathy.tt3,30,30,30,1,0.068521970016,false
aqaba_lsf_nc10_angm30,900,900,53,1980,1000,500,east,seaward,134291,225,9.60700592455,5.52985429212,10,732111,87094.6640625,3177710.75,5.96444940567,-7.53126192093,2.5544359684,0,-28.2795321176,-3.70185232162,30.3983168976,seaward,true,topo-bathy.tt3,30,30,30,1,0.183131464924,false
aqaba_lsf_nc10_angm30,900,900,53,1980,1000,500,east,landward_inundated,134291,50,7.29259846161,1.62845236957,10,681035,87574.84375,3159104,3.57615208626,6.35555887222,0.424891144037,0,1.97509316051,-0.744032174349,10.9039972578,landward,true,topo-bathy.tt3,30,30,30,1,0.139013575079,false
aqaba_lsf_nc10_angm30,900,900,53,1980,1000,500,east,combined_coastal,134291,275,9.60700592455,6.0183578424,10,732111,87094.6640625,3177710.75,5.96444940567,-7.53126192093,2.5544359684,0,-28.2795321176,-3.70185232162,30.3983168976,seaward,true,topo-bathy.tt3,30,30,30,1,0.183131464924,false
aqaba_lsf_nc10_angm30,900,900,53,1980,1000,500,west,seaward,134291,240,2.39573038346,1.54894451668,10,763737,72779.3359375,3189025,2.39516758919,-0.0519258119166,0.763575196266,0,-1.67084527947,-1.29726415873,19.6115325055,seaward,true,topo-bathy.tt3,30,30,30,1,0.0456680903636,false
aqaba_lsf_nc10_angm30,900,900,53,1980,1000,500,west,landward_inundated,134291,113,3.02531481472,1.57902346877,10,834711,79621.8828125,3215074.75,-1.07169079781,-2.82913565636,0.605545282364,0,2.34534468628,-0.580422049388,0.860570865966,landward,true,topo-bathy.tt3,30,30,30,1,0.0576694069128,false
aqaba_lsf_nc10_angm30,900,900,53,1980,1000,500,west,combined_coastal,134291,353,3.02531481472,1.8214219859,10,834711,79621.8828125,3215074.75,-1.07169079781,-2.82913565636,0.605545282364,0,2.34534468628,-0.580422049388,0.860570865966,landward,true,topo-bathy.tt3,30,30,30,1,0.0576694069128,false
aqaba_lsf_nc10_angm30,900,900,54,2100,1000,500,east,seaward,130237,202,10.4211453749,5.07538990152,10,731466,87424.7890625,3177470.75,8.59476089478,-5.8932466507,0.882767856121,0,-3.50663634554,-1.1371537745,0.295106192778,seaward,true,topo-bathy.tt3,30,30,30,1,0.19865082146,false
aqaba_lsf_nc10_angm30,900,900,54,2100,1000,500,east,landward_inundated,130237,52,9.20121406934,2.83940640223,10,680864,87334.7578125,3159074,-4.80555486679,-7.84659051895,0.560885608196,0,2.52213868718,0.460308253765,9.44200829548,landward,true,topo-bathy.tt3,30,30,30,1,0.175396145774,false
aqaba_lsf_nc10_angm30,900,900,54,2100,1000,500,east,combined_coastal,130237,254,10.4211453749,6.0261455103,10,731466,87424.7890625,3177470.75,8.59476089478,-5.8932466507,0.882767856121,0,-3.50663634554,-1.1371537745,0.295106192778,seaward,true,topo-bathy.tt3,30,30,30,1,0.19865082146,false
aqaba_lsf_nc10_angm30,900,900,54,2100,1000,500,west,seaward,130237,235,3.03400720968,1.84376028934,10,763737,72779.3359375,3189025,2.54290103912,1.65494835377,0.673680841923,0,-1.67084527947,-1.29726421833,19.6115325055,seaward,true,topo-bathy.tt3,30,30,30,1,0.0578351038048,false
aqaba_lsf_nc10_angm30,900,900,54,2100,1000,500,west,landward_inundated,130237,125,2.70035278623,1.36855087925,10,834711,79621.8828125,3215074.75,-1.25365507603,-2.39170527458,0.582931876183,0,2.34534468628,-0.580422099214,0.860570865966,landward,true,topo-bathy.tt3,30,30,30,1,0.0514748887882,false
aqaba_lsf_nc10_angm30,900,900,54,2100,1000,500,west,combined_coastal,130237,360,3.03400720968,2.0126537584,10,763737,72779.3359375,3189025,2.54290103912,1.65494835377,0.673680841923,0,-1.67084527947,-1.29726421833,19.6115325055,seaward,true,topo-bathy.tt3,30,30,30,1,0.0578351038048,false
aqaba_lsf_nc10_angm30,900,900,55,2220,1000,500,east,seaward,129178,205,10.3947492941,5.3536765905,10,731789,87274.734375,3177590.75,2.41644406319,-10.1099758148,2.71942687035,0,-6.53108994574,-3.7357943058,10.7812204655,seaward,true,topo-bathy.tt3,30,30,30,1,0.1981476519,false
aqaba_lsf_nc10_angm30,900,900,55,2220,1000,500,east,landward_inundated,129178,49,9.00081122138,3.36543643228,10,680210,87274.734375,3158954,-7.69851350784,-4.66342067719,0.707950949669,0,3.50611558021,2.10720479488,4.55943262884,landward,true,topo-bathy.tt3,30,30,30,1,0.171576009989,false
aqaba_lsf_nc10_angm30,900,900,55,2220,1000,500,east,combined_coastal,129178,254,10.3947492941,6.52328231673,10,731789,87274.734375,3177590.75,2.41644406319,-10.1099758148,2.71942687035,0,-6.53108994574,-3.7357943058,10.7812204655,seaward,true,topo-bathy.tt3,30,30,30,1,0.1981476519,false
aqaba_lsf_nc10_angm30,900,900,55,2220,1000,500,west,seaward,129178,243,2.19783654111,1.63643073212,10,790822,74309.90625,3199439,-0.258897215128,-2.18253469467,0.277067840099,0,-0.097867416873,0.0249796509743,1.05244649514,seaward,true,topo-bathy.tt3,30,30,30,1,0.0418957819531,false
aqaba_lsf_nc10_angm30,900,900,55,2220,1000,500,west,landward_inundated,129178,116,2.87292965325,1.4001168439,10,834711,79621.8828125,3215074.75,-0.96238732338,-2.70694208145,0.401289463043,0,2.34534468628,-0.580422058702,0.860570865966,landward,true,topo-bathy.tt3,30,30,30,1,0.0547645978524,false
aqaba_lsf_nc10_angm30,900,900,55,2220,1000,500,west,combined_coastal,129178,359,2.87292965325,1.84093710127,10,834711,79621.8828125,3215074.75,-0.96238732338,-2.70694208145,0.401289463043,0,2.34534468628,-0.580422058702,0.860570865966,landward,true,topo-bathy.tt3,30,30,30,1,0.0547645978524,false
aqaba_lsf_nc10_angm30,900,900,56,2340,1000,500,east,seaward,124165,210,10.305349574,5.64281940767,10,731294,87484.8125,3177410.75,9.72383975983,-3.41279506683,0.165167540312,0,-0.369142757515,1.21044865251,2.00121790512,seaward,true,topo-bathy.tt3,30,30,30,1,0.196443489144,false
aqaba_lsf_nc10_angm30,900,900,56,2340,1000,500,east,landward_inundated,124165,44,8.47472994155,4.00785676549,10,679371,87094.6640625,3158803.75,-3.11391305923,7.88191556931,0.334455251694,0,3.78442205853,-0.0898583233356,15.7382708507,landward,true,topo-bathy.tt3,30,30,30,1,0.161547699795,false
aqaba_lsf_nc10_angm30,900,900,56,2340,1000,500,east,combined_coastal,124165,254,10.305349574,6.89949615898,10,731294,87484.8125,3177410.75,9.72383975983,-3.41279506683,0.165167540312,0,-0.369142757515,1.21044865251,2.00121790512,seaward,true,topo-bathy.tt3,30,30,30,1,0.196443489144,false
aqaba_lsf_nc10_angm30,900,900,56,2340,1000,500,west,seaward,124165,241,1.68309726733,1.33799461553,10,672422,59844.515625,3157513.25,1.59650242329,-0.532913148403,0.682068288326,0,-0.64875582761,-1.18882477283,36.0383346913,seaward,true,topo-bathy.tt3,30,30,30,1,0.0320836762876,false
aqaba_lsf_nc10_angm30,900,900,56,2340,1000,500,west,landward_inundated,124165,112,2.93756221968,1.30494591552,10,834711,79621.8828125,3215074.75,-0.745999336243,-2.84125971794,0.568812012672,0,2.34534468628,-0.580422074534,0.860570865966,landward,true,topo-bathy.tt3,30,30,30,1,0.0559966421193,false
aqaba_lsf_nc10_angm30,900,900,56,2340,1000,500,west,combined_coastal,124165,353,2.93756221968,1.54353915114,10,834711,79621.8828125,3215074.75,-0.745999336243,-2.84125971794,0.568812012672,0,2.34534468628,-0.580422074534,0.860570865966,landward,true,topo-bathy.tt3,30,30,30,1,0.0559966421193,false
aqaba_lsf_nc10_angm30,900,900,57,2460,1000,500,east,seaward,128813,208,8.45394819248,4.33315762298,10,731546,87364.765625,3177500.75,2.82496142387,-7.96798801422,5.04866981506,0,-9.48105934859,-6.04735803604,17.5075255352,seaward,true,topo-bathy.tt3,30,30,30,1,0.161151552215,false
aqaba_lsf_nc10_angm30,900,900,57,2460,1000,500,east,landward_inundated,128813,41,7.68325476599,4.54173261199,10,898053,101980.210938,3237223,5.89683055878,-4.92542314529,3.57125592232,0,9.33572559107,-4.4527041316,14.929430221,landward,true,topo-bathy.tt3,30,30,30,1,0.146460376077,false
aqaba_lsf_nc10_angm30,900,900,57,2460,1000,500,east,combined_coastal,128813,249,8.45394819248,6.31017142915,10,731546,87364.765625,3177500.75,2.82496142387,-7.96798801422,5.04866981506,0,-9.48105934859,-6.04735803604,17.5075255352,seaward,true,topo-bathy.tt3,30,30,30,1,0.161151552215,false
aqaba_lsf_nc10_angm30,900,900,57,2460,1000,500,west,seaward,128813,231,2.53750262164,1.32226173784,10,672152,59724.4726562,3157453.25,-0.116185814142,-2.53484129906,0.550519049168,0,-1.73466100196,-0.758860766888,71.0308569677,seaward,true,topo-bathy.tt3,30,30,30,1,0.0483705928776,false
aqaba_lsf_nc10_angm30,900,900,57,2460,1000,500,west,landward_inundated,128813,119,2.66037912547,1.36245568003,10,834711,79621.8828125,3215074.75,-1.23412358761,-2.35681056976,0.558509767056,0,2.34534468628,-0.580422075465,0.860570865966,landward,true,topo-bathy.tt3,30,30,30,1,0.0507128995576,false
aqaba_lsf_nc10_angm30,900,900,57,2460,1000,500,west,combined_coastal,128813,350,2.66037912547,1.61706982534,10,834711,79621.8828125,3215074.75,-1.23412358761,-2.35681056976,0.558509767056,0,2.34534468628,-0.580422075465,0.860570865966,landward,true,topo-bathy.tt3,30,30,30,1,0.0507128995576,false
aqaba_lsf_nc10_angm30,900,900,58,2580,1000,500,east,seaward,125142,201,12.9129095554,5.30667558316,10,731546,87364.765625,3177500.75,5.79199075699,-11.5410604477,4.14275789261,0,-9.48105934859,-6.04735815525,17.5075255352,seaward,true,topo-bathy.tt3,30,30,30,1,0.246149535234,false
aqaba_lsf_nc10_angm30,900,900,58,2580,1000,500,east,landward_inundated,125142,49,7.68911122912,3.27660722014,10,679375,87214.7109375,3158803.75,-2.47378230095,-7.28030443192,0.516659677029,0,2.36863548788,-0.966032385826,15.5781612201,landward,true,topo-bathy.tt3,30,30,30,1,0.146572013634,false
aqaba_lsf_nc10_angm30,900,900,58,2580,1000,500,east,combined_coastal,125142,250,12.9129095554,6.8252247653,10,731546,87364.765625,3177500.75,5.79199075699,-11.5410604477,4.14275789261,0,-9.48105934859,-6.04735815525,17.5075255352,seaward,true,topo-bathy.tt3,30,30,30,1,0.246149535234,false
aqaba_lsf_nc10_angm30,900,900,58,2580,1000,500,west,seaward,125142,222,1.67576571224,1.05127822934,10,672152,59724.4726562,3157453.25,0.0951880216599,-1.67306005955,0.626456618309,0,-1.73466100196,-0.758860766888,71.0308569677,seaward,true,topo-bathy.tt3,30,30,30,1,0.0319439201102,false
aqaba_lsf_nc10_angm30,900,900,58,2580,1000,500,west,landward_inundated,125142,131,2.66786811965,1.2048848244,10,834711,79621.8828125,3215074.75,-1.49404668808,-2.21028161049,0.483505755663,0,2.34534468628,-0.580422066152,0.860570865966,landward,true,topo-bathy.tt3,30,30,30,1,0.0508556568833,false
aqaba_lsf_nc10_angm30,900,900,58,2580,1000,500,west,combined_coastal,125142,353,2.66786811965,1.36414660758,10,834711,79621.8828125,3215074.75,-1.49404668808,-2.21028161049,0.483505755663,0,2.34534468628,-0.580422066152,0.860570865966,landward,true,topo-bathy.tt3,30,30,30,1,0.0508556568833,false
aqaba_lsf_nc10_angm30,900,900,59,2700,1000,500,east,seaward,124925,196,10.2020201413,5.16651020151,10,731375,87454.796875,3177440.75,8.52911949158,-5.5977973938,0.641207993031,0,-1.71540208987,0.1892182827,0.850220520687,seaward,true,topo-bathy.tt3,30,30,30,1,0.194473794264,false
aqaba_lsf_nc10_angm30,900,900,59,2700,1000,500,east,landward_inundated,124925,40,8.91197581934,3.36008218549,10,679375,87214.7109375,3158803.75,-1.80763852596,-8.72672653198,0.503378450871,0,2.36863548788,-0.966032415628,15.5781612201,landward,true,topo-bathy.tt3,30,30,30,1,0.169882604422,false
aqaba_lsf_nc10_angm30,900,900,59,2700,1000,500,east,combined_coastal,124925,236,10.2020201413,6.13148177855,10,731375,87454.796875,3177440.75,8.52911949158,-5.5977973938,0.641207993031,0,-1.71540208987,0.1892182827,0.850220520687,seaward,true,topo-bathy.tt3,30,30,30,1,0.194473794264,false
aqaba_lsf_nc10_angm30,900,900,59,2700,1000,500,west,seaward,124925,234,1.71115491369,1.14966247212,10,674459,59094.2382812,3157933.5,-1.12167680264,-1.29224312305,0.0793149992824,0,-1.95907929246,-0.266369141638,13.594451134,seaward,true,topo-bathy.tt3,30,30,30,1,0.0326185190805,false
aqaba_lsf_nc10_angm30,900,900,59,2700,1000,500,west,landward_inundated,124925,120,2.64972588373,1.41460744977,10,834711,79621.8828125,3215074.75,-0.759271562099,-2.53861260414,0.467895925045,0,2.34534468628,-0.580422066152,0.860570865966,landward,true,topo-bathy.tt3,30,30,30,1,0.0505098244496,false
aqaba_lsf_nc10_angm30,900,900,59,2700,1000,500,west,combined_coastal,124925,354,2.64972588373,1.56755663747,10,834711,79621.8828125,3215074.75,-0.759271562099,-2.53861260414,0.467895925045,0,2.34534468628,-0.580422066152,0.860570865966,landward,true,topo-bathy.tt3,30,30,30,1,0.0505098244496,false
aqaba_lsf_nc10_angm30,900,900,60,2820,1000,500,east,seaward,129551,204,6.92968615694,3.32303459373,10,605896,75840.4765625,3134344.75,6.21185731888,3.07138061523,3.64513969421,0,-34.3802953502,-4.20550608635,26.4181925707,seaward,true,topo-bathy.tt3,30,30,30,1,0.132095638053,false
aqaba_lsf_nc10_angm30,900,900,60,2820,1000,500,east,landward_inundated,129551,44,8.64899046631,2.61794992916,10,679375,87214.7109375,3158803.75,-2.84249949455,-8.16855144501,0.498008221388,0,2.36863548788,-0.966032385826,15.5781612201,landward,true,topo-bathy.tt3,30,30,30,1,0.16486950322,false
aqaba_lsf_nc10_angm30,900,900,60,2820,1000,500,east,combined_coastal,129551,248,8.64899046631,4.68541462329,10,679375,87214.7109375,3158803.75,-2.84249949455,-8.16855144501,0.498008221388,0,2.36863548788,-0.966032385826,15.5781612201,landward,true,topo-bathy.tt3,30,30,30,1,0.16486950322,false
aqaba_lsf_nc10_angm30,900,900,60,2820,1000,500,west,seaward,129551,230,1.945964673,1.21294291567,10,674459,59094.2382812,3157933.5,1.35886025429,1.39293837547,0.160432755947,0,-1.95907929246,-0.266369141638,13.594451134,seaward,true,topo-bathy.tt3,30,30,30,1,0.0370945291441,false
aqaba_lsf_nc10_angm30,900,900,60,2820,1000,500,west,landward_inundated,129551,114,2.43130824736,1.30902046295,10,834711,79621.8828125,3215074.75,-0.825705528259,-2.28680348396,0.405061304569,0,2.34534468628,-0.580422073603,0.860570865966,landward,true,topo-bathy.tt3,30,30,30,1,0.0463462856708,false
aqaba_lsf_nc10_angm30,900,900,60,2820,1000,500,west,combined_coastal,129551,344,2.43130824736,1.54302197991,10,834711,79621.8828125,3215074.75,-0.825705528259,-2.28680348396,0.405061304569,0,2.34534468628,-0.580422073603,0.860570865966,landward,true,topo-bathy.tt3,30,30,30,1,0.0463462856708,false
aqaba_lsf_nc10_angm30,900,900,61,2940,1000,500,east,seaward,124076,192,6.86433619669,3.72746082698,10,605896,75840.4765625,3134344.75,6.13455629349,3.07998871803,3.66394472122,0,-34.3802953502,-4.20550620556,26.4181925707,seaward,true,topo-bathy.tt3,30,30,30,1,0.130849918622,false
aqaba_lsf_nc10_angm30,900,900,61,2940,1000,500,east,landward_inundated,124076,44,8.50073854357,2.17472046787,10,679375,87214.7109375,3158803.75,-2.78197979927,-8.03262996674,0.514590024948,0,2.36863548788,-0.966032415628,15.5781612201,landward,true,topo-bathy.tt3,30,30,30,1,0.162043483125,false
aqaba_lsf_nc10_angm30,900,900,61,2940,1000,500,east,combined_coastal,124076,236,8.50073854357,4.74767034951,10,679375,87214.7109375,3158803.75,-2.78197979927,-8.03262996674,0.514590024948,0,2.36863548788,-0.966032415628,15.5781612201,landward,true,topo-bathy.tt3,30,30,30,1,0.162043483125,false
aqaba_lsf_nc10_angm30,900,900,61,2940,1000,500,west,seaward,124076,238,1.76562830982,1.11013106626,10,718303,65696.6953125,3172999,1.60815060139,-0.72889983654,0.551595568657,0,-0.809949809471,-0.917865753174,30.9295181673,seaward,true,topo-bathy.tt3,30,30,30,1,0.033656906369,false
aqaba_lsf_nc10_angm30,900,900,61,2940,1000,500,west,landward_inundated,124076,104,2.5418847431,1.02163674811,10,834711,79621.8828125,3215074.75,-0.893703877926,-2.37959480286,0.566289544106,0,2.34534468628,-0.580422074534,0.860570865966,landward,true,topo-bathy.tt3,30,30,30,1,0.0484541261167,false
aqaba_lsf_nc10_angm30,900,900,61,2940,1000,500,west,combined_coastal,124076,342,2.5418847431,1.32233550574,10,834711,79621.8828125,3215074.75,-0.893703877926,-2.37959480286,0.566289544106,0,2.34534468628,-0.580422074534,0.860570865966,landward,true,topo-bathy.tt3,30,30,30,1,0.0484541261167,false
aqaba_lsf_nc10_angm30,900,900,62,3060,1000,500,east,seaward,126361,186,6.84835334066,3.6283040774,10,605896,75840.4765625,3134344.75,6.08867454529,3.13496184349,3.63920927048,0,-34.3802953502,-4.20550614595,26.4181925707,seaward,true,topo-bathy.tt3,30,30,30,1,0.130545248899,false
aqaba_lsf_nc10_angm30,900,900,62,3060,1000,500,east,landward_inundated,126361,40,8.46871780068,3.25403272998,10,679375,87214.7109375,3158803.75,-2.81221532822,-7.98815536499,0.500188946724,0,2.36863548788,-0.966032415628,15.5781612201,landward,true,topo-bathy.tt3,30,30,30,1,0.161433094665,false
aqaba_lsf_nc10_angm30,900,900,62,3060,1000,500,east,combined_coastal,126361,226,8.46871780068,5.34493464203,10,679375,87214.7109375,3158803.75,-2.81221532822,-7.98815536499,0.500188946724,0,2.36863548788,-0.966032415628,15.5781612201,landward,true,topo-bathy.tt3,30,30,30,1,0.161433094665,false
aqaba_lsf_nc10_angm30,900,900,62,3060,1000,500,west,seaward,126361,241,1.29728652562,0.877539509337,10,718303,65696.6953125,3172999,0.603655397892,1.14828240871,0.959949970245,0,-0.809949809471,-0.917865797877,30.9295181673,seaward,true,topo-bathy.tt3,30,30,30,1,0.0247292427765,false
aqaba_lsf_nc10_angm30,900,900,62,3060,1000,500,west,landward_inundated,126361,112,2.35449543688,1.11566283974,10,834711,79621.8828125,3215074.75,-1.06669294834,-2.09900331497,0.449849158525,0,2.34534468628,-0.580422058702,0.860570865966,landward,true,topo-bathy.tt3,30,30,30,1,0.0448820581459,false
aqaba_lsf_nc10_angm30,900,900,62,3060,1000,500,west,combined_coastal,126361,353,2.35449543688,1.20758002527,10,834711,79621.8828125,3215074.75,-1.06669294834,-2.09900331497,0.449849158525,0,2.34534468628,-0.580422058702,0.860570865966,landward,true,topo-bathy.tt3,30,30,30,1,0.0448820581459,false
aqaba_lsf_nc10_angm30,900,900,63,3180,1000,500,east,seaward,125422,188,6.9421090409,3.79109041019,10,605896,75840.4765625,3134344.75,6.16143798828,3.19836831093,3.6006102562,0,-34.3802953502,-4.20550614595,26.4181925707,seaward,true,topo-bathy.tt3,30,30,30,1,0.132332446582,false
aqaba_lsf_nc10_angm30,900,900,63,3180,1000,500,east,landward_inundated,125422,44,8.38555331523,3.33854943952,10,679375,87214.7109375,3158803.75,-2.80235362053,-7.9034371376,0.484653413296,0,2.36863548788,-0.966032415628,15.5781612201,landward,true,topo-bathy.tt3,30,30,30,1,0.159847789715,false
aqaba_lsf_nc10_angm30,900,900,63,3180,1000,500,east,combined_coastal,125422,232,8.38555331523,5.25005501798,10,679375,87214.7109375,3158803.75,-2.80235362053,-7.9034371376,0.484653413296,0,2.36863548788,-0.966032415628,15.5781612201,landward,true,topo-bathy.tt3,30,30,30,1,0.159847789715,false
aqaba_lsf_nc10_angm30,900,900,63,3180,1000,500,west,seaward,125422,229,2.15385418433,1.03462083883,10,674459,59094.2382812,3157933.5,-0.815853476524,-1.99335670471,0.29721903801,0,-1.95907929246,-0.26636913605,13.594451134,seaward,true,topo-bathy.tt3,30,30,30,1,0.0410573778249,false
aqaba_lsf_nc10_angm30,900,900,63,3180,1000,500,west,landward_inundated,125422,116,2.63499941169,1.30550953136,10,834711,79621.8828125,3215074.75,-1.01937401295,-2.4298350811,0.574402093887,0,2.34534468628,-0.580422098283,0.860570865966,landward,true,topo-bathy.tt3,30,30,30,1,0.0502291042732,false
aqaba_lsf_nc10_angm30,900,900,63,3180,1000,500,west,combined_coastal,125422,345,2.63499941169,1.47729088757,10,834711,79621.8828125,3215074.75,-1.01937401295,-2.4298350811,0.574402093887,0,2.34534468628,-0.580422098283,0.860570865966,landward,true,topo-bathy.tt3,30,30,30,1,0.0502291042732,false
aqaba_lsf_nc10_angm30,900,900,64,3300,1000,500,east,seaward,122097,183,6.7417100334,4.33525091495,10,605896,75840.4765625,3134344.75,5.94525766373,3.17876791954,3.65700221062,0,-34.3802953502,-4.20550608635,26.4181925707,seaward,true,topo-bathy.tt3,30,30,30,1,0.128512384004,false
aqaba_lsf_nc10_angm30,900,900,64,3300,1000,500,east,landward_inundated,122097,39,8.38113325303,2.82566624614,10,679375,87214.7109375,3158803.75,-2.75276327133,-7.91616630554,0.50667154789,0,2.36863548788,-0.966032415628,15.5781612201,landward,true,topo-bathy.tt3,30,30,30,1,0.159763533239,false
aqaba_lsf_nc10_angm30,900,900,64,3300,1000,500,east,combined_coastal,122097,222,8.38113325303,5.33338129532,10,679375,87214.7109375,3158803.75,-2.75276327133,-7.91616630554,0.50667154789,0,2.36863548788,-0.966032415628,15.5781612201,landward,true,topo-bathy.tt3,30,30,30,1,0.159763533239,false
aqaba_lsf_nc10_angm30,900,900,64,3300,1000,500,west,seaward,122097,228,1.26632664891,0.895523816108,10,832363,79621.8828125,3214054.5,-0.114424094558,-1.2611464262,3.00066161156,0,-1.42874562091,-3.01883154549,13.91367323,seaward,true,topo-bathy.tt3,30,30,30,1,0.0241390768475,false
aqaba_lsf_nc10_angm30,900,900,64,3300,1000,500,west,landward_inundated,122097,113,2.56235708782,1.21533173265,10,834711,79621.8828125,3215074.75,-1.26166164875,-2.23022055626,0.49646884203,0,2.34534468628,-0.580422073603,0.860570865966,landward,true,topo-bathy.tt3,30,30,30,1,0.0488443757437,false
aqaba_lsf_nc10_angm30,900,900,64,3300,1000,500,west,combined_coastal,122097,341,2.56235708782,1.31825794516,10,834711,79621.8828125,3215074.75,-1.26166164875,-2.23022055626,0.49646884203,0,2.34534468628,-0.580422073603,0.860570865966,landward,true,topo-bathy.tt3,30,30,30,1,0.0488443757437,false
aqaba_lsf_nc10_angm30,900,900,65,3420,1000,500,east,seaward,124082,191,7.22172664566,4.06491733441,10,664185,84693.7734375,3154662.25,-6.43382692337,-3.28012299538,3.05850338936,0,-0.108218610311,-3.83252370358,23.9798312659,seaward,true,topo-bathy.tt3,30,30,30,1,0.137662596473,false
aqaba_lsf_nc10_angm30,900,900,65,3420,1000,500,east,landward_inundated,124082,35,8.31789494321,2.49772178225,10,679375,87214.7109375,3158803.75,-2.78650069237,-7.83726930618,0.502156436443,0,2.36863548788,-0.966032415628,15.5781612201,landward,true,topo-bathy.tt3,30,30,30,1,0.158558066686,false
aqaba_lsf_nc10_angm30,900,900,65,3420,1000,500,east,combined_coastal,124082,226,8.31789494321,5.27561665513,10,679375,87214.7109375,3158803.75,-2.78650069237,-7.83726930618,0.502156436443,0,2.36863548788,-0.966032415628,15.5781612201,landward,true,topo-bathy.tt3,30,30,30,1,0.158558066686,false
aqaba_lsf_nc10_angm30,900,900,65,3420,1000,500,west,seaward,124082,217,1.6401231789,0.884286370833,10,728791,67797.4765625,3176420.5,-0.57482534647,1.53609240055,0.531658470631,0,-0.0953053359486,-1.06979066133,0.312655483917,seaward,true,topo-bathy.tt3,30,30,30,1,0.0312644920558,false
aqaba_lsf_nc10_angm30,900,900,65,3420,1000,500,west,landward_inundated,124082,125,2.60478490404,1.33719319935,10,836077,79681.90625,3215735,-0.668989002705,2.51741099358,1.88291144371,0,1.61538938814,-2.03237189353,1.1103691946,landward,true,topo-bathy.tt3,30,30,30,1,0.0496531467801,false
aqaba_lsf_nc10_angm30,900,900,65,3420,1000,500,west,combined_coastal,124082,342,2.60478490404,1.49444879398,10,836077,79681.90625,3215735,-0.668989002705,2.51741099358,1.88291144371,0,1.61538938814,-2.03237189353,1.1103691946,landward,true,topo-bathy.tt3,30,30,30,1,0.0496531467801,false
aqaba_lsf_nc10_angm30,900,900,66,3540,1000,500,east,seaward,126927,172,6.9927187132,4.1824677639,10,605896,75840.4765625,3134344.75,6.22051620483,3.19425940514,3.67814564705,0,-34.3802953502,-4.20550608635,26.4181925707,seaward,true,topo-bathy.tt3,30,30,30,1,0.133297182474,false
aqaba_lsf_nc10_angm30,900,900,66,3540,1000,500,east,landward_inundated,126927,35,8.46279244976,3.25438647737,10,679375,87214.7109375,3158803.75,-2.62642407417,-8.04492092133,0.576127827168,0,2.36863548788,-0.966032385826,15.5781612201,landward,true,topo-bathy.tt3,30,30,30,1,0.16132014395,false
aqaba_lsf_nc10_angm30,900,900,66,3540,1000,500,east,combined_coastal,126927,207,8.46279244976,5.49230002163,10,679375,87214.7109375,3158803.75,-2.62642407417,-8.04492092133,0.576127827168,0,2.36863548788,-0.966032385826,15.5781612201,landward,true,topo-bathy.tt3,30,30,30,1,0.16132014395,false
aqaba_lsf_nc10_angm30,900,900,66,3540,1000,500,west,seaward,126927,216,1.86269624266,0.93525861008,10,832363,79621.8828125,3214054.5,-0.238462477922,-1.84736919403,2.93303227425,0,-1.42874562091,-3.01883164793,13.91367323,seaward,true,topo-bathy.tt3,30,30,30,1,0.035507242767,false
aqaba_lsf_nc10_angm30,900,900,66,3540,1000,500,west,landward_inundated,126927,122,2.76506456719,1.18348814418,10,836077,79681.90625,3215735,-0.653295814991,2.68677997589,1.88174843788,0,1.61538938814,-2.03237186372,1.1103691946,landward,true,topo-bathy.tt3,30,30,30,1,0.052708443065,false
aqaba_lsf_nc10_angm30,900,900,66,3540,1000,500,west,combined_coastal,126927,338,2.76506456719,1.40673536304,10,836077,79681.90625,3215735,-0.653295814991,2.68677997589,1.88174843788,0,1.61538938814,-2.03237186372,1.1103691946,landward,true,topo-bathy.tt3,30,30,30,1,0.052708443065,false
aqaba_lsf_nc10_angm30,900,900,67,3600,1000,500,east,seaward,125015,181,8.17277773609,4.74120100012,10,664185,84693.7734375,3154662.25,-7.72710037231,-2.66199469566,2.75372672081,0,-0.108218610311,-3.83252382278,23.9798312659,seaward,true,topo-bathy.tt3,30,30,30,1,0.155791801427,false
aqaba_lsf_nc10_angm30,900,900,67,3600,1000,500,east,landward_inundated,125015,39,8.46730150822,2.75872653726,10,679375,87214.7109375,3158803.75,-2.73660182953,-8.01287746429,0.513180851936,0,2.36863548788,-0.966032415628,15.5781612201,landward,true,topo-bathy.tt3,30,30,30,1,0.161406096898,false
aqaba_lsf_nc10_angm30,900,900,67,3600,1000,500,east,combined_coastal,125015,220,8.46730150822,5.74004875862,10,679375,87214.7109375,3158803.75,-2.73660182953,-8.01287746429,0.513180851936,0,2.36863548788,-0.966032415628,15.5781612201,landward,true,topo-bathy.tt3,30,30,30,1,0.161406096898,false
aqaba_lsf_nc10_angm30,900,900,67,3600,1000,500,west,seaward,125015,233,1.99796236963,0.938043505925,10,832363,79621.8828125,3214054.5,-0.296171963215,-1.97588860989,2.97890615463,0,-1.42874562091,-3.01883168146,13.91367323,seaward,true,topo-bathy.tt3,30,30,30,1,0.0380857239485,false
aqaba_lsf_nc10_angm30,900,900,67,3600,1000,500,west,landward_inundated,125015,114,2.95675909062,1.26118240154,10,836077,79681.90625,3215735,-0.73793721199,2.86319279671,1.85724067688,0,1.61538938814,-2.03237184882,1.1103691946,landward,true,topo-bathy.tt3,30,30,30,1,0.0563625783043,false
aqaba_lsf_nc10_angm30,900,900,67,3600,1000,500,west,combined_coastal,125015,347,2.95675909062,1.47411883507,10,836077,79681.90625,3215735,-0.73793721199,2.86319279671,1.85724067688,0,1.61538938814,-2.03237184882,1.1103691946,landward,true,topo-bathy.tt3,30,30,30,1,0.0563625783043,false
