{
  "type": "FeatureCollection",
  "crs": {
    "type": "name",
    "properties": {
      "name": "EPSG:32637"
    }
  },
  "properties": {
    "qc": [
      {
        "case_id": "aqaba_lsa_c10_angm25",
        "point_count": 1029771,
        "b0_finite_count": 1028624,
        "overlap_resolution_count": 0,
        "corridors": [
          {
            "case_id": "aqaba_lsa_c10_angm25",
            "seaward_distance_m": 1000.0,
            "landward_distance_m": 500.0,
            "overlap_resolution_count": 0,
            "ambiguous_count": 0,
            "overlap_point_ids": [],
            "ambiguous_point_ids": []
          }
        ]
      },
      {
        "case_id": "aqaba_lsb_nc10_angm20",
        "point_count": 1029573,
        "b0_finite_count": 1028426,
        "overlap_resolution_count": 0,
        "corridors": [
          {
            "case_id": "aqaba_lsb_nc10_angm20",
            "seaward_distance_m": 1000.0,
            "landward_distance_m": 500.0,
            "overlap_resolution_count": 0,
            "ambiguous_count": 0,
            "overlap_point_ids": [],
            "ambiguous_point_ids": []
          }
        ]
      },
      {
        "case_id": "aqaba_lsc_c10_angm30",
        "point_count": 1030365,
        "b0_finite_count": 1029218,
        "overlap_resolution_count": 0,
        "corridors": [
          {
            "case_id": "aqaba_lsc_c10_angm30",
            "seaward_distance_m": 1000.0,
            "landward_distance_m": 500.0,
            "overlap_resolution_count": 0,
            "ambiguous_count": 0,
            "overlap_point_ids": [],
            "ambiguous_point_ids": []
          }
        ]
      },
      {
        "case_id": "aqaba_lsd_nc8_angm40",
        "point_count": 1030178,
        "b0_finite_count": 1029031,
        "overlap_resolution_count": 0,
        "corridors": [
          {
            "case_id": "aqaba_lsd_nc8_angm40",
            "seaward_distance_m": 1000.0,
            "landward_distance_m": 500.0,
            "overlap_resolution_count": 0,
            "ambiguous_count": 0,
            "overlap_point_ids": [],
            "ambiguous_point_ids": []
          }
        ]
      },
      {
        "case_id": "aqaba_lse_c10_angm40",
        "point_count": 1029672,
        "b0_finite_count": 1028525,
        "overlap_resolution_count": 0,
        "corridors": [
          {
            "case_id": "aqaba_lse_c10_angm40",
            "seaward_distance_m": 1000.0,
            "landward_distance_m": 500.0,
            "overlap_resolution_count": 0,
            "ambiguous_count": 0,
            "overlap_point_ids": [],
            "ambiguous_point_ids": []
          }
        ]
      },
      {
        "case_id": "aqaba_lsf_nc10_angm30",
        "point_count": 1030365,
        "b0_finite_count": 1029218,
        "overlap_resolution_count": 0,
        "corridors": [
          {
            "case_id": "aqaba_lsf_nc10_angm30",
            "seaward_distance_m": 1000.0,
            "landward_distance_m": 500.0,
            "overlap_resolution_count": 0,
            "ambiguous_count": 0,
            "overlap_point_ids": [],
            "ambiguous_point_ids": []
          }
        ]
      }
    ]
  },
  "features": [
    {
      "type": "Feature",
      "properties": {
        "side": "east",
        "role": "shoreline",
        "part": 0
      },
      "geometry": {
        "type": "LineString",
        "coordinates": [
          [
            74081.94889667766,
            3129012.6
          ],
          [
            74110.16939013818,
            3129033.8212937904
          ],
          [
            74192.18168789451,
            3129081.5742896306
          ],
          [
            74203.1550041116,
            3129179.9274467714
          ],
          [
            74223.71315806093,
            3129256.8790694284
          ],
          [
            74322.99309499717,
            3129255.2092831964
          ],
          [
            74407.86628518935,
            3129295.595777147
          ],
          [
            74467.76951887726,
            3129375.3728980594
          ],
          [
            74537.56944132817,
            3129443.3620559094
          ],
          [
            74632.09033179277,
            3129451.4241916626
          ],
          [
            74665.55892800028,
            3129539.3512993846
          ],
          [
            74639.02438104148,
            3129632.2053405372
          ],
          [
            74628.54444154345,
            3129731.3012108635
          ],
          [
            74633.68491904087,
            3129829.5105750905
          ],
          [
            74666.31511384195,
            3129923.6587425214
          ],
          [
            74742.02186832654,
            3129973.520027805
          ],
          [
            74801.40020439061,
            3130050.240309293
          ],
          [
            74786.1224727314,
            3130147.2498561577
          ],
          [
            74837.60538054397,
            3130227.9815712
          ],
          [
            74863.42718053822,
            3130320.8462001835
          ],
          [
            74801.28594043593,
            3130379.636854314
          ],
          [
            74735.42189143889,
            3130447.688179053
          ],
          [
            74682.31212433972,
            3130500.035582804
          ],
          [
            74684.09912627327,
            3130600.0121206534
          ],
          [
            74699.90001457885,
            3130697.2551130936
          ],
          [
            74743.26774649005,
            3130780.973019421
          ],
          [
            74797.17839172877,
            3130854.701011046
          ],
          [
            74834.19310853908,
            3130942.1127873245
          ],
          [
            74856.46773101548,
            3131036.6842644783
          ],
          [
            74850.57215754336,
            3131136.3672314947
          ],
          [
            74832.64219950353,
            3131231.5346699646
          ],
          [
            74824.58709925991,
            3131330.2114629834
          ],
          [
            74831.09361969311,
            3131429.9185951683
          ],
          [
            74883.20628780511,
            3131510.885349755
          ],
          [
            74890.0264879962,
            3131610.492177225
          ],
          [
            74949.52522933841,
            3131656.750747365
          ],
          [
            75028.1025103064,
            3131716.692932344
          ],
          [
            75062.2582349283,
            3131805.7310280274
          ],
          [
            75057.44431254653,
            3131901.0029396554
          ],
          [
            75151.59988906667,
            3131913.350852713
          ],
          [
            75251.5525952189,
            3131915.2900118013
          ],
          [
            75327.23002505461,
            3131974.438995427
          ],
          [
            75393.35058240076,
            3132048.3765113847
          ],
          [
            75342.3595523006,
            3132114.9250434656
          ],
          [
            75300.34505741292,
            3132200.139875523
          ],
          [
            75230.71419151204,
            3132261.7949405806
          ],
          [
            75134.47422017127,
            3132281.3337209346
          ],
          [
            75153.99470114977,
            3132364.541335456
          ],
          [
            75192.51383897575,
            3132449.297758101
          ],
          [
            75247.51521167332,
            3132525.2943689507
          ],
          [
            75219.55437235543,
            3132617.3889247715
          ],
          [
            75197.55625870277,
            3132710.2923202333
          ],
          [
            75253.79772297353,
            3132783.865535663
          ],
          [
            75273.12461399667,
            3132881.1650332403
          ],
          [
            75259.03925713125,
            3132976.5480833906
          ],
          [
            75314.72340897683,
            3133050.5473497775
          ],
          [
            75369.67430432022,
            3133129.68593613
          ],
          [
            75370.23599792301,
            3133228.9437169596
          ],
          [
            75334.87461121353,
            3133321.4868525635
          ],
          [
            75336.20520865227,
            3133421.1556915524
          ],
          [
            75335.6785089334,
            3133518.3991388194
          ],
          [
            75389.23992109999,
            3133592.6094841356
          ],
          [
            75454.06767788788,
            3133636.891547424
          ],
          [
            75510.63358945891,
            3133710.3992796433
          ],
          [
            75518.05272541213,
            3133810.0208280124
          ],
          [
            75514.61428741088,
            3133909.694250684
          ],
          [
            75551.27699769288,
            3133988.6050912607
          ],
          [
            75644.6403732211,
            3134002.3866552454
          ],
          [
            75743.54944963135,
            3133995.7403802243
          ],
          [
            75842.5473551528,
            3133983.750152056
          ],
          [
            75940.58791376057,
            3133987.2141328277
          ],
          [
            76040.01267839796,
            3133988.633290911
          ],
          [
            76117.74618113783,
            3134042.035295592
          ],
          [
            76182.31370712577,
            3134107.224844662
          ],
          [
            76181.95732846306,
            3134207.1231952524
          ],
          [
            76176.22751124288,
            3134306.9436921617
          ],
          [
            76168.68878930596,
            3134406.6469585635
          ],
          [
            76110.94202870534,
            3134472.39208389
          ],
          [
            76019.30550367426,
            3134441.8058709414
          ],
          [
            75934.97219276616,
            3134397.191958321
          ],
          [
            75841.13480373079,
            3134371.159990859
          ],
          [
            75748.66847134967,
            3134398.492121774
          ],
          [
            75724.64933489604,
            3134487.2916040155
          ],
          [
            75703.07166442127,
            3134576.0866304967
          ],
          [
            75776.46756347138,
            3134642.198334729
          ],
          [
            75843.65783097055,
            3134714.827136022
          ],
          [
            75913.89099510301,
            3134784.0855525187
          ],
          [
            75991.95080314891,
            3134844.6618343256
          ],
          [
            76029.45331840919,
            3134928.3457905045
          ],
          [
            76098.89937200828,
            3134993.230452612
          ],
          [
            76178.86649448102,
            3135037.633564435
          ],
          [
            76224.16050066541,
            3135118.7844970115
          ],
          [
            76292.48793192764,
            3135186.151467994
          ],
          [
            76358.29456362865,
            3135249.075186774
          ],
          [
            76411.61766655579,
            3135302.497696773
          ],
          [
            76485.92654855526,
            3135362.874793436
          ],
          [
            76558.57575306333,
            3135429.886921351
          ],
          [
            76599.53269647357,
            3135518.5219124234
          ],
          [
            76668.9025050837,
            3135588.37097278
          ],
          [
            76693.20144260554,
            3135683.561249318
          ],
          [
            76662.14426208992,
            3135773.1818498448
          ],
          [
            76691.23900632694,
            3135858.234814514
          ],
          [
            76761.40426990668,
            3135928.978924798
          ],
          [
            76814.06584123308,
            3136006.9472043663
          ],
          [
            76868.48447554582,
            3136087.687211388
          ],
          [
            76887.75659447859,
            3136185.279041381
          ],
          [
            76929.7080897484,
            3136255.813960347
          ],
          [
            76987.0202433747,
            3136329.0455102096
          ],
          [
            77045.41022836072,
            3136401.0475143073
          ],
          [
            77136.80341609282,
            3136428.060056502
          ],
          [
            77163.8805227974,
            3136521.118168651
          ],
          [
            77218.07148984272,
            3136571.2146666353
          ],
          [
            77310.64732972845,
            3136593.1701017744
          ],
          [
            77372.63948471833,
            3136667.234207503
          ],
          [
            77351.44355576734,
            3136759.075726685
          ],
          [
            77427.51545040502,
            3136786.0554250083
          ],
          [
            77490.98527793621,
            3136854.9577440405
          ],
          [
            77502.7091872987,
            3136953.970825935
          ],
          [
            77554.41701840996,
            3137035.27777177
          ],
          [
            77564.64975571595,
            3137134.531857306
          ],
          [
            77580.19965125324,
            3137233.0837230063
          ],
          [
            77560.88267715831,
            3137329.8579621594
          ],
          [
            77615.09743579611,
            3137397.5394566595
          ],
          [
            77658.00314426747,
            3137483.295911653
          ],
          [
            77693.18390459557,
            3137574.4987591133
          ],
          [
            77704.82685897058,
            3137671.602040199
          ],
          [
            77771.83508679745,
            3137743.667175257
          ],
          [
            77803.53788118345,
            3137835.590980544
          ],
          [
            77840.50532734711,
            3137923.79151887
          ],
          [
            77917.9358340558,
            3137986.137408632
          ],
          [
            77975.8549704676,
            3138064.2031009616
          ],
          [
            77983.22505963522,
            3138163.644743345
          ],
          [
            77984.36725953965,
            3138263.6375189936
          ],
          [
            77992.5828999427,
            3138363.1631842707
          ],
          [
            78003.01388578406,
            3138461.563054674
          ],
          [
            78068.25649869225,
            3138535.105851897
          ],
          [
            78103.88014146584,
            3138624.037992324
          ],
          [
            78142.36925461536,
            3138712.817960015
          ],
          [
            78190.92776990322,
            3138797.2815088686
          ],
          [
            78234.42577902436,
            3138883.762807606
          ],
          [
            78316.06505201221,
            3138930.9894275926
          ],
          [
            78342.71560798695,
            3139025.016576185
          ],
          [
            78394.91972432208,
            3139107.308047758
          ],
          [
            78403.14527152841,
            3139206.4208519286
          ],
          [
            78437.74303041189,
            3139295.209462916
          ],
          [
            78460.94831171058,
            3139390.2990744575
          ],
          [
            78505.80413067774,
            3139477.5357335946
          ],
          [
            78553.2121975668,
            3139562.887686166
          ],
          [
            78581.15586945342,
            3139655.2881227853
          ],
          [
            78598.56267584523,
            3139748.0763935065
          ],
          [
            78638.36902350887,
            3139836.9435610212
          ],
          [
            78666.2204421623,
            3139929.5041019064
          ],
          [
            78731.76259630504,
            3140001.845079429
          ],
          [
            78755.34874444746,
            3140097.96851734
          ],
          [
            78796.56390968042,
            3140187.524820163
          ],
          [
            78827.78286556443,
            3140281.582098352
          ],
          [
            78899.75954665267,
            3140349.8768145344
          ],
          [
            78965.15625414463,
            3140422.667343252
          ],
          [
            79006.20047906708,
            3140507.8776478176
          ],
          [
            79031.71201615191,
            3140600.4122409434
          ],
          [
            79083.69744156419,
            3140676.1635944373
          ],
          [
            79171.9737356952,
            3140708.5039831046
          ],
          [
            79261.70564570073,
            3140744.3091570293
          ],
          [
            79315.43554469454,
            3140822.2008491
          ],
          [
            79327.60698241512,
            3140921.2946308125
          ],
          [
            79328.91669425966,
            3141021.126021784
          ],
          [
            79275.90044080367,
            3141098.6877117464
          ],
          [
            79273.70787880468,
            3141197.592864498
          ],
          [
            79334.53020354106,
            3141269.478686983
          ],
          [
            79409.32996511883,
            3141334.24322634
          ],
          [
            79483.38739775558,
            3141400.6264395965
          ],
          [
            79514.39411904394,
            3141492.914198502
          ],
          [
            79590.93730904353,
            3141555.7478167354
          ],
          [
            79633.22139764538,
            3141644.0581527376
          ],
          [
            79720.38514962938,
            3141688.738953917
          ],
          [
            79799.98860439233,
            3141745.243759496
          ],
          [
            79842.60426413178,
            3141827.058117504
          ],
          [
            79871.12158329262,
            3141918.7720199954
          ],
          [
            79900.23462063257,
            3142010.2144159093
          ],
          [
            79897.27579686548,
            3142110.1265420876
          ],
          [
            79903.67523813495,
            3142209.8993411753
          ],
          [
            79918.60051009603,
            3142308.118381321
          ],
          [
            79928.22313638819,
            3142407.5592403505
          ],
          [
            79928.57468635436,
            3142507.5059930496
          ],
          [
            79932.08487177634,
            3142606.825574386
          ],
          [
            79986.77762528612,
            3142685.472006319
          ],
          [
            79991.221292357,
            3142785.339449603
          ],
          [
            79991.3375819195,
            3142885.3382477867
          ],
          [
            80043.88249661235,
            3142962.7493656743
          ],
          [
            80105.00523463883,
            3143038.370549821
          ],
          [
            80126.05477101839,
            3143129.431504692
          ],
          [
            80172.07194436967,
            3143209.4274230055
          ],
          [
            80247.45919264437,
            3143236.452777033
          ],
          [
            80338.27067915979,
            3143267.29483051
          ],
          [
            80426.1268028542,
            3143300.1747000045
          ],
          [
            80525.8126266738,
            3143301.6007638588
          ],
          [
            80572.7716911669,
            3143381.702967821
          ],
          [
            80508.00979638506,
            3143452.3721183506
          ],
          [
            80449.31506510473,
            3143521.946292711
          ],
          [
            80367.93231010974,
            3143570.3285362036
          ],
          [
            80318.52969912064,
            3143639.2526561487
          ],
          [
            80388.69840147125,
            3143701.59820566
          ],
          [
            80392.45093555699,
            3143789.777119621
          ],
          [
            80413.45021580969,
            3143879.128168302
          ],
          [
            80441.11905057996,
            3143971.7578480504
          ],
          [
            80468.2516810782,
            3144064.8050308907
          ],
          [
            80503.0956016562,
            3144155.041447268
          ],
          [
            80547.61233082072,
            3144238.6667484334
          ],
          [
            80596.67566713257,
            3144319.883187644
          ],
          [
            80672.05701367433,
            3144384.9184555244
          ],
          [
            80731.96752779232,
            3144443.7252348354
          ],
          [
            80772.2322232692,
            3144501.0288466867
          ],
          [
            80768.15510710109,
            3144582.2957149446
          ],
          [
            80766.89809508587,
            3144682.2367266347
          ],
          [
            80800.61673454037,
            3144766.3523392407
          ],
          [
            80800.2029989387,
            3144866.299886752
          ],
          [
            80830.8454230993,
            3144954.708802966
          ],
          [
            80844.72720782697,
            3145049.7901865994
          ],
          [
            80858.55810873157,
            3145143.46865335
          ],
          [
            80889.12909562075,
            3145233.8150140503
          ],
          [
            80892.46654396482,
            3145333.5381871397
          ],
          [
            80922.3708066967,
            3145422.2662865636
          ],
          [
            80934.35765492861,
            3145520.0782431145
          ],
          [
            80962.3318912954,
            3145615.2405702826
          ],
          [
            81007.8360961862,
            3145701.5820787423
          ],
          [
            81036.7439755403,
            3145795.4918728652
          ],
          [
            81043.71224124511,
            3145877.480438226
          ],
          [
            81102.71749039393,
            3145954.5200535385
          ],
          [
            81159.86852144255,
            3146033.633409654
          ],
          [
            81194.3094616443,
            3146124.5056663714
          ],
          [
            81245.57691785927,
            3146204.420905507
          ],
          [
            81328.05533687699,
            3146231.483753312
          ],
          [
            81389.03005017861,
            3146307.2779204273
          ],
          [
            81437.241252917,
            3146382.3225680427
          ],
          [
            81457.53410121865,
            3146471.55631578
          ],
          [
            81506.30207716927,
            3146554.285780397
          ],
          [
            81550.89056477042,
            3146638.6722200126
          ],
          [
            81575.11275324052,
            3146727.196263588
          ],
          [
            81558.60253177072,
            3146819.309397635
          ],
          [
            81573.84290582874,
            3146917.30172658
          ],
          [
            81622.93423789981,
            3146999.7496609692
          ],
          [
            81638.92027392775,
            3147097.76919603
          ],
          [
            81707.95046086844,
            3147167.9979548613
          ],
          [
            81752.51389783905,
            3147250.3147522556
          ],
          [
            81809.35098121256,
            3147326.985647087
          ],
          [
            81856.84181657602,
            3147411.1872195373
          ],
          [
            81903.7553256063,
            3147494.9967793254
          ],
          [
            81928.65229608651,
            3147590.3100201148
          ],
          [
            81972.31346605011,
            3147675.103343707
          ],
          [
            82033.52128225347,
            3147749.7190374867
          ],
          [
            82053.11358098495,
            3147847.3620579434
          ],
          [
            82057.18449138707,
            3147947.257706822
          ],
          [
            82059.08234055391,
            3148046.735379799
          ],
          [
            82116.2657531009,
            3148118.4429269023
          ],
          [
            82123.39852756598,
            3148217.3150332407
          ],
          [
            82176.65124126793,
            3148292.3363750414
          ],
          [
            82181.05007817065,
            3148392.2213122207
          ],
          [
            82182.19515351157,
            3148492.2121793283
          ],
          [
            82181.73005110574,
            3148592.1951885824
          ],
          [
            82226.37513130874,
            3148662.404968624
          ],
          [
            82288.16924706894,
            3148703.6978219603
          ],
          [
            82331.49126522026,
            3148783.7039341843
          ],
          [
            82418.9087406607,
            3148816.7229861845
          ],
          [
            82449.88851984657,
            3148903.8704922395
          ],
          [
            82497.3274818612,
            3148990.8637835826
          ],
          [
            82550.51729913216,
            3149073.888279007
          ],
          [
            82569.10161432109,
            3149171.8350473866
          ],
          [
            82567.23317052289,
            3149271.4026782988
          ],
          [
            82527.56287280495,
            3149354.920086431
          ],
          [
            82440.34538804235,
            3149396.8535389225
          ],
          [
            82391.41337736335,
            3149482.85186606
          ],
          [
            82391.73424020688,
            3149581.8503592378
          ],
          [
            82445.7691018645,
            3149659.189964647
          ],
          [
            82517.09976485258,
            3149707.4283586834
          ],
          [
            82559.76156614166,
            3149792.780395094
          ],
          [
            82645.71653455409,
            3149830.05125548
          ],
          [
            82716.93357182578,
            3149896.6392053138
          ],
          [
            82792.5892897053,
            3149961.5102745774
          ],
          [
            82837.79865281601,
            3150041.863265195
          ],
          [
            82896.06751971082,
            3150117.318369574
          ],
          [
            82900.70632462755,
            3150217.0349376914
          ],
          [
            82932.23522138763,
            3150303.9536471143
          ],
          [
            83000.95730324672,
            3150373.998412244
          ],
          [
            83018.50849193984,
            3150470.6491411077
          ],
          [
            83085.59325648383,
            3150540.133334204
          ],
          [
            83132.21293463718,
            3150625.4879676485
          ],
          [
            83140.73437065267,
            3150724.787320336
          ],
          [
            83155.08178298622,
            3150814.3323950265
          ],
          [
            83227.90075127066,
            3150878.0940518035
          ],
          [
            83265.79196145142,
            3150964.1926349425
          ],
          [
            83332.9331018324,
            3151030.219338121
          ],
          [
            83414.62951285196,
            3151066.4452539384
          ],
          [
            83499.22293774952,
            3151021.8711879896
          ],
          [
            83592.60029287802,
            3151045.72308904
          ],
          [
            83681.17070638378,
            3151082.0898445197
          ],
          [
            83737.47450841407,
            3151162.2395670144
          ],
          [
            83776.50663057211,
            3151248.9104168876
          ],
          [
            83834.2679956914,
            3151326.0507207448
          ],
          [
            83891.3447972215,
            3151406.866023381
          ],
          [
            83966.22511102931,
            3151469.5524209724
          ],
          [
            84047.38427162384,
            3151524.880896586
          ],
          [
            84040.30833879845,
            3151615.5484168543
          ],
          [
            84018.05379196425,
            3151709.9856200493
          ],
          [
            83936.4134424253,
            3151754.7908033025
          ],
          [
            83877.88721252838,
            3151833.218537028
          ],
          [
            83896.689557705,
            3151912.82206989
          ],
          [
            83927.42661717955,
            3152002.5199911795
          ],
          [
            84013.56551117178,
            3152049.6431470625
          ],
          [
            84036.87653642132,
            3152143.490856047
          ],
          [
            84004.92600239067,
            3152204.5316763707
          ],
          [
            83991.50344740457,
            3152299.486871375
          ],
          [
            83993.63452189181,
            3152399.0194424978
          ],
          [
            84047.83441757942,
            3152479.9527605027
          ],
          [
            84099.95530359156,
            3152559.06342196
          ],
          [
            84155.42468037269,
            3152600.1789394333
          ],
          [
            84248.0769655849,
            3152627.4882877567
          ],
          [
            84332.49113529679,
            3152675.1113676
          ],
          [
            84371.75887322162,
            3152763.271742704
          ],
          [
            84326.27665703929,
            3152840.856765044
          ],
          [
            84285.22945480022,
            3152902.0215532277
          ],
          [
            84370.77316165839,
            3152933.6860235236
          ],
          [
            84392.18497055233,
            3153028.5196690033
          ],
          [
            84327.33965966172,
            3153095.444182407
          ],
          [
            84263.54289655999,
            3153149.1017031427
          ],
          [
            84208.61723599228,
            3153231.023532695
          ],
          [
            84158.36340944351,
            3153315.1359302667
          ],
          [
            84184.8744430728,
            3153408.2830222803
          ],
          [
            84193.39982867245,
            3153507.8450304954
          ],
          [
            84200.83567801856,
            3153607.2321085157
          ],
          [
            84204.30630398441,
            3153706.9831993855
          ],
          [
            84258.91477283515,
            3153767.3019793406
          ],
          [
            84339.21740852937,
            3153825.077240503
          ],
          [
            84436.53217289652,
            3153838.6358659915
          ],
          [
            84509.4554383824,
            3153905.058380492
          ],
          [
            84514.3896569363,
            3153998.5025462434
          ],
          [
            84491.70628186536,
            3154087.044124494
          ],
          [
            84499.25211903329,
            3154183.9826697423
          ],
          [
            84550.29694810885,
            3154261.9659854393
          ],
          [
            84552.22850023955,
            3154361.922082121
          ],
          [
            84566.50212055013,
            3154455.4186935495
          ],
          [
            84611.23249462432,
            3154538.796195616
          ],
          [
            84669.2724439344,
            3154613.662473835
          ],
          [
            84729.95691082353,
            3154659.5452857814
          ],
          [
            84741.44648905689,
            3154564.6373464065
          ],
          [
            84749.50508108088,
            3154466.291988853
          ],
          [
            84834.07387671583,
            3154430.58916911
          ],
          [
            84923.8351940415,
            3154462.884348211
          ],
          [
            84996.40539398677,
            3154527.9403519197
          ],
          [
            85056.154570011,
            3154607.611515884
          ],
          [
            85081.66488217021,
            3154701.8327100608
          ],
          [
            85044.08955179607,
            3154792.6307622353
          ],
          [
            84974.20600102648,
            3154862.954240497
          ],
          [
            84938.37542444789,
            3154937.9558547954
          ],
          [
            84863.24066318988,
            3154993.57121167
          ],
          [
            84851.49644904793,
            3155066.2985418155
          ],
          [
            84817.38194216524,
            3155110.553863653
          ],
          [
            84896.64957642471,
            3155168.5989900636
          ],
          [
            84912.0616448668,
            3155265.853521945
          ],
          [
            84936.3200406513,
            3155352.5577919586
          ],
          [
            84971.81448329992,
            3155442.5791006205
          ],
          [
            85055.55285312005,
            3155477.936662857
          ],
          [
            85142.37831304969,
            3155469.5115810167
          ],
          [
            85236.09105550156,
            3155489.6485487632
          ],
          [
            85333.40385248524,
            3155482.47886859
          ],
          [
            85424.63278529032,
            3155513.249669736
          ],
          [
            85494.84185031214,
            3155584.2119577522
          ],
          [
            85501.46625057953,
            3155676.3581554396
          ],
          [
            85422.91056325639,
            3155721.3534135916
          ],
          [
            85450.75595181575,
            3155809.0043324567
          ],
          [
            85379.47915057272,
            3155858.3848150945
          ],
          [
            85303.754896871,
            3155888.3005321557
          ],
          [
            85330.45432529207,
            3155976.5986923603
          ],
          [
            85370.87068006441,
            3156063.4822901622
          ],
          [
            85460.43311013852,
            3156093.1950365305
          ],
          [
            85483.41623351723,
            3156187.9415935557
          ],
          [
            85548.38740115683,
            3156261.4212058103
          ],
          [
            85575.77071462105,
            3156349.9006425184
          ],
          [
            85542.1414022389,
            3156435.6071064402
          ],
          [
            85532.11440941281,
            3156532.270372362
          ],
          [
            85515.93339315825,
            3156619.074301779
          ],
          [
            85602.82567932313,
            3156656.8645251407
          ],
          [
            85670.3289605564,
            3156723.238941039
          ],
          [
            85724.17880763506,
            3156807.2330519864
          ],
          [
            85780.90325309914,
            3156886.0736594084
          ],
          [
            85811.60285082257,
            3156976.985917689
          ],
          [
            85773.5892998925,
            3157051.9339451115
          ],
          [
            85783.62990388856,
            3157150.0974456724
          ],
          [
            85827.66422541937,
            3157233.3422406167
          ],
          [
            85872.48373529152,
            3157318.218028893
          ],
          [
            85903.32707550285,
            3157410.3122327193
          ],
          [
            85911.86381855136,
            3157509.0691275066
          ],
          [
            85946.05495741968,
            3157597.5312327617
          ],
          [
            86010.16583622088,
            3157673.136144239
          ],
          [
            86051.48700169305,
            3157759.673519728
          ],
          [
            86121.59638294677,
            3157829.883026899
          ],
          [
            86192.14766968985,
            3157881.6658709277
          ],
          [
            86285.71052593098,
            3157910.6015274166
          ],
          [
            86370.01310935586,
            3157956.045599285
          ],
          [
            86413.03098896326,
            3158042.2786528957
          ],
          [
            86383.33994621383,
            3158132.799233477
          ],
          [
            86420.10125880841,
            3158222.033179758
          ],
          [
            86442.12325869958,
            3158318.6712003835
          ],
          [
            86533.0415194468,
            3158351.5331902606
          ],
          [
            86609.75556471087,
            3158414.897516867
          ],
          [
            86653.28950540851,
            3158504.0794003042
          ],
          [
            86721.6162214825,
            3158573.437665057
          ],
          [
            86794.89434561926,
            3158640.990393687
          ],
          [
            86870.03309255898,
            3158703.0403677165
          ],
          [
            86906.98966780066,
            3158673.951633401
          ],
          [
            86975.97824189943,
            3158703.5573753556
          ],
          [
            86904.99617167292,
            3158744.6789400266
          ],
          [
            86942.69526464336,
            3158829.9389024987
          ],
          [
            87031.54940908121,
            3158840.1068597343
          ],
          [
            87124.83440159274,
            3158810.7562958742
          ],
          [
            87222.89029721366,
            3158820.186677178
          ],
          [
            87252.26102174589,
            3158909.912636766
          ],
          [
            87286.45948667775,
            3158995.7474826165
          ],
          [
            87323.28225518538,
            3159085.4574433486
          ],
          [
            87384.92759971855,
            3159075.312959572
          ],
          [
            87459.32058996224,
            3159046.8690997562
          ],
          [
            87540.91762969727,
            3159093.466310954
          ],
          [
            87619.99465669821,
            3159149.093026141
          ],
          [
            87642.07121999846,
            3159241.4531230964
          ],
          [
            87695.39519724656,
            3159248.867909381
          ],
          [
            87792.8802879454,
            3159256.943318569
          ],
          [
            87881.957547211,
            3159285.23626926
          ],
          [
            87969.62907311013,
            3159320.7274211966
          ],
          [
            88057.64308460239,
            3159357.6042555086
          ],
          [
            88088.28378894296,
            3159445.987777482
          ],
          [
            88085.94557717287,
            3159545.7196953427
          ],
          [
            88025.1434192077,
            3159617.869557233
          ],
          [
            87995.02167214925,
            3159707.8408535174
          ],
          [
            87990.3450091423,
            3159794.2585524945
          ],
          [
            88056.05225887695,
            3159865.1179491826
          ],
          [
            88153.14968944197,
            3159857.4428214864
          ],
          [
            88209.64220393448,
            3159928.3835924957
          ],
          [
            88173.03190468595,
            3160014.179342401
          ],
          [
            88152.68409842906,
            3160106.24872589
          ],
          [
            88117.31316169519,
            3160195.3471924313
          ],
          [
            88112.83793942846,
            3160293.203558202
          ],
          [
            88068.51215217574,
            3160379.899745537
          ],
          [
            88063.21330770133,
            3160478.1273888364
          ],
          [
            88062.99032640654,
            3160578.1247895425
          ],
          [
            88134.46715235214,
            3160615.2649573153
          ],
          [
            88182.21427909436,
            3160695.7948762397
          ],
          [
            88238.69768138416,
            3160771.334056853
          ],
          [
            88290.1879333776,
            3160851.0895070047
          ],
          [
            88327.04627913011,
            3160938.7100906936
          ],
          [
            88362.67005867788,
            3161027.3612265317
          ],
          [
            88419.22265808914,
            3161106.276636415
          ],
          [
            88471.30629318365,
            3161188.492182455
          ],
          [
            88478.86276673342,
            3161287.557010032
          ],
          [
            88481.0124249724,
            3161387.4369822834
          ],
          [
            88546.53501850518,
            3161460.775584363
          ],
          [
            88630.68084211933,
            3161508.048597313
          ],
          [
            88706.29432903067,
            3161571.051032717
          ],
          [
            88747.35620569062,
            3161657.106115468
          ],
          [
            88782.96496211666,
            3161743.581547179
          ],
          [
            88853.26882166714,
            3161813.6785785696
          ],
          [
            88871.68188984954,
            3161910.8423525486
          ],
          [
            88948.0441944357,
            3161963.7141116774
          ],
          [
            89026.02385558798,
            3162017.1398869646
          ],
          [
            89083.14978413192,
            3162078.0816963348
          ],
          [
            89173.60579241303,
            3162106.2566508763
          ],
          [
            89215.634638088,
            3162193.612992012
          ],
          [
            89259.00135426654,
            3162282.302410512
          ],
          [
            89306.540484619,
            3162366.068181374
          ],
          [
            89355.82274888123,
            3162451.35841458
          ],
          [
            89390.38583561187,
            3162531.833735802
          ],
          [
            89350.40216120241,
            3162619.611840715
          ],
          [
            89321.52530008815,
            3162708.7314927625
          ],
          [
            89311.25880470217,
            3162805.2811131245
          ],
          [
            89315.86743586558,
            3162895.06780027
          ],
          [
            89318.0522567441,
            3162995.0234439475
          ],
          [
            89316.62975853978,
            3163095.0074998857
          ],
          [
            89318.56442029405,
            3163194.977750868
          ],
          [
            89321.72635870932,
            3163294.9232522347
          ],
          [
            89328.39928497963,
            3163394.663868937
          ],
          [
            89333.80735874428,
            3163494.454927464
          ],
          [
            89340.96851268628,
            3163593.9488195097
          ],
          [
            89344.59430456112,
            3163693.5458487724
          ],
          [
            89315.17179932617,
            3163787.339282677
          ],
          [
            89292.87317517409,
            3163883.1682580523
          ],
          [
            89337.55008697892,
            3163968.6896890183
          ],
          [
            89363.2578401681,
            3164065.0698841857
          ],
          [
            89382.91354004288,
            3164162.3794042096
          ],
          [
            89398.2171421417,
            3164260.864910993
          ],
          [
            89397.3781949043,
            3164360.80090877
          ],
          [
            89364.16217982164,
            3164453.3945091027
          ],
          [
            89335.94205902815,
            3164546.2664840743
          ],
          [
            89342.70281098608,
            3164639.912294984
          ],
          [
            89338.14708229528,
            3164739.5108245816
          ],
          [
            89331.457146108,
            3164839.0296186837
          ],
          [
            89325.18414768505,
            3164928.620417034
          ],
          [
            89329.3024664697,
            3165027.551195776
          ],
          [
            89317.9788787862,
            3165126.4124646937
          ],
          [
            89299.20280168128,
            3165224.2424458307
          ],
          [
            89257.40407150068,
            3165314.684526379
          ],
          [
            89209.31247956991,
            3165402.230358429
          ],
          [
            89200.30650421946,
            3165500.6972476635
          ],
          [
            89175.9576520553,
            3165595.579968716
          ],
          [
            89141.51080757828,
            3165685.292744698
          ],
          [
            89114.23364934183,
            3165775.5898475694
          ],
          [
            89110.60780673627,
            3165875.4082122645
          ],
          [
            89076.20826431576,
            3165967.313211044
          ],
          [
            89054.34541421944,
            3166064.200762656
          ],
          [
            89019.78169717404,
            3166154.094523552
          ],
          [
            89047.19453934353,
            3166247.949794018
          ],
          [
            89095.72674033906,
            3166333.22964953
          ],
          [
            89106.1852303681,
            3166429.4800776895
          ],
          [
            89073.25696920925,
            3166517.343396444
          ],
          [
            89029.02581045701,
            3166603.816823393
          ],
          [
            88970.61068626231,
            3166684.8046787716
          ],
          [
            88958.6605234999,
            3166782.216072888
          ],
          [
            88939.31287802703,
            3166878.4746490642
          ],
          [
            88926.88946320163,
            3166977.046614885
          ],
          [
            88914.94604055704,
            3167076.1455381336
          ],
          [
            88871.91641690927,
            3167165.8488568054
          ],
          [
            88819.39246825525,
            3167249.1369198435
          ],
          [
            88770.83413753958,
            3167333.4064174206
          ],
          [
            88737.47431494875,
            3167425.002390183
          ],
          [
            88689.24897614773,
            3167510.5442679715
          ],
          [
            88657.9393767502,
            3167605.464995161
          ],
          [
            88628.44673674414,
            3167700.612281218
          ],
          [
            88576.08914164806,
            3167782.301030591
          ],
          [
            88509.9210618209,
            3167856.4231501357
          ],
          [
            88502.52576109619,
            3167955.1005960098
          ],
          [
            88529.38333105869,
            3168047.469192889
          ],
          [
            88512.00336275794,
            3168142.1469941395
          ],
          [
            88472.06963961327,
            3168231.3398961336
          ],
          [
            88405.3505869795,
            3168302.5743444883
          ],
          [
            88320.64969715581,
            3168346.024128765
          ],
          [
            88291.76417921558,
            3168436.7245060937
          ],
          [
            88300.92234172052,
            3168535.0319792773
          ],
          [
            88335.42771378701,
            3168626.893727415
          ],
          [
            88348.4258193032,
            3168725.8637023973
          ],
          [
            88354.27616665958,
            3168825.541300209
          ],
          [
            88357.80903510579,
            3168925.4772507376
          ],
          [
            88360.36032005708,
            3169025.432340317
          ],
          [
            88348.45463379394,
            3169123.449571585
          ],
          [
            88359.62640475384,
            3169222.4761273637
          ],
          [
            88358.30169070003,
            3169322.3915460785
          ],
          [
            88359.15365150796,
            3169422.358163376
          ],
          [
            88360.1618224586,
            3169522.285329002
          ],
          [
            88335.1989415308,
            3169618.114955131
          ],
          [
            88305.8393621362,
            3169713.3088497976
          ],
          [
            88280.08186089885,
            3169806.083919669
          ],
          [
            88314.45286695147,
            3169895.228674385
          ],
          [
            88334.35695587342,
            3169991.3848425373
          ],
          [
            88356.812269532,
            3170087.35217542
          ],
          [
            88363.2907722957,
            3170182.380290294
          ],
          [
            88368.73110151825,
            3170282.167651826
          ],
          [
            88362.45189579291,
            3170375.299875554
          ],
          [
            88415.77832093686,
            3170458.7799939164
          ],
          [
            88476.88776603754,
            3170535.8342736894
          ],
          [
            88516.84494600612,
            3170626.347140729
          ],
          [
            88538.25841633849,
            3170723.831616802
          ],
          [
            88536.93158648378,
            3170823.2843202557
          ],
          [
            88539.46138799281,
            3170923.0860542795
          ],
          [
            88595.17128394313,
            3171004.482749533
          ],
          [
            88632.13592302433,
            3171095.406781307
          ],
          [
            88657.41315159349,
            3171191.8877104865
          ],
          [
            88680.9868974408,
            3171285.9077449488
          ],
          [
            88739.57783944097,
            3171366.8082456384
          ],
          [
            88800.29839655409,
            3171444.025470873
          ],
          [
            88843.45523243019,
            3171532.7530153296
          ],
          [
            88834.35942895655,
            3171627.795661414
          ],
          [
            88857.60850849224,
            3171717.9443491087
          ],
          [
            88871.31964463036,
            3171816.586180876
          ],
          [
            88888.35520415693,
            3171914.666117446
          ],
          [
            88871.61087588225,
            3172011.5992372325
          ],
          [
            88891.701100939,
            3172105.179237406
          ],
          [
            88900.06028240986,
            3172204.813184281
          ],
          [
            88929.37642350882,
            3172296.840144909
          ],
          [
            88941.15127341497,
            3172394.981950773
          ],
          [
            88927.8392953297,
            3172493.937703714
          ],
          [
            88896.58623183763,
            3172587.4024685486
          ],
          [
            88875.02235489598,
            3172681.059544309
          ],
          [
            88809.83832997871,
            3172756.120875444
          ],
          [
            88775.49689705386,
            3172846.265745498
          ],
          [
            88750.00071755434,
            3172938.548790592
          ],
          [
            88721.02573473561,
            3173030.7100438857
          ],
          [
            88691.78253441134,
            3173123.615494279
          ],
          [
            88679.67549500513,
            3173221.5057708323
          ],
          [
            88638.11238677755,
            3173310.674036755
          ],
          [
            88592.44450396125,
            3173394.1825575726
          ],
          [
            88543.79095137243,
            3173474.7263050354
          ],
          [
            88521.88987061747,
            3173564.678825512
          ],
          [
            88482.28134096558,
            3173650.1215802436
          ],
          [
            88435.38527536918,
            3173735.458041627
          ],
          [
            88391.94729627555,
            3173822.140066818
          ],
          [
            88369.53784247774,
            3173915.1656691097
          ],
          [
            88351.5424021033,
            3174010.773639814
          ],
          [
            88324.30254641219,
            3174106.4593545035
          ],
          [
            88349.86187587235,
            3174197.632796463
          ],
          [
            88328.61521058508,
            3174286.364692382
          ],
          [
            88272.53964272543,
            3174363.8961598137
          ],
          [
            88257.9709634691,
            3174461.8205902614
          ],
          [
            88214.68610480812,
            3174548.975341675
          ],
          [
            88187.62239185037,
            3174643.523148467
          ],
          [
            88164.15739675022,
            3174739.0232066046
          ],
          [
            88152.52792447056,
            3174834.5957651045
          ],
          [
            88154.87353917639,
            3174934.5583090307
          ],
          [
            88106.22495507737,
            3175018.371038959
          ],
          [
            88081.41120067859,
            3175111.6906905184
          ],
          [
            88029.49258658971,
            3175192.9731307263
          ],
          [
            88073.40226293374,
            3175267.4273929535
          ],
          [
            88103.73531752078,
            3175357.752535581
          ],
          [
            88148.81174544252,
            3175443.817782261
          ],
          [
            88152.12291717778,
            3175543.716348141
          ],
          [
            88151.75123289967,
            3175643.6787813096
          ],
          [
            88103.65759938986,
            3175728.008540047
          ],
          [
            88056.52456977512,
            3175812.4720655545
          ],
          [
            88024.4117413699,
            3175902.526265052
          ],
          [
            87969.79150687497,
            3175981.5500188572
          ],
          [
            87953.15129391626,
            3176077.1017543245
          ],
          [
            87954.83821270378,
            3176176.560244426
          ],
          [
            87934.02381350986,
            3176271.1416330077
          ],
          [
            87923.03517146068,
            3176368.348796456
          ],
          [
            87900.34092631376,
            3176463.699996377
          ],
          [
            87883.19322438627,
            3176558.9211159945
          ],
          [
            87882.12230444432,
            3176657.6846449208
          ],
          [
            87823.49717316963,
            3176737.698890276
          ],
          [
            87793.84391050691,
            3176827.7941836473
          ],
          [
            87728.4845562318,
            3176903.0504285516
          ],
          [
            87667.9273417418,
            3176980.148691569
          ],
          [
            87609.38043301487,
            3177050.8757693185
          ],
          [
            87590.14584174372,
            3177145.806475894
          ],
          [
            87581.90283244624,
            3177243.377157657
          ],
          [
            87559.12770246241,
            3177334.7388296616
          ],
          [
            87488.83245353153,
            3177403.5986849586
          ],
          [
            87420.13132949702,
            3177476.093989595
          ],
          [
            87350.86699337285,
            3177535.870761232
          ],
          [
            87278.98380705243,
            3177601.467686581
          ],
          [
            87206.57196456484,
            3177665.6386191132
          ],
          [
            87127.8635321651,
            3177718.035229602
          ],
          [
            87065.73709179291,
            3177794.8864439507
          ],
          [
            86986.6891234077,
            3177848.04718352
          ],
          [
            87003.45872270332,
            3177937.0475103366
          ],
          [
            86984.06997183932,
            3178032.1402492793
          ],
          [
            87013.70206504341,
            3178126.780885581
          ],
          [
            87063.08819608422,
            3178211.2416737108
          ],
          [
            87097.44720920242,
            3178299.6578454957
          ],
          [
            87176.98618081497,
            3178356.7182344007
          ],
          [
            87188.62051506618,
            3178453.96444465
          ],
          [
            87191.30079016475,
            3178553.870141035
          ],
          [
            87193.17681996588,
            3178653.716363888
          ],
          [
            87173.58514944994,
            3178751.6289483286
          ],
          [
            87134.08075636454,
            3178840.0246624122
          ],
          [
            87190.43164605422,
            3178918.6225048164
          ],
          [
            87208.5348427684,
            3179012.852457672
          ],
          [
            87278.61326746899,
            3179084.0257558855
          ],
          [
            87311.7525734234,
            3179175.578693782
          ],
          [
            87314.10807656473,
            3179275.546343982
          ],
          [
            87319.82802829368,
            3179373.8187193456
          ],
          [
            87357.40758428037,
            3179462.5899779927
          ],
          [
            87420.65184783719,
            3179539.5352433072
          ],
          [
            87433.79429321914,
            3179636.894201741
          ],
          [
            87488.92404651518,
            3179708.5268834145
          ],
          [
            87493.11654299153,
            3179807.835372441
          ],
          [
            87565.7465610302,
            3179872.667160138
          ],
          [
            87652.46903611343,
            3179904.5239845514
          ],
          [
            87705.02009936514,
            3179979.4235771317
          ],
          [
            87761.88956132464,
            3180058.1720584207
          ],
          [
            87836.2729063375,
            3180121.026094661
          ],
          [
            87904.42079463012,
            3180192.0222196127
          ],
          [
            87913.64184440058,
            3180290.344565018
          ],
          [
            87892.0477250591,
            3180377.718288075
          ],
          [
            87887.22147703299,
            3180472.2190824263
          ],
          [
            87955.74017046847,
            3180543.681104256
          ],
          [
            88000.29498569052,
            3180623.7910958817
          ],
          [
            88073.92511733559,
            3180660.431293674
          ],
          [
            88155.64100976886,
            3180708.4215060333
          ],
          [
            88244.17065233865,
            3180741.2361942176
          ],
          [
            88286.59519515204,
            3180827.698194866
          ],
          [
            88308.53208092753,
            3180921.4299301454
          ],
          [
            88343.18814610488,
            3181009.2663973714
          ],
          [
            88393.14112416113,
            3181087.467627615
          ],
          [
            88475.90010796323,
            3181130.6856613774
          ],
          [
            88508.3080623714,
            3181218.344505085
          ],
          [
            88531.50984116142,
            3181314.5692876996
          ],
          [
            88559.6634767513,
            3181408.9612396415
          ],
          [
            88544.50044603762,
            3181505.010192763
          ],
          [
            88492.6092166435,
            3181583.813258761
          ],
          [
            88532.67705035904,
            3181672.327588748
          ],
          [
            88612.22355170448,
            3181712.899994666
          ],
          [
            88682.72742848292,
            3181783.6179118454
          ],
          [
            88721.82035083603,
            3181870.2378077907
          ],
          [
            88790.96065939656,
            3181942.348026769
          ],
          [
            88851.78971644008,
            3182020.6191783366
          ],
          [
            88881.57583772545,
            3182111.5362426303
          ],
          [
            88930.3671630637,
            3182189.599721317
          ],
          [
            88950.4474938647,
            3182280.841937776
          ],
          [
            88988.02378591591,
            3182368.4263403076
          ],
          [
            88991.40064077372,
            3182468.3409892214
          ],
          [
            89044.79783544407,
            3182548.626251893
          ],
          [
            89055.85740399096,
            3182647.1493441374
          ],
          [
            89088.98234854732,
            3182738.113815962
          ],
          [
            89113.41812235554,
            3182833.310425514
          ],
          [
            89128.37423010208,
            3182931.7373457435
          ],
          [
            89139.517040748,
            3183022.200487218
          ],
          [
            89176.49103305215,
            3183109.3755805893
          ],
          [
            89190.46380177017,
            3183206.6530245165
          ],
          [
            89235.3958754469,
            3183289.176933726
          ],
          [
            89260.38242180331,
            3183385.795928338
          ],
          [
            89262.92352923013,
            3183485.7262473567
          ],
          [
            89254.85782263668,
            3183585.0199500164
          ],
          [
            89303.21355458563,
            3183667.8528511473
          ],
          [
            89350.76819399666,
            3183754.9595175907
          ],
          [
            89414.9703865733,
            3183829.1355272355
          ],
          [
            89477.89187845476,
            3183903.5979893
          ],
          [
            89509.12338780907,
            3183997.065487916
          ],
          [
            89530.67140826957,
            3184094.097792297
          ],
          [
            89587.0323953236,
            3184172.9770966414
          ],
          [
            89667.56142151289,
            3184226.95745539
          ],
          [
            89729.06475715738,
            3184304.2982740807
          ],
          [
            89790.27878828603,
            3184382.9483072977
          ],
          [
            89866.8315884654,
            3184437.1128808614
          ],
          [
            89936.49597278217,
            3184508.5194394486
          ],
          [
            90023.76935630408,
            3184552.0088742403
          ],
          [
            90103.7172358481,
            3184611.243242424
          ],
          [
            90168.87218256335,
            3184686.4565419494
          ],
          [
            90188.71414515717,
            3184783.3575895536
          ],
          [
            90190.56977934357,
            3184883.310454205
          ],
          [
            90179.44843021735,
            3184982.448715706
          ],
          [
            90192.52143676077,
            3185079.12459186
          ],
          [
            90161.37437417943,
            3185168.9223251087
          ],
          [
            90093.8444462695,
            3185240.7422662047
          ],
          [
            90057.28543152343,
            3185331.630245707
          ],
          [
            90042.92305960825,
            3185429.0304487017
          ],
          [
            90053.66168108505,
            3185528.3983261073
          ],
          [
            90061.72638098252,
            3185628.033125992
          ],
          [
            90060.34108310935,
            3185727.6702856524
          ],
          [
            90073.39268663496,
            3185826.461372339
          ],
          [
            90100.68064039452,
            3185920.45906902
          ],
          [
            90165.2333932482,
            3185991.63808737
          ],
          [
            90237.2733729253,
            3186060.6539497725
          ],
          [
            90301.55640719653,
            3186135.872582277
          ],
          [
            90311.4590449425,
            3186235.08352202
          ],
          [
            90311.8633094965,
            3186334.90710529
          ],
          [
            90373.17331574704,
            3186411.1701513524
          ],
          [
            90439.68512119794,
            3186485.4080005353
          ],
          [
            90482.97613759598,
            3186572.4291581716
          ],
          [
            90520.91512291344,
            3186661.7359448345
          ],
          [
            90567.02637420391,
            3186746.869708779
          ],
          [
            90627.13158883013,
            3186826.6294421772
          ],
          [
            90672.26886303173,
            3186914.110308299
          ],
          [
            90695.86160633783,
            3187009.960485989
          ],
          [
            90703.94912132803,
            3187109.460326056
          ],
          [
            90704.80242901895,
            3187209.411347608
          ],
          [
            90749.40974662398,
            3187296.905524406
          ],
          [
            90805.98286607872,
            3187377.464696346
          ],
          [
            90833.08804917207,
            3187470.679234302
          ],
          [
            90847.99622412244,
            3187566.3073395714
          ],
          [
            90884.96994458699,
            3187657.8973865435
          ],
          [
            90928.12100229702,
            3187745.9868692616
          ],
          [
            90961.1239723421,
            3187839.3794533624
          ],
          [
            90954.77060640503,
            3187938.444194363
          ],
          [
            90960.29311259526,
            3188037.849301153
          ],
          [
            90912.34034578926,
            3188120.8382120845
          ],
          [
            90940.18261240622,
            3188213.208510738
          ],
          [
            90914.1629262651,
            3188306.485835903
          ],
          [
            90927.67139824956,
            3188404.058707989
          ],
          [
            90957.4803138772,
            3188480.750890074
          ],
          [
            90974.81536018797,
            3188577.29169898
          ],
          [
            91022.82212443433,
            3188659.8892184417
          ],
          [
            91080.58674074146,
            3188739.024676125
          ],
          [
            91135.14605897752,
            3188814.843371837
          ],
          [
            91182.76942165328,
            3188893.5446591806
          ],
          [
            91213.01108583449,
            3188984.2351410296
          ],
          [
            91210.28599067307,
            3189084.1571535333
          ],
          [
            91193.51524910142,
            3189180.6085873083
          ],
          [
            91159.97293253323,
            3189273.6557544237
          ],
          [
            91170.18965727297,
            3189372.5032030693
          ],
          [
            91210.54328178137,
            3189462.537736448
          ],
          [
            91265.54114808145,
            3189536.9325329466
          ],
          [
            91359.24039781206,
            3189551.90697234
          ],
          [
            91447.46349374637,
            3189521.9236308536
          ],
          [
            91543.3017557291,
            3189547.669682163
          ],
          [
            91633.14967546228,
            3189590.789871962
          ],
          [
            91662.83563771877,
            3189674.3797946027
          ],
          [
            91614.70705687677,
            3189759.1715016756
          ],
          [
            91570.33077677732,
            3189847.10137128
          ],
          [
            91535.88986137183,
            3189938.684455163
          ],
          [
            91518.53214915014,
            3190036.731129207
          ],
          [
            91526.10736606429,
            3190134.0062266984
          ],
          [
            91479.76372623742,
            3190218.7327802256
          ],
          [
            91401.7310736674,
            3190279.176302772
          ],
          [
            91319.61012964149,
            3190333.6786403013
          ],
          [
            91302.97078824966,
            3190426.836051761
          ],
          [
            91367.9478474436,
            3190493.473921543
          ],
          [
            91467.84708183353,
            3190493.6293727728
          ],
          [
            91559.77620095431,
            3190527.174029992
          ],
          [
            91647.22237671069,
            3190574.261520243
          ],
          [
            91665.80089397645,
            3190670.236480258
          ],
          [
            91723.69181992447,
            3190745.7770285322
          ],
          [
            91744.7590111682,
            3190842.1073592394
          ],
          [
            91747.96840952085,
            3190942.0342332916
          ],
          [
            91730.80353491947,
            3191039.8293161425
          ],
          [
            91775.90882562187,
            3191120.497949283
          ],
          [
            91831.51420990689,
            3191195.9934830596
          ],
          [
            91902.37379614156,
            3191266.149153617
          ],
          [
            91954.56920784686,
            3191350.1802477324
          ],
          [
            92021.11842390423,
            3191424.6150706336
          ],
          [
            92076.03847957804,
            3191505.0514269704
          ],
          [
            92124.01174202812,
            3191590.5184042105
          ],
          [
            92163.28636081258,
            3191680.7779883337
          ],
          [
            92190.85962726918,
            3191774.708564522
          ],
          [
            92243.54273987794,
            3191855.4835888967
          ],
          [
            92338.49713521267,
            3191873.7709311587
          ],
          [
            92397.64284924314,
            3191943.6116797733
          ],
          [
            92403.38059885513,
            3192043.391763869
          ],
          [
            92405.22948591108,
            3192143.352333164
          ],
          [
            92406.02363429539,
            3192243.342951661
          ],
          [
            92405.5340407923,
            3192343.2884528227
          ],
          [
            92409.58908007752,
            3192438.9550449275
          ],
          [
            92448.43180830612,
            3192526.469992967
          ],
          [
            92503.07640055928,
            3192605.7623698707
          ],
          [
            92536.5181276394,
            3192691.1693024244
          ],
          [
            92582.89509309216,
            3192778.38988662
          ],
          [
            92590.96914561924,
            3192877.8906722483
          ],
          [
            92593.30467672335,
            3192977.7540473514
          ],
          [
            92637.87951103065,
            3193065.441138936
          ],
          [
            92650.19623896267,
            3193164.2879848853
          ],
          [
            92691.7033468253,
            3193250.559009114
          ],
          [
            92737.25332874748,
            3193334.318058623
          ],
          [
            92772.8949885443,
            3193424.329906754
          ],
          [
            92773.3468709213,
            3193523.777328343
          ],
          [
            92826.24766429517,
            3193607.2221300807
          ],
          [
            92847.80271341024,
            3193701.35078017
          ],
          [
            92915.74473125108,
            3193774.0780400457
          ],
          [
            92973.41748464253,
            3193852.347104266
          ],
          [
            93000.21282398327,
            3193947.561313782
          ],
          [
            93003.21225859174,
            3194045.30913778
          ],
          [
            93040.2212077986,
            3194133.858390248
          ],
          [
            93095.99099729466,
            3194213.2403487535
          ],
          [
            93164.03449700582,
            3194279.6627105516
          ],
          [
            93175.72454253014,
            3194376.5071011954
          ],
          [
            93191.68836971029,
            3194474.12033008
          ],
          [
            93180.85910934638,
            3194571.78184336
          ],
          [
            93158.94856340978,
            3194666.6790008373
          ],
          [
            93124.85341759212,
            3194758.906427261
          ],
          [
            93082.74583544575,
            3194848.0457785623
          ],
          [
            93087.7505965841,
            3194944.2205097144
          ],
          [
            93115.80458657592,
            3195036.2993999715
          ],
          [
            93185.47510986109,
            3195104.4542545592
          ],
          [
            93193.91370825164,
            3195203.827978499
          ],
          [
            93225.34840602426,
            3195289.1697417977
          ],
          [
            93279.91602753795,
            3195363.6985288896
          ],
          [
            93281.21395203525,
            3195463.673748657
          ],
          [
            93224.2151375756,
            3195541.851556147
          ],
          [
            93220.36710636223,
            3195638.3638168895
          ],
          [
            93243.12073175343,
            3195727.287449597
          ],
          [
            93299.46679096413,
            3195807.87885777
          ],
          [
            93272.78435167033,
            3195898.357836918
          ],
          [
            93231.2906904052,
            3195986.868181121
          ],
          [
            93184.94384134971,
            3196072.9328585775
          ],
          [
            93113.57512994627,
            3196141.752117864
          ],
          [
            93044.33416566822,
            3196213.758134658
          ],
          [
            92974.64160743021,
            3196279.500139876
          ],
          [
            92907.26428541444,
            3196353.0758661437
          ],
          [
            92892.71912057872,
            3196448.3438367997
          ],
          [
            92864.3673857996,
            3196541.5289579933
          ],
          [
            92917.03209819853,
            3196611.3958400344
          ],
          [
            92956.86075780106,
            3196691.115195597
          ],
          [
            93041.58178520155,
            3196696.948441022
          ],
          [
            93112.80399037329,
            3196766.7358106123
          ],
          [
            93189.16458446677,
            3196821.487324794
          ],
          [
            93215.4453990907,
            3196910.3237551064
          ],
          [
            93177.17607217049,
            3196955.532395493
          ],
          [
            93248.5942859371,
            3197024.918929128
          ],
          [
            93318.50911797608,
            3197011.791704613
          ],
          [
            93396.72476847531,
            3197050.681645112
          ],
          [
            93396.44630277168,
            3197127.756464603
          ],
          [
            93318.31798459016,
            3197090.3768464406
          ],
          [
            93328.90678182426,
            3197155.817991052
          ],
          [
            93401.87447225086,
            3197218.257077973
          ],
          [
            93433.14586830148,
            3197308.794244937
          ],
          [
            93504.90935137209,
            3197375.455593569
          ],
          [
            93549.7833281512,
            3197460.069504799
          ],
          [
            93600.72365916826,
            3197540.5025990484
          ],
          [
            93604.79360724539,
            3197640.3935224055
          ],
          [
            93614.26911390992,
            3197738.602707025
          ],
          [
            93688.0967140345,
            3197805.2992242156
          ],
          [
            93730.41966950589,
            3197895.1121503636
          ],
          [
            93800.65996897053,
            3197966.0459918184
          ],
          [
            93865.79429617623,
            3198041.310455379
          ],
          [
            93885.56323134292,
            3198138.860377565
          ],
          [
            93829.9232722462,
            3198204.3920247895
          ],
          [
            93732.56509779235,
            3198225.551060956
          ],
          [
            93654.9778245354,
            3198286.794153475
          ],
          [
            93615.13009966354,
            3198377.115638509
          ],
          [
            93547.95865738334,
            3198448.703429558
          ],
          [
            93511.95091365991,
            3198539.3932068115
          ],
          [
            93479.25705345637,
            3198632.740449635
          ],
          [
            93453.87712773272,
            3198711.3137470037
          ],
          [
            93490.41805335291,
            3198799.133907293
          ],
          [
            93545.32258500588,
            3198877.5008698646
          ],
          [
            93558.75864299125,
            3198973.853924097
          ],
          [
            93618.20817485191,
            3198928.299614644
          ],
          [
            93688.72146870581,
            3198986.755214637
          ],
          [
            93693.75385456282,
            3199084.6794617013
          ],
          [
            93718.17985701545,
            3199181.10945883
          ],
          [
            93674.54403456704,
            3199266.292611662
          ],
          [
            93695.78437799559,
            3199348.3039009115
          ],
          [
            93730.86536742678,
            3199434.213396821
          ],
          [
            93784.77824987684,
            3199512.3015373265
          ],
          [
            93798.74803976754,
            3199608.1490409365
          ],
          [
            93847.47217826537,
            3199686.5922651542
          ],
          [
            93849.85426962828,
            3199786.5270729796
          ],
          [
            93849.82122023703,
            3199886.5251872856
          ],
          [
            93862.6690871034,
            3199981.0463025123
          ],
          [
            93904.94182395346,
            3200067.494636646
          ],
          [
            93957.977118734,
            3200149.503542469
          ],
          [
            94014.63097061316,
            3200227.1570651033
          ],
          [
            94025.22341936064,
            3200325.395724409
          ],
          [
            94024.84065970113,
            3200425.3869935926
          ],
          [
            94029.3262108706,
            3200525.2768383212
          ],
          [
            94010.84300194854,
            3200620.4573211935
          ],
          [
            93991.46363564006,
            3200715.2456977502
          ],
          [
            93970.80975820952,
            3200810.543519478
          ],
          [
            93959.39524287946,
            3200882.1367822206
          ],
          [
            94034.43289855965,
            3200938.1952285278
          ],
          [
            94018.83382593236,
            3201024.0088704033
          ],
          [
            93953.70638162919,
            3201099.731554589
          ],
          [
            93881.08002786178,
            3201166.4679726767
          ],
          [
            93805.41290410805,
            3201230.948688012
          ],
          [
            93737.27500987999,
            3201303.970688586
          ],
          [
            93670.01354103364,
            3201377.8086624215
          ],
          [
            93593.43648393068,
            3201440.7897288715
          ],
          [
            93511.53921388986,
            3201494.150659278
          ],
          [
            93426.56582753341,
            3201543.8438840476
          ],
          [
            93335.21514889634,
            3201583.9894458195
          ],
          [
            93251.5903921238,
            3201638.218134411
          ],
          [
            93175.77858790122,
            3201703.3852154813
          ],
          [
            93103.39697983846,
            3201772.308830296
          ],
          [
            93030.9583671096,
            3201841.1403592615
          ],
          [
            92950.09778818245,
            3201899.2367610773
          ],
          [
            92861.04961585745,
            3201941.190895459
          ],
          [
            92771.46427889826,
            3201980.782717046
          ],
          [
            92683.08452876829,
            3202026.5715807164
          ],
          [
            92596.7604924547,
            3202074.3888120367
          ],
          [
            92498.94854590738,
            3202090.420073362
          ],
          [
            92413.7325009162,
            3202109.694995001
          ],
          [
            92434.22167812934,
            3202197.1353488923
          ],
          [
            92376.56450139625,
            3202270.690412882
          ],
          [
            92411.31430508518,
            3202358.230994606
          ],
          [
            92437.84001135446,
            3202453.2687266017
          ],
          [
            92442.196177472,
            3202553.1286481
          ],
          [
            92486.2074081777,
            3202637.752911008
          ],
          [
            92498.68394905193,
            3202736.4708764716
          ],
          [
            92540.70539758269,
            3202824.406055372
          ],
          [
            92585.167816924,
            3202912.6320737083
          ],
          [
            92626.31925917794,
            3203001.0143371704
          ],
          [
            92693.95703311749,
            3203073.836421144
          ],
          [
            92756.43232693682,
            3203149.423820414
          ],
          [
            92831.81915328797,
            3203128.8802235713
          ],
          [
            92922.1001591508,
            3203153.975075619
          ],
          [
            92999.87814776003,
            3203212.6885059713
          ],
          [
            92993.97900083297,
            3203305.710477295
          ],
          [
            93021.73461607173,
            3203398.3710221136
          ],
          [
            93075.61570638818,
            3203479.4632966686
          ],
          [
            93165.50971067614,
            3203503.5634891647
          ],
          [
            93240.576513778,
            3203539.930224071
          ],
          [
            93290.41329154154,
            3203626.2670049006
          ],
          [
            93268.72287876875,
            3203692.6877600965
          ],
          [
            93200.59782363428,
            3203712.387965612
          ],
          [
            93249.38171076705,
            3203795.1291380175
          ],
          [
            93310.8007154778,
            3203870.857303033
          ],
          [
            93329.65836254916,
            3203968.5381807033
          ],
          [
            93359.06717459731,
            3203966.1301295
          ],
          [
            93394.15987965325,
            3203945.5074160155
          ],
          [
            93405.86342353022,
            3204044.7278416567
          ],
          [
            93409.28392780836,
            3204144.528088287
          ],
          [
            93410.05362337138,
            3204244.5225301664
          ],
          [
            93390.9535383739,
            3204340.4149233247
          ],
          [
            93379.69445964484,
            3204438.303754745
          ],
          [
            93341.65221609508,
            3204527.6930748313
          ],
          [
            93341.58517241411,
            3204627.6727926745
          ],
          [
            93346.47674660503,
            3204727.5181009183
          ],
          [
            93353.46758725293,
            3204827.2296921914
          ],
          [
            93396.93930627462,
            3204915.33789842
          ],
          [
            93410.93016011236,
            3205013.7877632016
          ],
          [
            93459.61341252517,
            3205099.7547166073
          ],
          [
            93463.80210448819,
            3205197.712845788
          ],
          [
            93422.97298946528,
            3205281.354653992
          ],
          [
            93420.16998072632,
            3205381.2711573658
          ],
          [
            93449.81988634312,
            3205462.9444095483
          ],
          [
            93486.32744964436,
            3205386.2628685636
          ],
          [
            93495.96126300581,
            3205327.9185720156
          ],
          [
            93500.04925503444,
            3205427.7705898657
          ],
          [
            93510.2978403519,
            3205527.047706652
          ],
          [
            93450.01154375046,
            3205591.722793286
          ],
          [
            93432.30930656807,
            3205683.4238990773
          ],
          [
            93437.03407701087,
            3205783.301180732
          ],
          [
            93486.97035927263,
            3205865.237841991
          ],
          [
            93493.43730460855,
            3205963.137429576
          ],
          [
            93500.16428008376,
            3206062.846719611
          ],
          [
            93526.14922473149,
            3206156.4328144714
          ],
          [
            93567.63958574791,
            3206245.116970895
          ],
          [
            93613.90473123036,
            3206330.7259112797
          ],
          [
            93665.18278282201,
            3206413.9552018647
          ],
          [
            93685.78140216891,
            3206510.267660404
          ],
          [
            93753.84636171968,
            3206582.849395388
          ],
          [
            93798.57519190366,
            3206669.1775278607
          ],
          [
            93848.1456204954,
            3206752.506167258
          ],
          [
            93909.96337738188,
            3206828.885233039
          ],
          [
            93984.24295368891,
            3206895.213309723
          ],
          [
            94026.42827674565,
            3206981.978612439
          ],
          [
            93998.94978482342,
            3207072.8526529847
          ],
          [
            94010.85143905139,
            3207157.16319345
          ],
          [
            94047.74519732958,
            3207246.606647473
          ],
          [
            94088.44904926652,
            3207331.8707225984
          ],
          [
            94138.77211468847,
            3207413.7423951626
          ],
          [
            94183.29795934004,
            3207499.118259194
          ],
          [
            94221.4947322822,
            3207587.6119153504
          ],
          [
            94249.70788487549,
            3207680.2672031084
          ],
          [
            94302.27817107776,
            3207760.1611070586
          ],
          [
            94349.17199367439,
            3207839.04283014
          ],
          [
            94418.21364088674,
            3207896.46076809
          ],
          [
            94476.39539689438,
            3207974.081015012
          ],
          [
            94519.3063859656,
            3208059.761469381
          ],
          [
            94588.16204325497,
            3208130.1900361595
          ],
          [
            94608.21229824153,
            3208226.8395893266
          ],
          [
            94662.31487721838,
            3208306.1991961277
          ],
          [
            94659.28254194694,
            3208406.023273636
          ],
          [
            94677.53189236854,
            3208503.601469684
          ],
          [
            94686.02279506183,
            3208602.904032696
          ],
          [
            94721.61284881725,
            3208691.876264855
          ],
          [
            94780.35174395541,
            3208770.4210110568
          ],
          [
            94792.0242370323,
            3208869.6742973607
          ],
          [
            94799.2145445442,
            3208969.397918323
          ],
          [
            94783.35540452517,
            3209065.2426181794
          ],
          [
            94754.44512522276,
            3209156.647941381
          ],
          [
            94755.17824198845,
            3209256.5813456415
          ],
          [
            94720.62372010716,
            3209344.7835668772
          ],
          [
            94714.12957609803,
            3209441.125904572
          ],
          [
            94719.96875470597,
            3209540.9496317017
          ],
          [
            94745.5159136766,
            3209632.645812671
          ],
          [
            94782.54813477556,
            3209721.371006737
          ],
          [
            94784.33709884736,
            3209821.3358829636
          ],
          [
            94784.55610949575,
            3209921.3301450713
          ],
          [
            94790.89303361421,
            3210021.0822635833
          ],
          [
            94816.33404535534,
            3210115.7307566665
          ],
          [
            94807.54514010865,
            3210203.731601889
          ],
          [
            94807.11247564256,
            3210303.701683598
          ],
          [
            94749.51612863842,
            3210372.9965064875
          ],
          [
            94747.82533670627,
            3210472.3352617184
          ],
          [
            94751.46654449719,
            3210572.129591693
          ],
          [
            94783.22758973099,
            3210661.4651594115
          ],
          [
            94804.1979034779,
            3210756.904695371
          ],
          [
            94814.01057102875,
            3210851.587543882
          ],
          [
            94771.49423231199,
            3210938.8000148237
          ],
          [
            94800.61508477254,
            3211029.1264086976
          ],
          [
            94828.79475377579,
            3211122.3732389803
          ],
          [
            94832.60927491362,
            3211222.1075571235
          ],
          [
            94867.58633884396,
            3211310.7505752705
          ],
          [
            94886.95873398594,
            3211408.5762295593
          ],
          [
            94897.35955518535,
            3211507.880731425
          ],
          [
            94915.19732701514,
            3211603.874821853
          ],
          [
            94952.94953160548,
            3211693.400605525
          ],
          [
            94996.68380386244,
            3211771.057476632
          ],
          [
            95021.93639935789,
            3211863.6954600965
          ],
          [
            94985.85785765974,
            3211953.3638551594
          ],
          [
            94996.73521881114,
            3212034.600219808
          ],
          [
            95036.08060345368,
            3212120.8958333293
          ],
          [
            95106.56350742883,
            3212190.1839225474
          ],
          [
            95172.72713373261,
            3212264.2715131957
          ],
          [
            95216.57178261696,
            3212351.6298490926
          ],
          [
            95243.96440026001,
            3212446.4479084257
          ],
          [
            95266.05927263985,
            3212541.1628462756
          ],
          [
            95359.62489845438,
            3212557.156640423
          ],
          [
            95419.00325818504,
            3212610.620683343
          ],
          [
            95469.68110305998,
            3212695.4660623358
          ],
          [
            95528.63399488672,
            3212770.6400956567
          ],
          [
            95595.7293589631,
            3212844.5571909864
          ],
          [
            95663.64608951402,
            3212917.6004278804
          ],
          [
            95732.47865543701,
            3212989.4427625006
          ],
          [
            95789.0114417229,
            3213070.4775468376
          ],
          [
            95825.7452168704,
            3213160.927776954
          ],
          [
            95861.01398760053,
            3213254.1151750903
          ],
          [
            95903.39859990988,
            3213344.5122163263
          ],
          [
            95950.05401402517,
            3213432.951685568
          ],
          [
            96008.28822257454,
            3213513.156483304
          ],
          [
            96075.44637274132,
            3213585.9664670704
          ],
          [
            96127.83317496514,
            3213666.428744775
          ],
          [
            96160.26185593192,
            3213758.567575395
          ],
          [
            96189.8826505249,
            3213849.8807865153
          ],
          [
            96204.1244356791,
            3213948.2644903464
          ],
          [
            96256.49717870618,
            3214032.8044932466
          ],
          [
            96288.66175954425,
            3214126.7464613128
          ],
          [
            96321.38758378504,
            3214221.220140285
          ],
          [
            96364.36868685031,
            3214310.9723481205
          ],
          [
            96433.5543877572,
            3214382.6022376805
          ],
          [
            96507.9359102738,
            3214445.186056483
          ],
          [
            96567.37585760621,
            3214523.636849899
          ],
          [
            96583.97388412232,
            3214620.96870985
          ],
          [
            96597.59524034649,
            3214719.8892994667
          ],
          [
            96657.54193229256,
            3214780.607477018
          ],
          [
            96666.21765365535,
            3214879.611856703
          ],
          [
            96667.94684442665,
            3214979.5324596036
          ],
          [
            96660.41900479364,
            3215077.2660975996
          ],
          [
            96658.4075511652,
            3215176.3886677367
          ],
          [
            96681.68487048284,
            3215271.031242782
          ],
          [
            96685.34727761443,
            3215370.5686562303
          ],
          [
            96632.65558677368,
            3215447.462873268
          ],
          [
            96624.33672534386,
            3215541.46540588
          ],
          [
            96684.18465187438,
            3215616.8067740873
          ],
          [
            96694.20391325894,
            3215714.737133286
          ],
          [
            96684.1420198646,
            3215811.282231583
          ],
          [
            96664.28460957872,
            3215898.3503475487
          ],
          [
            96685.65305572149,
            3215982.839484984
          ],
          [
            96644.06975401111,
            3216071.2214441886
          ],
          [
            96649.1397512428,
            3216169.9850378083
          ],
          [
            96648.28094023433,
            3216269.501293217
          ],
          [
            96662.69205129513,
            3216368.2869470646
          ],
          [
            96644.49885142225,
            3216464.8794357725
          ],
          [
            96625.4619555023,
            3216561.3262009476
          ],
          [
            96571.02889228996,
            3216644.8258013166
          ],
          [
            96537.4388257374,
            3216736.26931852
          ],
          [
            96486.79037414087,
            3216820.29660495
          ],
          [
            96441.40630785903,
            3216905.778406166
          ],
          [
            96395.08690095271,
            3216992.0610954994
          ],
          [
            96360.03125474327,
            3217081.0367716895
          ],
          [
            96295.08434173526,
            3217156.545263957
          ],
          [
            96223.85449450227,
            3217226.698112807
          ],
          [
            96163.19631781246,
            3217305.9957875726
          ],
          [
            96109.58944008031,
            3217390.3723191945
          ],
          [
            96043.21581643453,
            3217464.133667786
          ],
          [
            95969.23444631895,
            3217528.7259520856
          ],
          [
            95898.1993304875,
            3217598.4873933345
          ],
          [
            95825.12941049667,
            3217663.855264243
          ],
          [
            95744.99246922802,
            3217718.9671729533
          ],
          [
            95668.95214748998,
            3217778.9239757303
          ],
          [
            95593.9805640126,
            3217841.928687173
          ],
          [
            95524.98766493566,
            3217897.967241778
          ],
          [
            95471.60411573065,
            3217969.8747157026
          ],
          [
            95442.38114486884,
            3218061.576025978
          ],
          [
            95454.0944515459,
            3218157.4324453557
          ],
          [
            95534.20037586708,
            3218206.4839946297
          ],
          [
            95614.58577376702,
            3218257.207956794
          ],
          [
            95634.14414724245,
            3218352.1810450926
          ],
          [
            95655.79881674999,
            3218446.431996765
          ],
          [
            95724.41039828156,
            3218458.1918667294
          ],
          [
            95690.56529280955,
            3218549.58758352
          ],
          [
            95730.83518614649,
            3218629.662318312
          ],
          [
            95735.11818553017,
            3218728.528203998
          ],
          [
            95710.95998943393,
            3218818.456134646
          ],
          [
            95682.96483238578,
            3218907.757596972
          ],
          [
            95655.03889292249,
            3218998.755690591
          ],
          [
            95699.86383980443,
            3219078.2472320194
          ],
          [
            95712.74800669056,
            3219176.6193034044
          ],
          [
            95747.39830542867,
            3219264.3872573045
          ],
          [
            95803.17115419146,
            3219345.5539135165
          ],
          [
            95868.3965708823,
            3219411.0905712913
          ],
          [
            95922.02600891441,
            3219492.052016544
          ],
          [
            95989.5063665133,
            3219505.7750440794
          ],
          [
            95998.94371150555,
            3219598.361126622
          ],
          [
            96018.61294416152,
            3219695.1766788885
          ],
          [
            96068.01735439224,
            3219780.1188238943
          ],
          [
            96088.45726309686,
            3219876.1880355426
          ],
          [
            96096.50990769197,
            3219975.742389558
          ],
          [
            96124.48718007306,
            3220069.130816234
          ],
          [
            96099.61369294095,
            3220163.919853879
          ],
          [
            96101.68349397226,
            3220263.6228423608
          ],
          [
            96152.3356764492,
            3220347.2663639113
          ],
          [
            96174.37765744627,
            3220443.2234606
          ],
          [
            96220.2436139887,
            3220529.58253788
          ],
          [
            96253.29743649848,
            3220616.9865802824
          ],
          [
            96323.54032976207,
            3220674.7904871507
          ],
          [
            96368.87944171797,
            3220762.3237603637
          ],
          [
            96416.8149567341,
            3220848.854325748
          ],
          [
            96482.61821140662,
            3220923.122772718
          ],
          [
            96535.9558576984,
            3221006.456128854
          ],
          [
            96604.4152422088,
            3221077.080012552
          ],
          [
            96670.88553055555,
            3221133.2643960146
          ],
          [
            96755.33499423627,
            3221173.4685600125
          ],
          [
            96829.79607918281,
            3221239.569427742
          ],
          [
            96905.60629060435,
            3221298.826884295
          ],
          [
            96990.35416086877,
            3221349.30601093
          ],
          [
            97065.13213380336,
            3221415.326007269
          ],
          [
            97145.66495120763,
            3221470.5406519016
          ],
          [
            97176.62909946321,
            3221561.938608493
          ],
          [
            97238.44157377456,
            3221637.699291722
          ],
          [
            97286.93265622236,
            3221721.9910045024
          ],
          [
            97339.71010983291,
            3221804.849827705
          ],
          [
            97362.54604390662,
            3221901.2080562864
          ],
          [
            97432.80291804303,
            3221972.023749797
          ],
          [
            97503.34361295443,
            3222042.667643778
          ],
          [
            97551.40369669853,
            3222127.448098412
          ],
          [
            97623.57468885204,
            3222196.2725468506
          ],
          [
            97717.66538325853,
            3222206.661575613
          ],
          [
            97750.74465281669,
            3222293.9876960074
          ],
          [
            97748.18068695412,
            3222391.215371699
          ],
          [
            97766.15364102193,
            3222482.3174698222
          ],
          [
            97837.56228864189,
            3222551.8374513686
          ],
          [
            97885.53015021115,
            3222637.062169503
          ],
          [
            97924.3724318668,
            3222727.237557219
          ],
          [
            97993.7429147695,
            3222797.892213911
          ],
          [
            98034.69378723929,
            3222885.375423321
          ],
          [
            98120.84186426224,
            3222927.5081010223
          ],
          [
            98137.37691622536,
            3223024.576370322
          ],
          [
            98117.72037874965,
            3223116.30523571
          ],
          [
            98084.41021894354,
            3223203.472794945
          ],
          [
            98060.31248940477,
            3223296.042491714
          ],
          [
            98023.42047832278,
            3223385.3526092386
          ],
          [
            98022.54679516553,
            3223485.2077898006
          ],
          [
            98021.15158995838,
            3223585.159837157
          ],
          [
            97991.96788146901,
            3223674.430491275
          ],
          [
            97988.25300576868,
            3223773.7429986135
          ],
          [
            97986.27992142233,
            3223873.2247619447
          ],
          [
            97982.01607697252,
            3223970.3721495084
          ],
          [
            97960.02756767596,
            3224060.6542243534
          ],
          [
            97987.12026232808,
            3224148.609079382
          ],
          [
            97924.80543176286,
            3224219.099952932
          ],
          [
            97952.56875347081,
            3224307.8490463337
          ],
          [
            97978.6040458329,
            3224402.7997012567
          ],
          [
            98022.09443293352,
            3224488.8402653146
          ],
          [
            98065.86761370447,
            3224573.2196679045
          ],
          [
            98093.51330834591,
            3224667.0171585744
          ],
          [
            98143.60637486666,
            3224749.1840345436
          ],
          [
            98227.0977840581,
            3224774.1939517856
          ],
          [
            98253.67470542417,
            3224865.8568552826
          ],
          [
            98254.04134443161,
            3224965.8539317213
          ],
          [
            98235.15867955527,
            3225060.654022295
          ],
          [
            98251.67216708722,
            3225154.070993584
          ],
          [
            98259.80955030934,
            3225253.1386022535
          ],
          [
            98250.0552466771,
            3225334.6367851645
          ],
          [
            98227.81206288977,
            3225421.425403173
          ],
          [
            98248.57782995266,
            3225513.8889784366
          ],
          [
            98279.81648687758,
            3225604.752283893
          ],
          [
            98288.9269615619,
            3225704.3346572486
          ],
          [
            98295.75765517136,
            3225803.6304943124
          ],
          [
            98339.63016862654,
            3225890.9682933344
          ],
          [
            98388.64384675641,
            3225974.272130249
          ],
          [
            98433.25194936535,
            3226061.9117437084
          ],
          [
            98469.80752216265,
            3226152.8383877357
          ],
          [
            98538.11847765633,
            3226225.6290965755
          ],
          [
            98599.74323509236,
            3226302.911387931
          ],
          [
            98622.69873591693,
            3226399.7357324352
          ],
          [
            98690.19327205852,
            3226472.5571817206
          ],
          [
            98753.9015754267,
            3226540.004937989
          ],
          [
            98745.37488852997,
            3226636.7739925897
          ],
          [
            98707.52278203469,
            3226727.8752366886
          ],
          [
            98667.06458600612,
            3226816.5406949553
          ],
          [
            98609.54478640598,
            3226883.4057014114
          ],
          [
            98552.38432577581,
            3226964.265058781
          ],
          [
            98506.84019889051,
            3227047.4055968476
          ],
          [
            98500.49428716383,
            3227145.5245548096
          ],
          [
            98499.13365361643,
            3227245.495186149
          ],
          [
            98464.66235501143,
            3227335.5890780455
          ],
          [
            98504.43621525439,
            3227422.985778874
          ],
          [
            98518.43143211081,
            3227521.712920723
          ],
          [
            98564.5894278615,
            3227606.4890962094
          ],
          [
            98624.48153139843,
            3227681.6197562004
          ],
          [
            98648.24721893141,
            3227777.8418488223
          ],
          [
            98688.2037710227,
            3227866.644024687
          ],
          [
            98700.83175295222,
            3227965.8323796056
          ],
          [
            98719.94351174973,
            3228059.11993219
          ],
          [
            98772.4484829855,
            3228141.854637056
          ],
          [
            98804.11558711082,
            3228233.984334974
          ],
          [
            98813.93369833851,
            3228333.3638687422
          ],
          [
            98867.62690062408,
            3228415.3087073723
          ],
          [
            98918.21648679572,
            3228496.3492911863
          ],
          [
            98971.55027999771,
            3228570.4586976003
          ],
          [
            99004.52431097804,
            3228660.9102514186
          ],
          [
            99008.38894880122,
            3228759.984747362
          ],
          [
            98975.80986579083,
            3228852.9178663413
          ],
          [
            98942.35133958924,
            3228945.6974528693
          ],
          [
            98971.1474621539,
            3229037.856937245
          ],
          [
            98987.16160119357,
            3229134.3006670983
          ],
          [
            99008.72628090653,
            3229226.672964913
          ],
          [
            99033.47765663141,
            3229321.0577143016
          ],
          [
            99064.09711901312,
            3229413.181695
          ],
          [
            99096.89726745128,
            3229506.4852269855
          ],
          [
            99113.59355920849,
            3229604.721619198
          ],
          [
            99130.5120818194,
            3229701.521288338
          ],
          [
            99177.87135538632,
            3229787.647748071
          ],
          [
            99226.94619865704,
            3229872.7814741596
          ],
          [
            99272.9982893974,
            3229958.682580725
          ],
          [
            99282.33862322618,
            3230057.985542509
          ],
          [
            99304.06715768488,
            3230155.205154441
          ],
          [
            99305.40229735048,
            3230255.1768160714
          ],
          [
            99277.92637169827,
            3230347.852261037
          ],
          [
            99255.71130811144,
            3230444.0010168995
          ],
          [
            99260.83616253689,
            3230542.3640243006
          ],
          [
            99243.14450505335,
            3230639.6099087493
          ],
          [
            99215.1792850494,
            3230731.2223473615
          ],
          [
            99244.91191834441,
            3230817.258836107
          ],
          [
            99325.44466443498,
            3230874.890941692
          ],
          [
            99405.31731725787,
            3230932.3989111744
          ],
          [
            99488.50101311805,
            3230982.5166846258
          ],
          [
            99575.29504956513,
            3231021.248383016
          ],
          [
            99659.08397243691,
            3231066.1526311673
          ],
          [
            99729.658281871,
            3231136.9877829487
          ],
          [
            99814.51240993041,
            3231179.7491706014
          ],
          [
            99891.9208444379,
            3231235.177141053
          ],
          [
            99971.92132577038,
            3231285.347838314
          ],
          [
            100059.03804868128,
            3231319.0913691414
          ],
          [
            100147.30697822003,
            3231353.6546530053
          ],
          [
            100223.7466935589,
            3231414.837119755
          ],
          [
            100292.95346765383,
            3231486.9310050895
          ],
          [
            100327.06875397748,
            3231575.353354971
          ],
          [
            100300.0605539483,
            3231667.272172521
          ],
          [
            100289.63281356517,
            3231754.2248627557
          ],
          [
            100376.55959339593,
            3231784.1587105514
          ],
          [
            100394.11461200973,
            3231879.342800708
          ],
          [
            100407.42113537774,
            3231977.741904231
          ],
          [
            100413.59980960746,
            3232077.516502253
          ],
          [
            100422.43334105685,
            3232176.8428868162
          ],
          [
            100396.51011809516,
            3232261.8487622086
          ],
          [
            100355.06021928179,
            3232346.7689862614
          ],
          [
            100379.92049447857,
            3232440.0302466284
          ],
          [
            100445.4515948281,
            3232515.0209876345
          ],
          [
            100393.93106962378,
            3232596.2677181377
          ],
          [
            100357.77150652655,
            3232685.62481981
          ],
          [
            100324.74659359499,
            3232776.5977149946
          ],
          [
            100361.75263599391,
            3232865.695409217
          ],
          [
            100407.48764788893,
            3232953.9287681975
          ],
          [
            100461.228611986,
            3233032.9248185297
          ],
          [
            100532.81696307709,
            3233097.554783551
          ],
          [
            100591.06685078486,
            3233175.4755513924
          ],
          [
            100601.67524600094,
            3233274.326457896
          ],
          [
            100591.31681868652,
            3233373.585790402
          ],
          [
            100586.19906307045,
            3233473.3789064675
          ],
          [
            100613.1361099189,
            3233567.3947794125
          ],
          [
            100672.2137130518,
            3233636.79482941
          ],
          [
            100716.94332028188,
            3233721.894433736
          ],
          [
            100707.09722649358,
            3233820.732322337
          ],
          [
            100768.28035160602,
            3233895.1038909485
          ],
          [
            100776.02509770931,
            3233993.730873241
          ],
          [
            100765.8524610265,
            3234093.2095685136
          ],
          [
            100726.37120218891,
            3234173.079439872
          ],
          [
            100654.25041255238,
            3234236.9780286583
          ],
          [
            100625.41580410762,
            3234331.3913700306
          ],
          [
            100594.18473998578,
            3234426.2065067254
          ],
          [
            100585.9574993372,
            3234523.5013208576
          ],
          [
            100617.04281956553,
            3234616.3524188683
          ],
          [
            100606.49350773358,
            3234695.9570902428
          ],
          [
            100701.32857390083,
            3234721.46949202
          ],
          [
            100787.49662721343,
            3234769.06846561
          ],
          [
            100832.6851799508,
            3234855.067453491
          ],
          [
            100833.72169043904,
            3234953.614758377
          ],
          [
            100792.62936554673,
            3235041.8590807603
          ],
          [
            100739.05833963871,
            3235122.890568018
          ],
          [
            100716.91298397542,
            3235220.2657933645
          ],
          [
            100722.73239949098,
            3235318.9715858893
          ],
          [
            100781.02930161993,
            3235396.644679726
          ],
          [
            100812.368707757,
            3235490.8134751427
          ],
          [
            100877.02001955065,
            3235549.3394688265
          ],
          [
            100913.49492228829,
            3235621.222489863
          ],
          [
            100957.63501806506,
            3235707.9952749624
          ],
          [
            101016.2769272417,
            3235784.935563388
          ],
          [
            101102.71448432551,
            3235830.8743668953
          ],
          [
            101157.56112175714,
            3235910.480559615
          ],
          [
            101207.52759129385,
            3235996.3208626257
          ],
          [
            101246.91364604984,
            3236083.9664604245
          ],
          [
            101259.57050366915,
            3236171.090095923
          ],
          [
            101357.85396636705,
            3236177.3988329936
          ],
          [
            101454.39867011942,
            3236191.4949983773
          ],
          [
            101545.26588341914,
            3236222.9539196766
          ],
          [
            101640.91080505012,
            3236237.8970863507
          ],
          [
            101728.37071938025,
            3236267.7549252263
          ],
          [
            101816.37732425444,
            3236267.497766198
          ],
          [
            101887.25459059546,
            3236332.804494053
          ],
          [
            101920.36383293536,
            3236419.6624422073
          ],
          [
            102001.74284933618,
            3236467.78003413
          ],
          [
            102028.07630016183,
            3236552.75944072
          ],
          [
            101997.72387022887,
            3236645.2170312554
          ],
          [
            101962.18693369828,
            3236736.367521787
          ],
          [
            101929.28812144023,
            3236828.5872298195
          ],
          [
            101845.0171050043,
            3236878.9121852033
          ],
          [
            101763.6896306513,
            3236936.291396061
          ],
          [
            101735.00649503944,
            3237006.8110495224
          ],
          [
            101830.63481691784,
            3237018.930464223
          ],
          [
            101895.44859381569,
            3237083.713361057
          ],
          [
            101937.60122440929,
            3237172.8757235026
          ],
          [
            101980.50848716963,
            3237256.1829699343
          ],
          [
            102070.64893297429,
            3237230.7332013557
          ],
          [
            102165.93865751414,
            3237204.4752914035
          ],
          [
            102262.5819766744,
            3237211.9646937097
          ],
          [
            102330.76770153009,
            3237282.3469918566
          ],
          [
            102365.00047819303,
            3237373.6871882626
          ],
          [
            102342.00489281556,
            3237470.6268832125
          ],
          [
            102312.5398988692,
            3237566.144574309
          ],
          [
            102304.17168090845,
            3237665.114962184
          ],
          [
            102354.82073958039,
            3237747.1161976354
          ],
          [
            102449.93964923089,
            3237767.9340991173
          ],
          [
            102534.97915193975,
            3237719.3861745875
          ],
          [
            102603.7051645245,
            3237646.827316016
          ],
          [
            102692.235918437,
            3237602.3329086537
          ],
          [
            102782.61303627373,
            3237631.47585821
          ],
          [
            102858.55755785298,
            3237695.779221572
          ],
          [
            102862.13025756319,
            3237789.5872324435
          ],
          [
            102821.71497994389,
            3237877.6403116686
          ],
          [
            102783.38379903961,
            3237968.3148607817
          ],
          [
            102741.85554610257,
            3238059.109557259
          ],
          [
            102692.4893342386,
            3238145.548701413
          ],
          [
            102650.4402975523,
            3238232.4890986644
          ],
          [
            102589.90858507714,
            3238310.6706814095
          ],
          [
            102571.20902960995,
            3238404.920801958
          ],
          [
            102515.39943465842,
            3238486.558959957
          ],
          [
            102512.091781979,
            3238575.6632669647
          ],
          [
            102536.17188238556,
            3238671.8084122455
          ],
          [
            102524.98958180791,
            3238767.7569202054
          ],
          [
            102545.63837056018,
            3238861.279881747
          ],
          [
            102558.36507360124,
            3238959.413003042
          ],
          [
            102529.24058153406,
            3239052.282230479
          ],
          [
            102489.3131958565,
            3239141.9359137714
          ],
          [
            102394.4997362007,
            3239167.978715754
          ],
          [
            102356.3699580716,
            3239233.5368882096
          ],
          [
            102313.0451908723,
            3239321.934770996
          ],
          [
            102307.0678973063,
            3239400.338810824
          ],
          [
            102345.29014039732,
            3239491.809358994
          ],
          [
            102392.17876980227,
            3239578.728406931
          ],
          [
            102421.76380079587,
            3239673.6839998662
          ],
          [
            102456.1188214404,
            3239767.406250415
          ],
          [
            102496.60050853614,
            3239856.1727589765
          ],
          [
            102576.65399073408,
            3239915.8210538602
          ],
          [
            102648.62743698507,
            3239984.217748995
          ],
          [
            102694.77253720044,
            3240072.2337163007
          ],
          [
            102742.88565835383,
            3240159.815220998
          ],
          [
            102804.03222253834,
            3240238.5128134033
          ],
          [
            102804.96328847152,
            3240327.5926025887
          ],
          [
            102764.52893544885,
            3240408.419670627
          ],
          [
            102856.05882655321,
            3240389.086570257
          ],
          [
            102951.81937472112,
            3240386.3644011673
          ],
          [
            103033.69541244957,
            3240329.2241599895
          ],
          [
            103132.68696479389,
            3240317.916212196
          ],
          [
            103232.66580172337,
            3240316.719822276
          ],
          [
            103332.65204089982,
            3240317.522622652
          ],
          [
            103430.70485596357,
            3240300.4660568126
          ],
          [
            103524.40762835073,
            3240323.5385692976
          ],
          [
            103619.37071966165,
            3240338.6658893246
          ],
          [
            103698.91779105338,
            3240394.4695599945
          ],
          [
            103783.4143363529,
            3240442.8483869373
          ],
          [
            103874.70172226235,
            3240471.6834756588
          ],
          [
            103968.24491566479,
            3240498.057153017
          ],
          [
            104068.0828490548,
            3240503.2053221525
          ],
          [
            104162.28788092251,
            3240525.703478322
          ],
          [
            104223.88600740378,
            3240600.7031529364
          ],
          [
            104295.20808932003,
            3240651.577208721
          ],
          [
            104367.90114857473,
            3240719.799631827
          ],
          [
            104437.08519522611,
            3240788.4556839857
          ],
          [
            104452.33538857866,
            3240885.3461879822
          ],
          [
            104551.46216543631,
            3240894.2143731616
          ],
          [
            104615.61529195277,
            3240961.285823612
          ],
          [
            104679.09045199036,
            3241005.683478918
          ],
          [
            104752.17786312067,
            3240956.979719738
          ],
          [
            104846.33039577396,
            3240985.3303479594
          ],
          [
            104922.81448637607,
            3241047.54601744
          ],
          [
            105006.76445694122,
            3241092.8514201627
          ],
          [
            105034.69240935922,
            3241186.684370729
          ],
          [
            105093.19492582112,
            3241265.179857564
          ],
          [
            105158.83974985595,
            3241340.346513993
          ],
          [
            105206.11528419396,
            3241426.7202035547
          ],
          [
            105201.46321150326,
            3241526.3971485137
          ],
          [
            105184.8764401271,
            3241624.9910492124
          ],
          [
            105164.31608239148,
            3241722.8497424703
          ],
          [
            105149.30614751682,
            3241821.689158307
          ],
          [
            105140.5982018017,
            3241921.295560822
          ],
          [
            105092.47184159614,
            3241999.233175918
          ],
          [
            105011.58510273653,
            3242055.312507771
          ],
          [
            104918.25582131771,
            3242064.061590232
          ],
          [
            104820.1447641257,
            3242076.5868347962
          ],
          [
            104745.5849126952,
            3242131.81713171
          ],
          [
            104799.74161148538,
            3242204.7366069434
          ],
          [
            104875.02611623441,
            3242269.4764278233
          ],
          [
            104941.6103620953,
            3242343.4849475813
          ],
          [
            105009.55426476325,
            3242416.8284104182
          ],
          [
            105083.63671793221,
            3242482.693994918
          ],
          [
            105171.79688360731,
            3242527.9467942794
          ],
          [
            105257.5382315643,
            3242577.7768356293
          ],
          [
            105294.20076992614,
            3242667.752806424
          ],
          [
            105311.88656846219,
            3242764.324771397
          ],
          [
            105261.16985493962,
            3242828.79291939
          ],
          [
            105216.76095865396,
            3242908.2359029287
          ],
          [
            105169.16340339628,
            3242993.4925626526
          ],
          [
            105164.83144400183,
            3243087.099537059
          ],
          [
            105130.7887387608,
            3243179.784884595
          ],
          [
            105126.78934745314,
            3243279.11286011
          ],
          [
            105129.64866195963,
            3243377.4430283797
          ],
          [
            105159.85662794295,
            3243468.7582027586
          ],
          [
            105148.48193810492,
            3243564.548402712
          ],
          [
            105104.82332301236,
            3243647.7788078543
          ],
          [
            105146.54353038159,
            3243718.652600127
          ],
          [
            105092.63300399105,
            3243784.041543964
          ],
          [
            105073.34567171588,
            3243876.817075833
          ],
          [
            105038.9425792576,
            3243967.947770412
          ],
          [
            105007.37208499158,
            3244058.33071953
          ],
          [
            105019.10564888523,
            3244155.3711331845
          ],
          [
            105075.51516383892,
            3244237.0961702117
          ],
          [
            105046.53744437397,
            3244329.6792913717
          ],
          [
            104957.83539894891,
            3244372.5949418326
          ],
          [
            104871.81041558213,
            3244422.681003492
          ],
          [
            104792.13180689207,
            3244482.7844305737
          ],
          [
            104721.03984829152,
            3244552.7153194332
          ],
          [
            104667.48717200277,
            3244636.5753216743
          ],
          [
            104624.68412969366,
            3244725.83091324
          ],
          [
            104583.29888421034,
            3244814.4001637073
          ],
          [
            104583.10596783257,
            3244913.373730609
          ],
          [
            104589.3439969165,
            3245013.0190176847
          ],
          [
            104605.67023342631,
            3245111.4091420914
          ],
          [
            104590.27805372715,
            3245207.4002763084
          ],
          [
            104609.34605520683,
            3245303.439458619
          ],
          [
            104599.8051187897,
            3245400.6087253457
          ],
          [
            104608.65465850617,
            3245495.654367064
          ],
          [
            104587.11823344411,
            3245591.136568583
          ],
          [
            104585.61969626893,
            3245690.742350916
          ],
          [
            104532.11477322379,
            3245772.6254689908
          ],
          [
            104533.25214308819,
            3245872.4564494193
          ],
          [
            104524.02420324921,
            3245970.5608684784
          ],
          [
            104525.01106988644,
            3246070.485494427
          ],
          [
            104498.84998097524,
            3246162.528918706
          ],
          [
            104473.58183023034,
            3246253.340816176
          ],
          [
            104443.48396266814,
            3246345.815367892
          ],
          [
            104440.14640111101,
            3246445.603801285
          ],
          [
            104409.13422859911,
            3246538.5028496925
          ],
          [
            104379.33010209016,
            3246630.979270297
          ],
          [
            104381.66838686982,
            3246730.9398743734
          ],
          [
            104384.18895028908,
            3246830.888693551
          ],
          [
            104389.22307485911,
            3246929.7574592014
          ],
          [
            104392.5642106255,
            3247025.403086656
          ],
          [
            104436.67358422946,
            3247114.1223073485
          ],
          [
            104488.86256238933,
            3247197.173009414
          ],
          [
            104578.30181020239,
            3247233.3419699953
          ],
          [
            104672.06202998641,
            3247238.699395028
          ],
          [
            104762.7120079877,
            3247274.2766486555
          ],
          [
            104789.59284098784,
            3247361.547322831
          ],
          [
            104808.96318569053,
            3247458.1254467443
          ],
          [
            104834.05898885922,
            3247553.359377496
          ],
          [
            104891.43970601955,
            3247634.45805269
          ],
          [
            104962.0750030378,
            3247702.798164169
          ],
          [
            104979.26399250524,
            3247796.6389230313
          ],
          [
            104924.95842577842,
            3247880.0665971357
          ],
          [
            104916.71278968314,
            3247973.0992758092
          ],
          [
            104949.16808957222,
            3248066.2845844436
          ],
          [
            105003.65945178556,
            3248120.497158489
          ],
          [
            105080.67220031697,
            3248180.2399948994
          ],
          [
            105157.49868889112,
            3248177.405038509
          ],
          [
            105245.19361130669,
            3248141.9456972117
          ],
          [
            105344.37543904566,
            3248133.940261321
          ],
          [
            105424.47873253426,
            3248180.137737707
          ],
          [
            105501.30811070093,
            3248211.6803356325
          ],
          [
            105594.53872651834,
            3248234.9064809484
          ],
          [
            105694.08661338857,
            3248238.5702543897
          ],
          [
            105793.93254330772,
            3248241.137550081
          ],
          [
            105893.76536086063,
            3248239.5601429236
          ],
          [
            105969.42400774531,
            3248210.9189832658
          ],
          [
            106020.36432191532,
            3248134.1241136505
          ],
          [
            106080.373734511,
            3248059.01361974
          ],
          [
            106176.43930296031,
            3248061.3361008735
          ],
          [
            106262.5975853375,
            3248110.672028803
          ],
          [
            106343.35181762515,
            3248169.6086189817
          ],
          [
            106423.43893588884,
            3248229.404893432
          ],
          [
            106500.5582466572,
            3248292.999989648
          ],
          [
            106574.5484136342,
            3248360.1954880785
          ],
          [
            106635.42604188585,
            3248439.3024180303
          ],
          [
            106656.54997672411,
            3248536.5644959128
          ],
          [
            106638.76211698071,
            3248633.4378541373
          ],
          [
            106627.64874395602,
            3248730.4505201513
          ],
          [
            106599.60400938362,
            3248820.288172992
          ],
          [
            106593.34894169493,
            3248918.4007506417
          ],
          [
            106570.08598736262,
            3249011.431730292
          ],
          [
            106568.66712934124,
            3249110.753703818
          ],
          [
            106553.16128960472,
            3249207.5717420387
          ],
          [
            106522.61378904038,
            3249300.4801569637
          ],
          [
            106504.01432241363,
            3249397.324652675
          ],
          [
            106483.5723352453,
            3249492.941712128
          ],
          [
            106440.55848114891,
            3249581.5938520487
          ],
          [
            106396.96682055709,
            3249668.560881415
          ],
          [
            106369.81327053173,
            3249762.98484371
          ],
          [
            106345.3486420797,
            3249858.9342099824
          ],
          [
            106363.61726596816,
            3249955.6741260737
          ],
          [
            106404.22825228098,
            3250043.5083593153
          ],
          [
            106381.86692888873,
            3250139.5335131823
          ],
          [
            106329.44495185287,
            3250224.3007699703
          ],
          [
            106311.92170315453,
            3250320.5410503317
          ],
          [
            106241.78262949148,
            3250390.5854344256
          ],
          [
            106168.26604460645,
            3250454.505431614
          ],
          [
            106119.2494206143,
            3250537.2221693257
          ],
          [
            106089.36884974368,
            3250629.6916784476
          ],
          [
            106081.10330948928,
            3250714.015806688
          ],
          [
            106090.03656512647,
            3250809.6715099933
          ],
          [
            106141.53716172063,
            3250888.771625604
          ],
          [
            106188.62191202254,
            3250970.17752467
          ],
          [
            106260.4683581446,
            3251039.300110343
          ],
          [
            106327.85802720164,
            3251113.051094604
          ],
          [
            106364.60369761493,
            3251204.3817346506
          ],
          [
            106378.26409493333,
            3251303.293618097
          ],
          [
            106389.72629929199,
            3251402.2551773586
          ],
          [
            106458.19635591062,
            3251472.6671287757
          ],
          [
            106506.38621795314,
            3251558.9185736636
          ],
          [
            106567.55839143193,
            3251635.404187813
          ],
          [
            106638.00317629839,
            3251694.6260299752
          ],
          [
            106718.75028162645,
            3251747.110468251
          ],
          [
            106803.63429893991,
            3251790.6742016636
          ],
          [
            106870.2528380554,
            3251865.1695186323
          ],
          [
            106861.83130377368,
            3251960.507922934
          ],
          [
            106809.61002959807,
            3252043.1300811297
          ],
          [
            106740.83766220878,
            3252115.5507924994
          ],
          [
            106685.81905268894,
            3252191.3380846
          ],
          [
            106623.06696473809,
            3252268.278276048
          ],
          [
            106558.8289090915,
            3252344.627490376
          ],
          [
            106522.62933776208,
            3252436.2521913094
          ],
          [
            106492.17501338133,
            3252509.822002629
          ],
          [
            106511.455000117,
            3252595.698780256
          ],
          [
            106547.22249886242,
            3252685.123574423
          ],
          [
            106624.0470141011,
            3252667.3856947506
          ],
          [
            106653.37241879235,
            3252761.265317287
          ],
          [
            106690.40134316009,
            3252851.162587445
          ],
          [
            106755.74047957105,
            3252925.3866115143
          ],
          [
            106796.72699998005,
            3253015.932754446
          ],
          [
            106854.48248986367,
            3253096.4559491584
          ],
          [
            106906.64339293094,
            3253179.8831260283
          ],
          [
            106956.77617628982,
            3253265.9227033034
          ],
          [
            107017.19272875144,
            3253341.8525833655
          ],
          [
            107070.48881904161,
            3253423.35070187
          ],
          [
            107094.1773392399,
            3253519.274452383
          ],
          [
            107153.43216402756,
            3253598.6727392348
          ],
          [
            107239.55031149945,
            3253646.0132045927
          ],
          [
            107325.09872162438,
            3253695.464754658
          ],
          [
            107400.4073524019,
            3253760.7810095414
          ],
          [
            107481.06287734315,
            3253817.2823139643
          ],
          [
            107467.62999937276,
            3253905.7816732316
          ],
          [
            107401.48607196199,
            3253980.356158784
          ],
          [
            107352.23865816758,
            3254063.724652443
          ],
          [
            107377.6026194083,
            3254158.044329515
          ],
          [
            107439.88395396281,
            3254228.3937744442
          ],
          [
            107526.37047665144,
            3254258.1643132875
          ],
          [
            107617.6387404399,
            3254283.9942304287
          ],
          [
            107711.92916858074,
            3254304.893205568
          ],
          [
            107797.72534689205,
            3254355.7100703595
          ],
          [
            107873.76216673567,
            3254417.8518758435
          ],
          [
            107898.89668379405,
            3254513.4395781425
          ],
          [
            107915.30898117565,
            3254611.73540793
          ],
          [
            107916.13543953195,
            3254711.726220496
          ],
          [
            107911.77918339794,
            3254811.6045615664
          ],
          [
            107900.5973992925,
            3254910.958140921
          ],
          [
            107895.18525623917,
            3255010.645717835
          ],
          [
            107905.84556512919,
            3255110.031742279
          ],
          [
            107920.29538066724,
            3255208.9819687405
          ],
          [
            107929.79755055183,
            3255308.323407043
          ],
          [
            107907.47447660324,
            3255405.4569750754
          ],
          [
            107900.83476617328,
            3255503.623605335
          ],
          [
            107818.80827281247,
            3255545.913304936
          ],
          [
            107718.94718666868,
            3255550.134696322
          ],
          [
            107631.02590877865,
            3255518.1363449614
          ],
          [
            107587.15803213805,
            3255489.0143707218
          ],
          [
            107613.10531730807,
            3255579.4009456425
          ],
          [
            107694.5732057545,
            3255612.7521528066
          ],
          [
            107787.91201152705,
            3255602.155542077
          ],
          [
            107866.97390451438,
            3255659.525812509
          ],
          [
            107946.67846893446,
            3255714.8564095474
          ],
          [
            107992.49119037093,
            3255802.0558044156
          ],
          [
            107998.22486560799,
            3255901.4485463914
          ],
          [
            107997.3717693286,
            3256001.4392282735
          ],
          [
            107997.20237094563,
            3256101.4352268633
          ],
          [
            108001.72763661061,
            3256201.3106519855
          ],
          [
            108015.82936158213,
            3256300.270939018
          ],
          [
            108035.55622278847,
            3256398.302302491
          ],
          [
            108058.34791021848,
            3256495.648941029
          ],
          [
            108062.25602499273,
            3256591.2953169243
          ],
          [
            108034.47366984165,
            3256653.4708228773
          ],
          [
            108103.92499473153,
            3256722.8137414437
          ],
          [
            108166.9533714637,
            3256800.231553816
          ],
          [
            108203.02368207031,
            3256892.183384158
          ],
          [
            108215.30190723967,
            3256990.9900517915
          ],
          [
            108217.89251787066,
            3257090.700986765
          ],
          [
            108183.87913117923,
            3257182.303804429
          ],
          [
            108100.10937103185,
            3257231.6445708266
          ],
          [
            108144.3077022323,
            3257249.176329815
          ],
          [
            108243.59296987117,
            3257257.377071094
          ],
          [
            108315.17844024062,
            3257315.3475250737
          ],
          [
            108314.38682605799,
            3257414.9554527425
          ],
          [
            108308.48700551603,
            3257514.7804433694
          ],
          [
            108302.00715364017,
            3257614.5664467835
          ],
          [
            108294.07458593603,
            3257714.2505784957
          ],
          [
            108283.94839775948,
            3257813.7334782304
          ],
          [
            108270.94945256691,
            3257912.8633846873
          ],
          [
            108250.05092436941,
            3258010.5963507746
          ],
          [
            108215.3418779947,
            3258104.238871139
          ],
          [
            108171.28368724206,
            3258193.980282316
          ],
          [
            108133.54785570447,
            3258286.513073104
          ],
          [
            108118.94229898584,
            3258385.0852376698
          ],
          [
            108126.85586967072,
            3258484.6972411214
          ],
          [
            108149.91113401466,
            3258581.7783210184
          ],
          [
            108195.98713287657,
            3258670.0056628347
          ],
          [
            108268.66829003488,
            3258737.9001203435
          ],
          [
            108347.97317080539,
            3258795.841986514
          ],
          [
            108354.42901362806,
            3258873.069867352
          ],
          [
            108408.64522987796,
            3258952.2604625328
          ],
          [
            108478.07259727112,
            3259021.9827917903
          ],
          [
            108514.11862927747,
            3259111.575950157
          ],
          [
            108558.60352175037,
            3259193.441300861
          ],
          [
            108629.6348816913,
            3259263.592347809
          ],
          [
            108680.19665073782,
            3259345.227902374
          ],
          [
            108744.47869363963,
            3259331.578096267
          ],
          [
            108824.31443664522,
            3259378.3920817776
          ],
          [
            108908.96922969958,
            3259429.0133671793
          ],
          [
            108993.90318672384,
            3259480.870044797
          ],
          [
            109070.96557980317,
            3259542.170471426
          ],
          [
            109117.48548440632,
            3259630.4639676283
          ],
          [
            109152.2718731133,
            3259724.1027868544
          ],
          [
            109178.91422395596,
            3259820.412121454
          ],
          [
            109199.70249927627,
            3259918.205822984
          ],
          [
            109215.98008772398,
            3260016.8681742446
          ],
          [
            109232.99581413991,
            3260115.407685374
          ],
          [
            109245.93889945357,
            3260214.5617404035
          ],
          [
            109255.13949779446,
            3260314.1079915166
          ],
          [
            109257.46853270975,
            3260414.0589278513
          ],
          [
            109251.78486444331,
            3260513.8544356553
          ],
          [
            109237.0357770735,
            3260612.7272440987
          ],
          [
            109216.61588935302,
            3260710.604467868
          ],
          [
            109199.42432770159,
            3260809.10503357
          ],
          [
            109181.38734424503,
            3260907.456561238
          ],
          [
            109160.7489577713,
            3261005.2600117405
          ],
          [
            109137.41035657923,
            3261102.483761427
          ],
          [
            109120.99233257928,
            3261200.897532607
          ],
          [
            109112.9492774528,
            3261300.5109331897
          ],
          [
            109118.51431870596,
            3261399.972727922
          ],
          [
            109141.19587835543,
            3261497.2447809875
          ],
          [
            109123.74026639349,
            3261592.4666030323
          ],
          [
            109133.84176625853,
            3261689.649430542
          ],
          [
            109199.2577663338,
            3261764.2314924155
          ],
          [
            109246.21862025862,
            3261849.087538559
          ],
          [
            109264.24436072035,
            3261946.4321345077
          ],
          [
            109239.29746732711,
            3262041.522246622
          ],
          [
            109230.19156983074,
            3262139.6568425456
          ],
          [
            109268.87661938071,
            3262231.0875286562
          ],
          [
            109332.32806172126,
            3262308.1931055053
          ],
          [
            109378.80770211703,
            3262395.8914944264
          ],
          [
            109392.5022891102,
            3262494.664142236
          ],
          [
            109372.76767277264,
            3262592.3356595114
          ],
          [
            109336.73410229005,
            3262685.3711349606
          ],
          [
            109282.87536643217,
            3262769.3840133417
          ],
          [
            109222.63325653071,
            3262849.168358785
          ],
          [
            109168.21912854534,
            3262932.9699559044
          ],
          [
            109123.63778083456,
            3263022.470948698
          ],
          [
            109084.06480521211,
            3263113.8387473198
          ],
          [
            109054.07674649436,
            3263209.2289074743
          ],
          [
            109046.72405246593,
            3263308.1565788426
          ],
          [
            109029.51880227393,
            3263404.365748988
          ],
          [
            109032.23365218432,
            3263504.3102073334
          ],
          [
            109031.14499156713,
            3263603.6248405776
          ],
          [
            109024.49871119148,
            3263701.9861518443
          ],
          [
            109008.35645388757,
            3263796.846025362
          ],
          [
            108972.55226567811,
            3263887.7275796477
          ],
          [
            108955.66036022855,
            3263984.7459021336
          ],
          [
            108907.59655106359,
            3264070.908096455
          ],
          [
            108841.14377818805,
            3264145.1288358015
          ],
          [
            108798.25658881813,
            3264226.3112632227
          ],
          [
            108845.3423350564,
            3264311.7942221537
          ],
          [
            108926.94239273384,
            3264357.6022485453
          ],
          [
            108992.58577031424,
            3264427.123625316
          ],
          [
            109012.92560926956,
            3264521.1560374345
          ],
          [
            109034.3942212747,
            3264617.6150461
          ],
          [
            109083.89669227535,
            3264697.7503066966
          ],
          [
            109108.23112057167,
            3264786.44769449
          ],
          [
            109135.35074281844,
            3264878.4294481785
          ],
          [
            109171.17981908467,
            3264968.1966908984
          ],
          [
            109236.87704736968,
            3265042.499280796
          ],
          [
            109293.32893446708,
            3265124.8785882373
          ],
          [
            109349.60245574478,
            3265206.287819883
          ],
          [
            109409.24261666658,
            3265285.263272504
          ],
          [
            109471.03029855543,
            3265361.310700859
          ],
          [
            109535.04956407697,
            3265428.6485787304
          ],
          [
            109611.90539146455,
            3265487.56619145
          ],
          [
            109688.38674153412,
            3265545.1205779584
          ],
          [
            109696.24226417298,
            3265625.7284970134
          ],
          [
            109656.80508321023,
            3265709.1071645683
          ],
          [
            109598.01132494464,
            3265788.6295246077
          ],
          [
            109576.01822132431,
            3265823.621526563
          ],
          [
            109599.24503089991,
            3265917.4416250526
          ],
          [
            109600.48935608924,
            3266017.4196254127
          ],
          [
            109593.31844321627,
            3266116.74472691
          ],
          [
            109570.33149897913,
            3266211.7405033414
          ],
          [
            109583.08206910778,
            3266307.32241832
          ],
          [
            109601.94906513857,
            3266400.8113768976
          ],
          [
            109603.15500260517,
            3266500.801116033
          ],
          [
            109601.26016539463,
            3266600.2205051277
          ],
          [
            109574.50088094966,
            3266695.0061198757
          ],
          [
            109630.71312072487,
            3266770.754623371
          ],
          [
            109641.98677284882,
            3266868.8235860094
          ],
          [
            109686.99738088551,
            3266955.9010234904
          ],
          [
            109737.56870109963,
            3267036.098014972
          ],
          [
            109793.66978585004,
            3267117.4515944105
          ],
          [
            109842.67724297756,
            3267201.005340012
          ],
          [
            109906.30746998922,
            3267259.7688544244
          ],
          [
            109995.28864033049,
            3267292.0820931266
          ],
          [
            110026.25065284672,
            3267380.609653287
          ],
          [
            110060.1143930642,
            3267467.408799713
          ],
          [
            110099.63076687959,
            3267556.4661043915
          ],
          [
            110144.5247833151,
            3267642.6404844425
          ],
          [
            110196.83566169,
            3267724.6642082348
          ],
          [
            110144.80993264775,
            3267793.301884067
          ],
          [
            110197.73605120448,
            3267858.4748829706
          ]
        ]
      }
    },
    {
      "type": "Feature",
      "properties": {
        "side": "east",
        "role": "seaward_boundary",
        "part": 0
      },
      "geometry": {
        "type": "LineString",
        "coordinates": [
          [
            73081.94889667766,
            3129012.6
          ],
          [
            73110.16939013818,
            3129033.8212937904
          ],
          [
            73192.18168789451,
            3129081.5742896306
          ],
          [
            73203.1550041116,
            3129179.9274467714
          ],
          [
            73223.71315806093,
            3129256.8790694284
          ],
          [
            73322.99309499717,
            3129255.2092831964
          ],
          [
            73407.86628518935,
            3129295.595777147
          ],
          [
            73467.76951887726,
            3129375.3728980594
          ],
          [
            73537.56944132817,
            3129443.3620559094
          ],
          [
            73632.09033179277,
            3129451.4241916626
          ],
          [
            73665.55892800028,
            3129539.3512993846
          ],
          [
            73639.02438104148,
            3129632.2053405372
          ],
          [
            73628.54444154345,
            3129731.3012108635
          ],
          [
            73633.68491904087,
            3129829.5105750905
          ],
          [
            73666.31511384195,
            3129923.6587425214
          ],
          [
            73742.02186832654,
            3129973.520027805
          ],
          [
            73801.40020439061,
            3130050.240309293
          ],
          [
            73786.1224727314,
            3130147.2498561577
          ],
          [
            73837.60538054397,
            3130227.9815712
          ],
          [
            73863.42718053822,
            3130320.8462001835
          ],
          [
            73801.28594043593,
            3130379.636854314
          ],
          [
            73735.42189143889,
            3130447.688179053
          ],
          [
            73682.31212433972,
            3130500.035582804
          ],
          [
            73684.09912627327,
            3130600.0121206534
          ],
          [
            73699.90001457885,
            3130697.2551130936
          ],
          [
            73743.26774649005,
            3130780.973019421
          ],
          [
            73797.17839172877,
            3130854.701011046
          ],
          [
            73834.19310853908,
            3130942.1127873245
          ],
          [
            73856.46773101548,
            3131036.6842644783
          ],
          [
            73850.57215754336,
            3131136.3672314947
          ],
          [
            73832.64219950353,
            3131231.5346699646
          ],
          [
            73824.58709925991,
            3131330.2114629834
          ],
          [
            73831.09361969311,
            3131429.9185951683
          ],
          [
            73883.20628780511,
            3131510.885349755
          ],
          [
            73890.0264879962,
            3131610.492177225
          ],
          [
            73949.52522933841,
            3131656.750747365
          ],
          [
            74028.1025103064,
            3131716.692932344
          ],
          [
            74062.2582349283,
            3131805.7310280274
          ],
          [
            74057.44431254653,
            3131901.0029396554
          ],
          [
            74151.59988906667,
            3131913.350852713
          ],
          [
            74251.5525952189,
            3131915.2900118013
          ],
          [
            74327.23002505461,
            3131974.438995427
          ],
          [
            74393.35058240076,
            3132048.3765113847
          ],
          [
            74342.3595523006,
            3132114.9250434656
          ],
          [
            74300.34505741292,
            3132200.139875523
          ],
          [
            74230.71419151204,
            3132261.7949405806
          ],
          [
            74134.47422017127,
            3132281.3337209346
          ],
          [
            74153.99470114977,
            3132364.541335456
          ],
          [
            74192.51383897575,
            3132449.297758101
          ],
          [
            74247.51521167332,
            3132525.2943689507
          ],
          [
            74219.55437235543,
            3132617.3889247715
          ],
          [
            74197.55625870277,
            3132710.2923202333
          ],
          [
            74253.79772297353,
            3132783.865535663
          ],
          [
            74273.12461399667,
            3132881.1650332403
          ],
          [
            74259.03925713125,
            3132976.5480833906
          ],
          [
            74314.72340897683,
            3133050.5473497775
          ],
          [
            74369.67430432022,
            3133129.68593613
          ],
          [
            74370.23599792301,
            3133228.9437169596
          ],
          [
            74334.87461121353,
            3133321.4868525635
          ],
          [
            74336.20520865227,
            3133421.1556915524
          ],
          [
            74335.6785089334,
            3133518.3991388194
          ],
          [
            74389.23992109999,
            3133592.6094841356
          ],
          [
            74454.06767788788,
            3133636.891547424
          ],
          [
            74510.63358945891,
            3133710.3992796433
          ],
          [
            74518.05272541213,
            3133810.0208280124
          ],
          [
            74514.61428741088,
            3133909.694250684
          ],
          [
            74551.27699769288,
            3133988.6050912607
          ],
          [
            74644.6403732211,
            3134002.3866552454
          ],
          [
            74743.54944963135,
            3133995.7403802243
          ],
          [
            74842.5473551528,
            3133983.750152056
          ],
          [
            74940.58791376057,
            3133987.2141328277
          ],
          [
            75040.01267839796,
            3133988.633290911
          ],
          [
            75117.74618113783,
            3134042.035295592
          ],
          [
            75182.31370712577,
            3134107.224844662
          ],
          [
            75181.95732846306,
            3134207.1231952524
          ],
          [
            75176.22751124288,
            3134306.9436921617
          ],
          [
            75168.68878930596,
            3134406.6469585635
          ],
          [
            75110.94202870534,
            3134472.39208389
          ],
          [
            75019.30550367426,
            3134441.8058709414
          ],
          [
            74934.97219276616,
            3134397.191958321
          ],
          [
            74841.13480373079,
            3134371.159990859
          ],
          [
            74748.66847134967,
            3134398.492121774
          ],
          [
            74724.64933489604,
            3134487.2916040155
          ],
          [
            74703.07166442127,
            3134576.0866304967
          ],
          [
            74776.46756347138,
            3134642.198334729
          ],
          [
            74843.65783097055,
            3134714.827136022
          ],
          [
            74913.89099510301,
            3134784.0855525187
          ],
          [
            74991.95080314891,
            3134844.6618343256
          ],
          [
            75029.45331840919,
            3134928.3457905045
          ],
          [
            75098.89937200828,
            3134993.230452612
          ],
          [
            75178.86649448102,
            3135037.633564435
          ],
          [
            75224.16050066541,
            3135118.7844970115
          ],
          [
            75292.48793192764,
            3135186.151467994
          ],
          [
            75358.29456362865,
            3135249.075186774
          ],
          [
            75411.61766655579,
            3135302.497696773
          ],
          [
            75485.92654855526,
            3135362.874793436
          ],
          [
            75558.57575306333,
            3135429.886921351
          ],
          [
            75599.53269647357,
            3135518.5219124234
          ],
          [
            75668.9025050837,
            3135588.37097278
          ],
          [
            75693.20144260554,
            3135683.561249318
          ],
          [
            75662.14426208992,
            3135773.1818498448
          ],
          [
            75691.23900632694,
            3135858.234814514
          ],
          [
            75761.40426990668,
            3135928.978924798
          ],
          [
            75814.06584123308,
            3136006.9472043663
          ],
          [
            75868.48447554582,
            3136087.687211388
          ],
          [
            75887.75659447859,
            3136185.279041381
          ],
          [
            75929.7080897484,
            3136255.813960347
          ],
          [
            75987.0202433747,
            3136329.0455102096
          ],
          [
            76045.41022836072,
            3136401.0475143073
          ],
          [
            76136.80341609282,
            3136428.060056502
          ],
          [
            76163.8805227974,
            3136521.118168651
          ],
          [
            76218.07148984272,
            3136571.2146666353
          ],
          [
            76310.64732972845,
            3136593.1701017744
          ],
          [
            76372.63948471833,
            3136667.234207503
          ],
          [
            76351.44355576734,
            3136759.075726685
          ],
          [
            76427.51545040502,
            3136786.0554250083
          ],
          [
            76490.98527793621,
            3136854.9577440405
          ],
          [
            76502.7091872987,
            3136953.970825935
          ],
          [
            76554.41701840996,
            3137035.27777177
          ],
          [
            76564.64975571595,
            3137134.531857306
          ],
          [
            76580.19965125324,
            3137233.0837230063
          ],
          [
            76560.88267715831,
            3137329.8579621594
          ],
          [
            76615.09743579611,
            3137397.5394566595
          ],
          [
            76658.00314426747,
            3137483.295911653
          ],
          [
            76693.18390459557,
            3137574.4987591133
          ],
          [
            76704.82685897058,
            3137671.602040199
          ],
          [
            76771.83508679745,
            3137743.667175257
          ],
          [
            76803.53788118345,
            3137835.590980544
          ],
          [
            76840.50532734711,
            3137923.79151887
          ],
          [
            76917.9358340558,
            3137986.137408632
          ],
          [
            76975.8549704676,
            3138064.2031009616
          ],
          [
            76983.22505963522,
            3138163.644743345
          ],
          [
            76984.36725953965,
            3138263.6375189936
          ],
          [
            76992.5828999427,
            3138363.1631842707
          ],
          [
            77003.01388578406,
            3138461.563054674
          ],
          [
            77068.25649869225,
            3138535.105851897
          ],
          [
            77103.88014146584,
            3138624.037992324
          ],
          [
            77142.36925461536,
            3138712.817960015
          ],
          [
            77190.92776990322,
            3138797.2815088686
          ],
          [
            77234.42577902436,
            3138883.762807606
          ],
          [
            77316.06505201221,
            3138930.9894275926
          ],
          [
            77342.71560798695,
            3139025.016576185
          ],
          [
            77394.91972432208,
            3139107.308047758
          ],
          [
            77403.14527152841,
            3139206.4208519286
          ],
          [
            77437.74303041189,
            3139295.209462916
          ],
          [
            77460.94831171058,
            3139390.2990744575
          ],
          [
            77505.80413067774,
            3139477.5357335946
          ],
          [
            77553.2121975668,
            3139562.887686166
          ],
          [
            77581.15586945342,
            3139655.2881227853
          ],
          [
            77598.56267584523,
            3139748.0763935065
          ],
          [
            77638.36902350887,
            3139836.9435610212
          ],
          [
            77666.2204421623,
            3139929.5041019064
          ],
          [
            77731.76259630504,
            3140001.845079429
          ],
          [
            77755.34874444746,
            3140097.96851734
          ],
          [
            77796.56390968042,
            3140187.524820163
          ],
          [
            77827.78286556443,
            3140281.582098352
          ],
          [
            77899.75954665267,
            3140349.8768145344
          ],
          [
            77965.15625414463,
            3140422.667343252
          ],
          [
            78006.20047906708,
            3140507.8776478176
          ],
          [
            78031.71201615191,
            3140600.4122409434
          ],
          [
            78083.69744156419,
            3140676.1635944373
          ],
          [
            78171.9737356952,
            3140708.5039831046
          ],
          [
            78261.70564570073,
            3140744.3091570293
          ],
          [
            78315.43554469454,
            3140822.2008491
          ],
          [
            78327.60698241512,
            3140921.2946308125
          ],
          [
            78328.91669425966,
            3141021.126021784
          ],
          [
            78275.90044080367,
            3141098.6877117464
          ],
          [
            78273.70787880468,
            3141197.592864498
          ],
          [
            78334.53020354106,
            3141269.478686983
          ],
          [
            78409.32996511883,
            3141334.24322634
          ],
          [
            78483.38739775558,
            3141400.6264395965
          ],
          [
            78514.39411904394,
            3141492.914198502
          ],
          [
            78590.93730904353,
            3141555.7478167354
          ],
          [
            78633.22139764538,
            3141644.0581527376
          ],
          [
            78720.38514962938,
            3141688.738953917
          ],
          [
            78799.98860439233,
            3141745.243759496
          ],
          [
            78842.60426413178,
            3141827.058117504
          ],
          [
            78871.12158329262,
            3141918.7720199954
          ],
          [
            78900.23462063257,
            3142010.2144159093
          ],
          [
            78897.27579686548,
            3142110.1265420876
          ],
          [
            78903.67523813495,
            3142209.8993411753
          ],
          [
            78918.60051009603,
            3142308.118381321
          ],
          [
            78928.22313638819,
            3142407.5592403505
          ],
          [
            78928.57468635436,
            3142507.5059930496
          ],
          [
            78932.08487177634,
            3142606.825574386
          ],
          [
            78986.77762528612,
            3142685.472006319
          ],
          [
            78991.221292357,
            3142785.339449603
          ],
          [
            78991.3375819195,
            3142885.3382477867
          ],
          [
            79043.88249661235,
            3142962.7493656743
          ],
          [
            79105.00523463883,
            3143038.370549821
          ],
          [
            79126.05477101839,
            3143129.431504692
          ],
          [
            79172.07194436967,
            3143209.4274230055
          ],
          [
            79247.45919264437,
            3143236.452777033
          ],
          [
            79338.27067915979,
            3143267.29483051
          ],
          [
            79426.1268028542,
            3143300.1747000045
          ],
          [
            79525.8126266738,
            3143301.6007638588
          ],
          [
            79572.7716911669,
            3143381.702967821
          ],
          [
            79508.00979638506,
            3143452.3721183506
          ],
          [
            79449.31506510473,
            3143521.946292711
          ],
          [
            79367.93231010974,
            3143570.3285362036
          ],
          [
            79318.52969912064,
            3143639.2526561487
          ],
          [
            79388.69840147125,
            3143701.59820566
          ],
          [
            79392.45093555699,
            3143789.777119621
          ],
          [
            79413.45021580969,
            3143879.128168302
          ],
          [
            79441.11905057996,
            3143971.7578480504
          ],
          [
            79468.2516810782,
            3144064.8050308907
          ],
          [
            79503.0956016562,
            3144155.041447268
          ],
          [
            79547.61233082072,
            3144238.6667484334
          ],
          [
            79596.67566713257,
            3144319.883187644
          ],
          [
            79672.05701367433,
            3144384.9184555244
          ],
          [
            79731.96752779232,
            3144443.7252348354
          ],
          [
            79772.2322232692,
            3144501.0288466867
          ],
          [
            79768.15510710109,
            3144582.2957149446
          ],
          [
            79766.89809508587,
            3144682.2367266347
          ],
          [
            79800.61673454037,
            3144766.3523392407
          ],
          [
            79800.2029989387,
            3144866.299886752
          ],
          [
            79830.8454230993,
            3144954.708802966
          ],
          [
            79844.72720782697,
            3145049.7901865994
          ],
          [
            79858.55810873157,
            3145143.46865335
          ],
          [
            79889.12909562075,
            3145233.8150140503
          ],
          [
            79892.46654396482,
            3145333.5381871397
          ],
          [
            79922.3708066967,
            3145422.2662865636
          ],
          [
            79934.35765492861,
            3145520.0782431145
          ],
          [
            79962.3318912954,
            3145615.2405702826
          ],
          [
            80007.8360961862,
            3145701.5820787423
          ],
          [
            80036.7439755403,
            3145795.4918728652
          ],
          [
            80043.71224124511,
            3145877.480438226
          ],
          [
            80102.71749039393,
            3145954.5200535385
          ],
          [
            80159.86852144255,
            3146033.633409654
          ],
          [
            80194.3094616443,
            3146124.5056663714
          ],
          [
            80245.57691785927,
            3146204.420905507
          ],
          [
            80328.05533687699,
            3146231.483753312
          ],
          [
            80389.03005017861,
            3146307.2779204273
          ],
          [
            80437.241252917,
            3146382.3225680427
          ],
          [
            80457.53410121865,
            3146471.55631578
          ],
          [
            80506.30207716927,
            3146554.285780397
          ],
          [
            80550.89056477042,
            3146638.6722200126
          ],
          [
            80575.11275324052,
            3146727.196263588
          ],
          [
            80558.60253177072,
            3146819.309397635
          ],
          [
            80573.84290582874,
            3146917.30172658
          ],
          [
            80622.93423789981,
            3146999.7496609692
          ],
          [
            80638.92027392775,
            3147097.76919603
          ],
          [
            80707.95046086844,
            3147167.9979548613
          ],
          [
            80752.51389783905,
            3147250.3147522556
          ],
          [
            80809.35098121256,
            3147326.985647087
          ],
          [
            80856.84181657602,
            3147411.1872195373
          ],
          [
            80903.7553256063,
            3147494.9967793254
          ],
          [
            80928.65229608651,
            3147590.3100201148
          ],
          [
            80972.31346605011,
            3147675.103343707
          ],
          [
            81033.52128225347,
            3147749.7190374867
          ],
          [
            81053.11358098495,
            3147847.3620579434
          ],
          [
            81057.18449138707,
            3147947.257706822
          ],
          [
            81059.08234055391,
            3148046.735379799
          ],
          [
            81116.2657531009,
            3148118.4429269023
          ],
          [
            81123.39852756598,
            3148217.3150332407
          ],
          [
            81176.65124126793,
            3148292.3363750414
          ],
          [
            81181.05007817065,
            3148392.2213122207
          ],
          [
            81182.19515351157,
            3148492.2121793283
          ],
          [
            81181.73005110574,
            3148592.1951885824
          ],
          [
            81226.37513130874,
            3148662.404968624
          ],
          [
            81288.16924706894,
            3148703.6978219603
          ],
          [
            81331.49126522026,
            3148783.7039341843
          ],
          [
            81418.9087406607,
            3148816.7229861845
          ],
          [
            81449.88851984657,
            3148903.8704922395
          ],
          [
            81497.3274818612,
            3148990.8637835826
          ],
          [
            81550.51729913216,
            3149073.888279007
          ],
          [
            81569.10161432109,
            3149171.8350473866
          ],
          [
            81567.23317052289,
            3149271.4026782988
          ],
          [
            81527.56287280495,
            3149354.920086431
          ],
          [
            81440.34538804235,
            3149396.8535389225
          ],
          [
            81391.41337736335,
            3149482.85186606
          ],
          [
            81391.73424020688,
            3149581.8503592378
          ],
          [
            81445.7691018645,
            3149659.189964647
          ],
          [
            81517.09976485258,
            3149707.4283586834
          ],
          [
            81559.76156614166,
            3149792.780395094
          ],
          [
            81645.71653455409,
            3149830.05125548
          ],
          [
            81716.93357182578,
            3149896.6392053138
          ],
          [
            81792.5892897053,
            3149961.5102745774
          ],
          [
            81837.79865281601,
            3150041.863265195
          ],
          [
            81896.06751971082,
            3150117.318369574
          ],
          [
            81900.70632462755,
            3150217.0349376914
          ],
          [
            81932.23522138763,
            3150303.9536471143
          ],
          [
            82000.95730324672,
            3150373.998412244
          ],
          [
            82018.50849193984,
            3150470.6491411077
          ],
          [
            82085.59325648383,
            3150540.133334204
          ],
          [
            82132.21293463718,
            3150625.4879676485
          ],
          [
            82140.73437065267,
            3150724.787320336
          ],
          [
            82155.08178298622,
            3150814.3323950265
          ],
          [
            82227.90075127066,
            3150878.0940518035
          ],
          [
            82265.79196145142,
            3150964.1926349425
          ],
          [
            82332.9331018324,
            3151030.219338121
          ],
          [
            82414.62951285196,
            3151066.4452539384
          ],
          [
            82499.22293774952,
            3151021.8711879896
          ],
          [
            82592.60029287802,
            3151045.72308904
          ],
          [
            82681.17070638378,
            3151082.0898445197
          ],
          [
            82737.47450841407,
            3151162.2395670144
          ],
          [
            82776.50663057211,
            3151248.9104168876
          ],
          [
            82834.2679956914,
            3151326.0507207448
          ],
          [
            82891.3447972215,
            3151406.866023381
          ],
          [
            82966.22511102931,
            3151469.5524209724
          ],
          [
            83047.38427162384,
            3151524.880896586
          ],
          [
            83040.30833879845,
            3151615.5484168543
          ],
          [
            83018.05379196425,
            3151709.9856200493
          ],
          [
            82936.4134424253,
            3151754.7908033025
          ],
          [
            82877.88721252838,
            3151833.218537028
          ],
          [
            82896.689557705,
            3151912.82206989
          ],
          [
            82927.42661717955,
            3152002.5199911795
          ],
          [
            83013.56551117178,
            3152049.6431470625
          ],
          [
            83036.87653642132,
            3152143.490856047
          ],
          [
            83004.92600239067,
            3152204.5316763707
          ],
          [
            82991.50344740457,
            3152299.486871375
          ],
          [
            82993.63452189181,
            3152399.0194424978
          ],
          [
            83047.83441757942,
            3152479.9527605027
          ],
          [
            83099.95530359156,
            3152559.06342196
          ],
          [
            83155.42468037269,
            3152600.1789394333
          ],
          [
            83248.0769655849,
            3152627.4882877567
          ],
          [
            83332.49113529679,
            3152675.1113676
          ],
          [
            83371.75887322162,
            3152763.271742704
          ],
          [
            83326.27665703929,
            3152840.856765044
          ],
          [
            83285.22945480022,
            3152902.0215532277
          ],
          [
            83370.77316165839,
            3152933.6860235236
          ],
          [
            83392.18497055233,
            3153028.5196690033
          ],
          [
            83327.33965966172,
            3153095.444182407
          ],
          [
            83263.54289655999,
            3153149.1017031427
          ],
          [
            83208.61723599228,
            3153231.023532695
          ],
          [
            83158.36340944351,
            3153315.1359302667
          ],
          [
            83184.8744430728,
            3153408.2830222803
          ],
          [
            83193.39982867245,
            3153507.8450304954
          ],
          [
            83200.83567801856,
            3153607.2321085157
          ],
          [
            83204.30630398441,
            3153706.9831993855
          ],
          [
            83258.91477283515,
            3153767.3019793406
          ],
          [
            83339.21740852937,
            3153825.077240503
          ],
          [
            83436.53217289652,
            3153838.6358659915
          ],
          [
            83509.4554383824,
            3153905.058380492
          ],
          [
            83514.3896569363,
            3153998.5025462434
          ],
          [
            83491.70628186536,
            3154087.044124494
          ],
          [
            83499.25211903329,
            3154183.9826697423
          ],
          [
            83550.29694810885,
            3154261.9659854393
          ],
          [
            83552.22850023955,
            3154361.922082121
          ],
          [
            83566.50212055013,
            3154455.4186935495
          ],
          [
            83611.23249462432,
            3154538.796195616
          ],
          [
            83669.2724439344,
            3154613.662473835
          ],
          [
            83729.95691082353,
            3154659.5452857814
          ],
          [
            83741.44648905689,
            3154564.6373464065
          ],
          [
            83749.50508108088,
            3154466.291988853
          ],
          [
            83834.07387671583,
            3154430.58916911
          ],
          [
            83923.8351940415,
            3154462.884348211
          ],
          [
            83996.40539398677,
            3154527.9403519197
          ],
          [
            84056.154570011,
            3154607.611515884
          ],
          [
            84081.66488217021,
            3154701.8327100608
          ],
          [
            84044.08955179607,
            3154792.6307622353
          ],
          [
            83974.20600102648,
            3154862.954240497
          ],
          [
            83938.37542444789,
            3154937.9558547954
          ],
          [
            83863.24066318988,
            3154993.57121167
          ],
          [
            83851.49644904793,
            3155066.2985418155
          ],
          [
            83817.38194216524,
            3155110.553863653
          ],
          [
            83896.64957642471,
            3155168.5989900636
          ],
          [
            83912.0616448668,
            3155265.853521945
          ],
          [
            83936.3200406513,
            3155352.5577919586
          ],
          [
            83971.81448329992,
            3155442.5791006205
          ],
          [
            84055.55285312005,
            3155477.936662857
          ],
          [
            84142.37831304969,
            3155469.5115810167
          ],
          [
            84236.09105550156,
            3155489.6485487632
          ],
          [
            84333.40385248524,
            3155482.47886859
          ],
          [
            84424.63278529032,
            3155513.249669736
          ],
          [
            84494.84185031214,
            3155584.2119577522
          ],
          [
            84501.46625057953,
            3155676.3581554396
          ],
          [
            84422.91056325639,
            3155721.3534135916
          ],
          [
            84450.75595181575,
            3155809.0043324567
          ],
          [
            84379.47915057272,
            3155858.3848150945
          ],
          [
            84303.754896871,
            3155888.3005321557
          ],
          [
            84330.45432529207,
            3155976.5986923603
          ],
          [
            84370.87068006441,
            3156063.4822901622
          ],
          [
            84460.43311013852,
            3156093.1950365305
          ],
          [
            84483.41623351723,
            3156187.9415935557
          ],
          [
            84548.38740115683,
            3156261.4212058103
          ],
          [
            84575.77071462105,
            3156349.9006425184
          ],
          [
            84542.1414022389,
            3156435.6071064402
          ],
          [
            84532.11440941281,
            3156532.270372362
          ],
          [
            84515.93339315825,
            3156619.074301779
          ],
          [
            84602.82567932313,
            3156656.8645251407
          ],
          [
            84670.3289605564,
            3156723.238941039
          ],
          [
            84724.17880763506,
            3156807.2330519864
          ],
          [
            84780.90325309914,
            3156886.0736594084
          ],
          [
            84811.60285082257,
            3156976.985917689
          ],
          [
            84773.5892998925,
            3157051.9339451115
          ],
          [
            84783.62990388856,
            3157150.0974456724
          ],
          [
            84827.66422541937,
            3157233.3422406167
          ],
          [
            84872.48373529152,
            3157318.218028893
          ],
          [
            84903.32707550285,
            3157410.3122327193
          ],
          [
            84911.86381855136,
            3157509.0691275066
          ],
          [
            84946.05495741968,
            3157597.5312327617
          ],
          [
            85010.16583622088,
            3157673.136144239
          ],
          [
            85051.48700169305,
            3157759.673519728
          ],
          [
            85121.59638294677,
            3157829.883026899
          ],
          [
            85192.14766968985,
            3157881.6658709277
          ],
          [
            85285.71052593098,
            3157910.6015274166
          ],
          [
            85370.01310935586,
            3157956.045599285
          ],
          [
            85413.03098896326,
            3158042.2786528957
          ],
          [
            85383.33994621383,
            3158132.799233477
          ],
          [
            85420.10125880841,
            3158222.033179758
          ],
          [
            85442.12325869958,
            3158318.6712003835
          ],
          [
            85533.0415194468,
            3158351.5331902606
          ],
          [
            85609.75556471087,
            3158414.897516867
          ],
          [
            85653.28950540851,
            3158504.0794003042
          ],
          [
            85721.6162214825,
            3158573.437665057
          ],
          [
            85794.89434561926,
            3158640.990393687
          ],
          [
            85870.03309255898,
            3158703.0403677165
          ],
          [
            85906.98966780066,
            3158673.951633401
          ],
          [
            85975.97824189943,
            3158703.5573753556
          ],
          [
            85904.99617167292,
            3158744.6789400266
          ],
          [
            85942.69526464336,
            3158829.9389024987
          ],
          [
            86031.54940908121,
            3158840.1068597343
          ],
          [
            86124.83440159274,
            3158810.7562958742
          ],
          [
            86222.89029721366,
            3158820.186677178
          ],
          [
            86252.26102174589,
            3158909.912636766
          ],
          [
            86286.45948667775,
            3158995.7474826165
          ],
          [
            86323.28225518538,
            3159085.4574433486
          ],
          [
            86384.92759971855,
            3159075.312959572
          ],
          [
            86459.32058996224,
            3159046.8690997562
          ],
          [
            86540.91762969727,
            3159093.466310954
          ],
          [
            86619.99465669821,
            3159149.093026141
          ],
          [
            86642.07121999846,
            3159241.4531230964
          ],
          [
            86695.39519724656,
            3159248.867909381
          ],
          [
            86792.8802879454,
            3159256.943318569
          ],
          [
            86881.957547211,
            3159285.23626926
          ],
          [
            86969.62907311013,
            3159320.7274211966
          ],
          [
            87057.64308460239,
            3159357.6042555086
          ],
          [
            87088.28378894296,
            3159445.987777482
          ],
          [
            87085.94557717287,
            3159545.7196953427
          ],
          [
            87025.1434192077,
            3159617.869557233
          ],
          [
            86995.02167214925,
            3159707.8408535174
          ],
          [
            86990.3450091423,
            3159794.2585524945
          ],
          [
            87056.05225887695,
            3159865.1179491826
          ],
          [
            87153.14968944197,
            3159857.4428214864
          ],
          [
            87209.64220393448,
            3159928.3835924957
          ],
          [
            87173.03190468595,
            3160014.179342401
          ],
          [
            87152.68409842906,
            3160106.24872589
          ],
          [
            87117.31316169519,
            3160195.3471924313
          ],
          [
            87112.83793942846,
            3160293.203558202
          ],
          [
            87068.51215217574,
            3160379.899745537
          ],
          [
            87063.21330770133,
            3160478.1273888364
          ],
          [
            87062.99032640654,
            3160578.1247895425
          ],
          [
            87134.46715235214,
            3160615.2649573153
          ],
          [
            87182.21427909436,
            3160695.7948762397
          ],
          [
            87238.69768138416,
            3160771.334056853
          ],
          [
            87290.1879333776,
            3160851.0895070047
          ],
          [
            87327.04627913011,
            3160938.7100906936
          ],
          [
            87362.67005867788,
            3161027.3612265317
          ],
          [
            87419.22265808914,
            3161106.276636415
          ],
          [
            87471.30629318365,
            3161188.492182455
          ],
          [
            87478.86276673342,
            3161287.557010032
          ],
          [
            87481.0124249724,
            3161387.4369822834
          ],
          [
            87546.53501850518,
            3161460.775584363
          ],
          [
            87630.68084211933,
            3161508.048597313
          ],
          [
            87706.29432903067,
            3161571.051032717
          ],
          [
            87747.35620569062,
            3161657.106115468
          ],
          [
            87782.96496211666,
            3161743.581547179
          ],
          [
            87853.26882166714,
            3161813.6785785696
          ],
          [
            87871.68188984954,
            3161910.8423525486
          ],
          [
            87948.0441944357,
            3161963.7141116774
          ],
          [
            88026.02385558798,
            3162017.1398869646
          ],
          [
            88083.14978413192,
            3162078.0816963348
          ],
          [
            88173.60579241303,
            3162106.2566508763
          ],
          [
            88215.634638088,
            3162193.612992012
          ],
          [
            88259.00135426654,
            3162282.302410512
          ],
          [
            88306.540484619,
            3162366.068181374
          ],
          [
            88355.82274888123,
            3162451.35841458
          ],
          [
            88390.38583561187,
            3162531.833735802
          ],
          [
            88350.40216120241,
            3162619.611840715
          ],
          [
            88321.52530008815,
            3162708.7314927625
          ],
          [
            88311.25880470217,
            3162805.2811131245
          ],
          [
            88315.86743586558,
            3162895.06780027
          ],
          [
            88318.0522567441,
            3162995.0234439475
          ],
          [
            88316.62975853978,
            3163095.0074998857
          ],
          [
            88318.56442029405,
            3163194.977750868
          ],
          [
            88321.72635870932,
            3163294.9232522347
          ],
          [
            88328.39928497963,
            3163394.663868937
          ],
          [
            88333.80735874428,
            3163494.454927464
          ],
          [
            88340.96851268628,
            3163593.9488195097
          ],
          [
            88344.59430456112,
            3163693.5458487724
          ],
          [
            88315.17179932617,
            3163787.339282677
          ],
          [
            88292.87317517409,
            3163883.1682580523
          ],
          [
            88337.55008697892,
            3163968.6896890183
          ],
          [
            88363.2578401681,
            3164065.0698841857
          ],
          [
            88382.91354004288,
            3164162.3794042096
          ],
          [
            88398.2171421417,
            3164260.864910993
          ],
          [
            88397.3781949043,
            3164360.80090877
          ],
          [
            88364.16217982164,
            3164453.3945091027
          ],
          [
            88335.94205902815,
            3164546.2664840743
          ],
          [
            88342.70281098608,
            3164639.912294984
          ],
          [
            88338.14708229528,
            3164739.5108245816
          ],
          [
            88331.457146108,
            3164839.0296186837
          ],
          [
            88325.18414768505,
            3164928.620417034
          ],
          [
            88329.3024664697,
            3165027.551195776
          ],
          [
            88317.9788787862,
            3165126.4124646937
          ],
          [
            88299.20280168128,
            3165224.2424458307
          ],
          [
            88257.40407150068,
            3165314.684526379
          ],
          [
            88209.31247956991,
            3165402.230358429
          ],
          [
            88200.30650421946,
            3165500.6972476635
          ],
          [
            88175.9576520553,
            3165595.579968716
          ],
          [
            88141.51080757828,
            3165685.292744698
          ],
          [
            88114.23364934183,
            3165775.5898475694
          ],
          [
            88110.60780673627,
            3165875.4082122645
          ],
          [
            88076.20826431576,
            3165967.313211044
          ],
          [
            88054.34541421944,
            3166064.200762656
          ],
          [
            88019.78169717404,
            3166154.094523552
          ],
          [
            88047.19453934353,
            3166247.949794018
          ],
          [
            88095.72674033906,
            3166333.22964953
          ],
          [
            88106.1852303681,
            3166429.4800776895
          ],
          [
            88073.25696920925,
            3166517.343396444
          ],
          [
            88029.02581045701,
            3166603.816823393
          ],
          [
            87970.61068626231,
            3166684.8046787716
          ],
          [
            87958.6605234999,
            3166782.216072888
          ],
          [
            87939.31287802703,
            3166878.4746490642
          ],
          [
            87926.88946320163,
            3166977.046614885
          ],
          [
            87914.94604055704,
            3167076.1455381336
          ],
          [
            87871.91641690927,
            3167165.8488568054
          ],
          [
            87819.39246825525,
            3167249.1369198435
          ],
          [
            87770.83413753958,
            3167333.4064174206
          ],
          [
            87737.47431494875,
            3167425.002390183
          ],
          [
            87689.24897614773,
            3167510.5442679715
          ],
          [
            87657.9393767502,
            3167605.464995161
          ],
          [
            87628.44673674414,
            3167700.612281218
          ],
          [
            87576.08914164806,
            3167782.301030591
          ],
          [
            87509.9210618209,
            3167856.4231501357
          ],
          [
            87502.52576109619,
            3167955.1005960098
          ],
          [
            87529.38333105869,
            3168047.469192889
          ],
          [
            87512.00336275794,
            3168142.1469941395
          ],
          [
            87472.06963961327,
            3168231.3398961336
          ],
          [
            87405.3505869795,
            3168302.5743444883
          ],
          [
            87320.64969715581,
            3168346.024128765
          ],
          [
            87291.76417921558,
            3168436.7245060937
          ],
          [
            87300.92234172052,
            3168535.0319792773
          ],
          [
            87335.42771378701,
            3168626.893727415
          ],
          [
            87348.4258193032,
            3168725.8637023973
          ],
          [
            87354.27616665958,
            3168825.541300209
          ],
          [
            87357.80903510579,
            3168925.4772507376
          ],
          [
            87360.36032005708,
            3169025.432340317
          ],
          [
            87348.45463379394,
            3169123.449571585
          ],
          [
            87359.62640475384,
            3169222.4761273637
          ],
          [
            87358.30169070003,
            3169322.3915460785
          ],
          [
            87359.15365150796,
            3169422.358163376
          ],
          [
            87360.1618224586,
            3169522.285329002
          ],
          [
            87335.1989415308,
            3169618.114955131
          ],
          [
            87305.8393621362,
            3169713.3088497976
          ],
          [
            87280.08186089885,
            3169806.083919669
          ],
          [
            87314.45286695147,
            3169895.228674385
          ],
          [
            87334.35695587342,
            3169991.3848425373
          ],
          [
            87356.812269532,
            3170087.35217542
          ],
          [
            87363.2907722957,
            3170182.380290294
          ],
          [
            87368.73110151825,
            3170282.167651826
          ],
          [
            87362.45189579291,
            3170375.299875554
          ],
          [
            87415.77832093686,
            3170458.7799939164
          ],
          [
            87476.88776603754,
            3170535.8342736894
          ],
          [
            87516.84494600612,
            3170626.347140729
          ],
          [
            87538.25841633849,
            3170723.831616802
          ],
          [
            87536.93158648378,
            3170823.2843202557
          ],
          [
            87539.46138799281,
            3170923.0860542795
          ],
          [
            87595.17128394313,
            3171004.482749533
          ],
          [
            87632.13592302433,
            3171095.406781307
          ],
          [
            87657.41315159349,
            3171191.8877104865
          ],
          [
            87680.9868974408,
            3171285.9077449488
          ],
          [
            87739.57783944097,
            3171366.8082456384
          ],
          [
            87800.29839655409,
            3171444.025470873
          ],
          [
            87843.45523243019,
            3171532.7530153296
          ],
          [
            87834.35942895655,
            3171627.795661414
          ],
          [
            87857.60850849224,
            3171717.9443491087
          ],
          [
            87871.31964463036,
            3171816.586180876
          ],
          [
            87888.35520415693,
            3171914.666117446
          ],
          [
            87871.61087588225,
            3172011.5992372325
          ],
          [
            87891.701100939,
            3172105.179237406
          ],
          [
            87900.06028240986,
            3172204.813184281
          ],
          [
            87929.37642350882,
            3172296.840144909
          ],
          [
            87941.15127341497,
            3172394.981950773
          ],
          [
            87927.8392953297,
            3172493.937703714
          ],
          [
            87896.58623183763,
            3172587.4024685486
          ],
          [
            87875.02235489598,
            3172681.059544309
          ],
          [
            87809.83832997871,
            3172756.120875444
          ],
          [
            87775.49689705386,
            3172846.265745498
          ],
          [
            87750.00071755434,
            3172938.548790592
          ],
          [
            87721.02573473561,
            3173030.7100438857
          ],
          [
            87691.78253441134,
            3173123.615494279
          ],
          [
            87679.67549500513,
            3173221.5057708323
          ],
          [
            87638.11238677755,
            3173310.674036755
          ],
          [
            87592.44450396125,
            3173394.1825575726
          ],
          [
            87543.79095137243,
            3173474.7263050354
          ],
          [
            87521.88987061747,
            3173564.678825512
          ],
          [
            87482.28134096558,
            3173650.1215802436
          ],
          [
            87435.38527536918,
            3173735.458041627
          ],
          [
            87391.94729627555,
            3173822.140066818
          ],
          [
            87369.53784247774,
            3173915.1656691097
          ],
          [
            87351.5424021033,
            3174010.773639814
          ],
          [
            87324.30254641219,
            3174106.4593545035
          ],
          [
            87349.86187587235,
            3174197.632796463
          ],
          [
            87328.61521058508,
            3174286.364692382
          ],
          [
            87272.53964272543,
            3174363.8961598137
          ],
          [
            87257.9709634691,
            3174461.8205902614
          ],
          [
            87214.68610480812,
            3174548.975341675
          ],
          [
            87187.62239185037,
            3174643.523148467
          ],
          [
            87164.15739675022,
            3174739.0232066046
          ],
          [
            87152.52792447056,
            3174834.5957651045
          ],
          [
            87154.87353917639,
            3174934.5583090307
          ],
          [
            87106.22495507737,
            3175018.371038959
          ],
          [
            87081.41120067859,
            3175111.6906905184
          ],
          [
            87029.49258658971,
            3175192.9731307263
          ],
          [
            87073.40226293374,
            3175267.4273929535
          ],
          [
            87103.73531752078,
            3175357.752535581
          ],
          [
            87148.81174544252,
            3175443.817782261
          ],
          [
            87152.12291717778,
            3175543.716348141
          ],
          [
            87151.75123289967,
            3175643.6787813096
          ],
          [
            87103.65759938986,
            3175728.008540047
          ],
          [
            87056.52456977512,
            3175812.4720655545
          ],
          [
            87024.4117413699,
            3175902.526265052
          ],
          [
            86969.79150687497,
            3175981.5500188572
          ],
          [
            86953.15129391626,
            3176077.1017543245
          ],
          [
            86954.83821270378,
            3176176.560244426
          ],
          [
            86934.02381350986,
            3176271.1416330077
          ],
          [
            86923.03517146068,
            3176368.348796456
          ],
          [
            86900.34092631376,
            3176463.699996377
          ],
          [
            86883.19322438627,
            3176558.9211159945
          ],
          [
            86882.12230444432,
            3176657.6846449208
          ],
          [
            86823.49717316963,
            3176737.698890276
          ],
          [
            86793.84391050691,
            3176827.7941836473
          ],
          [
            86728.4845562318,
            3176903.0504285516
          ],
          [
            86667.9273417418,
            3176980.148691569
          ],
          [
            86609.38043301487,
            3177050.8757693185
          ],
          [
            86590.14584174372,
            3177145.806475894
          ],
          [
            86581.90283244624,
            3177243.377157657
          ],
          [
            86559.12770246241,
            3177334.7388296616
          ],
          [
            86488.83245353153,
            3177403.5986849586
          ],
          [
            86420.13132949702,
            3177476.093989595
          ],
          [
            86350.86699337285,
            3177535.870761232
          ],
          [
            86278.98380705243,
            3177601.467686581
          ],
          [
            86206.57196456484,
            3177665.6386191132
          ],
          [
            86127.8635321651,
            3177718.035229602
          ],
          [
            86065.73709179291,
            3177794.8864439507
          ],
          [
            85986.6891234077,
            3177848.04718352
          ],
          [
            86003.45872270332,
            3177937.0475103366
          ],
          [
            85984.06997183932,
            3178032.1402492793
          ],
          [
            86013.70206504341,
            3178126.780885581
          ],
          [
            86063.08819608422,
            3178211.2416737108
          ],
          [
            86097.44720920242,
            3178299.6578454957
          ],
          [
            86176.98618081497,
            3178356.7182344007
          ],
          [
            86188.62051506618,
            3178453.96444465
          ],
          [
            86191.30079016475,
            3178553.870141035
          ],
          [
            86193.17681996588,
            3178653.716363888
          ],
          [
            86173.58514944994,
            3178751.6289483286
          ],
          [
            86134.08075636454,
            3178840.0246624122
          ],
          [
            86190.43164605422,
            3178918.6225048164
          ],
          [
            86208.5348427684,
            3179012.852457672
          ],
          [
            86278.61326746899,
            3179084.0257558855
          ],
          [
            86311.7525734234,
            3179175.578693782
          ],
          [
            86314.10807656473,
            3179275.546343982
          ],
          [
            86319.82802829368,
            3179373.8187193456
          ],
          [
            86357.40758428037,
            3179462.5899779927
          ],
          [
            86420.65184783719,
            3179539.5352433072
          ],
          [
            86433.79429321914,
            3179636.894201741
          ],
          [
            86488.92404651518,
            3179708.5268834145
          ],
          [
            86493.11654299153,
            3179807.835372441
          ],
          [
            86565.7465610302,
            3179872.667160138
          ],
          [
            86652.46903611343,
            3179904.5239845514
          ],
          [
            86705.02009936514,
            3179979.4235771317
          ],
          [
            86761.88956132464,
            3180058.1720584207
          ],
          [
            86836.2729063375,
            3180121.026094661
          ],
          [
            86904.42079463012,
            3180192.0222196127
          ],
          [
            86913.64184440058,
            3180290.344565018
          ],
          [
            86892.0477250591,
            3180377.718288075
          ],
          [
            86887.22147703299,
            3180472.2190824263
          ],
          [
            86955.74017046847,
            3180543.681104256
          ],
          [
            87000.29498569052,
            3180623.7910958817
          ],
          [
            87073.92511733559,
            3180660.431293674
          ],
          [
            87155.64100976886,
            3180708.4215060333
          ],
          [
            87244.17065233865,
            3180741.2361942176
          ],
          [
            87286.59519515204,
            3180827.698194866
          ],
          [
            87308.53208092753,
            3180921.4299301454
          ],
          [
            87343.18814610488,
            3181009.2663973714
          ],
          [
            87393.14112416113,
            3181087.467627615
          ],
          [
            87475.90010796323,
            3181130.6856613774
          ],
          [
            87508.3080623714,
            3181218.344505085
          ],
          [
            87531.50984116142,
            3181314.5692876996
          ],
          [
            87559.6634767513,
            3181408.9612396415
          ],
          [
            87544.50044603762,
            3181505.010192763
          ],
          [
            87492.6092166435,
            3181583.813258761
          ],
          [
            87532.67705035904,
            3181672.327588748
          ],
          [
            87612.22355170448,
            3181712.899994666
          ],
          [
            87682.72742848292,
            3181783.6179118454
          ],
          [
            87721.82035083603,
            3181870.2378077907
          ],
          [
            87790.96065939656,
            3181942.348026769
          ],
          [
            87851.78971644008,
            3182020.6191783366
          ],
          [
            87881.57583772545,
            3182111.5362426303
          ],
          [
            87930.3671630637,
            3182189.599721317
          ],
          [
            87950.4474938647,
            3182280.841937776
          ],
          [
            87988.02378591591,
            3182368.4263403076
          ],
          [
            87991.40064077372,
            3182468.3409892214
          ],
          [
            88044.79783544407,
            3182548.626251893
          ],
          [
            88055.85740399096,
            3182647.1493441374
          ],
          [
            88088.98234854732,
            3182738.113815962
          ],
          [
            88113.41812235554,
            3182833.310425514
          ],
          [
            88128.37423010208,
            3182931.7373457435
          ],
          [
            88139.517040748,
            3183022.200487218
          ],
          [
            88176.49103305215,
            3183109.3755805893
          ],
          [
            88190.46380177017,
            3183206.6530245165
          ],
          [
            88235.3958754469,
            3183289.176933726
          ],
          [
            88260.38242180331,
            3183385.795928338
          ],
          [
            88262.92352923013,
            3183485.7262473567
          ],
          [
            88254.85782263668,
            3183585.0199500164
          ],
          [
            88303.21355458563,
            3183667.8528511473
          ],
          [
            88350.76819399666,
            3183754.9595175907
          ],
          [
            88414.9703865733,
            3183829.1355272355
          ],
          [
            88477.89187845476,
            3183903.5979893
          ],
          [
            88509.12338780907,
            3183997.065487916
          ],
          [
            88530.67140826957,
            3184094.097792297
          ],
          [
            88587.0323953236,
            3184172.9770966414
          ],
          [
            88667.56142151289,
            3184226.95745539
          ],
          [
            88729.06475715738,
            3184304.2982740807
          ],
          [
            88790.27878828603,
            3184382.9483072977
          ],
          [
            88866.8315884654,
            3184437.1128808614
          ],
          [
            88936.49597278217,
            3184508.5194394486
          ],
          [
            89023.76935630408,
            3184552.0088742403
          ],
          [
            89103.7172358481,
            3184611.243242424
          ],
          [
            89168.87218256335,
            3184686.4565419494
          ],
          [
            89188.71414515717,
            3184783.3575895536
          ],
          [
            89190.56977934357,
            3184883.310454205
          ],
          [
            89179.44843021735,
            3184982.448715706
          ],
          [
            89192.52143676077,
            3185079.12459186
          ],
          [
            89161.37437417943,
            3185168.9223251087
          ],
          [
            89093.8444462695,
            3185240.7422662047
          ],
          [
            89057.28543152343,
            3185331.630245707
          ],
          [
            89042.92305960825,
            3185429.0304487017
          ],
          [
            89053.66168108505,
            3185528.3983261073
          ],
          [
            89061.72638098252,
            3185628.033125992
          ],
          [
            89060.34108310935,
            3185727.6702856524
          ],
          [
            89073.39268663496,
            3185826.461372339
          ],
          [
            89100.68064039452,
            3185920.45906902
          ],
          [
            89165.2333932482,
            3185991.63808737
          ],
          [
            89237.2733729253,
            3186060.6539497725
          ],
          [
            89301.55640719653,
            3186135.872582277
          ],
          [
            89311.4590449425,
            3186235.08352202
          ],
          [
            89311.8633094965,
            3186334.90710529
          ],
          [
            89373.17331574704,
            3186411.1701513524
          ],
          [
            89439.68512119794,
            3186485.4080005353
          ],
          [
            89482.97613759598,
            3186572.4291581716
          ],
          [
            89520.91512291344,
            3186661.7359448345
          ],
          [
            89567.02637420391,
            3186746.869708779
          ],
          [
            89627.13158883013,
            3186826.6294421772
          ],
          [
            89672.26886303173,
            3186914.110308299
          ],
          [
            89695.86160633783,
            3187009.960485989
          ],
          [
            89703.94912132803,
            3187109.460326056
          ],
          [
            89704.80242901895,
            3187209.411347608
          ],
          [
            89749.40974662398,
            3187296.905524406
          ],
          [
            89805.98286607872,
            3187377.464696346
          ],
          [
            89833.08804917207,
            3187470.679234302
          ],
          [
            89847.99622412244,
            3187566.3073395714
          ],
          [
            89884.96994458699,
            3187657.8973865435
          ],
          [
            89928.12100229702,
            3187745.9868692616
          ],
          [
            89961.1239723421,
            3187839.3794533624
          ],
          [
            89954.77060640503,
            3187938.444194363
          ],
          [
            89960.29311259526,
            3188037.849301153
          ],
          [
            89912.34034578926,
            3188120.8382120845
          ],
          [
            89940.18261240622,
            3188213.208510738
          ],
          [
            89914.1629262651,
            3188306.485835903
          ],
          [
            89927.67139824956,
            3188404.058707989
          ],
          [
            89957.4803138772,
            3188480.750890074
          ],
          [
            89974.81536018797,
            3188577.29169898
          ],
          [
            90022.82212443433,
            3188659.8892184417
          ],
          [
            90080.58674074146,
            3188739.024676125
          ],
          [
            90135.14605897752,
            3188814.843371837
          ],
          [
            90182.76942165328,
            3188893.5446591806
          ],
          [
            90213.01108583449,
            3188984.2351410296
          ],
          [
            90210.28599067307,
            3189084.1571535333
          ],
          [
            90193.51524910142,
            3189180.6085873083
          ],
          [
            90159.97293253323,
            3189273.6557544237
          ],
          [
            90170.18965727297,
            3189372.5032030693
          ],
          [
            90210.54328178137,
            3189462.537736448
          ],
          [
            90265.54114808145,
            3189536.9325329466
          ],
          [
            90359.24039781206,
            3189551.90697234
          ],
          [
            90447.46349374637,
            3189521.9236308536
          ],
          [
            90543.3017557291,
            3189547.669682163
          ],
          [
            90633.14967546228,
            3189590.789871962
          ],
          [
            90662.83563771877,
            3189674.3797946027
          ],
          [
            90614.70705687677,
            3189759.1715016756
          ],
          [
            90570.33077677732,
            3189847.10137128
          ],
          [
            90535.88986137183,
            3189938.684455163
          ],
          [
            90518.53214915014,
            3190036.731129207
          ],
          [
            90526.10736606429,
            3190134.0062266984
          ],
          [
            90479.76372623742,
            3190218.7327802256
          ],
          [
            90401.7310736674,
            3190279.176302772
          ],
          [
            90319.61012964149,
            3190333.6786403013
          ],
          [
            90302.97078824966,
            3190426.836051761
          ],
          [
            90367.9478474436,
            3190493.473921543
          ],
          [
            90467.84708183353,
            3190493.6293727728
          ],
          [
            90559.77620095431,
            3190527.174029992
          ],
          [
            90647.22237671069,
            3190574.261520243
          ],
          [
            90665.80089397645,
            3190670.236480258
          ],
          [
            90723.69181992447,
            3190745.7770285322
          ],
          [
            90744.7590111682,
            3190842.1073592394
          ],
          [
            90747.96840952085,
            3190942.0342332916
          ],
          [
            90730.80353491947,
            3191039.8293161425
          ],
          [
            90775.90882562187,
            3191120.497949283
          ],
          [
            90831.51420990689,
            3191195.9934830596
          ],
          [
            90902.37379614156,
            3191266.149153617
          ],
          [
            90954.56920784686,
            3191350.1802477324
          ],
          [
            91021.11842390423,
            3191424.6150706336
          ],
          [
            91076.03847957804,
            3191505.0514269704
          ],
          [
            91124.01174202812,
            3191590.5184042105
          ],
          [
            91163.28636081258,
            3191680.7779883337
          ],
          [
            91190.85962726918,
            3191774.708564522
          ],
          [
            91243.54273987794,
            3191855.4835888967
          ],
          [
            91338.49713521267,
            3191873.7709311587
          ],
          [
            91397.64284924314,
            3191943.6116797733
          ],
          [
            91403.38059885513,
            3192043.391763869
          ],
          [
            91405.22948591108,
            3192143.352333164
          ],
          [
            91406.02363429539,
            3192243.342951661
          ],
          [
            91405.5340407923,
            3192343.2884528227
          ],
          [
            91409.58908007752,
            3192438.9550449275
          ],
          [
            91448.43180830612,
            3192526.469992967
          ],
          [
            91503.07640055928,
            3192605.7623698707
          ],
          [
            91536.5181276394,
            3192691.1693024244
          ],
          [
            91582.89509309216,
            3192778.38988662
          ],
          [
            91590.96914561924,
            3192877.8906722483
          ],
          [
            91593.30467672335,
            3192977.7540473514
          ],
          [
            91637.87951103065,
            3193065.441138936
          ],
          [
            91650.19623896267,
            3193164.2879848853
          ],
          [
            91691.7033468253,
            3193250.559009114
          ],
          [
            91737.25332874748,
            3193334.318058623
          ],
          [
            91772.8949885443,
            3193424.329906754
          ],
          [
            91773.3468709213,
            3193523.777328343
          ],
          [
            91826.24766429517,
            3193607.2221300807
          ],
          [
            91847.80271341024,
            3193701.35078017
          ],
          [
            91915.74473125108,
            3193774.0780400457
          ],
          [
            91973.41748464253,
            3193852.347104266
          ],
          [
            92000.21282398327,
            3193947.561313782
          ],
          [
            92003.21225859174,
            3194045.30913778
          ],
          [
            92040.2212077986,
            3194133.858390248
          ],
          [
            92095.99099729466,
            3194213.2403487535
          ],
          [
            92164.03449700582,
            3194279.6627105516
          ],
          [
            92175.72454253014,
            3194376.5071011954
          ],
          [
            92191.68836971029,
            3194474.12033008
          ],
          [
            92180.85910934638,
            3194571.78184336
          ],
          [
            92158.94856340978,
            3194666.6790008373
          ],
          [
            92124.85341759212,
            3194758.906427261
          ],
          [
            92082.74583544575,
            3194848.0457785623
          ],
          [
            92087.7505965841,
            3194944.2205097144
          ],
          [
            92115.80458657592,
            3195036.2993999715
          ],
          [
            92185.47510986109,
            3195104.4542545592
          ],
          [
            92193.91370825164,
            3195203.827978499
          ],
          [
            92225.34840602426,
            3195289.1697417977
          ],
          [
            92279.91602753795,
            3195363.6985288896
          ],
          [
            92281.21395203525,
            3195463.673748657
          ],
          [
            92224.2151375756,
            3195541.851556147
          ],
          [
            92220.36710636223,
            3195638.3638168895
          ],
          [
            92243.12073175343,
            3195727.287449597
          ],
          [
            92299.46679096413,
            3195807.87885777
          ],
          [
            92272.78435167033,
            3195898.357836918
          ],
          [
            92231.2906904052,
            3195986.868181121
          ],
          [
            92184.94384134971,
            3196072.9328585775
          ],
          [
            92113.57512994627,
            3196141.752117864
          ],
          [
            92044.33416566822,
            3196213.758134658
          ],
          [
            91974.64160743021,
            3196279.500139876
          ],
          [
            91907.26428541444,
            3196353.0758661437
          ],
          [
            91892.71912057872,
            3196448.3438367997
          ],
          [
            91864.3673857996,
            3196541.5289579933
          ],
          [
            91917.03209819853,
            3196611.3958400344
          ],
          [
            91956.86075780106,
            3196691.115195597
          ],
          [
            92041.58178520155,
            3196696.948441022
          ],
          [
            92112.80399037329,
            3196766.7358106123
          ],
          [
            92189.16458446677,
            3196821.487324794
          ],
          [
            92215.4453990907,
            3196910.3237551064
          ],
          [
            92177.17607217049,
            3196955.532395493
          ],
          [
            92248.5942859371,
            3197024.918929128
          ],
          [
            92318.50911797608,
            3197011.791704613
          ],
          [
            92396.72476847531,
            3197050.681645112
          ],
          [
            92396.44630277168,
            3197127.756464603
          ],
          [
            92318.31798459016,
            3197090.3768464406
          ],
          [
            92328.90678182426,
            3197155.817991052
          ],
          [
            92401.87447225086,
            3197218.257077973
          ],
          [
            92433.14586830148,
            3197308.794244937
          ],
          [
            92504.90935137209,
            3197375.455593569
          ],
          [
            92549.7833281512,
            3197460.069504799
          ],
          [
            92600.72365916826,
            3197540.5025990484
          ],
          [
            92604.79360724539,
            3197640.3935224055
          ],
          [
            92614.26911390992,
            3197738.602707025
          ],
          [
            92688.0967140345,
            3197805.2992242156
          ],
          [
            92730.41966950589,
            3197895.1121503636
          ],
          [
            92800.65996897053,
            3197966.0459918184
          ],
          [
            92865.79429617623,
            3198041.310455379
          ],
          [
            92885.56323134292,
            3198138.860377565
          ],
          [
            92829.9232722462,
            3198204.3920247895
          ],
          [
            92732.56509779235,
            3198225.551060956
          ],
          [
            92654.9778245354,
            3198286.794153475
          ],
          [
            92615.13009966354,
            3198377.115638509
          ],
          [
            92547.95865738334,
            3198448.703429558
          ],
          [
            92511.95091365991,
            3198539.3932068115
          ],
          [
            92479.25705345637,
            3198632.740449635
          ],
          [
            92453.87712773272,
            3198711.3137470037
          ],
          [
            92490.41805335291,
            3198799.133907293
          ],
          [
            92545.32258500588,
            3198877.5008698646
          ],
          [
            92558.75864299125,
            3198973.853924097
          ],
          [
            92618.20817485191,
            3198928.299614644
          ],
          [
            92688.72146870581,
            3198986.755214637
          ],
          [
            92693.75385456282,
            3199084.6794617013
          ],
          [
            92718.17985701545,
            3199181.10945883
          ],
          [
            92674.54403456704,
            3199266.292611662
          ],
          [
            92695.78437799559,
            3199348.3039009115
          ],
          [
            92730.86536742678,
            3199434.213396821
          ],
          [
            92784.77824987684,
            3199512.3015373265
          ],
          [
            92798.74803976754,
            3199608.1490409365
          ],
          [
            92847.47217826537,
            3199686.5922651542
          ],
          [
            92849.85426962828,
            3199786.5270729796
          ],
          [
            92849.82122023703,
            3199886.5251872856
          ],
          [
            92862.6690871034,
            3199981.0463025123
          ],
          [
            92904.94182395346,
            3200067.494636646
          ],
          [
            92957.977118734,
            3200149.503542469
          ],
          [
            93014.63097061316,
            3200227.1570651033
          ],
          [
            93025.22341936064,
            3200325.395724409
          ],
          [
            93024.84065970113,
            3200425.3869935926
          ],
          [
            93029.3262108706,
            3200525.2768383212
          ],
          [
            93010.84300194854,
            3200620.4573211935
          ],
          [
            92991.46363564006,
            3200715.2456977502
          ],
          [
            92970.80975820952,
            3200810.543519478
          ],
          [
            92959.39524287946,
            3200882.1367822206
          ],
          [
            93034.43289855965,
            3200938.1952285278
          ],
          [
            93018.83382593236,
            3201024.0088704033
          ],
          [
            92953.70638162919,
            3201099.731554589
          ],
          [
            92881.08002786178,
            3201166.4679726767
          ],
          [
            92805.41290410805,
            3201230.948688012
          ],
          [
            92737.27500987999,
            3201303.970688586
          ],
          [
            92670.01354103364,
            3201377.8086624215
          ],
          [
            92593.43648393068,
            3201440.7897288715
          ],
          [
            92511.53921388986,
            3201494.150659278
          ],
          [
            92426.56582753341,
            3201543.8438840476
          ],
          [
            92335.21514889634,
            3201583.9894458195
          ],
          [
            92251.5903921238,
            3201638.218134411
          ],
          [
            92175.77858790122,
            3201703.3852154813
          ],
          [
            92103.39697983846,
            3201772.308830296
          ],
          [
            92030.9583671096,
            3201841.1403592615
          ],
          [
            91950.09778818245,
            3201899.2367610773
          ],
          [
            91861.04961585745,
            3201941.190895459
          ],
          [
            91771.46427889826,
            3201980.782717046
          ],
          [
            91683.08452876829,
            3202026.5715807164
          ],
          [
            91596.7604924547,
            3202074.3888120367
          ],
          [
            91498.94854590738,
            3202090.420073362
          ],
          [
            91413.7325009162,
            3202109.694995001
          ],
          [
            91434.22167812934,
            3202197.1353488923
          ],
          [
            91376.56450139625,
            3202270.690412882
          ],
          [
            91411.31430508518,
            3202358.230994606
          ],
          [
            91437.84001135446,
            3202453.2687266017
          ],
          [
            91442.196177472,
            3202553.1286481
          ],
          [
            91486.2074081777,
            3202637.752911008
          ],
          [
            91498.68394905193,
            3202736.4708764716
          ],
          [
            91540.70539758269,
            3202824.406055372
          ],
          [
            91585.167816924,
            3202912.6320737083
          ],
          [
            91626.31925917794,
            3203001.0143371704
          ],
          [
            91693.95703311749,
            3203073.836421144
          ],
          [
            91756.43232693682,
            3203149.423820414
          ],
          [
            91831.81915328797,
            3203128.8802235713
          ],
          [
            91922.1001591508,
            3203153.975075619
          ],
          [
            91999.87814776003,
            3203212.6885059713
          ],
          [
            91993.97900083297,
            3203305.710477295
          ],
          [
            92021.73461607173,
            3203398.3710221136
          ],
          [
            92075.61570638818,
            3203479.4632966686
          ],
          [
            92165.50971067614,
            3203503.5634891647
          ],
          [
            92240.576513778,
            3203539.930224071
          ],
          [
            92290.41329154154,
            3203626.2670049006
          ],
          [
            92268.72287876875,
            3203692.6877600965
          ],
          [
            92200.59782363428,
            3203712.387965612
          ],
          [
            92249.38171076705,
            3203795.1291380175
          ],
          [
            92310.8007154778,
            3203870.857303033
          ],
          [
            92329.65836254916,
            3203968.5381807033
          ],
          [
            92359.06717459731,
            3203966.1301295
          ],
          [
            92394.15987965325,
            3203945.5074160155
          ],
          [
            92405.86342353022,
            3204044.7278416567
          ],
          [
            92409.28392780836,
            3204144.528088287
          ],
          [
            92410.05362337138,
            3204244.5225301664
          ],
          [
            92390.9535383739,
            3204340.4149233247
          ],
          [
            92379.69445964484,
            3204438.303754745
          ],
          [
            92341.65221609508,
            3204527.6930748313
          ],
          [
            92341.58517241411,
            3204627.6727926745
          ],
          [
            92346.47674660503,
            3204727.5181009183
          ],
          [
            92353.46758725293,
            3204827.2296921914
          ],
          [
            92396.93930627462,
            3204915.33789842
          ],
          [
            92410.93016011236,
            3205013.7877632016
          ],
          [
            92459.61341252517,
            3205099.7547166073
          ],
          [
            92463.80210448819,
            3205197.712845788
          ],
          [
            92422.97298946528,
            3205281.354653992
          ],
          [
            92420.16998072632,
            3205381.2711573658
          ],
          [
            92449.81988634312,
            3205462.9444095483
          ],
          [
            92486.32744964436,
            3205386.2628685636
          ],
          [
            92495.96126300581,
            3205327.9185720156
          ],
          [
            92500.04925503444,
            3205427.7705898657
          ],
          [
            92510.2978403519,
            3205527.047706652
          ],
          [
            92450.01154375046,
            3205591.722793286
          ],
          [
            92432.30930656807,
            3205683.4238990773
          ],
          [
            92437.03407701087,
            3205783.301180732
          ],
          [
            92486.97035927263,
            3205865.237841991
          ],
          [
            92493.43730460855,
            3205963.137429576
          ],
          [
            92500.16428008376,
            3206062.846719611
          ],
          [
            92526.14922473149,
            3206156.4328144714
          ],
          [
            92567.63958574791,
            3206245.116970895
          ],
          [
            92613.90473123036,
            3206330.7259112797
          ],
          [
            92665.18278282201,
            3206413.9552018647
          ],
          [
            92685.78140216891,
            3206510.267660404
          ],
          [
            92753.84636171968,
            3206582.849395388
          ],
          [
            92798.57519190366,
            3206669.1775278607
          ],
          [
            92848.1456204954,
            3206752.506167258
          ],
          [
            92909.96337738188,
            3206828.885233039
          ],
          [
            92984.24295368891,
            3206895.213309723
          ],
          [
            93026.42827674565,
            3206981.978612439
          ],
          [
            92998.94978482342,
            3207072.8526529847
          ],
          [
            93010.85143905139,
            3207157.16319345
          ],
          [
            93047.74519732958,
            3207246.606647473
          ],
          [
            93088.44904926652,
            3207331.8707225984
          ],
          [
            93138.77211468847,
            3207413.7423951626
          ],
          [
            93183.29795934004,
            3207499.118259194
          ],
          [
            93221.4947322822,
            3207587.6119153504
          ],
          [
            93249.70788487549,
            3207680.2672031084
          ],
          [
            93302.27817107776,
            3207760.1611070586
          ],
          [
            93349.17199367439,
            3207839.04283014
          ],
          [
            93418.21364088674,
            3207896.46076809
          ],
          [
            93476.39539689438,
            3207974.081015012
          ],
          [
            93519.3063859656,
            3208059.761469381
          ],
          [
            93588.16204325497,
            3208130.1900361595
          ],
          [
            93608.21229824153,
            3208226.8395893266
          ],
          [
            93662.31487721838,
            3208306.1991961277
          ],
          [
            93659.28254194694,
            3208406.023273636
          ],
          [
            93677.53189236854,
            3208503.601469684
          ],
          [
            93686.02279506183,
            3208602.904032696
          ],
          [
            93721.61284881725,
            3208691.876264855
          ],
          [
            93780.35174395541,
            3208770.4210110568
          ],
          [
            93792.0242370323,
            3208869.6742973607
          ],
          [
            93799.2145445442,
            3208969.397918323
          ],
          [
            93783.35540452517,
            3209065.2426181794
          ],
          [
            93754.44512522276,
            3209156.647941381
          ],
          [
            93755.17824198845,
            3209256.5813456415
          ],
          [
            93720.62372010716,
            3209344.7835668772
          ],
          [
            93714.12957609803,
            3209441.125904572
          ],
          [
            93719.96875470597,
            3209540.9496317017
          ],
          [
            93745.5159136766,
            3209632.645812671
          ],
          [
            93782.54813477556,
            3209721.371006737
          ],
          [
            93784.33709884736,
            3209821.3358829636
          ],
          [
            93784.55610949575,
            3209921.3301450713
          ],
          [
            93790.89303361421,
            3210021.0822635833
          ],
          [
            93816.33404535534,
            3210115.7307566665
          ],
          [
            93807.54514010865,
            3210203.731601889
          ],
          [
            93807.11247564256,
            3210303.701683598
          ],
          [
            93749.51612863842,
            3210372.9965064875
          ],
          [
            93747.82533670627,
            3210472.3352617184
          ],
          [
            93751.46654449719,
            3210572.129591693
          ],
          [
            93783.22758973099,
            3210661.4651594115
          ],
          [
            93804.1979034779,
            3210756.904695371
          ],
          [
            93814.01057102875,
            3210851.587543882
          ],
          [
            93771.49423231199,
            3210938.8000148237
          ],
          [
            93800.61508477254,
            3211029.1264086976
          ],
          [
            93828.79475377579,
            3211122.3732389803
          ],
          [
            93832.60927491362,
            3211222.1075571235
          ],
          [
            93867.58633884396,
            3211310.7505752705
          ],
          [
            93886.95873398594,
            3211408.5762295593
          ],
          [
            93897.35955518535,
            3211507.880731425
          ],
          [
            93915.19732701514,
            3211603.874821853
          ],
          [
            93952.94953160548,
            3211693.400605525
          ],
          [
            93996.68380386244,
            3211771.057476632
          ],
          [
            94021.93639935789,
            3211863.6954600965
          ],
          [
            93985.85785765974,
            3211953.3638551594
          ],
          [
            93996.73521881114,
            3212034.600219808
          ],
          [
            94036.08060345368,
            3212120.8958333293
          ],
          [
            94106.56350742883,
            3212190.1839225474
          ],
          [
            94172.72713373261,
            3212264.2715131957
          ],
          [
            94216.57178261696,
            3212351.6298490926
          ],
          [
            94243.96440026001,
            3212446.4479084257
          ],
          [
            94266.05927263985,
            3212541.1628462756
          ],
          [
            94359.62489845438,
            3212557.156640423
          ],
          [
            94419.00325818504,
            3212610.620683343
          ],
          [
            94469.68110305998,
            3212695.4660623358
          ],
          [
            94528.63399488672,
            3212770.6400956567
          ],
          [
            94595.7293589631,
            3212844.5571909864
          ],
          [
            94663.64608951402,
            3212917.6004278804
          ],
          [
            94732.47865543701,
            3212989.4427625006
          ],
          [
            94789.0114417229,
            3213070.4775468376
          ],
          [
            94825.7452168704,
            3213160.927776954
          ],
          [
            94861.01398760053,
            3213254.1151750903
          ],
          [
            94903.39859990988,
            3213344.5122163263
          ],
          [
            94950.05401402517,
            3213432.951685568
          ],
          [
            95008.28822257454,
            3213513.156483304
          ],
          [
            95075.44637274132,
            3213585.9664670704
          ],
          [
            95127.83317496514,
            3213666.428744775
          ],
          [
            95160.26185593192,
            3213758.567575395
          ],
          [
            95189.8826505249,
            3213849.8807865153
          ],
          [
            95204.1244356791,
            3213948.2644903464
          ],
          [
            95256.49717870618,
            3214032.8044932466
          ],
          [
            95288.66175954425,
            3214126.7464613128
          ],
          [
            95321.38758378504,
            3214221.220140285
          ],
          [
            95364.36868685031,
            3214310.9723481205
          ],
          [
            95433.5543877572,
            3214382.6022376805
          ],
          [
            95507.9359102738,
            3214445.186056483
          ],
          [
            95567.37585760621,
            3214523.636849899
          ],
          [
            95583.97388412232,
            3214620.96870985
          ],
          [
            95597.59524034649,
            3214719.8892994667
          ],
          [
            95657.54193229256,
            3214780.607477018
          ],
          [
            95666.21765365535,
            3214879.611856703
          ],
          [
            95667.94684442665,
            3214979.5324596036
          ],
          [
            95660.41900479364,
            3215077.2660975996
          ],
          [
            95658.4075511652,
            3215176.3886677367
          ],
          [
            95681.68487048284,
            3215271.031242782
          ],
          [
            95685.34727761443,
            3215370.5686562303
          ],
          [
            95632.65558677368,
            3215447.462873268
          ],
          [
            95624.33672534386,
            3215541.46540588
          ],
          [
            95684.18465187438,
            3215616.8067740873
          ],
          [
            95694.20391325894,
            3215714.737133286
          ],
          [
            95684.1420198646,
            3215811.282231583
          ],
          [
            95664.28460957872,
            3215898.3503475487
          ],
          [
            95685.65305572149,
            3215982.839484984
          ],
          [
            95644.06975401111,
            3216071.2214441886
          ],
          [
            95649.1397512428,
            3216169.9850378083
          ],
          [
            95648.28094023433,
            3216269.501293217
          ],
          [
            95662.69205129513,
            3216368.2869470646
          ],
          [
            95644.49885142225,
            3216464.8794357725
          ],
          [
            95625.4619555023,
            3216561.3262009476
          ],
          [
            95571.02889228996,
            3216644.8258013166
          ],
          [
            95537.4388257374,
            3216736.26931852
          ],
          [
            95486.79037414087,
            3216820.29660495
          ],
          [
            95441.40630785903,
            3216905.778406166
          ],
          [
            95395.08690095271,
            3216992.0610954994
          ],
          [
            95360.03125474327,
            3217081.0367716895
          ],
          [
            95295.08434173526,
            3217156.545263957
          ],
          [
            95223.85449450227,
            3217226.698112807
          ],
          [
            95163.19631781246,
            3217305.9957875726
          ],
          [
            95109.58944008031,
            3217390.3723191945
          ],
          [
            95043.21581643453,
            3217464.133667786
          ],
          [
            94969.23444631895,
            3217528.7259520856
          ],
          [
            94898.1993304875,
            3217598.4873933345
          ],
          [
            94825.12941049667,
            3217663.855264243
          ],
          [
            94744.99246922802,
            3217718.9671729533
          ],
          [
            94668.95214748998,
            3217778.9239757303
          ],
          [
            94593.9805640126,
            3217841.928687173
          ],
          [
            94524.98766493566,
            3217897.967241778
          ],
          [
            94471.60411573065,
            3217969.8747157026
          ],
          [
            94442.38114486884,
            3218061.576025978
          ],
          [
            94454.0944515459,
            3218157.4324453557
          ],
          [
            94534.20037586708,
            3218206.4839946297
          ],
          [
            94614.58577376702,
            3218257.207956794
          ],
          [
            94634.14414724245,
            3218352.1810450926
          ],
          [
            94655.79881674999,
            3218446.431996765
          ],
          [
            94724.41039828156,
            3218458.1918667294
          ],
          [
            94690.56529280955,
            3218549.58758352
          ],
          [
            94730.83518614649,
            3218629.662318312
          ],
          [
            94735.11818553017,
            3218728.528203998
          ],
          [
            94710.95998943393,
            3218818.456134646
          ],
          [
            94682.96483238578,
            3218907.757596972
          ],
          [
            94655.03889292249,
            3218998.755690591
          ],
          [
            94699.86383980443,
            3219078.2472320194
          ],
          [
            94712.74800669056,
            3219176.6193034044
          ],
          [
            94747.39830542867,
            3219264.3872573045
          ],
          [
            94803.17115419146,
            3219345.5539135165
          ],
          [
            94868.3965708823,
            3219411.0905712913
          ],
          [
            94922.02600891441,
            3219492.052016544
          ],
          [
            94989.5063665133,
            3219505.7750440794
          ],
          [
            94998.94371150555,
            3219598.361126622
          ],
          [
            95018.61294416152,
            3219695.1766788885
          ],
          [
            95068.01735439224,
            3219780.1188238943
          ],
          [
            95088.45726309686,
            3219876.1880355426
          ],
          [
            95096.50990769197,
            3219975.742389558
          ],
          [
            95124.48718007306,
            3220069.130816234
          ],
          [
            95099.61369294095,
            3220163.919853879
          ],
          [
            95101.68349397226,
            3220263.6228423608
          ],
          [
            95152.3356764492,
            3220347.2663639113
          ],
          [
            95174.37765744627,
            3220443.2234606
          ],
          [
            95220.2436139887,
            3220529.58253788
          ],
          [
            95253.29743649848,
            3220616.9865802824
          ],
          [
            95323.54032976207,
            3220674.7904871507
          ],
          [
            95368.87944171797,
            3220762.3237603637
          ],
          [
            95416.8149567341,
            3220848.854325748
          ],
          [
            95482.61821140662,
            3220923.122772718
          ],
          [
            95535.9558576984,
            3221006.456128854
          ],
          [
            95604.4152422088,
            3221077.080012552
          ],
          [
            95670.88553055555,
            3221133.2643960146
          ],
          [
            95755.33499423627,
            3221173.4685600125
          ],
          [
            95829.79607918281,
            3221239.569427742
          ],
          [
            95905.60629060435,
            3221298.826884295
          ],
          [
            95990.35416086877,
            3221349.30601093
          ],
          [
            96065.13213380336,
            3221415.326007269
          ],
          [
            96145.66495120763,
            3221470.5406519016
          ],
          [
            96176.62909946321,
            3221561.938608493
          ],
          [
            96238.44157377456,
            3221637.699291722
          ],
          [
            96286.93265622236,
            3221721.9910045024
          ],
          [
            96339.71010983291,
            3221804.849827705
          ],
          [
            96362.54604390662,
            3221901.2080562864
          ],
          [
            96432.80291804303,
            3221972.023749797
          ],
          [
            96503.34361295443,
            3222042.667643778
          ],
          [
            96551.40369669853,
            3222127.448098412
          ],
          [
            96623.57468885204,
            3222196.2725468506
          ],
          [
            96717.66538325853,
            3222206.661575613
          ],
          [
            96750.74465281669,
            3222293.9876960074
          ],
          [
            96748.18068695412,
            3222391.215371699
          ],
          [
            96766.15364102193,
            3222482.3174698222
          ],
          [
            96837.56228864189,
            3222551.8374513686
          ],
          [
            96885.53015021115,
            3222637.062169503
          ],
          [
            96924.3724318668,
            3222727.237557219
          ],
          [
            96993.7429147695,
            3222797.892213911
          ],
          [
            97034.69378723929,
            3222885.375423321
          ],
          [
            97120.84186426224,
            3222927.5081010223
          ],
          [
            97137.37691622536,
            3223024.576370322
          ],
          [
            97117.72037874965,
            3223116.30523571
          ],
          [
            97084.41021894354,
            3223203.472794945
          ],
          [
            97060.31248940477,
            3223296.042491714
          ],
          [
            97023.42047832278,
            3223385.3526092386
          ],
          [
            97022.54679516553,
            3223485.2077898006
          ],
          [
            97021.15158995838,
            3223585.159837157
          ],
          [
            96991.96788146901,
            3223674.430491275
          ],
          [
            96988.25300576868,
            3223773.7429986135
          ],
          [
            96986.27992142233,
            3223873.2247619447
          ],
          [
            96982.01607697252,
            3223970.3721495084
          ],
          [
            96960.02756767596,
            3224060.6542243534
          ],
          [
            96987.12026232808,
            3224148.609079382
          ],
          [
            96924.80543176286,
            3224219.099952932
          ],
          [
            96952.56875347081,
            3224307.8490463337
          ],
          [
            96978.6040458329,
            3224402.7997012567
          ],
          [
            97022.09443293352,
            3224488.8402653146
          ],
          [
            97065.86761370447,
            3224573.2196679045
          ],
          [
            97093.51330834591,
            3224667.0171585744
          ],
          [
            97143.60637486666,
            3224749.1840345436
          ],
          [
            97227.0977840581,
            3224774.1939517856
          ],
          [
            97253.67470542417,
            3224865.8568552826
          ],
          [
            97254.04134443161,
            3224965.8539317213
          ],
          [
            97235.15867955527,
            3225060.654022295
          ],
          [
            97251.67216708722,
            3225154.070993584
          ],
          [
            97259.80955030934,
            3225253.1386022535
          ],
          [
            97250.0552466771,
            3225334.6367851645
          ],
          [
            97227.81206288977,
            3225421.425403173
          ],
          [
            97248.57782995266,
            3225513.8889784366
          ],
          [
            97279.81648687758,
            3225604.752283893
          ],
          [
            97288.9269615619,
            3225704.3346572486
          ],
          [
            97295.75765517136,
            3225803.6304943124
          ],
          [
            97339.63016862654,
            3225890.9682933344
          ],
          [
            97388.64384675641,
            3225974.272130249
          ],
          [
            97433.25194936535,
            3226061.9117437084
          ],
          [
            97469.80752216265,
            3226152.8383877357
          ],
          [
            97538.11847765633,
            3226225.6290965755
          ],
          [
            97599.74323509236,
            3226302.911387931
          ],
          [
            97622.69873591693,
            3226399.7357324352
          ],
          [
            97690.19327205852,
            3226472.5571817206
          ],
          [
            97753.9015754267,
            3226540.004937989
          ],
          [
            97745.37488852997,
            3226636.7739925897
          ],
          [
            97707.52278203469,
            3226727.8752366886
          ],
          [
            97667.06458600612,
            3226816.5406949553
          ],
          [
            97609.54478640598,
            3226883.4057014114
          ],
          [
            97552.38432577581,
            3226964.265058781
          ],
          [
            97506.84019889051,
            3227047.4055968476
          ],
          [
            97500.49428716383,
            3227145.5245548096
          ],
          [
            97499.13365361643,
            3227245.495186149
          ],
          [
            97464.66235501143,
            3227335.5890780455
          ],
          [
            97504.43621525439,
            3227422.985778874
          ],
          [
            97518.43143211081,
            3227521.712920723
          ],
          [
            97564.5894278615,
            3227606.4890962094
          ],
          [
            97624.48153139843,
            3227681.6197562004
          ],
          [
            97648.24721893141,
            3227777.8418488223
          ],
          [
            97688.2037710227,
            3227866.644024687
          ],
          [
            97700.83175295222,
            3227965.8323796056
          ],
          [
            97719.94351174973,
            3228059.11993219
          ],
          [
            97772.4484829855,
            3228141.854637056
          ],
          [
            97804.11558711082,
            3228233.984334974
          ],
          [
            97813.93369833851,
            3228333.3638687422
          ],
          [
            97867.62690062408,
            3228415.3087073723
          ],
          [
            97918.21648679572,
            3228496.3492911863
          ],
          [
            97971.55027999771,
            3228570.4586976003
          ],
          [
            98004.52431097804,
            3228660.9102514186
          ],
          [
            98008.38894880122,
            3228759.984747362
          ],
          [
            97975.80986579083,
            3228852.9178663413
          ],
          [
            97942.35133958924,
            3228945.6974528693
          ],
          [
            97971.1474621539,
            3229037.856937245
          ],
          [
            97987.16160119357,
            3229134.3006670983
          ],
          [
            98008.72628090653,
            3229226.672964913
          ],
          [
            98033.47765663141,
            3229321.0577143016
          ],
          [
            98064.09711901312,
            3229413.181695
          ],
          [
            98096.89726745128,
            3229506.4852269855
          ],
          [
            98113.59355920849,
            3229604.721619198
          ],
          [
            98130.5120818194,
            3229701.521288338
          ],
          [
            98177.87135538632,
            3229787.647748071
          ],
          [
            98226.94619865704,
            3229872.7814741596
          ],
          [
            98272.9982893974,
            3229958.682580725
          ],
          [
            98282.33862322618,
            3230057.985542509
          ],
          [
            98304.06715768488,
            3230155.205154441
          ],
          [
            98305.40229735048,
            3230255.1768160714
          ],
          [
            98277.92637169827,
            3230347.852261037
          ],
          [
            98255.71130811144,
            3230444.0010168995
          ],
          [
            98260.83616253689,
            3230542.3640243006
          ],
          [
            98243.14450505335,
            3230639.6099087493
          ],
          [
            98215.1792850494,
            3230731.2223473615
          ],
          [
            98244.91191834441,
            3230817.258836107
          ],
          [
            98325.44466443498,
            3230874.890941692
          ],
          [
            98405.31731725787,
            3230932.3989111744
          ],
          [
            98488.50101311805,
            3230982.5166846258
          ],
          [
            98575.29504956513,
            3231021.248383016
          ],
          [
            98659.08397243691,
            3231066.1526311673
          ],
          [
            98729.658281871,
            3231136.9877829487
          ],
          [
            98814.51240993041,
            3231179.7491706014
          ],
          [
            98891.9208444379,
            3231235.177141053
          ],
          [
            98971.92132577038,
            3231285.347838314
          ],
          [
            99059.03804868128,
            3231319.0913691414
          ],
          [
            99147.30697822003,
            3231353.6546530053
          ],
          [
            99223.7466935589,
            3231414.837119755
          ],
          [
            99292.95346765383,
            3231486.9310050895
          ],
          [
            99327.06875397748,
            3231575.353354971
          ],
          [
            99300.0605539483,
            3231667.272172521
          ],
          [
            99289.63281356517,
            3231754.2248627557
          ],
          [
            99376.55959339593,
            3231784.1587105514
          ],
          [
            99394.11461200973,
            3231879.342800708
          ],
          [
            99407.42113537774,
            3231977.741904231
          ],
          [
            99413.59980960746,
            3232077.516502253
          ],
          [
            99422.43334105685,
            3232176.8428868162
          ],
          [
            99396.51011809516,
            3232261.8487622086
          ],
          [
            99355.06021928179,
            3232346.7689862614
          ],
          [
            99379.92049447857,
            3232440.0302466284
          ],
          [
            99445.4515948281,
            3232515.0209876345
          ],
          [
            99393.93106962378,
            3232596.2677181377
          ],
          [
            99357.77150652655,
            3232685.62481981
          ],
          [
            99324.74659359499,
            3232776.5977149946
          ],
          [
            99361.75263599391,
            3232865.695409217
          ],
          [
            99407.48764788893,
            3232953.9287681975
          ],
          [
            99461.228611986,
            3233032.9248185297
          ],
          [
            99532.81696307709,
            3233097.554783551
          ],
          [
            99591.06685078486,
            3233175.4755513924
          ],
          [
            99601.67524600094,
            3233274.326457896
          ],
          [
            99591.31681868652,
            3233373.585790402
          ],
          [
            99586.19906307045,
            3233473.3789064675
          ],
          [
            99613.1361099189,
            3233567.3947794125
          ],
          [
            99672.2137130518,
            3233636.79482941
          ],
          [
            99716.94332028188,
            3233721.894433736
          ],
          [
            99707.09722649358,
            3233820.732322337
          ],
          [
            99768.28035160602,
            3233895.1038909485
          ],
          [
            99776.02509770931,
            3233993.730873241
          ],
          [
            99765.8524610265,
            3234093.2095685136
          ],
          [
            99726.37120218891,
            3234173.079439872
          ],
          [
            99654.25041255238,
            3234236.9780286583
          ],
          [
            99625.41580410762,
            3234331.3913700306
          ],
          [
            99594.18473998578,
            3234426.2065067254
          ],
          [
            99585.9574993372,
            3234523.5013208576
          ],
          [
            99617.04281956553,
            3234616.3524188683
          ],
          [
            99606.49350773358,
            3234695.9570902428
          ],
          [
            99701.32857390083,
            3234721.46949202
          ],
          [
            99787.49662721343,
            3234769.06846561
          ],
          [
            99832.6851799508,
            3234855.067453491
          ],
          [
            99833.72169043904,
            3234953.614758377
          ],
          [
            99792.62936554673,
            3235041.8590807603
          ],
          [
            99739.05833963871,
            3235122.890568018
          ],
          [
            99716.91298397542,
            3235220.2657933645
          ],
          [
            99722.73239949098,
            3235318.9715858893
          ],
          [
            99781.02930161993,
            3235396.644679726
          ],
          [
            99812.368707757,
            3235490.8134751427
          ],
          [
            99877.02001955065,
            3235549.3394688265
          ],
          [
            99913.49492228829,
            3235621.222489863
          ],
          [
            99957.63501806506,
            3235707.9952749624
          ],
          [
            100016.2769272417,
            3235784.935563388
          ],
          [
            100102.71448432551,
            3235830.8743668953
          ],
          [
            100157.56112175714,
            3235910.480559615
          ],
          [
            100207.52759129385,
            3235996.3208626257
          ],
          [
            100246.91364604984,
            3236083.9664604245
          ],
          [
            100259.57050366915,
            3236171.090095923
          ],
          [
            100357.85396636705,
            3236177.3988329936
          ],
          [
            100454.39867011942,
            3236191.4949983773
          ],
          [
            100545.26588341914,
            3236222.9539196766
          ],
          [
            100640.91080505012,
            3236237.8970863507
          ],
          [
            100728.37071938025,
            3236267.7549252263
          ],
          [
            100816.37732425444,
            3236267.497766198
          ],
          [
            100887.25459059546,
            3236332.804494053
          ],
          [
            100920.36383293536,
            3236419.6624422073
          ],
          [
            101001.74284933618,
            3236467.78003413
          ],
          [
            101028.07630016183,
            3236552.75944072
          ],
          [
            100997.72387022887,
            3236645.2170312554
          ],
          [
            100962.18693369828,
            3236736.367521787
          ],
          [
            100929.28812144023,
            3236828.5872298195
          ],
          [
            100845.0171050043,
            3236878.9121852033
          ],
          [
            100763.6896306513,
            3236936.291396061
          ],
          [
            100735.00649503944,
            3237006.8110495224
          ],
          [
            100830.63481691784,
            3237018.930464223
          ],
          [
            100895.44859381569,
            3237083.713361057
          ],
          [
            100937.60122440929,
            3237172.8757235026
          ],
          [
            100980.50848716963,
            3237256.1829699343
          ],
          [
            101070.64893297429,
            3237230.7332013557
          ],
          [
            101165.93865751414,
            3237204.4752914035
          ],
          [
            101262.5819766744,
            3237211.9646937097
          ],
          [
            101330.76770153009,
            3237282.3469918566
          ],
          [
            101365.00047819303,
            3237373.6871882626
          ],
          [
            101342.00489281556,
            3237470.6268832125
          ],
          [
            101312.5398988692,
            3237566.144574309
          ],
          [
            101304.17168090845,
            3237665.114962184
          ],
          [
            101354.82073958039,
            3237747.1161976354
          ],
          [
            101449.93964923089,
            3237767.9340991173
          ],
          [
            101534.97915193975,
            3237719.3861745875
          ],
          [
            101603.7051645245,
            3237646.827316016
          ],
          [
            101692.235918437,
            3237602.3329086537
          ],
          [
            101782.61303627373,
            3237631.47585821
          ],
          [
            101858.55755785298,
            3237695.779221572
          ],
          [
            101862.13025756319,
            3237789.5872324435
          ],
          [
            101821.71497994389,
            3237877.6403116686
          ],
          [
            101783.38379903961,
            3237968.3148607817
          ],
          [
            101741.85554610257,
            3238059.109557259
          ],
          [
            101692.4893342386,
            3238145.548701413
          ],
          [
            101650.4402975523,
            3238232.4890986644
          ],
          [
            101589.90858507714,
            3238310.6706814095
          ],
          [
            101571.20902960995,
            3238404.920801958
          ],
          [
            101515.39943465842,
            3238486.558959957
          ],
          [
            101512.091781979,
            3238575.6632669647
          ],
          [
            101536.17188238556,
            3238671.8084122455
          ],
          [
            101524.98958180791,
            3238767.7569202054
          ],
          [
            101545.63837056018,
            3238861.279881747
          ],
          [
            101558.36507360124,
            3238959.413003042
          ],
          [
            101529.24058153406,
            3239052.282230479
          ],
          [
            101489.3131958565,
            3239141.9359137714
          ],
          [
            101394.4997362007,
            3239167.978715754
          ],
          [
            101356.3699580716,
            3239233.5368882096
          ],
          [
            101313.0451908723,
            3239321.934770996
          ],
          [
            101307.0678973063,
            3239400.338810824
          ],
          [
            101345.29014039732,
            3239491.809358994
          ],
          [
            101392.17876980227,
            3239578.728406931
          ],
          [
            101421.76380079587,
            3239673.6839998662
          ],
          [
            101456.1188214404,
            3239767.406250415
          ],
          [
            101496.60050853614,
            3239856.1727589765
          ],
          [
            101576.65399073408,
            3239915.8210538602
          ],
          [
            101648.62743698507,
            3239984.217748995
          ],
          [
            101694.77253720044,
            3240072.2337163007
          ],
          [
            101742.88565835383,
            3240159.815220998
          ],
          [
            101804.03222253834,
            3240238.5128134033
          ],
          [
            101804.96328847152,
            3240327.5926025887
          ],
          [
            101764.52893544885,
            3240408.419670627
          ],
          [
            101856.05882655321,
            3240389.086570257
          ],
          [
            101951.81937472112,
            3240386.3644011673
          ],
          [
            102033.69541244957,
            3240329.2241599895
          ],
          [
            102132.68696479389,
            3240317.916212196
          ],
          [
            102232.66580172337,
            3240316.719822276
          ],
          [
            102332.65204089982,
            3240317.522622652
          ],
          [
            102430.70485596357,
            3240300.4660568126
          ],
          [
            102524.40762835073,
            3240323.5385692976
          ],
          [
            102619.37071966165,
            3240338.6658893246
          ],
          [
            102698.91779105338,
            3240394.4695599945
          ],
          [
            102783.4143363529,
            3240442.8483869373
          ],
          [
            102874.70172226235,
            3240471.6834756588
          ],
          [
            102968.24491566479,
            3240498.057153017
          ],
          [
            103068.0828490548,
            3240503.2053221525
          ],
          [
            103162.28788092251,
            3240525.703478322
          ],
          [
            103223.88600740378,
            3240600.7031529364
          ],
          [
            103295.20808932003,
            3240651.577208721
          ],
          [
            103367.90114857473,
            3240719.799631827
          ],
          [
            103437.08519522611,
            3240788.4556839857
          ],
          [
            103452.33538857866,
            3240885.3461879822
          ],
          [
            103551.46216543631,
            3240894.2143731616
          ],
          [
            103615.61529195277,
            3240961.285823612
          ],
          [
            103679.09045199036,
            3241005.683478918
          ],
          [
            103752.17786312067,
            3240956.979719738
          ],
          [
            103846.33039577396,
            3240985.3303479594
          ],
          [
            103922.81448637607,
            3241047.54601744
          ],
          [
            104006.76445694122,
            3241092.8514201627
          ],
          [
            104034.69240935922,
            3241186.684370729
          ],
          [
            104093.19492582112,
            3241265.179857564
          ],
          [
            104158.83974985595,
            3241340.346513993
          ],
          [
            104206.11528419396,
            3241426.7202035547
          ],
          [
            104201.46321150326,
            3241526.3971485137
          ],
          [
            104184.8764401271,
            3241624.9910492124
          ],
          [
            104164.31608239148,
            3241722.8497424703
          ],
          [
            104149.30614751682,
            3241821.689158307
          ],
          [
            104140.5982018017,
            3241921.295560822
          ],
          [
            104092.47184159614,
            3241999.233175918
          ],
          [
            104011.58510273653,
            3242055.312507771
          ],
          [
            103918.25582131771,
            3242064.061590232
          ],
          [
            103820.1447641257,
            3242076.5868347962
          ],
          [
            103745.5849126952,
            3242131.81713171
          ],
          [
            103799.74161148538,
            3242204.7366069434
          ],
          [
            103875.02611623441,
            3242269.4764278233
          ],
          [
            103941.6103620953,
            3242343.4849475813
          ],
          [
            104009.55426476325,
            3242416.8284104182
          ],
          [
            104083.63671793221,
            3242482.693994918
          ],
          [
            104171.79688360731,
            3242527.9467942794
          ],
          [
            104257.5382315643,
            3242577.7768356293
          ],
          [
            104294.20076992614,
            3242667.752806424
          ],
          [
            104311.88656846219,
            3242764.324771397
          ],
          [
            104261.16985493962,
            3242828.79291939
          ],
          [
            104216.76095865396,
            3242908.2359029287
          ],
          [
            104169.16340339628,
            3242993.4925626526
          ],
          [
            104164.83144400183,
            3243087.099537059
          ],
          [
            104130.7887387608,
            3243179.784884595
          ],
          [
            104126.78934745314,
            3243279.11286011
          ],
          [
            104129.64866195963,
            3243377.4430283797
          ],
          [
            104159.85662794295,
            3243468.7582027586
          ],
          [
            104148.48193810492,
            3243564.548402712
          ],
          [
            104104.82332301236,
            3243647.7788078543
          ],
          [
            104146.54353038159,
            3243718.652600127
          ],
          [
            104092.63300399105,
            3243784.041543964
          ],
          [
            104073.34567171588,
            3243876.817075833
          ],
          [
            104038.9425792576,
            3243967.947770412
          ],
          [
            104007.37208499158,
            3244058.33071953
          ],
          [
            104019.10564888523,
            3244155.3711331845
          ],
          [
            104075.51516383892,
            3244237.0961702117
          ],
          [
            104046.53744437397,
            3244329.6792913717
          ],
          [
            103957.83539894891,
            3244372.5949418326
          ],
          [
            103871.81041558213,
            3244422.681003492
          ],
          [
            103792.13180689207,
            3244482.7844305737
          ],
          [
            103721.03984829152,
            3244552.7153194332
          ],
          [
            103667.48717200277,
            3244636.5753216743
          ],
          [
            103624.68412969366,
            3244725.83091324
          ],
          [
            103583.29888421034,
            3244814.4001637073
          ],
          [
            103583.10596783257,
            3244913.373730609
          ],
          [
            103589.3439969165,
            3245013.0190176847
          ],
          [
            103605.67023342631,
            3245111.4091420914
          ],
          [
            103590.27805372715,
            3245207.4002763084
          ],
          [
            103609.34605520683,
            3245303.439458619
          ],
          [
            103599.8051187897,
            3245400.6087253457
          ],
          [
            103608.65465850617,
            3245495.654367064
          ],
          [
            103587.11823344411,
            3245591.136568583
          ],
          [
            103585.61969626893,
            3245690.742350916
          ],
          [
            103532.11477322379,
            3245772.6254689908
          ],
          [
            103533.25214308819,
            3245872.4564494193
          ],
          [
            103524.02420324921,
            3245970.5608684784
          ],
          [
            103525.01106988644,
            3246070.485494427
          ],
          [
            103498.84998097524,
            3246162.528918706
          ],
          [
            103473.58183023034,
            3246253.340816176
          ],
          [
            103443.48396266814,
            3246345.815367892
          ],
          [
            103440.14640111101,
            3246445.603801285
          ],
          [
            103409.13422859911,
            3246538.5028496925
          ],
          [
            103379.33010209016,
            3246630.979270297
          ],
          [
            103381.66838686982,
            3246730.9398743734
          ],
          [
            103384.18895028908,
            3246830.888693551
          ],
          [
            103389.22307485911,
            3246929.7574592014
          ],
          [
            103392.5642106255,
            3247025.403086656
          ],
          [
            103436.67358422946,
            3247114.1223073485
          ],
          [
            103488.86256238933,
            3247197.173009414
          ],
          [
            103578.30181020239,
            3247233.3419699953
          ],
          [
            103672.06202998641,
            3247238.699395028
          ],
          [
            103762.7120079877,
            3247274.2766486555
          ],
          [
            103789.59284098784,
            3247361.547322831
          ],
          [
            103808.96318569053,
            3247458.1254467443
          ],
          [
            103834.05898885922,
            3247553.359377496
          ],
          [
            103891.43970601955,
            3247634.45805269
          ],
          [
            103962.0750030378,
            3247702.798164169
          ],
          [
            103979.26399250524,
            3247796.6389230313
          ],
          [
            103924.95842577842,
            3247880.0665971357
          ],
          [
            103916.71278968314,
            3247973.0992758092
          ],
          [
            103949.16808957222,
            3248066.2845844436
          ],
          [
            104003.65945178556,
            3248120.497158489
          ],
          [
            104080.67220031697,
            3248180.2399948994
          ],
          [
            104157.49868889112,
            3248177.405038509
          ],
          [
            104245.19361130669,
            3248141.9456972117
          ],
          [
            104344.37543904566,
            3248133.940261321
          ],
          [
            104424.47873253426,
            3248180.137737707
          ],
          [
            104501.30811070093,
            3248211.6803356325
          ],
          [
            104594.53872651834,
            3248234.9064809484
          ],
          [
            104694.08661338857,
            3248238.5702543897
          ],
          [
            104793.93254330772,
            3248241.137550081
          ],
          [
            104893.76536086063,
            3248239.5601429236
          ],
          [
            104969.42400774531,
            3248210.9189832658
          ],
          [
            105020.36432191532,
            3248134.1241136505
          ],
          [
            105080.373734511,
            3248059.01361974
          ],
          [
            105176.43930296031,
            3248061.3361008735
          ],
          [
            105262.5975853375,
            3248110.672028803
          ],
          [
            105343.35181762515,
            3248169.6086189817
          ],
          [
            105423.43893588884,
            3248229.404893432
          ],
          [
            105500.5582466572,
            3248292.999989648
          ],
          [
            105574.5484136342,
            3248360.1954880785
          ],
          [
            105635.42604188585,
            3248439.3024180303
          ],
          [
            105656.54997672411,
            3248536.5644959128
          ],
          [
            105638.76211698071,
            3248633.4378541373
          ],
          [
            105627.64874395602,
            3248730.4505201513
          ],
          [
            105599.60400938362,
            3248820.288172992
          ],
          [
            105593.34894169493,
            3248918.4007506417
          ],
          [
            105570.08598736262,
            3249011.431730292
          ],
          [
            105568.66712934124,
            3249110.753703818
          ],
          [
            105553.16128960472,
            3249207.5717420387
          ],
          [
            105522.61378904038,
            3249300.4801569637
          ],
          [
            105504.01432241363,
            3249397.324652675
          ],
          [
            105483.5723352453,
            3249492.941712128
          ],
          [
            105440.55848114891,
            3249581.5938520487
          ],
          [
            105396.96682055709,
            3249668.560881415
          ],
          [
            105369.81327053173,
            3249762.98484371
          ],
          [
            105345.3486420797,
            3249858.9342099824
          ],
          [
            105363.61726596816,
            3249955.6741260737
          ],
          [
            105404.22825228098,
            3250043.5083593153
          ],
          [
            105381.86692888873,
            3250139.5335131823
          ],
          [
            105329.44495185287,
            3250224.3007699703
          ],
          [
            105311.92170315453,
            3250320.5410503317
          ],
          [
            105241.78262949148,
            3250390.5854344256
          ],
          [
            105168.26604460645,
            3250454.505431614
          ],
          [
            105119.2494206143,
            3250537.2221693257
          ],
          [
            105089.36884974368,
            3250629.6916784476
          ],
          [
            105081.10330948928,
            3250714.015806688
          ],
          [
            105090.03656512647,
            3250809.6715099933
          ],
          [
            105141.53716172063,
            3250888.771625604
          ],
          [
            105188.62191202254,
            3250970.17752467
          ],
          [
            105260.4683581446,
            3251039.300110343
          ],
          [
            105327.85802720164,
            3251113.051094604
          ],
          [
            105364.60369761493,
            3251204.3817346506
          ],
          [
            105378.26409493333,
            3251303.293618097
          ],
          [
            105389.72629929199,
            3251402.2551773586
          ],
          [
            105458.19635591062,
            3251472.6671287757
          ],
          [
            105506.38621795314,
            3251558.9185736636
          ],
          [
            105567.55839143193,
            3251635.404187813
          ],
          [
            105638.00317629839,
            3251694.6260299752
          ],
          [
            105718.75028162645,
            3251747.110468251
          ],
          [
            105803.63429893991,
            3251790.6742016636
          ],
          [
            105870.2528380554,
            3251865.1695186323
          ],
          [
            105861.83130377368,
            3251960.507922934
          ],
          [
            105809.61002959807,
            3252043.1300811297
          ],
          [
            105740.83766220878,
            3252115.5507924994
          ],
          [
            105685.81905268894,
            3252191.3380846
          ],
          [
            105623.06696473809,
            3252268.278276048
          ],
          [
            105558.8289090915,
            3252344.627490376
          ],
          [
            105522.62933776208,
            3252436.2521913094
          ],
          [
            105492.17501338133,
            3252509.822002629
          ],
          [
            105511.455000117,
            3252595.698780256
          ],
          [
            105547.22249886242,
            3252685.123574423
          ],
          [
            105624.0470141011,
            3252667.3856947506
          ],
          [
            105653.37241879235,
            3252761.265317287
          ],
          [
            105690.40134316009,
            3252851.162587445
          ],
          [
            105755.74047957105,
            3252925.3866115143
          ],
          [
            105796.72699998005,
            3253015.932754446
          ],
          [
            105854.48248986367,
            3253096.4559491584
          ],
          [
            105906.64339293094,
            3253179.8831260283
          ],
          [
            105956.77617628982,
            3253265.9227033034
          ],
          [
            106017.19272875144,
            3253341.8525833655
          ],
          [
            106070.48881904161,
            3253423.35070187
          ],
          [
            106094.1773392399,
            3253519.274452383
          ],
          [
            106153.43216402756,
            3253598.6727392348
          ],
          [
            106239.55031149945,
            3253646.0132045927
          ],
          [
            106325.09872162438,
            3253695.464754658
          ],
          [
            106400.4073524019,
            3253760.7810095414
          ],
          [
            106481.06287734315,
            3253817.2823139643
          ],
          [
            106467.62999937276,
            3253905.7816732316
          ],
          [
            106401.48607196199,
            3253980.356158784
          ],
          [
            106352.23865816758,
            3254063.724652443
          ],
          [
            106377.6026194083,
            3254158.044329515
          ],
          [
            106439.88395396281,
            3254228.3937744442
          ],
          [
            106526.37047665144,
            3254258.1643132875
          ],
          [
            106617.6387404399,
            3254283.9942304287
          ],
          [
            106711.92916858074,
            3254304.893205568
          ],
          [
            106797.72534689205,
            3254355.7100703595
          ],
          [
            106873.76216673567,
            3254417.8518758435
          ],
          [
            106898.89668379405,
            3254513.4395781425
          ],
          [
            106915.30898117565,
            3254611.73540793
          ],
          [
            106916.13543953195,
            3254711.726220496
          ],
          [
            106911.77918339794,
            3254811.6045615664
          ],
          [
            106900.5973992925,
            3254910.958140921
          ],
          [
            106895.18525623917,
            3255010.645717835
          ],
          [
            106905.84556512919,
            3255110.031742279
          ],
          [
            106920.29538066724,
            3255208.9819687405
          ],
          [
            106929.79755055183,
            3255308.323407043
          ],
          [
            106907.47447660324,
            3255405.4569750754
          ],
          [
            106900.83476617328,
            3255503.623605335
          ],
          [
            106818.80827281247,
            3255545.913304936
          ],
          [
            106718.94718666868,
            3255550.134696322
          ],
          [
            106631.02590877865,
            3255518.1363449614
          ],
          [
            106587.15803213805,
            3255489.0143707218
          ],
          [
            106613.10531730807,
            3255579.4009456425
          ],
          [
            106694.5732057545,
            3255612.7521528066
          ],
          [
            106787.91201152705,
            3255602.155542077
          ],
          [
            106866.97390451438,
            3255659.525812509
          ],
          [
            106946.67846893446,
            3255714.8564095474
          ],
          [
            106992.49119037093,
            3255802.0558044156
          ],
          [
            106998.22486560799,
            3255901.4485463914
          ],
          [
            106997.3717693286,
            3256001.4392282735
          ],
          [
            106997.20237094563,
            3256101.4352268633
          ],
          [
            107001.72763661061,
            3256201.3106519855
          ],
          [
            107015.82936158213,
            3256300.270939018
          ],
          [
            107035.55622278847,
            3256398.302302491
          ],
          [
            107058.34791021848,
            3256495.648941029
          ],
          [
            107062.25602499273,
            3256591.2953169243
          ],
          [
            107034.47366984165,
            3256653.4708228773
          ],
          [
            107103.92499473153,
            3256722.8137414437
          ],
          [
            107166.9533714637,
            3256800.231553816
          ],
          [
            107203.02368207031,
            3256892.183384158
          ],
          [
            107215.30190723967,
            3256990.9900517915
          ],
          [
            107217.89251787066,
            3257090.700986765
          ],
          [
            107183.87913117923,
            3257182.303804429
          ],
          [
            107100.10937103185,
            3257231.6445708266
          ],
          [
            107144.3077022323,
            3257249.176329815
          ],
          [
            107243.59296987117,
            3257257.377071094
          ],
          [
            107315.17844024062,
            3257315.3475250737
          ],
          [
            107314.38682605799,
            3257414.9554527425
          ],
          [
            107308.48700551603,
            3257514.7804433694
          ],
          [
            107302.00715364017,
            3257614.5664467835
          ],
          [
            107294.07458593603,
            3257714.2505784957
          ],
          [
            107283.94839775948,
            3257813.7334782304
          ],
          [
            107270.94945256691,
            3257912.8633846873
          ],
          [
            107250.05092436941,
            3258010.5963507746
          ],
          [
            107215.3418779947,
            3258104.238871139
          ],
          [
            107171.28368724206,
            3258193.980282316
          ],
          [
            107133.54785570447,
            3258286.513073104
          ],
          [
            107118.94229898584,
            3258385.0852376698
          ],
          [
            107126.85586967072,
            3258484.6972411214
          ],
          [
            107149.91113401466,
            3258581.7783210184
          ],
          [
            107195.98713287657,
            3258670.0056628347
          ],
          [
            107268.66829003488,
            3258737.9001203435
          ],
          [
            107347.97317080539,
            3258795.841986514
          ],
          [
            107354.42901362806,
            3258873.069867352
          ],
          [
            107408.64522987796,
            3258952.2604625328
          ],
          [
            107478.07259727112,
            3259021.9827917903
          ],
          [
            107514.11862927747,
            3259111.575950157
          ],
          [
            107558.60352175037,
            3259193.441300861
          ],
          [
            107629.6348816913,
            3259263.592347809
          ],
          [
            107680.19665073782,
            3259345.227902374
          ],
          [
            107744.47869363963,
            3259331.578096267
          ],
          [
            107824.31443664522,
            3259378.3920817776
          ],
          [
            107908.96922969958,
            3259429.0133671793
          ],
          [
            107993.90318672384,
            3259480.870044797
          ],
          [
            108070.96557980317,
            3259542.170471426
          ],
          [
            108117.48548440632,
            3259630.4639676283
          ],
          [
            108152.2718731133,
            3259724.1027868544
          ],
          [
            108178.91422395596,
            3259820.412121454
          ],
          [
            108199.70249927627,
            3259918.205822984
          ],
          [
            108215.98008772398,
            3260016.8681742446
          ],
          [
            108232.99581413991,
            3260115.407685374
          ],
          [
            108245.93889945357,
            3260214.5617404035
          ],
          [
            108255.13949779446,
            3260314.1079915166
          ],
          [
            108257.46853270975,
            3260414.0589278513
          ],
          [
            108251.78486444331,
            3260513.8544356553
          ],
          [
            108237.0357770735,
            3260612.7272440987
          ],
          [
            108216.61588935302,
            3260710.604467868
          ],
          [
            108199.42432770159,
            3260809.10503357
          ],
          [
            108181.38734424503,
            3260907.456561238
          ],
          [
            108160.7489577713,
            3261005.2600117405
          ],
          [
            108137.41035657923,
            3261102.483761427
          ],
          [
            108120.99233257928,
            3261200.897532607
          ],
          [
            108112.9492774528,
            3261300.5109331897
          ],
          [
            108118.51431870596,
            3261399.972727922
          ],
          [
            108141.19587835543,
            3261497.2447809875
          ],
          [
            108123.74026639349,
            3261592.4666030323
          ],
          [
            108133.84176625853,
            3261689.649430542
          ],
          [
            108199.2577663338,
            3261764.2314924155
          ],
          [
            108246.21862025862,
            3261849.087538559
          ],
          [
            108264.24436072035,
            3261946.4321345077
          ],
          [
            108239.29746732711,
            3262041.522246622
          ],
          [
            108230.19156983074,
            3262139.6568425456
          ],
          [
            108268.87661938071,
            3262231.0875286562
          ],
          [
            108332.32806172126,
            3262308.1931055053
          ],
          [
            108378.80770211703,
            3262395.8914944264
          ],
          [
            108392.5022891102,
            3262494.664142236
          ],
          [
            108372.76767277264,
            3262592.3356595114
          ],
          [
            108336.73410229005,
            3262685.3711349606
          ],
          [
            108282.87536643217,
            3262769.3840133417
          ],
          [
            108222.63325653071,
            3262849.168358785
          ],
          [
            108168.21912854534,
            3262932.9699559044
          ],
          [
            108123.63778083456,
            3263022.470948698
          ],
          [
            108084.06480521211,
            3263113.8387473198
          ],
          [
            108054.07674649436,
            3263209.2289074743
          ],
          [
            108046.72405246593,
            3263308.1565788426
          ],
          [
            108029.51880227393,
            3263404.365748988
          ],
          [
            108032.23365218432,
            3263504.3102073334
          ],
          [
            108031.14499156713,
            3263603.6248405776
          ],
          [
            108024.49871119148,
            3263701.9861518443
          ],
          [
            108008.35645388757,
            3263796.846025362
          ],
          [
            107972.55226567811,
            3263887.7275796477
          ],
          [
            107955.66036022855,
            3263984.7459021336
          ],
          [
            107907.59655106359,
            3264070.908096455
          ],
          [
            107841.14377818805,
            3264145.1288358015
          ],
          [
            107798.25658881813,
            3264226.3112632227
          ],
          [
            107845.3423350564,
            3264311.7942221537
          ],
          [
            107926.94239273384,
            3264357.6022485453
          ],
          [
            107992.58577031424,
            3264427.123625316
          ],
          [
            108012.92560926956,
            3264521.1560374345
          ],
          [
            108034.3942212747,
            3264617.6150461
          ],
          [
            108083.89669227535,
            3264697.7503066966
          ],
          [
            108108.23112057167,
            3264786.44769449
          ],
          [
            108135.35074281844,
            3264878.4294481785
          ],
          [
            108171.17981908467,
            3264968.1966908984
          ],
          [
            108236.87704736968,
            3265042.499280796
          ],
          [
            108293.32893446708,
            3265124.8785882373
          ],
          [
            108349.60245574478,
            3265206.287819883
          ],
          [
            108409.24261666658,
            3265285.263272504
          ],
          [
            108471.03029855543,
            3265361.310700859
          ],
          [
            108535.04956407697,
            3265428.6485787304
          ],
          [
            108611.90539146455,
            3265487.56619145
          ],
          [
            108688.38674153412,
            3265545.1205779584
          ],
          [
            108696.24226417298,
            3265625.7284970134
          ],
          [
            108656.80508321023,
            3265709.1071645683
          ],
          [
            108598.01132494464,
            3265788.6295246077
          ],
          [
            108576.01822132431,
            3265823.621526563
          ],
          [
            108599.24503089991,
            3265917.4416250526
          ],
          [
            108600.48935608924,
            3266017.4196254127
          ],
          [
            108593.31844321627,
            3266116.74472691
          ],
          [
            108570.33149897913,
            3266211.7405033414
          ],
          [
            108583.08206910778,
            3266307.32241832
          ],
          [
            108601.94906513857,
            3266400.8113768976
          ],
          [
            108603.15500260517,
            3266500.801116033
          ],
          [
            108601.26016539463,
            3266600.2205051277
          ],
          [
            108574.50088094966,
            3266695.0061198757
          ],
          [
            108630.71312072487,
            3266770.754623371
          ],
          [
            108641.98677284882,
            3266868.8235860094
          ],
          [
            108686.99738088551,
            3266955.9010234904
          ],
          [
            108737.56870109963,
            3267036.098014972
          ],
          [
            108793.66978585004,
            3267117.4515944105
          ],
          [
            108842.67724297756,
            3267201.005340012
          ],
          [
            108906.30746998922,
            3267259.7688544244
          ],
          [
            108995.28864033049,
            3267292.0820931266
          ],
          [
            109026.25065284672,
            3267380.609653287
          ],
          [
            109060.1143930642,
            3267467.408799713
          ],
          [
            109099.63076687959,
            3267556.4661043915
          ],
          [
            109144.5247833151,
            3267642.6404844425
          ],
          [
            109196.83566169,
            3267724.6642082348
          ],
          [
            109144.80993264775,
            3267793.301884067
          ],
          [
            109197.73605120448,
            3267858.4748829706
          ]
        ]
      }
    },
    {
      "type": "Feature",
      "properties": {
        "side": "east",
        "role": "landward_boundary",
        "part": 0
      },
      "geometry": {
        "type": "LineString",
        "coordinates": [
          [
            74581.94889667766,
            3129012.6
          ],
          [
            74610.16939013818,
            3129033.8212937904
          ],
          [
            74692.18168789451,
            3129081.5742896306
          ],
          [
            74703.1550041116,
            3129179.9274467714
          ],
          [
            74723.71315806093,
            3129256.8790694284
          ],
          [
            74822.99309499717,
            3129255.2092831964
          ],
          [
            74907.86628518935,
            3129295.595777147
          ],
          [
            74967.76951887726,
            3129375.3728980594
          ],
          [
            75037.56944132817,
            3129443.3620559094
          ],
          [
            75132.09033179277,
            3129451.4241916626
          ],
          [
            75165.55892800028,
            3129539.3512993846
          ],
          [
            75139.02438104148,
            3129632.2053405372
          ],
          [
            75128.54444154345,
            3129731.3012108635
          ],
          [
            75133.68491904087,
            3129829.5105750905
          ],
          [
            75166.31511384195,
            3129923.6587425214
          ],
          [
            75242.02186832654,
            3129973.520027805
          ],
          [
            75301.40020439061,
            3130050.240309293
          ],
          [
            75286.1224727314,
            3130147.2498561577
          ],
          [
            75337.60538054397,
            3130227.9815712
          ],
          [
            75363.42718053822,
            3130320.8462001835
          ],
          [
            75301.28594043593,
            3130379.636854314
          ],
          [
            75235.42189143889,
            3130447.688179053
          ],
          [
            75182.31212433972,
            3130500.035582804
          ],
          [
            75184.09912627327,
            3130600.0121206534
          ],
          [
            75199.90001457885,
            3130697.2551130936
          ],
          [
            75243.26774649005,
            3130780.973019421
          ],
          [
            75297.17839172877,
            3130854.701011046
          ],
          [
            75334.19310853908,
            3130942.1127873245
          ],
          [
            75356.46773101548,
            3131036.6842644783
          ],
          [
            75350.57215754336,
            3131136.3672314947
          ],
          [
            75332.64219950353,
            3131231.5346699646
          ],
          [
            75324.58709925991,
            3131330.2114629834
          ],
          [
            75331.09361969311,
            3131429.9185951683
          ],
          [
            75383.20628780511,
            3131510.885349755
          ],
          [
            75390.0264879962,
            3131610.492177225
          ],
          [
            75449.52522933841,
            3131656.750747365
          ],
          [
            75528.1025103064,
            3131716.692932344
          ],
          [
            75562.2582349283,
            3131805.7310280274
          ],
          [
            75557.44431254653,
            3131901.0029396554
          ],
          [
            75651.59988906667,
            3131913.350852713
          ],
          [
            75751.5525952189,
            3131915.2900118013
          ],
          [
            75827.23002505461,
            3131974.438995427
          ],
          [
            75893.35058240076,
            3132048.3765113847
          ],
          [
            75842.3595523006,
            3132114.9250434656
          ],
          [
            75800.34505741292,
            3132200.139875523
          ],
          [
            75730.71419151204,
            3132261.7949405806
          ],
          [
            75634.47422017127,
            3132281.3337209346
          ],
          [
            75653.99470114977,
            3132364.541335456
          ],
          [
            75692.51383897575,
            3132449.297758101
          ],
          [
            75747.51521167332,
            3132525.2943689507
          ],
          [
            75719.55437235543,
            3132617.3889247715
          ],
          [
            75697.55625870277,
            3132710.2923202333
          ],
          [
            75753.79772297353,
            3132783.865535663
          ],
          [
            75773.12461399667,
            3132881.1650332403
          ],
          [
            75759.03925713125,
            3132976.5480833906
          ],
          [
            75814.72340897683,
            3133050.5473497775
          ],
          [
            75869.67430432022,
            3133129.68593613
          ],
          [
            75870.23599792301,
            3133228.9437169596
          ],
          [
            75834.87461121353,
            3133321.4868525635
          ],
          [
            75836.20520865227,
            3133421.1556915524
          ],
          [
            75835.6785089334,
            3133518.3991388194
          ],
          [
            75889.23992109999,
            3133592.6094841356
          ],
          [
            75954.06767788788,
            3133636.891547424
          ],
          [
            76010.63358945891,
            3133710.3992796433
          ],
          [
            76018.05272541213,
            3133810.0208280124
          ],
          [
            76014.61428741088,
            3133909.694250684
          ],
          [
            76051.27699769288,
            3133988.6050912607
          ],
          [
            76144.6403732211,
            3134002.3866552454
          ],
          [
            76243.54944963135,
            3133995.7403802243
          ],
          [
            76342.5473551528,
            3133983.750152056
          ],
          [
            76440.58791376057,
            3133987.2141328277
          ],
          [
            76540.01267839796,
            3133988.633290911
          ],
          [
            76617.74618113783,
            3134042.035295592
          ],
          [
            76682.31370712577,
            3134107.224844662
          ],
          [
            76681.95732846306,
            3134207.1231952524
          ],
          [
            76676.22751124288,
            3134306.9436921617
          ],
          [
            76668.68878930596,
            3134406.6469585635
          ],
          [
            76610.94202870534,
            3134472.39208389
          ],
          [
            76519.30550367426,
            3134441.8058709414
          ],
          [
            76434.97219276616,
            3134397.191958321
          ],
          [
            76341.13480373079,
            3134371.159990859
          ],
          [
            76248.66847134967,
            3134398.492121774
          ],
          [
            76224.64933489604,
            3134487.2916040155
          ],
          [
            76203.07166442127,
            3134576.0866304967
          ],
          [
            76276.46756347138,
            3134642.198334729
          ],
          [
            76343.65783097055,
            3134714.827136022
          ],
          [
            76413.89099510301,
            3134784.0855525187
          ],
          [
            76491.95080314891,
            3134844.6618343256
          ],
          [
            76529.45331840919,
            3134928.3457905045
          ],
          [
            76598.89937200828,
            3134993.230452612
          ],
          [
            76678.86649448102,
            3135037.633564435
          ],
          [
            76724.16050066541,
            3135118.7844970115
          ],
          [
            76792.48793192764,
            3135186.151467994
          ],
          [
            76858.29456362865,
            3135249.075186774
          ],
          [
            76911.61766655579,
            3135302.497696773
          ],
          [
            76985.92654855526,
            3135362.874793436
          ],
          [
            77058.57575306333,
            3135429.886921351
          ],
          [
            77099.53269647357,
            3135518.5219124234
          ],
          [
            77168.9025050837,
            3135588.37097278
          ],
          [
            77193.20144260554,
            3135683.561249318
          ],
          [
            77162.14426208992,
            3135773.1818498448
          ],
          [
            77191.23900632694,
            3135858.234814514
          ],
          [
            77261.40426990668,
            3135928.978924798
          ],
          [
            77314.06584123308,
            3136006.9472043663
          ],
          [
            77368.48447554582,
            3136087.687211388
          ],
          [
            77387.75659447859,
            3136185.279041381
          ],
          [
            77429.7080897484,
            3136255.813960347
          ],
          [
            77487.0202433747,
            3136329.0455102096
          ],
          [
            77545.41022836072,
            3136401.0475143073
          ],
          [
            77636.80341609282,
            3136428.060056502
          ],
          [
            77663.8805227974,
            3136521.118168651
          ],
          [
            77718.07148984272,
            3136571.2146666353
          ],
          [
            77810.64732972845,
            3136593.1701017744
          ],
          [
            77872.63948471833,
            3136667.234207503
          ],
          [
            77851.44355576734,
            3136759.075726685
          ],
          [
            77927.51545040502,
            3136786.0554250083
          ],
          [
            77990.98527793621,
            3136854.9577440405
          ],
          [
            78002.7091872987,
            3136953.970825935
          ],
          [
            78054.41701840996,
            3137035.27777177
          ],
          [
            78064.64975571595,
            3137134.531857306
          ],
          [
            78080.19965125324,
            3137233.0837230063
          ],
          [
            78060.88267715831,
            3137329.8579621594
          ],
          [
            78115.09743579611,
            3137397.5394566595
          ],
          [
            78158.00314426747,
            3137483.295911653
          ],
          [
            78193.18390459557,
            3137574.4987591133
          ],
          [
            78204.82685897058,
            3137671.602040199
          ],
          [
            78271.83508679745,
            3137743.667175257
          ],
          [
            78303.53788118345,
            3137835.590980544
          ],
          [
            78340.50532734711,
            3137923.79151887
          ],
          [
            78417.9358340558,
            3137986.137408632
          ],
          [
            78475.8549704676,
            3138064.2031009616
          ],
          [
            78483.22505963522,
            3138163.644743345
          ],
          [
            78484.36725953965,
            3138263.6375189936
          ],
          [
            78492.5828999427,
            3138363.1631842707
          ],
          [
            78503.01388578406,
            3138461.563054674
          ],
          [
            78568.25649869225,
            3138535.105851897
          ],
          [
            78603.88014146584,
            3138624.037992324
          ],
          [
            78642.36925461536,
            3138712.817960015
          ],
          [
            78690.92776990322,
            3138797.2815088686
          ],
          [
            78734.42577902436,
            3138883.762807606
          ],
          [
            78816.06505201221,
            3138930.9894275926
          ],
          [
            78842.71560798695,
            3139025.016576185
          ],
          [
            78894.91972432208,
            3139107.308047758
          ],
          [
            78903.14527152841,
            3139206.4208519286
          ],
          [
            78937.74303041189,
            3139295.209462916
          ],
          [
            78960.94831171058,
            3139390.2990744575
          ],
          [
            79005.80413067774,
            3139477.5357335946
          ],
          [
            79053.2121975668,
            3139562.887686166
          ],
          [
            79081.15586945342,
            3139655.2881227853
          ],
          [
            79098.56267584523,
            3139748.0763935065
          ],
          [
            79138.36902350887,
            3139836.9435610212
          ],
          [
            79166.2204421623,
            3139929.5041019064
          ],
          [
            79231.76259630504,
            3140001.845079429
          ],
          [
            79255.34874444746,
            3140097.96851734
          ],
          [
            79296.56390968042,
            3140187.524820163
          ],
          [
            79327.78286556443,
            3140281.582098352
          ],
          [
            79399.75954665267,
            3140349.8768145344
          ],
          [
            79465.15625414463,
            3140422.667343252
          ],
          [
            79506.20047906708,
            3140507.8776478176
          ],
          [
            79531.71201615191,
            3140600.4122409434
          ],
          [
            79583.69744156419,
            3140676.1635944373
          ],
          [
            79671.9737356952,
            3140708.5039831046
          ],
          [
            79761.70564570073,
            3140744.3091570293
          ],
          [
            79815.43554469454,
            3140822.2008491
          ],
          [
            79827.60698241512,
            3140921.2946308125
          ],
          [
            79828.91669425966,
            3141021.126021784
          ],
          [
            79775.90044080367,
            3141098.6877117464
          ],
          [
            79773.70787880468,
            3141197.592864498
          ],
          [
            79834.53020354106,
            3141269.478686983
          ],
          [
            79909.32996511883,
            3141334.24322634
          ],
          [
            79983.38739775558,
            3141400.6264395965
          ],
          [
            80014.39411904394,
            3141492.914198502
          ],
          [
            80090.93730904353,
            3141555.7478167354
          ],
          [
            80133.22139764538,
            3141644.0581527376
          ],
          [
            80220.38514962938,
            3141688.738953917
          ],
          [
            80299.98860439233,
            3141745.243759496
          ],
          [
            80342.60426413178,
            3141827.058117504
          ],
          [
            80371.12158329262,
            3141918.7720199954
          ],
          [
            80400.23462063257,
            3142010.2144159093
          ],
          [
            80397.27579686548,
            3142110.1265420876
          ],
          [
            80403.67523813495,
            3142209.8993411753
          ],
          [
            80418.60051009603,
            3142308.118381321
          ],
          [
            80428.22313638819,
            3142407.5592403505
          ],
          [
            80428.57468635436,
            3142507.5059930496
          ],
          [
            80432.08487177634,
            3142606.825574386
          ],
          [
            80486.77762528612,
            3142685.472006319
          ],
          [
            80491.221292357,
            3142785.339449603
          ],
          [
            80491.3375819195,
            3142885.3382477867
          ],
          [
            80543.88249661235,
            3142962.7493656743
          ],
          [
            80605.00523463883,
            3143038.370549821
          ],
          [
            80626.05477101839,
            3143129.431504692
          ],
          [
            80672.07194436967,
            3143209.4274230055
          ],
          [
            80747.45919264437,
            3143236.452777033
          ],
          [
            80838.27067915979,
            3143267.29483051
          ],
          [
            80926.1268028542,
            3143300.1747000045
          ],
          [
            81025.8126266738,
            3143301.6007638588
          ],
          [
            81072.7716911669,
            3143381.702967821
          ],
          [
            81008.00979638506,
            3143452.3721183506
          ],
          [
            80949.31506510473,
            3143521.946292711
          ],
          [
            80867.93231010974,
            3143570.3285362036
          ],
          [
            80818.52969912064,
            3143639.2526561487
          ],
          [
            80888.69840147125,
            3143701.59820566
          ],
          [
            80892.45093555699,
            3143789.777119621
          ],
          [
            80913.45021580969,
            3143879.128168302
          ],
          [
            80941.11905057996,
            3143971.7578480504
          ],
          [
            80968.2516810782,
            3144064.8050308907
          ],
          [
            81003.0956016562,
            3144155.041447268
          ],
          [
            81047.61233082072,
            3144238.6667484334
          ],
          [
            81096.67566713257,
            3144319.883187644
          ],
          [
            81172.05701367433,
            3144384.9184555244
          ],
          [
            81231.96752779232,
            3144443.7252348354
          ],
          [
            81272.2322232692,
            3144501.0288466867
          ],
          [
            81268.15510710109,
            3144582.2957149446
          ],
          [
            81266.89809508587,
            3144682.2367266347
          ],
          [
            81300.61673454037,
            3144766.3523392407
          ],
          [
            81300.2029989387,
            3144866.299886752
          ],
          [
            81330.8454230993,
            3144954.708802966
          ],
          [
            81344.72720782697,
            3145049.7901865994
          ],
          [
            81358.55810873157,
            3145143.46865335
          ],
          [
            81389.12909562075,
            3145233.8150140503
          ],
          [
            81392.46654396482,
            3145333.5381871397
          ],
          [
            81422.3708066967,
            3145422.2662865636
          ],
          [
            81434.35765492861,
            3145520.0782431145
          ],
          [
            81462.3318912954,
            3145615.2405702826
          ],
          [
            81507.8360961862,
            3145701.5820787423
          ],
          [
            81536.7439755403,
            3145795.4918728652
          ],
          [
            81543.71224124511,
            3145877.480438226
          ],
          [
            81602.71749039393,
            3145954.5200535385
          ],
          [
            81659.86852144255,
            3146033.633409654
          ],
          [
            81694.3094616443,
            3146124.5056663714
          ],
          [
            81745.57691785927,
            3146204.420905507
          ],
          [
            81828.05533687699,
            3146231.483753312
          ],
          [
            81889.03005017861,
            3146307.2779204273
          ],
          [
            81937.241252917,
            3146382.3225680427
          ],
          [
            81957.53410121865,
            3146471.55631578
          ],
          [
            82006.30207716927,
            3146554.285780397
          ],
          [
            82050.89056477042,
            3146638.6722200126
          ],
          [
            82075.11275324052,
            3146727.196263588
          ],
          [
            82058.60253177072,
            3146819.309397635
          ],
          [
            82073.84290582874,
            3146917.30172658
          ],
          [
            82122.93423789981,
            3146999.7496609692
          ],
          [
            82138.92027392775,
            3147097.76919603
          ],
          [
            82207.95046086844,
            3147167.9979548613
          ],
          [
            82252.51389783905,
            3147250.3147522556
          ],
          [
            82309.35098121256,
            3147326.985647087
          ],
          [
            82356.84181657602,
            3147411.1872195373
          ],
          [
            82403.7553256063,
            3147494.9967793254
          ],
          [
            82428.65229608651,
            3147590.3100201148
          ],
          [
            82472.31346605011,
            3147675.103343707
          ],
          [
            82533.52128225347,
            3147749.7190374867
          ],
          [
            82553.11358098495,
            3147847.3620579434
          ],
          [
            82557.18449138707,
            3147947.257706822
          ],
          [
            82559.08234055391,
            3148046.735379799
          ],
          [
            82616.2657531009,
            3148118.4429269023
          ],
          [
            82623.39852756598,
            3148217.3150332407
          ],
          [
            82676.65124126793,
            3148292.3363750414
          ],
          [
            82681.05007817065,
            3148392.2213122207
          ],
          [
            82682.19515351157,
            3148492.2121793283
          ],
          [
            82681.73005110574,
            3148592.1951885824
          ],
          [
            82726.37513130874,
            3148662.404968624
          ],
          [
            82788.16924706894,
            3148703.6978219603
          ],
          [
            82831.49126522026,
            3148783.7039341843
          ],
          [
            82918.9087406607,
            3148816.7229861845
          ],
          [
            82949.88851984657,
            3148903.8704922395
          ],
          [
            82997.3274818612,
            3148990.8637835826
          ],
          [
            83050.51729913216,
            3149073.888279007
          ],
          [
            83069.10161432109,
            3149171.8350473866
          ],
          [
            83067.23317052289,
            3149271.4026782988
          ],
          [
            83027.56287280495,
            3149354.920086431
          ],
          [
            82940.34538804235,
            3149396.8535389225
          ],
          [
            82891.41337736335,
            3149482.85186606
          ],
          [
            82891.73424020688,
            3149581.8503592378
          ],
          [
            82945.7691018645,
            3149659.189964647
          ],
          [
            83017.09976485258,
            3149707.4283586834
          ],
          [
            83059.76156614166,
            3149792.780395094
          ],
          [
            83145.71653455409,
            3149830.05125548
          ],
          [
            83216.93357182578,
            3149896.6392053138
          ],
          [
            83292.5892897053,
            3149961.5102745774
          ],
          [
            83337.79865281601,
            3150041.863265195
          ],
          [
            83396.06751971082,
            3150117.318369574
          ],
          [
            83400.70632462755,
            3150217.0349376914
          ],
          [
            83432.23522138763,
            3150303.9536471143
          ],
          [
            83500.95730324672,
            3150373.998412244
          ],
          [
            83518.50849193984,
            3150470.6491411077
          ],
          [
            83585.59325648383,
            3150540.133334204
          ],
          [
            83632.21293463718,
            3150625.4879676485
          ],
          [
            83640.73437065267,
            3150724.787320336
          ],
          [
            83655.08178298622,
            3150814.3323950265
          ],
          [
            83727.90075127066,
            3150878.0940518035
          ],
          [
            83765.79196145142,
            3150964.1926349425
          ],
          [
            83832.9331018324,
            3151030.219338121
          ],
          [
            83914.62951285196,
            3151066.4452539384
          ],
          [
            83999.22293774952,
            3151021.8711879896
          ],
          [
            84092.60029287802,
            3151045.72308904
          ],
          [
            84181.17070638378,
            3151082.0898445197
          ],
          [
            84237.47450841407,
            3151162.2395670144
          ],
          [
            84276.50663057211,
            3151248.9104168876
          ],
          [
            84334.2679956914,
            3151326.0507207448
          ],
          [
            84391.3447972215,
            3151406.866023381
          ],
          [
            84466.22511102931,
            3151469.5524209724
          ],
          [
            84547.38427162384,
            3151524.880896586
          ],
          [
            84540.30833879845,
            3151615.5484168543
          ],
          [
            84518.05379196425,
            3151709.9856200493
          ],
          [
            84436.4134424253,
            3151754.7908033025
          ],
          [
            84377.88721252838,
            3151833.218537028
          ],
          [
            84396.689557705,
            3151912.82206989
          ],
          [
            84427.42661717955,
            3152002.5199911795
          ],
          [
            84513.56551117178,
            3152049.6431470625
          ],
          [
            84536.87653642132,
            3152143.490856047
          ],
          [
            84504.92600239067,
            3152204.5316763707
          ],
          [
            84491.50344740457,
            3152299.486871375
          ],
          [
            84493.63452189181,
            3152399.0194424978
          ],
          [
            84547.83441757942,
            3152479.9527605027
          ],
          [
            84599.95530359156,
            3152559.06342196
          ],
          [
            84655.42468037269,
            3152600.1789394333
          ],
          [
            84748.0769655849,
            3152627.4882877567
          ],
          [
            84832.49113529679,
            3152675.1113676
          ],
          [
            84871.75887322162,
            3152763.271742704
          ],
          [
            84826.27665703929,
            3152840.856765044
          ],
          [
            84785.22945480022,
            3152902.0215532277
          ],
          [
            84870.77316165839,
            3152933.6860235236
          ],
          [
            84892.18497055233,
            3153028.5196690033
          ],
          [
            84827.33965966172,
            3153095.444182407
          ],
          [
            84763.54289655999,
            3153149.1017031427
          ],
          [
            84708.61723599228,
            3153231.023532695
          ],
          [
            84658.36340944351,
            3153315.1359302667
          ],
          [
            84684.8744430728,
            3153408.2830222803
          ],
          [
            84693.39982867245,
            3153507.8450304954
          ],
          [
            84700.83567801856,
            3153607.2321085157
          ],
          [
            84704.30630398441,
            3153706.9831993855
          ],
          [
            84758.91477283515,
            3153767.3019793406
          ],
          [
            84839.21740852937,
            3153825.077240503
          ],
          [
            84936.53217289652,
            3153838.6358659915
          ],
          [
            85009.4554383824,
            3153905.058380492
          ],
          [
            85014.3896569363,
            3153998.5025462434
          ],
          [
            84991.70628186536,
            3154087.044124494
          ],
          [
            84999.25211903329,
            3154183.9826697423
          ],
          [
            85050.29694810885,
            3154261.9659854393
          ],
          [
            85052.22850023955,
            3154361.922082121
          ],
          [
            85066.50212055013,
            3154455.4186935495
          ],
          [
            85111.23249462432,
            3154538.796195616
          ],
          [
            85169.2724439344,
            3154613.662473835
          ],
          [
            85229.95691082353,
            3154659.5452857814
          ],
          [
            85241.44648905689,
            3154564.6373464065
          ],
          [
            85249.50508108088,
            3154466.291988853
          ],
          [
            85334.07387671583,
            3154430.58916911
          ],
          [
            85423.8351940415,
            3154462.884348211
          ],
          [
            85496.40539398677,
            3154527.9403519197
          ],
          [
            85556.154570011,
            3154607.611515884
          ],
          [
            85581.66488217021,
            3154701.8327100608
          ],
          [
            85544.08955179607,
            3154792.6307622353
          ],
          [
            85474.20600102648,
            3154862.954240497
          ],
          [
            85438.37542444789,
            3154937.9558547954
          ],
          [
            85363.24066318988,
            3154993.57121167
          ],
          [
            85351.49644904793,
            3155066.2985418155
          ],
          [
            85317.38194216524,
            3155110.553863653
          ],
          [
            85396.64957642471,
            3155168.5989900636
          ],
          [
            85412.0616448668,
            3155265.853521945
          ],
          [
            85436.3200406513,
            3155352.5577919586
          ],
          [
            85471.81448329992,
            3155442.5791006205
          ],
          [
            85555.55285312005,
            3155477.936662857
          ],
          [
            85642.37831304969,
            3155469.5115810167
          ],
          [
            85736.09105550156,
            3155489.6485487632
          ],
          [
            85833.40385248524,
            3155482.47886859
          ],
          [
            85924.63278529032,
            3155513.249669736
          ],
          [
            85994.84185031214,
            3155584.2119577522
          ],
          [
            86001.46625057953,
            3155676.3581554396
          ],
          [
            85922.91056325639,
            3155721.3534135916
          ],
          [
            85950.75595181575,
            3155809.0043324567
          ],
          [
            85879.47915057272,
            3155858.3848150945
          ],
          [
            85803.754896871,
            3155888.3005321557
          ],
          [
            85830.45432529207,
            3155976.5986923603
          ],
          [
            85870.87068006441,
            3156063.4822901622
          ],
          [
            85960.43311013852,
            3156093.1950365305
          ],
          [
            85983.41623351723,
            3156187.9415935557
          ],
          [
            86048.38740115683,
            3156261.4212058103
          ],
          [
            86075.77071462105,
            3156349.9006425184
          ],
          [
            86042.1414022389,
            3156435.6071064402
          ],
          [
            86032.11440941281,
            3156532.270372362
          ],
          [
            86015.93339315825,
            3156619.074301779
          ],
          [
            86102.82567932313,
            3156656.8645251407
          ],
          [
            86170.3289605564,
            3156723.238941039
          ],
          [
            86224.17880763506,
            3156807.2330519864
          ],
          [
            86280.90325309914,
            3156886.0736594084
          ],
          [
            86311.60285082257,
            3156976.985917689
          ],
          [
            86273.5892998925,
            3157051.9339451115
          ],
          [
            86283.62990388856,
            3157150.0974456724
          ],
          [
            86327.66422541937,
            3157233.3422406167
          ],
          [
            86372.48373529152,
            3157318.218028893
          ],
          [
            86403.32707550285,
            3157410.3122327193
          ],
          [
            86411.86381855136,
            3157509.0691275066
          ],
          [
            86446.05495741968,
            3157597.5312327617
          ],
          [
            86510.16583622088,
            3157673.136144239
          ],
          [
            86551.48700169305,
            3157759.673519728
          ],
          [
            86621.59638294677,
            3157829.883026899
          ],
          [
            86692.14766968985,
            3157881.6658709277
          ],
          [
            86785.71052593098,
            3157910.6015274166
          ],
          [
            86870.01310935586,
            3157956.045599285
          ],
          [
            86913.03098896326,
            3158042.2786528957
          ],
          [
            86883.33994621383,
            3158132.799233477
          ],
          [
            86920.10125880841,
            3158222.033179758
          ],
          [
            86942.12325869958,
            3158318.6712003835
          ],
          [
            87033.0415194468,
            3158351.5331902606
          ],
          [
            87109.75556471087,
            3158414.897516867
          ],
          [
            87153.28950540851,
            3158504.0794003042
          ],
          [
            87221.6162214825,
            3158573.437665057
          ],
          [
            87294.89434561926,
            3158640.990393687
          ],
          [
            87370.03309255898,
            3158703.0403677165
          ],
          [
            87406.98966780066,
            3158673.951633401
          ],
          [
            87475.97824189943,
            3158703.5573753556
          ],
          [
            87404.99617167292,
            3158744.6789400266
          ],
          [
            87442.69526464336,
            3158829.9389024987
          ],
          [
            87531.54940908121,
            3158840.1068597343
          ],
          [
            87624.83440159274,
            3158810.7562958742
          ],
          [
            87722.89029721366,
            3158820.186677178
          ],
          [
            87752.26102174589,
            3158909.912636766
          ],
          [
            87786.45948667775,
            3158995.7474826165
          ],
          [
            87823.28225518538,
            3159085.4574433486
          ],
          [
            87884.92759971855,
            3159075.312959572
          ],
          [
            87959.32058996224,
            3159046.8690997562
          ],
          [
            88040.91762969727,
            3159093.466310954
          ],
          [
            88119.99465669821,
            3159149.093026141
          ],
          [
            88142.07121999846,
            3159241.4531230964
          ],
          [
            88195.39519724656,
            3159248.867909381
          ],
          [
            88292.8802879454,
            3159256.943318569
          ],
          [
            88381.957547211,
            3159285.23626926
          ],
          [
            88469.62907311013,
            3159320.7274211966
          ],
          [
            88557.64308460239,
            3159357.6042555086
          ],
          [
            88588.28378894296,
            3159445.987777482
          ],
          [
            88585.94557717287,
            3159545.7196953427
          ],
          [
            88525.1434192077,
            3159617.869557233
          ],
          [
            88495.02167214925,
            3159707.8408535174
          ],
          [
            88490.3450091423,
            3159794.2585524945
          ],
          [
            88556.05225887695,
            3159865.1179491826
          ],
          [
            88653.14968944197,
            3159857.4428214864
          ],
          [
            88709.64220393448,
            3159928.3835924957
          ],
          [
            88673.03190468595,
            3160014.179342401
          ],
          [
            88652.68409842906,
            3160106.24872589
          ],
          [
            88617.31316169519,
            3160195.3471924313
          ],
          [
            88612.83793942846,
            3160293.203558202
          ],
          [
            88568.51215217574,
            3160379.899745537
          ],
          [
            88563.21330770133,
            3160478.1273888364
          ],
          [
            88562.99032640654,
            3160578.1247895425
          ],
          [
            88634.46715235214,
            3160615.2649573153
          ],
          [
            88682.21427909436,
            3160695.7948762397
          ],
          [
            88738.69768138416,
            3160771.334056853
          ],
          [
            88790.1879333776,
            3160851.0895070047
          ],
          [
            88827.04627913011,
            3160938.7100906936
          ],
          [
            88862.67005867788,
            3161027.3612265317
          ],
          [
            88919.22265808914,
            3161106.276636415
          ],
          [
            88971.30629318365,
            3161188.492182455
          ],
          [
            88978.86276673342,
            3161287.557010032
          ],
          [
            88981.0124249724,
            3161387.4369822834
          ],
          [
            89046.53501850518,
            3161460.775584363
          ],
          [
            89130.68084211933,
            3161508.048597313
          ],
          [
            89206.29432903067,
            3161571.051032717
          ],
          [
            89247.35620569062,
            3161657.106115468
          ],
          [
            89282.96496211666,
            3161743.581547179
          ],
          [
            89353.26882166714,
            3161813.6785785696
          ],
          [
            89371.68188984954,
            3161910.8423525486
          ],
          [
            89448.0441944357,
            3161963.7141116774
          ],
          [
            89526.02385558798,
            3162017.1398869646
          ],
          [
            89583.14978413192,
            3162078.0816963348
          ],
          [
            89673.60579241303,
            3162106.2566508763
          ],
          [
            89715.634638088,
            3162193.612992012
          ],
          [
            89759.00135426654,
            3162282.302410512
          ],
          [
            89806.540484619,
            3162366.068181374
          ],
          [
            89855.82274888123,
            3162451.35841458
          ],
          [
            89890.38583561187,
            3162531.833735802
          ],
          [
            89850.40216120241,
            3162619.611840715
          ],
          [
            89821.52530008815,
            3162708.7314927625
          ],
          [
            89811.25880470217,
            3162805.2811131245
          ],
          [
            89815.86743586558,
            3162895.06780027
          ],
          [
            89818.0522567441,
            3162995.0234439475
          ],
          [
            89816.62975853978,
            3163095.0074998857
          ],
          [
            89818.56442029405,
            3163194.977750868
          ],
          [
            89821.72635870932,
            3163294.9232522347
          ],
          [
            89828.39928497963,
            3163394.663868937
          ],
          [
            89833.80735874428,
            3163494.454927464
          ],
          [
            89840.96851268628,
            3163593.9488195097
          ],
          [
            89844.59430456112,
            3163693.5458487724
          ],
          [
            89815.17179932617,
            3163787.339282677
          ],
          [
            89792.87317517409,
            3163883.1682580523
          ],
          [
            89837.55008697892,
            3163968.6896890183
          ],
          [
            89863.2578401681,
            3164065.0698841857
          ],
          [
            89882.91354004288,
            3164162.3794042096
          ],
          [
            89898.2171421417,
            3164260.864910993
          ],
          [
            89897.3781949043,
            3164360.80090877
          ],
          [
            89864.16217982164,
            3164453.3945091027
          ],
          [
            89835.94205902815,
            3164546.2664840743
          ],
          [
            89842.70281098608,
            3164639.912294984
          ],
          [
            89838.14708229528,
            3164739.5108245816
          ],
          [
            89831.457146108,
            3164839.0296186837
          ],
          [
            89825.18414768505,
            3164928.620417034
          ],
          [
            89829.3024664697,
            3165027.551195776
          ],
          [
            89817.9788787862,
            3165126.4124646937
          ],
          [
            89799.20280168128,
            3165224.2424458307
          ],
          [
            89757.40407150068,
            3165314.684526379
          ],
          [
            89709.31247956991,
            3165402.230358429
          ],
          [
            89700.30650421946,
            3165500.6972476635
          ],
          [
            89675.9576520553,
            3165595.579968716
          ],
          [
            89641.51080757828,
            3165685.292744698
          ],
          [
            89614.23364934183,
            3165775.5898475694
          ],
          [
            89610.60780673627,
            3165875.4082122645
          ],
          [
            89576.20826431576,
            3165967.313211044
          ],
          [
            89554.34541421944,
            3166064.200762656
          ],
          [
            89519.78169717404,
            3166154.094523552
          ],
          [
            89547.19453934353,
            3166247.949794018
          ],
          [
            89595.72674033906,
            3166333.22964953
          ],
          [
            89606.1852303681,
            3166429.4800776895
          ],
          [
            89573.25696920925,
            3166517.343396444
          ],
          [
            89529.02581045701,
            3166603.816823393
          ],
          [
            89470.61068626231,
            3166684.8046787716
          ],
          [
            89458.6605234999,
            3166782.216072888
          ],
          [
            89439.31287802703,
            3166878.4746490642
          ],
          [
            89426.88946320163,
            3166977.046614885
          ],
          [
            89414.94604055704,
            3167076.1455381336
          ],
          [
            89371.91641690927,
            3167165.8488568054
          ],
          [
            89319.39246825525,
            3167249.1369198435
          ],
          [
            89270.83413753958,
            3167333.4064174206
          ],
          [
            89237.47431494875,
            3167425.002390183
          ],
          [
            89189.24897614773,
            3167510.5442679715
          ],
          [
            89157.9393767502,
            3167605.464995161
          ],
          [
            89128.44673674414,
            3167700.612281218
          ],
          [
            89076.08914164806,
            3167782.301030591
          ],
          [
            89009.9210618209,
            3167856.4231501357
          ],
          [
            89002.52576109619,
            3167955.1005960098
          ],
          [
            89029.38333105869,
            3168047.469192889
          ],
          [
            89012.00336275794,
            3168142.1469941395
          ],
          [
            88972.06963961327,
            3168231.3398961336
          ],
          [
            88905.3505869795,
            3168302.5743444883
          ],
          [
            88820.64969715581,
            3168346.024128765
          ],
          [
            88791.76417921558,
            3168436.7245060937
          ],
          [
            88800.92234172052,
            3168535.0319792773
          ],
          [
            88835.42771378701,
            3168626.893727415
          ],
          [
            88848.4258193032,
            3168725.8637023973
          ],
          [
            88854.27616665958,
            3168825.541300209
          ],
          [
            88857.80903510579,
            3168925.4772507376
          ],
          [
            88860.36032005708,
            3169025.432340317
          ],
          [
            88848.45463379394,
            3169123.449571585
          ],
          [
            88859.62640475384,
            3169222.4761273637
          ],
          [
            88858.30169070003,
            3169322.3915460785
          ],
          [
            88859.15365150796,
            3169422.358163376
          ],
          [
            88860.1618224586,
            3169522.285329002
          ],
          [
            88835.1989415308,
            3169618.114955131
          ],
          [
            88805.8393621362,
            3169713.3088497976
          ],
          [
            88780.08186089885,
            3169806.083919669
          ],
          [
            88814.45286695147,
            3169895.228674385
          ],
          [
            88834.35695587342,
            3169991.3848425373
          ],
          [
            88856.812269532,
            3170087.35217542
          ],
          [
            88863.2907722957,
            3170182.380290294
          ],
          [
            88868.73110151825,
            3170282.167651826
          ],
          [
            88862.45189579291,
            3170375.299875554
          ],
          [
            88915.77832093686,
            3170458.7799939164
          ],
          [
            88976.88776603754,
            3170535.8342736894
          ],
          [
            89016.84494600612,
            3170626.347140729
          ],
          [
            89038.25841633849,
            3170723.831616802
          ],
          [
            89036.93158648378,
            3170823.2843202557
          ],
          [
            89039.46138799281,
            3170923.0860542795
          ],
          [
            89095.17128394313,
            3171004.482749533
          ],
          [
            89132.13592302433,
            3171095.406781307
          ],
          [
            89157.41315159349,
            3171191.8877104865
          ],
          [
            89180.9868974408,
            3171285.9077449488
          ],
          [
            89239.57783944097,
            3171366.8082456384
          ],
          [
            89300.29839655409,
            3171444.025470873
          ],
          [
            89343.45523243019,
            3171532.7530153296
          ],
          [
            89334.35942895655,
            3171627.795661414
          ],
          [
            89357.60850849224,
            3171717.9443491087
          ],
          [
            89371.31964463036,
            3171816.586180876
          ],
          [
            89388.35520415693,
            3171914.666117446
          ],
          [
            89371.61087588225,
            3172011.5992372325
          ],
          [
            89391.701100939,
            3172105.179237406
          ],
          [
            89400.06028240986,
            3172204.813184281
          ],
          [
            89429.37642350882,
            3172296.840144909
          ],
          [
            89441.15127341497,
            3172394.981950773
          ],
          [
            89427.8392953297,
            3172493.937703714
          ],
          [
            89396.58623183763,
            3172587.4024685486
          ],
          [
            89375.02235489598,
            3172681.059544309
          ],
          [
            89309.83832997871,
            3172756.120875444
          ],
          [
            89275.49689705386,
            3172846.265745498
          ],
          [
            89250.00071755434,
            3172938.548790592
          ],
          [
            89221.02573473561,
            3173030.7100438857
          ],
          [
            89191.78253441134,
            3173123.615494279
          ],
          [
            89179.67549500513,
            3173221.5057708323
          ],
          [
            89138.11238677755,
            3173310.674036755
          ],
          [
            89092.44450396125,
            3173394.1825575726
          ],
          [
            89043.79095137243,
            3173474.7263050354
          ],
          [
            89021.88987061747,
            3173564.678825512
          ],
          [
            88982.28134096558,
            3173650.1215802436
          ],
          [
            88935.38527536918,
            3173735.458041627
          ],
          [
            88891.94729627555,
            3173822.140066818
          ],
          [
            88869.53784247774,
            3173915.1656691097
          ],
          [
            88851.5424021033,
            3174010.773639814
          ],
          [
            88824.30254641219,
            3174106.4593545035
          ],
          [
            88849.86187587235,
            3174197.632796463
          ],
          [
            88828.61521058508,
            3174286.364692382
          ],
          [
            88772.53964272543,
            3174363.8961598137
          ],
          [
            88757.9709634691,
            3174461.8205902614
          ],
          [
            88714.68610480812,
            3174548.975341675
          ],
          [
            88687.62239185037,
            3174643.523148467
          ],
          [
            88664.15739675022,
            3174739.0232066046
          ],
          [
            88652.52792447056,
            3174834.5957651045
          ],
          [
            88654.87353917639,
            3174934.5583090307
          ],
          [
            88606.22495507737,
            3175018.371038959
          ],
          [
            88581.41120067859,
            3175111.6906905184
          ],
          [
            88529.49258658971,
            3175192.9731307263
          ],
          [
            88573.40226293374,
            3175267.4273929535
          ],
          [
            88603.73531752078,
            3175357.752535581
          ],
          [
            88648.81174544252,
            3175443.817782261
          ],
          [
            88652.12291717778,
            3175543.716348141
          ],
          [
            88651.75123289967,
            3175643.6787813096
          ],
          [
            88603.65759938986,
            3175728.008540047
          ],
          [
            88556.52456977512,
            3175812.4720655545
          ],
          [
            88524.4117413699,
            3175902.526265052
          ],
          [
            88469.79150687497,
            3175981.5500188572
          ],
          [
            88453.15129391626,
            3176077.1017543245
          ],
          [
            88454.83821270378,
            3176176.560244426
          ],
          [
            88434.02381350986,
            3176271.1416330077
          ],
          [
            88423.03517146068,
            3176368.348796456
          ],
          [
            88400.34092631376,
            3176463.699996377
          ],
          [
            88383.19322438627,
            3176558.9211159945
          ],
          [
            88382.12230444432,
            3176657.6846449208
          ],
          [
            88323.49717316963,
            3176737.698890276
          ],
          [
            88293.84391050691,
            3176827.7941836473
          ],
          [
            88228.4845562318,
            3176903.0504285516
          ],
          [
            88167.9273417418,
            3176980.148691569
          ],
          [
            88109.38043301487,
            3177050.8757693185
          ],
          [
            88090.14584174372,
            3177145.806475894
          ],
          [
            88081.90283244624,
            3177243.377157657
          ],
          [
            88059.12770246241,
            3177334.7388296616
          ],
          [
            87988.83245353153,
            3177403.5986849586
          ],
          [
            87920.13132949702,
            3177476.093989595
          ],
          [
            87850.86699337285,
            3177535.870761232
          ],
          [
            87778.98380705243,
            3177601.467686581
          ],
          [
            87706.57196456484,
            3177665.6386191132
          ],
          [
            87627.8635321651,
            3177718.035229602
          ],
          [
            87565.73709179291,
            3177794.8864439507
          ],
          [
            87486.6891234077,
            3177848.04718352
          ],
          [
            87503.45872270332,
            3177937.0475103366
          ],
          [
            87484.06997183932,
            3178032.1402492793
          ],
          [
            87513.70206504341,
            3178126.780885581
          ],
          [
            87563.08819608422,
            3178211.2416737108
          ],
          [
            87597.44720920242,
            3178299.6578454957
          ],
          [
            87676.98618081497,
            3178356.7182344007
          ],
          [
            87688.62051506618,
            3178453.96444465
          ],
          [
            87691.30079016475,
            3178553.870141035
          ],
          [
            87693.17681996588,
            3178653.716363888
          ],
          [
            87673.58514944994,
            3178751.6289483286
          ],
          [
            87634.08075636454,
            3178840.0246624122
          ],
          [
            87690.43164605422,
            3178918.6225048164
          ],
          [
            87708.5348427684,
            3179012.852457672
          ],
          [
            87778.61326746899,
            3179084.0257558855
          ],
          [
            87811.7525734234,
            3179175.578693782
          ],
          [
            87814.10807656473,
            3179275.546343982
          ],
          [
            87819.82802829368,
            3179373.8187193456
          ],
          [
            87857.40758428037,
            3179462.5899779927
          ],
          [
            87920.65184783719,
            3179539.5352433072
          ],
          [
            87933.79429321914,
            3179636.894201741
          ],
          [
            87988.92404651518,
            3179708.5268834145
          ],
          [
            87993.11654299153,
            3179807.835372441
          ],
          [
            88065.7465610302,
            3179872.667160138
          ],
          [
            88152.46903611343,
            3179904.5239845514
          ],
          [
            88205.02009936514,
            3179979.4235771317
          ],
          [
            88261.88956132464,
            3180058.1720584207
          ],
          [
            88336.2729063375,
            3180121.026094661
          ],
          [
            88404.42079463012,
            3180192.0222196127
          ],
          [
            88413.64184440058,
            3180290.344565018
          ],
          [
            88392.0477250591,
            3180377.718288075
          ],
          [
            88387.22147703299,
            3180472.2190824263
          ],
          [
            88455.74017046847,
            3180543.681104256
          ],
          [
            88500.29498569052,
            3180623.7910958817
          ],
          [
            88573.92511733559,
            3180660.431293674
          ],
          [
            88655.64100976886,
            3180708.4215060333
          ],
          [
            88744.17065233865,
            3180741.2361942176
          ],
          [
            88786.59519515204,
            3180827.698194866
          ],
          [
            88808.53208092753,
            3180921.4299301454
          ],
          [
            88843.18814610488,
            3181009.2663973714
          ],
          [
            88893.14112416113,
            3181087.467627615
          ],
          [
            88975.90010796323,
            3181130.6856613774
          ],
          [
            89008.3080623714,
            3181218.344505085
          ],
          [
            89031.50984116142,
            3181314.5692876996
          ],
          [
            89059.6634767513,
            3181408.9612396415
          ],
          [
            89044.50044603762,
            3181505.010192763
          ],
          [
            88992.6092166435,
            3181583.813258761
          ],
          [
            89032.67705035904,
            3181672.327588748
          ],
          [
            89112.22355170448,
            3181712.899994666
          ],
          [
            89182.72742848292,
            3181783.6179118454
          ],
          [
            89221.82035083603,
            3181870.2378077907
          ],
          [
            89290.96065939656,
            3181942.348026769
          ],
          [
            89351.78971644008,
            3182020.6191783366
          ],
          [
            89381.57583772545,
            3182111.5362426303
          ],
          [
            89430.3671630637,
            3182189.599721317
          ],
          [
            89450.4474938647,
            3182280.841937776
          ],
          [
            89488.02378591591,
            3182368.4263403076
          ],
          [
            89491.40064077372,
            3182468.3409892214
          ],
          [
            89544.79783544407,
            3182548.626251893
          ],
          [
            89555.85740399096,
            3182647.1493441374
          ],
          [
            89588.98234854732,
            3182738.113815962
          ],
          [
            89613.41812235554,
            3182833.310425514
          ],
          [
            89628.37423010208,
            3182931.7373457435
          ],
          [
            89639.517040748,
            3183022.200487218
          ],
          [
            89676.49103305215,
            3183109.3755805893
          ],
          [
            89690.46380177017,
            3183206.6530245165
          ],
          [
            89735.3958754469,
            3183289.176933726
          ],
          [
            89760.38242180331,
            3183385.795928338
          ],
          [
            89762.92352923013,
            3183485.7262473567
          ],
          [
            89754.85782263668,
            3183585.0199500164
          ],
          [
            89803.21355458563,
            3183667.8528511473
          ],
          [
            89850.76819399666,
            3183754.9595175907
          ],
          [
            89914.9703865733,
            3183829.1355272355
          ],
          [
            89977.89187845476,
            3183903.5979893
          ],
          [
            90009.12338780907,
            3183997.065487916
          ],
          [
            90030.67140826957,
            3184094.097792297
          ],
          [
            90087.0323953236,
            3184172.9770966414
          ],
          [
            90167.56142151289,
            3184226.95745539
          ],
          [
            90229.06475715738,
            3184304.2982740807
          ],
          [
            90290.27878828603,
            3184382.9483072977
          ],
          [
            90366.8315884654,
            3184437.1128808614
          ],
          [
            90436.49597278217,
            3184508.5194394486
          ],
          [
            90523.76935630408,
            3184552.0088742403
          ],
          [
            90603.7172358481,
            3184611.243242424
          ],
          [
            90668.87218256335,
            3184686.4565419494
          ],
          [
            90688.71414515717,
            3184783.3575895536
          ],
          [
            90690.56977934357,
            3184883.310454205
          ],
          [
            90679.44843021735,
            3184982.448715706
          ],
          [
            90692.52143676077,
            3185079.12459186
          ],
          [
            90661.37437417943,
            3185168.9223251087
          ],
          [
            90593.8444462695,
            3185240.7422662047
          ],
          [
            90557.28543152343,
            3185331.630245707
          ],
          [
            90542.92305960825,
            3185429.0304487017
          ],
          [
            90553.66168108505,
            3185528.3983261073
          ],
          [
            90561.72638098252,
            3185628.033125992
          ],
          [
            90560.34108310935,
            3185727.6702856524
          ],
          [
            90573.39268663496,
            3185826.461372339
          ],
          [
            90600.68064039452,
            3185920.45906902
          ],
          [
            90665.2333932482,
            3185991.63808737
          ],
          [
            90737.2733729253,
            3186060.6539497725
          ],
          [
            90801.55640719653,
            3186135.872582277
          ],
          [
            90811.4590449425,
            3186235.08352202
          ],
          [
            90811.8633094965,
            3186334.90710529
          ],
          [
            90873.17331574704,
            3186411.1701513524
          ],
          [
            90939.68512119794,
            3186485.4080005353
          ],
          [
            90982.97613759598,
            3186572.4291581716
          ],
          [
            91020.91512291344,
            3186661.7359448345
          ],
          [
            91067.02637420391,
            3186746.869708779
          ],
          [
            91127.13158883013,
            3186826.6294421772
          ],
          [
            91172.26886303173,
            3186914.110308299
          ],
          [
            91195.86160633783,
            3187009.960485989
          ],
          [
            91203.94912132803,
            3187109.460326056
          ],
          [
            91204.80242901895,
            3187209.411347608
          ],
          [
            91249.40974662398,
            3187296.905524406
          ],
          [
            91305.98286607872,
            3187377.464696346
          ],
          [
            91333.08804917207,
            3187470.679234302
          ],
          [
            91347.99622412244,
            3187566.3073395714
          ],
          [
            91384.96994458699,
            3187657.8973865435
          ],
          [
            91428.12100229702,
            3187745.9868692616
          ],
          [
            91461.1239723421,
            3187839.3794533624
          ],
          [
            91454.77060640503,
            3187938.444194363
          ],
          [
            91460.29311259526,
            3188037.849301153
          ],
          [
            91412.34034578926,
            3188120.8382120845
          ],
          [
            91440.18261240622,
            3188213.208510738
          ],
          [
            91414.1629262651,
            3188306.485835903
          ],
          [
            91427.67139824956,
            3188404.058707989
          ],
          [
            91457.4803138772,
            3188480.750890074
          ],
          [
            91474.81536018797,
            3188577.29169898
          ],
          [
            91522.82212443433,
            3188659.8892184417
          ],
          [
            91580.58674074146,
            3188739.024676125
          ],
          [
            91635.14605897752,
            3188814.843371837
          ],
          [
            91682.76942165328,
            3188893.5446591806
          ],
          [
            91713.01108583449,
            3188984.2351410296
          ],
          [
            91710.28599067307,
            3189084.1571535333
          ],
          [
            91693.51524910142,
            3189180.6085873083
          ],
          [
            91659.97293253323,
            3189273.6557544237
          ],
          [
            91670.18965727297,
            3189372.5032030693
          ],
          [
            91710.54328178137,
            3189462.537736448
          ],
          [
            91765.54114808145,
            3189536.9325329466
          ],
          [
            91859.24039781206,
            3189551.90697234
          ],
          [
            91947.46349374637,
            3189521.9236308536
          ],
          [
            92043.3017557291,
            3189547.669682163
          ],
          [
            92133.14967546228,
            3189590.789871962
          ],
          [
            92162.83563771877,
            3189674.3797946027
          ],
          [
            92114.70705687677,
            3189759.1715016756
          ],
          [
            92070.33077677732,
            3189847.10137128
          ],
          [
            92035.88986137183,
            3189938.684455163
          ],
          [
            92018.53214915014,
            3190036.731129207
          ],
          [
            92026.10736606429,
            3190134.0062266984
          ],
          [
            91979.76372623742,
            3190218.7327802256
          ],
          [
            91901.7310736674,
            3190279.176302772
          ],
          [
            91819.61012964149,
            3190333.6786403013
          ],
          [
            91802.97078824966,
            3190426.836051761
          ],
          [
            91867.9478474436,
            3190493.473921543
          ],
          [
            91967.84708183353,
            3190493.6293727728
          ],
          [
            92059.77620095431,
            3190527.174029992
          ],
          [
            92147.22237671069,
            3190574.261520243
          ],
          [
            92165.80089397645,
            3190670.236480258
          ],
          [
            92223.69181992447,
            3190745.7770285322
          ],
          [
            92244.7590111682,
            3190842.1073592394
          ],
          [
            92247.96840952085,
            3190942.0342332916
          ],
          [
            92230.80353491947,
            3191039.8293161425
          ],
          [
            92275.90882562187,
            3191120.497949283
          ],
          [
            92331.51420990689,
            3191195.9934830596
          ],
          [
            92402.37379614156,
            3191266.149153617
          ],
          [
            92454.56920784686,
            3191350.1802477324
          ],
          [
            92521.11842390423,
            3191424.6150706336
          ],
          [
            92576.03847957804,
            3191505.0514269704
          ],
          [
            92624.01174202812,
            3191590.5184042105
          ],
          [
            92663.28636081258,
            3191680.7779883337
          ],
          [
            92690.85962726918,
            3191774.708564522
          ],
          [
            92743.54273987794,
            3191855.4835888967
          ],
          [
            92838.49713521267,
            3191873.7709311587
          ],
          [
            92897.64284924314,
            3191943.6116797733
          ],
          [
            92903.38059885513,
            3192043.391763869
          ],
          [
            92905.22948591108,
            3192143.352333164
          ],
          [
            92906.02363429539,
            3192243.342951661
          ],
          [
            92905.5340407923,
            3192343.2884528227
          ],
          [
            92909.58908007752,
            3192438.9550449275
          ],
          [
            92948.43180830612,
            3192526.469992967
          ],
          [
            93003.07640055928,
            3192605.7623698707
          ],
          [
            93036.5181276394,
            3192691.1693024244
          ],
          [
            93082.89509309216,
            3192778.38988662
          ],
          [
            93090.96914561924,
            3192877.8906722483
          ],
          [
            93093.30467672335,
            3192977.7540473514
          ],
          [
            93137.87951103065,
            3193065.441138936
          ],
          [
            93150.19623896267,
            3193164.2879848853
          ],
          [
            93191.7033468253,
            3193250.559009114
          ],
          [
            93237.25332874748,
            3193334.318058623
          ],
          [
            93272.8949885443,
            3193424.329906754
          ],
          [
            93273.3468709213,
            3193523.777328343
          ],
          [
            93326.24766429517,
            3193607.2221300807
          ],
          [
            93347.80271341024,
            3193701.35078017
          ],
          [
            93415.74473125108,
            3193774.0780400457
          ],
          [
            93473.41748464253,
            3193852.347104266
          ],
          [
            93500.21282398327,
            3193947.561313782
          ],
          [
            93503.21225859174,
            3194045.30913778
          ],
          [
            93540.2212077986,
            3194133.858390248
          ],
          [
            93595.99099729466,
            3194213.2403487535
          ],
          [
            93664.03449700582,
            3194279.6627105516
          ],
          [
            93675.72454253014,
            3194376.5071011954
          ],
          [
            93691.68836971029,
            3194474.12033008
          ],
          [
            93680.85910934638,
            3194571.78184336
          ],
          [
            93658.94856340978,
            3194666.6790008373
          ],
          [
            93624.85341759212,
            3194758.906427261
          ],
          [
            93582.74583544575,
            3194848.0457785623
          ],
          [
            93587.7505965841,
            3194944.2205097144
          ],
          [
            93615.80458657592,
            3195036.2993999715
          ],
          [
            93685.47510986109,
            3195104.4542545592
          ],
          [
            93693.91370825164,
            3195203.827978499
          ],
          [
            93725.34840602426,
            3195289.1697417977
          ],
          [
            93779.91602753795,
            3195363.6985288896
          ],
          [
            93781.21395203525,
            3195463.673748657
          ],
          [
            93724.2151375756,
            3195541.851556147
          ],
          [
            93720.36710636223,
            3195638.3638168895
          ],
          [
            93743.12073175343,
            3195727.287449597
          ],
          [
            93799.46679096413,
            3195807.87885777
          ],
          [
            93772.78435167033,
            3195898.357836918
          ],
          [
            93731.2906904052,
            3195986.868181121
          ],
          [
            93684.94384134971,
            3196072.9328585775
          ],
          [
            93613.57512994627,
            3196141.752117864
          ],
          [
            93544.33416566822,
            3196213.758134658
          ],
          [
            93474.64160743021,
            3196279.500139876
          ],
          [
            93407.26428541444,
            3196353.0758661437
          ],
          [
            93392.71912057872,
            3196448.3438367997
          ],
          [
            93364.3673857996,
            3196541.5289579933
          ],
          [
            93417.03209819853,
            3196611.3958400344
          ],
          [
            93456.86075780106,
            3196691.115195597
          ],
          [
            93541.58178520155,
            3196696.948441022
          ],
          [
            93612.80399037329,
            3196766.7358106123
          ],
          [
            93689.16458446677,
            3196821.487324794
          ],
          [
            93715.4453990907,
            3196910.3237551064
          ],
          [
            93677.17607217049,
            3196955.532395493
          ],
          [
            93748.5942859371,
            3197024.918929128
          ],
          [
            93818.50911797608,
            3197011.791704613
          ],
          [
            93896.72476847531,
            3197050.681645112
          ],
          [
            93896.44630277168,
            3197127.756464603
          ],
          [
            93818.31798459016,
            3197090.3768464406
          ],
          [
            93828.90678182426,
            3197155.817991052
          ],
          [
            93901.87447225086,
            3197218.257077973
          ],
          [
            93933.14586830148,
            3197308.794244937
          ],
          [
            94004.90935137209,
            3197375.455593569
          ],
          [
            94049.7833281512,
            3197460.069504799
          ],
          [
            94100.72365916826,
            3197540.5025990484
          ],
          [
            94104.79360724539,
            3197640.3935224055
          ],
          [
            94114.26911390992,
            3197738.602707025
          ],
          [
            94188.0967140345,
            3197805.2992242156
          ],
          [
            94230.41966950589,
            3197895.1121503636
          ],
          [
            94300.65996897053,
            3197966.0459918184
          ],
          [
            94365.79429617623,
            3198041.310455379
          ],
          [
            94385.56323134292,
            3198138.860377565
          ],
          [
            94329.9232722462,
            3198204.3920247895
          ],
          [
            94232.56509779235,
            3198225.551060956
          ],
          [
            94154.9778245354,
            3198286.794153475
          ],
          [
            94115.13009966354,
            3198377.115638509
          ],
          [
            94047.95865738334,
            3198448.703429558
          ],
          [
            94011.95091365991,
            3198539.3932068115
          ],
          [
            93979.25705345637,
            3198632.740449635
          ],
          [
            93953.87712773272,
            3198711.3137470037
          ],
          [
            93990.41805335291,
            3198799.133907293
          ],
          [
            94045.32258500588,
            3198877.5008698646
          ],
          [
            94058.75864299125,
            3198973.853924097
          ],
          [
            94118.20817485191,
            3198928.299614644
          ],
          [
            94188.72146870581,
            3198986.755214637
          ],
          [
            94193.75385456282,
            3199084.6794617013
          ],
          [
            94218.17985701545,
            3199181.10945883
          ],
          [
            94174.54403456704,
            3199266.292611662
          ],
          [
            94195.78437799559,
            3199348.3039009115
          ],
          [
            94230.86536742678,
            3199434.213396821
          ],
          [
            94284.77824987684,
            3199512.3015373265
          ],
          [
            94298.74803976754,
            3199608.1490409365
          ],
          [
            94347.47217826537,
            3199686.5922651542
          ],
          [
            94349.85426962828,
            3199786.5270729796
          ],
          [
            94349.82122023703,
            3199886.5251872856
          ],
          [
            94362.6690871034,
            3199981.0463025123
          ],
          [
            94404.94182395346,
            3200067.494636646
          ],
          [
            94457.977118734,
            3200149.503542469
          ],
          [
            94514.63097061316,
            3200227.1570651033
          ],
          [
            94525.22341936064,
            3200325.395724409
          ],
          [
            94524.84065970113,
            3200425.3869935926
          ],
          [
            94529.3262108706,
            3200525.2768383212
          ],
          [
            94510.84300194854,
            3200620.4573211935
          ],
          [
            94491.46363564006,
            3200715.2456977502
          ],
          [
            94470.80975820952,
            3200810.543519478
          ],
          [
            94459.39524287946,
            3200882.1367822206
          ],
          [
            94534.43289855965,
            3200938.1952285278
          ],
          [
            94518.83382593236,
            3201024.0088704033
          ],
          [
            94453.70638162919,
            3201099.731554589
          ],
          [
            94381.08002786178,
            3201166.4679726767
          ],
          [
            94305.41290410805,
            3201230.948688012
          ],
          [
            94237.27500987999,
            3201303.970688586
          ],
          [
            94170.01354103364,
            3201377.8086624215
          ],
          [
            94093.43648393068,
            3201440.7897288715
          ],
          [
            94011.53921388986,
            3201494.150659278
          ],
          [
            93926.56582753341,
            3201543.8438840476
          ],
          [
            93835.21514889634,
            3201583.9894458195
          ],
          [
            93751.5903921238,
            3201638.218134411
          ],
          [
            93675.77858790122,
            3201703.3852154813
          ],
          [
            93603.39697983846,
            3201772.308830296
          ],
          [
            93530.9583671096,
            3201841.1403592615
          ],
          [
            93450.09778818245,
            3201899.2367610773
          ],
          [
            93361.04961585745,
            3201941.190895459
          ],
          [
            93271.46427889826,
            3201980.782717046
          ],
          [
            93183.08452876829,
            3202026.5715807164
          ],
          [
            93096.7604924547,
            3202074.3888120367
          ],
          [
            92998.94854590738,
            3202090.420073362
          ],
          [
            92913.7325009162,
            3202109.694995001
          ],
          [
            92934.22167812934,
            3202197.1353488923
          ],
          [
            92876.56450139625,
            3202270.690412882
          ],
          [
            92911.31430508518,
            3202358.230994606
          ],
          [
            92937.84001135446,
            3202453.2687266017
          ],
          [
            92942.196177472,
            3202553.1286481
          ],
          [
            92986.2074081777,
            3202637.752911008
          ],
          [
            92998.68394905193,
            3202736.4708764716
          ],
          [
            93040.70539758269,
            3202824.406055372
          ],
          [
            93085.167816924,
            3202912.6320737083
          ],
          [
            93126.31925917794,
            3203001.0143371704
          ],
          [
            93193.95703311749,
            3203073.836421144
          ],
          [
            93256.43232693682,
            3203149.423820414
          ],
          [
            93331.81915328797,
            3203128.8802235713
          ],
          [
            93422.1001591508,
            3203153.975075619
          ],
          [
            93499.87814776003,
            3203212.6885059713
          ],
          [
            93493.97900083297,
            3203305.710477295
          ],
          [
            93521.73461607173,
            3203398.3710221136
          ],
          [
            93575.61570638818,
            3203479.4632966686
          ],
          [
            93665.50971067614,
            3203503.5634891647
          ],
          [
            93740.576513778,
            3203539.930224071
          ],
          [
            93790.41329154154,
            3203626.2670049006
          ],
          [
            93768.72287876875,
            3203692.6877600965
          ],
          [
            93700.59782363428,
            3203712.387965612
          ],
          [
            93749.38171076705,
            3203795.1291380175
          ],
          [
            93810.8007154778,
            3203870.857303033
          ],
          [
            93829.65836254916,
            3203968.5381807033
          ],
          [
            93859.06717459731,
            3203966.1301295
          ],
          [
            93894.15987965325,
            3203945.5074160155
          ],
          [
            93905.86342353022,
            3204044.7278416567
          ],
          [
            93909.28392780836,
            3204144.528088287
          ],
          [
            93910.05362337138,
            3204244.5225301664
          ],
          [
            93890.9535383739,
            3204340.4149233247
          ],
          [
            93879.69445964484,
            3204438.303754745
          ],
          [
            93841.65221609508,
            3204527.6930748313
          ],
          [
            93841.58517241411,
            3204627.6727926745
          ],
          [
            93846.47674660503,
            3204727.5181009183
          ],
          [
            93853.46758725293,
            3204827.2296921914
          ],
          [
            93896.93930627462,
            3204915.33789842
          ],
          [
            93910.93016011236,
            3205013.7877632016
          ],
          [
            93959.61341252517,
            3205099.7547166073
          ],
          [
            93963.80210448819,
            3205197.712845788
          ],
          [
            93922.97298946528,
            3205281.354653992
          ],
          [
            93920.16998072632,
            3205381.2711573658
          ],
          [
            93949.81988634312,
            3205462.9444095483
          ],
          [
            93986.32744964436,
            3205386.2628685636
          ],
          [
            93995.96126300581,
            3205327.9185720156
          ],
          [
            94000.04925503444,
            3205427.7705898657
          ],
          [
            94010.2978403519,
            3205527.047706652
          ],
          [
            93950.01154375046,
            3205591.722793286
          ],
          [
            93932.30930656807,
            3205683.4238990773
          ],
          [
            93937.03407701087,
            3205783.301180732
          ],
          [
            93986.97035927263,
            3205865.237841991
          ],
          [
            93993.43730460855,
            3205963.137429576
          ],
          [
            94000.16428008376,
            3206062.846719611
          ],
          [
            94026.14922473149,
            3206156.4328144714
          ],
          [
            94067.63958574791,
            3206245.116970895
          ],
          [
            94113.90473123036,
            3206330.7259112797
          ],
          [
            94165.18278282201,
            3206413.9552018647
          ],
          [
            94185.78140216891,
            3206510.267660404
          ],
          [
            94253.84636171968,
            3206582.849395388
          ],
          [
            94298.57519190366,
            3206669.1775278607
          ],
          [
            94348.1456204954,
            3206752.506167258
          ],
          [
            94409.96337738188,
            3206828.885233039
          ],
          [
            94484.24295368891,
            3206895.213309723
          ],
          [
            94526.42827674565,
            3206981.978612439
          ],
          [
            94498.94978482342,
            3207072.8526529847
          ],
          [
            94510.85143905139,
            3207157.16319345
          ],
          [
            94547.74519732958,
            3207246.606647473
          ],
          [
            94588.44904926652,
            3207331.8707225984
          ],
          [
            94638.77211468847,
            3207413.7423951626
          ],
          [
            94683.29795934004,
            3207499.118259194
          ],
          [
            94721.4947322822,
            3207587.6119153504
          ],
          [
            94749.70788487549,
            3207680.2672031084
          ],
          [
            94802.27817107776,
            3207760.1611070586
          ],
          [
            94849.17199367439,
            3207839.04283014
          ],
          [
            94918.21364088674,
            3207896.46076809
          ],
          [
            94976.39539689438,
            3207974.081015012
          ],
          [
            95019.3063859656,
            3208059.761469381
          ],
          [
            95088.16204325497,
            3208130.1900361595
          ],
          [
            95108.21229824153,
            3208226.8395893266
          ],
          [
            95162.31487721838,
            3208306.1991961277
          ],
          [
            95159.28254194694,
            3208406.023273636
          ],
          [
            95177.53189236854,
            3208503.601469684
          ],
          [
            95186.02279506183,
            3208602.904032696
          ],
          [
            95221.61284881725,
            3208691.876264855
          ],
          [
            95280.35174395541,
            3208770.4210110568
          ],
          [
            95292.0242370323,
            3208869.6742973607
          ],
          [
            95299.2145445442,
            3208969.397918323
          ],
          [
            95283.35540452517,
            3209065.2426181794
          ],
          [
            95254.44512522276,
            3209156.647941381
          ],
          [
            95255.17824198845,
            3209256.5813456415
          ],
          [
            95220.62372010716,
            3209344.7835668772
          ],
          [
            95214.12957609803,
            3209441.125904572
          ],
          [
            95219.96875470597,
            3209540.9496317017
          ],
          [
            95245.5159136766,
            3209632.645812671
          ],
          [
            95282.54813477556,
            3209721.371006737
          ],
          [
            95284.33709884736,
            3209821.3358829636
          ],
          [
            95284.55610949575,
            3209921.3301450713
          ],
          [
            95290.89303361421,
            3210021.0822635833
          ],
          [
            95316.33404535534,
            3210115.7307566665
          ],
          [
            95307.54514010865,
            3210203.731601889
          ],
          [
            95307.11247564256,
            3210303.701683598
          ],
          [
            95249.51612863842,
            3210372.9965064875
          ],
          [
            95247.82533670627,
            3210472.3352617184
          ],
          [
            95251.46654449719,
            3210572.129591693
          ],
          [
            95283.22758973099,
            3210661.4651594115
          ],
          [
            95304.1979034779,
            3210756.904695371
          ],
          [
            95314.01057102875,
            3210851.587543882
          ],
          [
            95271.49423231199,
            3210938.8000148237
          ],
          [
            95300.61508477254,
            3211029.1264086976
          ],
          [
            95328.79475377579,
            3211122.3732389803
          ],
          [
            95332.60927491362,
            3211222.1075571235
          ],
          [
            95367.58633884396,
            3211310.7505752705
          ],
          [
            95386.95873398594,
            3211408.5762295593
          ],
          [
            95397.35955518535,
            3211507.880731425
          ],
          [
            95415.19732701514,
            3211603.874821853
          ],
          [
            95452.94953160548,
            3211693.400605525
          ],
          [
            95496.68380386244,
            3211771.057476632
          ],
          [
            95521.93639935789,
            3211863.6954600965
          ],
          [
            95485.85785765974,
            3211953.3638551594
          ],
          [
            95496.73521881114,
            3212034.600219808
          ],
          [
            95536.08060345368,
            3212120.8958333293
          ],
          [
            95606.56350742883,
            3212190.1839225474
          ],
          [
            95672.72713373261,
            3212264.2715131957
          ],
          [
            95716.57178261696,
            3212351.6298490926
          ],
          [
            95743.96440026001,
            3212446.4479084257
          ],
          [
            95766.05927263985,
            3212541.1628462756
          ],
          [
            95859.62489845438,
            3212557.156640423
          ],
          [
            95919.00325818504,
            3212610.620683343
          ],
          [
            95969.68110305998,
            3212695.4660623358
          ],
          [
            96028.63399488672,
            3212770.6400956567
          ],
          [
            96095.7293589631,
            3212844.5571909864
          ],
          [
            96163.64608951402,
            3212917.6004278804
          ],
          [
            96232.47865543701,
            3212989.4427625006
          ],
          [
            96289.0114417229,
            3213070.4775468376
          ],
          [
            96325.7452168704,
            3213160.927776954
          ],
          [
            96361.01398760053,
            3213254.1151750903
          ],
          [
            96403.39859990988,
            3213344.5122163263
          ],
          [
            96450.05401402517,
            3213432.951685568
          ],
          [
            96508.28822257454,
            3213513.156483304
          ],
          [
            96575.44637274132,
            3213585.9664670704
          ],
          [
            96627.83317496514,
            3213666.428744775
          ],
          [
            96660.26185593192,
            3213758.567575395
          ],
          [
            96689.8826505249,
            3213849.8807865153
          ],
          [
            96704.1244356791,
            3213948.2644903464
          ],
          [
            96756.49717870618,
            3214032.8044932466
          ],
          [
            96788.66175954425,
            3214126.7464613128
          ],
          [
            96821.38758378504,
            3214221.220140285
          ],
          [
            96864.36868685031,
            3214310.9723481205
          ],
          [
            96933.5543877572,
            3214382.6022376805
          ],
          [
            97007.9359102738,
            3214445.186056483
          ],
          [
            97067.37585760621,
            3214523.636849899
          ],
          [
            97083.97388412232,
            3214620.96870985
          ],
          [
            97097.59524034649,
            3214719.8892994667
          ],
          [
            97157.54193229256,
            3214780.607477018
          ],
          [
            97166.21765365535,
            3214879.611856703
          ],
          [
            97167.94684442665,
            3214979.5324596036
          ],
          [
            97160.41900479364,
            3215077.2660975996
          ],
          [
            97158.4075511652,
            3215176.3886677367
          ],
          [
            97181.68487048284,
            3215271.031242782
          ],
          [
            97185.34727761443,
            3215370.5686562303
          ],
          [
            97132.65558677368,
            3215447.462873268
          ],
          [
            97124.33672534386,
            3215541.46540588
          ],
          [
            97184.18465187438,
            3215616.8067740873
          ],
          [
            97194.20391325894,
            3215714.737133286
          ],
          [
            97184.1420198646,
            3215811.282231583
          ],
          [
            97164.28460957872,
            3215898.3503475487
          ],
          [
            97185.65305572149,
            3215982.839484984
          ],
          [
            97144.06975401111,
            3216071.2214441886
          ],
          [
            97149.1397512428,
            3216169.9850378083
          ],
          [
            97148.28094023433,
            3216269.501293217
          ],
          [
            97162.69205129513,
            3216368.2869470646
          ],
          [
            97144.49885142225,
            3216464.8794357725
          ],
          [
            97125.4619555023,
            3216561.3262009476
          ],
          [
            97071.02889228996,
            3216644.8258013166
          ],
          [
            97037.4388257374,
            3216736.26931852
          ],
          [
            96986.79037414087,
            3216820.29660495
          ],
          [
            96941.40630785903,
            3216905.778406166
          ],
          [
            96895.08690095271,
            3216992.0610954994
          ],
          [
            96860.03125474327,
            3217081.0367716895
          ],
          [
            96795.08434173526,
            3217156.545263957
          ],
          [
            96723.85449450227,
            3217226.698112807
          ],
          [
            96663.19631781246,
            3217305.9957875726
          ],
          [
            96609.58944008031,
            3217390.3723191945
          ],
          [
            96543.21581643453,
            3217464.133667786
          ],
          [
            96469.23444631895,
            3217528.7259520856
          ],
          [
            96398.1993304875,
            3217598.4873933345
          ],
          [
            96325.12941049667,
            3217663.855264243
          ],
          [
            96244.99246922802,
            3217718.9671729533
          ],
          [
            96168.95214748998,
            3217778.9239757303
          ],
          [
            96093.9805640126,
            3217841.928687173
          ],
          [
            96024.98766493566,
            3217897.967241778
          ],
          [
            95971.60411573065,
            3217969.8747157026
          ],
          [
            95942.38114486884,
            3218061.576025978
          ],
          [
            95954.0944515459,
            3218157.4324453557
          ],
          [
            96034.20037586708,
            3218206.4839946297
          ],
          [
            96114.58577376702,
            3218257.207956794
          ],
          [
            96134.14414724245,
            3218352.1810450926
          ],
          [
            96155.79881674999,
            3218446.431996765
          ],
          [
            96224.41039828156,
            3218458.1918667294
          ],
          [
            96190.56529280955,
            3218549.58758352
          ],
          [
            96230.83518614649,
            3218629.662318312
          ],
          [
            96235.11818553017,
            3218728.528203998
          ],
          [
            96210.95998943393,
            3218818.456134646
          ],
          [
            96182.96483238578,
            3218907.757596972
          ],
          [
            96155.03889292249,
            3218998.755690591
          ],
          [
            96199.86383980443,
            3219078.2472320194
          ],
          [
            96212.74800669056,
            3219176.6193034044
          ],
          [
            96247.39830542867,
            3219264.3872573045
          ],
          [
            96303.17115419146,
            3219345.5539135165
          ],
          [
            96368.3965708823,
            3219411.0905712913
          ],
          [
            96422.02600891441,
            3219492.052016544
          ],
          [
            96489.5063665133,
            3219505.7750440794
          ],
          [
            96498.94371150555,
            3219598.361126622
          ],
          [
            96518.61294416152,
            3219695.1766788885
          ],
          [
            96568.01735439224,
            3219780.1188238943
          ],
          [
            96588.45726309686,
            3219876.1880355426
          ],
          [
            96596.50990769197,
            3219975.742389558
          ],
          [
            96624.48718007306,
            3220069.130816234
          ],
          [
            96599.61369294095,
            3220163.919853879
          ],
          [
            96601.68349397226,
            3220263.6228423608
          ],
          [
            96652.3356764492,
            3220347.2663639113
          ],
          [
            96674.37765744627,
            3220443.2234606
          ],
          [
            96720.2436139887,
            3220529.58253788
          ],
          [
            96753.29743649848,
            3220616.9865802824
          ],
          [
            96823.54032976207,
            3220674.7904871507
          ],
          [
            96868.87944171797,
            3220762.3237603637
          ],
          [
            96916.8149567341,
            3220848.854325748
          ],
          [
            96982.61821140662,
            3220923.122772718
          ],
          [
            97035.9558576984,
            3221006.456128854
          ],
          [
            97104.4152422088,
            3221077.080012552
          ],
          [
            97170.88553055555,
            3221133.2643960146
          ],
          [
            97255.33499423627,
            3221173.4685600125
          ],
          [
            97329.79607918281,
            3221239.569427742
          ],
          [
            97405.60629060435,
            3221298.826884295
          ],
          [
            97490.35416086877,
            3221349.30601093
          ],
          [
            97565.13213380336,
            3221415.326007269
          ],
          [
            97645.66495120763,
            3221470.5406519016
          ],
          [
            97676.62909946321,
            3221561.938608493
          ],
          [
            97738.44157377456,
            3221637.699291722
          ],
          [
            97786.93265622236,
            3221721.9910045024
          ],
          [
            97839.71010983291,
            3221804.849827705
          ],
          [
            97862.54604390662,
            3221901.2080562864
          ],
          [
            97932.80291804303,
            3221972.023749797
          ],
          [
            98003.34361295443,
            3222042.667643778
          ],
          [
            98051.40369669853,
            3222127.448098412
          ],
          [
            98123.57468885204,
            3222196.2725468506
          ],
          [
            98217.66538325853,
            3222206.661575613
          ],
          [
            98250.74465281669,
            3222293.9876960074
          ],
          [
            98248.18068695412,
            3222391.215371699
          ],
          [
            98266.15364102193,
            3222482.3174698222
          ],
          [
            98337.56228864189,
            3222551.8374513686
          ],
          [
            98385.53015021115,
            3222637.062169503
          ],
          [
            98424.3724318668,
            3222727.237557219
          ],
          [
            98493.7429147695,
            3222797.892213911
          ],
          [
            98534.69378723929,
            3222885.375423321
          ],
          [
            98620.84186426224,
            3222927.5081010223
          ],
          [
            98637.37691622536,
            3223024.576370322
          ],
          [
            98617.72037874965,
            3223116.30523571
          ],
          [
            98584.41021894354,
            3223203.472794945
          ],
          [
            98560.31248940477,
            3223296.042491714
          ],
          [
            98523.42047832278,
            3223385.3526092386
          ],
          [
            98522.54679516553,
            3223485.2077898006
          ],
          [
            98521.15158995838,
            3223585.159837157
          ],
          [
            98491.96788146901,
            3223674.430491275
          ],
          [
            98488.25300576868,
            3223773.7429986135
          ],
          [
            98486.27992142233,
            3223873.2247619447
          ],
          [
            98482.01607697252,
            3223970.3721495084
          ],
          [
            98460.02756767596,
            3224060.6542243534
          ],
          [
            98487.12026232808,
            3224148.609079382
          ],
          [
            98424.80543176286,
            3224219.099952932
          ],
          [
            98452.56875347081,
            3224307.8490463337
          ],
          [
            98478.6040458329,
            3224402.7997012567
          ],
          [
            98522.09443293352,
            3224488.8402653146
          ],
          [
            98565.86761370447,
            3224573.2196679045
          ],
          [
            98593.51330834591,
            3224667.0171585744
          ],
          [
            98643.60637486666,
            3224749.1840345436
          ],
          [
            98727.0977840581,
            3224774.1939517856
          ],
          [
            98753.67470542417,
            3224865.8568552826
          ],
          [
            98754.04134443161,
            3224965.8539317213
          ],
          [
            98735.15867955527,
            3225060.654022295
          ],
          [
            98751.67216708722,
            3225154.070993584
          ],
          [
            98759.80955030934,
            3225253.1386022535
          ],
          [
            98750.0552466771,
            3225334.6367851645
          ],
          [
            98727.81206288977,
            3225421.425403173
          ],
          [
            98748.57782995266,
            3225513.8889784366
          ],
          [
            98779.81648687758,
            3225604.752283893
          ],
          [
            98788.9269615619,
            3225704.3346572486
          ],
          [
            98795.75765517136,
            3225803.6304943124
          ],
          [
            98839.63016862654,
            3225890.9682933344
          ],
          [
            98888.64384675641,
            3225974.272130249
          ],
          [
            98933.25194936535,
            3226061.9117437084
          ],
          [
            98969.80752216265,
            3226152.8383877357
          ],
          [
            99038.11847765633,
            3226225.6290965755
          ],
          [
            99099.74323509236,
            3226302.911387931
          ],
          [
            99122.69873591693,
            3226399.7357324352
          ],
          [
            99190.19327205852,
            3226472.5571817206
          ],
          [
            99253.9015754267,
            3226540.004937989
          ],
          [
            99245.37488852997,
            3226636.7739925897
          ],
          [
            99207.52278203469,
            3226727.8752366886
          ],
          [
            99167.06458600612,
            3226816.5406949553
          ],
          [
            99109.54478640598,
            3226883.4057014114
          ],
          [
            99052.38432577581,
            3226964.265058781
          ],
          [
            99006.84019889051,
            3227047.4055968476
          ],
          [
            99000.49428716383,
            3227145.5245548096
          ],
          [
            98999.13365361643,
            3227245.495186149
          ],
          [
            98964.66235501143,
            3227335.5890780455
          ],
          [
            99004.43621525439,
            3227422.985778874
          ],
          [
            99018.43143211081,
            3227521.712920723
          ],
          [
            99064.5894278615,
            3227606.4890962094
          ],
          [
            99124.48153139843,
            3227681.6197562004
          ],
          [
            99148.24721893141,
            3227777.8418488223
          ],
          [
            99188.2037710227,
            3227866.644024687
          ],
          [
            99200.83175295222,
            3227965.8323796056
          ],
          [
            99219.94351174973,
            3228059.11993219
          ],
          [
            99272.4484829855,
            3228141.854637056
          ],
          [
            99304.11558711082,
            3228233.984334974
          ],
          [
            99313.93369833851,
            3228333.3638687422
          ],
          [
            99367.62690062408,
            3228415.3087073723
          ],
          [
            99418.21648679572,
            3228496.3492911863
          ],
          [
            99471.55027999771,
            3228570.4586976003
          ],
          [
            99504.52431097804,
            3228660.9102514186
          ],
          [
            99508.38894880122,
            3228759.984747362
          ],
          [
            99475.80986579083,
            3228852.9178663413
          ],
          [
            99442.35133958924,
            3228945.6974528693
          ],
          [
            99471.1474621539,
            3229037.856937245
          ],
          [
            99487.16160119357,
            3229134.3006670983
          ],
          [
            99508.72628090653,
            3229226.672964913
          ],
          [
            99533.47765663141,
            3229321.0577143016
          ],
          [
            99564.09711901312,
            3229413.181695
          ],
          [
            99596.89726745128,
            3229506.4852269855
          ],
          [
            99613.59355920849,
            3229604.721619198
          ],
          [
            99630.5120818194,
            3229701.521288338
          ],
          [
            99677.87135538632,
            3229787.647748071
          ],
          [
            99726.94619865704,
            3229872.7814741596
          ],
          [
            99772.9982893974,
            3229958.682580725
          ],
          [
            99782.33862322618,
            3230057.985542509
          ],
          [
            99804.06715768488,
            3230155.205154441
          ],
          [
            99805.40229735048,
            3230255.1768160714
          ],
          [
            99777.92637169827,
            3230347.852261037
          ],
          [
            99755.71130811144,
            3230444.0010168995
          ],
          [
            99760.83616253689,
            3230542.3640243006
          ],
          [
            99743.14450505335,
            3230639.6099087493
          ],
          [
            99715.1792850494,
            3230731.2223473615
          ],
          [
            99744.91191834441,
            3230817.258836107
          ],
          [
            99825.44466443498,
            3230874.890941692
          ],
          [
            99905.31731725787,
            3230932.3989111744
          ],
          [
            99988.50101311805,
            3230982.5166846258
          ],
          [
            100075.29504956513,
            3231021.248383016
          ],
          [
            100159.08397243691,
            3231066.1526311673
          ],
          [
            100229.658281871,
            3231136.9877829487
          ],
          [
            100314.51240993041,
            3231179.7491706014
          ],
          [
            100391.9208444379,
            3231235.177141053
          ],
          [
            100471.92132577038,
            3231285.347838314
          ],
          [
            100559.03804868128,
            3231319.0913691414
          ],
          [
            100647.30697822003,
            3231353.6546530053
          ],
          [
            100723.7466935589,
            3231414.837119755
          ],
          [
            100792.95346765383,
            3231486.9310050895
          ],
          [
            100827.06875397748,
            3231575.353354971
          ],
          [
            100800.0605539483,
            3231667.272172521
          ],
          [
            100789.63281356517,
            3231754.2248627557
          ],
          [
            100876.55959339593,
            3231784.1587105514
          ],
          [
            100894.11461200973,
            3231879.342800708
          ],
          [
            100907.42113537774,
            3231977.741904231
          ],
          [
            100913.59980960746,
            3232077.516502253
          ],
          [
            100922.43334105685,
            3232176.8428868162
          ],
          [
            100896.51011809516,
            3232261.8487622086
          ],
          [
            100855.06021928179,
            3232346.7689862614
          ],
          [
            100879.92049447857,
            3232440.0302466284
          ],
          [
            100945.4515948281,
            3232515.0209876345
          ],
          [
            100893.93106962378,
            3232596.2677181377
          ],
          [
            100857.77150652655,
            3232685.62481981
          ],
          [
            100824.74659359499,
            3232776.5977149946
          ],
          [
            100861.75263599391,
            3232865.695409217
          ],
          [
            100907.48764788893,
            3232953.9287681975
          ],
          [
            100961.228611986,
            3233032.9248185297
          ],
          [
            101032.81696307709,
            3233097.554783551
          ],
          [
            101091.06685078486,
            3233175.4755513924
          ],
          [
            101101.67524600094,
            3233274.326457896
          ],
          [
            101091.31681868652,
            3233373.585790402
          ],
          [
            101086.19906307045,
            3233473.3789064675
          ],
          [
            101113.1361099189,
            3233567.3947794125
          ],
          [
            101172.2137130518,
            3233636.79482941
          ],
          [
            101216.94332028188,
            3233721.894433736
          ],
          [
            101207.09722649358,
            3233820.732322337
          ],
          [
            101268.28035160602,
            3233895.1038909485
          ],
          [
            101276.02509770931,
            3233993.730873241
          ],
          [
            101265.8524610265,
            3234093.2095685136
          ],
          [
            101226.37120218891,
            3234173.079439872
          ],
          [
            101154.25041255238,
            3234236.9780286583
          ],
          [
            101125.41580410762,
            3234331.3913700306
          ],
          [
            101094.18473998578,
            3234426.2065067254
          ],
          [
            101085.9574993372,
            3234523.5013208576
          ],
          [
            101117.04281956553,
            3234616.3524188683
          ],
          [
            101106.49350773358,
            3234695.9570902428
          ],
          [
            101201.32857390083,
            3234721.46949202
          ],
          [
            101287.49662721343,
            3234769.06846561
          ],
          [
            101332.6851799508,
            3234855.067453491
          ],
          [
            101333.72169043904,
            3234953.614758377
          ],
          [
            101292.62936554673,
            3235041.8590807603
          ],
          [
            101239.05833963871,
            3235122.890568018
          ],
          [
            101216.91298397542,
            3235220.2657933645
          ],
          [
            101222.73239949098,
            3235318.9715858893
          ],
          [
            101281.02930161993,
            3235396.644679726
          ],
          [
            101312.368707757,
            3235490.8134751427
          ],
          [
            101377.02001955065,
            3235549.3394688265
          ],
          [
            101413.49492228829,
            3235621.222489863
          ],
          [
            101457.63501806506,
            3235707.9952749624
          ],
          [
            101516.2769272417,
            3235784.935563388
          ],
          [
            101602.71448432551,
            3235830.8743668953
          ],
          [
            101657.56112175714,
            3235910.480559615
          ],
          [
            101707.52759129385,
            3235996.3208626257
          ],
          [
            101746.91364604984,
            3236083.9664604245
          ],
          [
            101759.57050366915,
            3236171.090095923
          ],
          [
            101857.85396636705,
            3236177.3988329936
          ],
          [
            101954.39867011942,
            3236191.4949983773
          ],
          [
            102045.26588341914,
            3236222.9539196766
          ],
          [
            102140.91080505012,
            3236237.8970863507
          ],
          [
            102228.37071938025,
            3236267.7549252263
          ],
          [
            102316.37732425444,
            3236267.497766198
          ],
          [
            102387.25459059546,
            3236332.804494053
          ],
          [
            102420.36383293536,
            3236419.6624422073
          ],
          [
            102501.74284933618,
            3236467.78003413
          ],
          [
            102528.07630016183,
            3236552.75944072
          ],
          [
            102497.72387022887,
            3236645.2170312554
          ],
          [
            102462.18693369828,
            3236736.367521787
          ],
          [
            102429.28812144023,
            3236828.5872298195
          ],
          [
            102345.0171050043,
            3236878.9121852033
          ],
          [
            102263.6896306513,
            3236936.291396061
          ],
          [
            102235.00649503944,
            3237006.8110495224
          ],
          [
            102330.63481691784,
            3237018.930464223
          ],
          [
            102395.44859381569,
            3237083.713361057
          ],
          [
            102437.60122440929,
            3237172.8757235026
          ],
          [
            102480.50848716963,
            3237256.1829699343
          ],
          [
            102570.64893297429,
            3237230.7332013557
          ],
          [
            102665.93865751414,
            3237204.4752914035
          ],
          [
            102762.5819766744,
            3237211.9646937097
          ],
          [
            102830.76770153009,
            3237282.3469918566
          ],
          [
            102865.00047819303,
            3237373.6871882626
          ],
          [
            102842.00489281556,
            3237470.6268832125
          ],
          [
            102812.5398988692,
            3237566.144574309
          ],
          [
            102804.17168090845,
            3237665.114962184
          ],
          [
            102854.82073958039,
            3237747.1161976354
          ],
          [
            102949.93964923089,
            3237767.9340991173
          ],
          [
            103034.97915193975,
            3237719.3861745875
          ],
          [
            103103.7051645245,
            3237646.827316016
          ],
          [
            103192.235918437,
            3237602.3329086537
          ],
          [
            103282.61303627373,
            3237631.47585821
          ],
          [
            103358.55755785298,
            3237695.779221572
          ],
          [
            103362.13025756319,
            3237789.5872324435
          ],
          [
            103321.71497994389,
            3237877.6403116686
          ],
          [
            103283.38379903961,
            3237968.3148607817
          ],
          [
            103241.85554610257,
            3238059.109557259
          ],
          [
            103192.4893342386,
            3238145.548701413
          ],
          [
            103150.4402975523,
            3238232.4890986644
          ],
          [
            103089.90858507714,
            3238310.6706814095
          ],
          [
            103071.20902960995,
            3238404.920801958
          ],
          [
            103015.39943465842,
            3238486.558959957
          ],
          [
            103012.091781979,
            3238575.6632669647
          ],
          [
            103036.17188238556,
            3238671.8084122455
          ],
          [
            103024.98958180791,
            3238767.7569202054
          ],
          [
            103045.63837056018,
            3238861.279881747
          ],
          [
            103058.36507360124,
            3238959.413003042
          ],
          [
            103029.24058153406,
            3239052.282230479
          ],
          [
            102989.3131958565,
            3239141.9359137714
          ],
          [
            102894.4997362007,
            3239167.978715754
          ],
          [
            102856.3699580716,
            3239233.5368882096
          ],
          [
            102813.0451908723,
            3239321.934770996
          ],
          [
            102807.0678973063,
            3239400.338810824
          ],
          [
            102845.29014039732,
            3239491.809358994
          ],
          [
            102892.17876980227,
            3239578.728406931
          ],
          [
            102921.76380079587,
            3239673.6839998662
          ],
          [
            102956.1188214404,
            3239767.406250415
          ],
          [
            102996.60050853614,
            3239856.1727589765
          ],
          [
            103076.65399073408,
            3239915.8210538602
          ],
          [
            103148.62743698507,
            3239984.217748995
          ],
          [
            103194.77253720044,
            3240072.2337163007
          ],
          [
            103242.88565835383,
            3240159.815220998
          ],
          [
            103304.03222253834,
            3240238.5128134033
          ],
          [
            103304.96328847152,
            3240327.5926025887
          ],
          [
            103264.52893544885,
            3240408.419670627
          ],
          [
            103356.05882655321,
            3240389.086570257
          ],
          [
            103451.81937472112,
            3240386.3644011673
          ],
          [
            103533.69541244957,
            3240329.2241599895
          ],
          [
            103632.68696479389,
            3240317.916212196
          ],
          [
            103732.66580172337,
            3240316.719822276
          ],
          [
            103832.65204089982,
            3240317.522622652
          ],
          [
            103930.70485596357,
            3240300.4660568126
          ],
          [
            104024.40762835073,
            3240323.5385692976
          ],
          [
            104119.37071966165,
            3240338.6658893246
          ],
          [
            104198.91779105338,
            3240394.4695599945
          ],
          [
            104283.4143363529,
            3240442.8483869373
          ],
          [
            104374.70172226235,
            3240471.6834756588
          ],
          [
            104468.24491566479,
            3240498.057153017
          ],
          [
            104568.0828490548,
            3240503.2053221525
          ],
          [
            104662.28788092251,
            3240525.703478322
          ],
          [
            104723.88600740378,
            3240600.7031529364
          ],
          [
            104795.20808932003,
            3240651.577208721
          ],
          [
            104867.90114857473,
            3240719.799631827
          ],
          [
            104937.08519522611,
            3240788.4556839857
          ],
          [
            104952.33538857866,
            3240885.3461879822
          ],
          [
            105051.46216543631,
            3240894.2143731616
          ],
          [
            105115.61529195277,
            3240961.285823612
          ],
          [
            105179.09045199036,
            3241005.683478918
          ],
          [
            105252.17786312067,
            3240956.979719738
          ],
          [
            105346.33039577396,
            3240985.3303479594
          ],
          [
            105422.81448637607,
            3241047.54601744
          ],
          [
            105506.76445694122,
            3241092.8514201627
          ],
          [
            105534.69240935922,
            3241186.684370729
          ],
          [
            105593.19492582112,
            3241265.179857564
          ],
          [
            105658.83974985595,
            3241340.346513993
          ],
          [
            105706.11528419396,
            3241426.7202035547
          ],
          [
            105701.46321150326,
            3241526.3971485137
          ],
          [
            105684.8764401271,
            3241624.9910492124
          ],
          [
            105664.31608239148,
            3241722.8497424703
          ],
          [
            105649.30614751682,
            3241821.689158307
          ],
          [
            105640.5982018017,
            3241921.295560822
          ],
          [
            105592.47184159614,
            3241999.233175918
          ],
          [
            105511.58510273653,
            3242055.312507771
          ],
          [
            105418.25582131771,
            3242064.061590232
          ],
          [
            105320.1447641257,
            3242076.5868347962
          ],
          [
            105245.5849126952,
            3242131.81713171
          ],
          [
            105299.74161148538,
            3242204.7366069434
          ],
          [
            105375.02611623441,
            3242269.4764278233
          ],
          [
            105441.6103620953,
            3242343.4849475813
          ],
          [
            105509.55426476325,
            3242416.8284104182
          ],
          [
            105583.63671793221,
            3242482.693994918
          ],
          [
            105671.79688360731,
            3242527.9467942794
          ],
          [
            105757.5382315643,
            3242577.7768356293
          ],
          [
            105794.20076992614,
            3242667.752806424
          ],
          [
            105811.88656846219,
            3242764.324771397
          ],
          [
            105761.16985493962,
            3242828.79291939
          ],
          [
            105716.76095865396,
            3242908.2359029287
          ],
          [
            105669.16340339628,
            3242993.4925626526
          ],
          [
            105664.83144400183,
            3243087.099537059
          ],
          [
            105630.7887387608,
            3243179.784884595
          ],
          [
            105626.78934745314,
            3243279.11286011
          ],
          [
            105629.64866195963,
            3243377.4430283797
          ],
          [
            105659.85662794295,
            3243468.7582027586
          ],
          [
            105648.48193810492,
            3243564.548402712
          ],
          [
            105604.82332301236,
            3243647.7788078543
          ],
          [
            105646.54353038159,
            3243718.652600127
          ],
          [
            105592.63300399105,
            3243784.041543964
          ],
          [
            105573.34567171588,
            3243876.817075833
          ],
          [
            105538.9425792576,
            3243967.947770412
          ],
          [
            105507.37208499158,
            3244058.33071953
          ],
          [
            105519.10564888523,
            3244155.3711331845
          ],
          [
            105575.51516383892,
            3244237.0961702117
          ],
          [
            105546.53744437397,
            3244329.6792913717
          ],
          [
            105457.83539894891,
            3244372.5949418326
          ],
          [
            105371.81041558213,
            3244422.681003492
          ],
          [
            105292.13180689207,
            3244482.7844305737
          ],
          [
            105221.03984829152,
            3244552.7153194332
          ],
          [
            105167.48717200277,
            3244636.5753216743
          ],
          [
            105124.68412969366,
            3244725.83091324
          ],
          [
            105083.29888421034,
            3244814.4001637073
          ],
          [
            105083.10596783257,
            3244913.373730609
          ],
          [
            105089.3439969165,
            3245013.0190176847
          ],
          [
            105105.67023342631,
            3245111.4091420914
          ],
          [
            105090.27805372715,
            3245207.4002763084
          ],
          [
            105109.34605520683,
            3245303.439458619
          ],
          [
            105099.8051187897,
            3245400.6087253457
          ],
          [
            105108.65465850617,
            3245495.654367064
          ],
          [
            105087.11823344411,
            3245591.136568583
          ],
          [
            105085.61969626893,
            3245690.742350916
          ],
          [
            105032.11477322379,
            3245772.6254689908
          ],
          [
            105033.25214308819,
            3245872.4564494193
          ],
          [
            105024.02420324921,
            3245970.5608684784
          ],
          [
            105025.01106988644,
            3246070.485494427
          ],
          [
            104998.84998097524,
            3246162.528918706
          ],
          [
            104973.58183023034,
            3246253.340816176
          ],
          [
            104943.48396266814,
            3246345.815367892
          ],
          [
            104940.14640111101,
            3246445.603801285
          ],
          [
            104909.13422859911,
            3246538.5028496925
          ],
          [
            104879.33010209016,
            3246630.979270297
          ],
          [
            104881.66838686982,
            3246730.9398743734
          ],
          [
            104884.18895028908,
            3246830.888693551
          ],
          [
            104889.22307485911,
            3246929.7574592014
          ],
          [
            104892.5642106255,
            3247025.403086656
          ],
          [
            104936.67358422946,
            3247114.1223073485
          ],
          [
            104988.86256238933,
            3247197.173009414
          ],
          [
            105078.30181020239,
            3247233.3419699953
          ],
          [
            105172.06202998641,
            3247238.699395028
          ],
          [
            105262.7120079877,
            3247274.2766486555
          ],
          [
            105289.59284098784,
            3247361.547322831
          ],
          [
            105308.96318569053,
            3247458.1254467443
          ],
          [
            105334.05898885922,
            3247553.359377496
          ],
          [
            105391.43970601955,
            3247634.45805269
          ],
          [
            105462.0750030378,
            3247702.798164169
          ],
          [
            105479.26399250524,
            3247796.6389230313
          ],
          [
            105424.95842577842,
            3247880.0665971357
          ],
          [
            105416.71278968314,
            3247973.0992758092
          ],
          [
            105449.16808957222,
            3248066.2845844436
          ],
          [
            105503.65945178556,
            3248120.497158489
          ],
          [
            105580.67220031697,
            3248180.2399948994
          ],
          [
            105657.49868889112,
            3248177.405038509
          ],
          [
            105745.19361130669,
            3248141.9456972117
          ],
          [
            105844.37543904566,
            3248133.940261321
          ],
          [
            105924.47873253426,
            3248180.137737707
          ],
          [
            106001.30811070093,
            3248211.6803356325
          ],
          [
            106094.53872651834,
            3248234.9064809484
          ],
          [
            106194.08661338857,
            3248238.5702543897
          ],
          [
            106293.93254330772,
            3248241.137550081
          ],
          [
            106393.76536086063,
            3248239.5601429236
          ],
          [
            106469.42400774531,
            3248210.9189832658
          ],
          [
            106520.36432191532,
            3248134.1241136505
          ],
          [
            106580.373734511,
            3248059.01361974
          ],
          [
            106676.43930296031,
            3248061.3361008735
          ],
          [
            106762.5975853375,
            3248110.672028803
          ],
          [
            106843.35181762515,
            3248169.6086189817
          ],
          [
            106923.43893588884,
            3248229.404893432
          ],
          [
            107000.5582466572,
            3248292.999989648
          ],
          [
            107074.5484136342,
            3248360.1954880785
          ],
          [
            107135.42604188585,
            3248439.3024180303
          ],
          [
            107156.54997672411,
            3248536.5644959128
          ],
          [
            107138.76211698071,
            3248633.4378541373
          ],
          [
            107127.64874395602,
            3248730.4505201513
          ],
          [
            107099.60400938362,
            3248820.288172992
          ],
          [
            107093.34894169493,
            3248918.4007506417
          ],
          [
            107070.08598736262,
            3249011.431730292
          ],
          [
            107068.66712934124,
            3249110.753703818
          ],
          [
            107053.16128960472,
            3249207.5717420387
          ],
          [
            107022.61378904038,
            3249300.4801569637
          ],
          [
            107004.01432241363,
            3249397.324652675
          ],
          [
            106983.5723352453,
            3249492.941712128
          ],
          [
            106940.55848114891,
            3249581.5938520487
          ],
          [
            106896.96682055709,
            3249668.560881415
          ],
          [
            106869.81327053173,
            3249762.98484371
          ],
          [
            106845.3486420797,
            3249858.9342099824
          ],
          [
            106863.61726596816,
            3249955.6741260737
          ],
          [
            106904.22825228098,
            3250043.5083593153
          ],
          [
            106881.86692888873,
            3250139.5335131823
          ],
          [
            106829.44495185287,
            3250224.3007699703
          ],
          [
            106811.92170315453,
            3250320.5410503317
          ],
          [
            106741.78262949148,
            3250390.5854344256
          ],
          [
            106668.26604460645,
            3250454.505431614
          ],
          [
            106619.2494206143,
            3250537.2221693257
          ],
          [
            106589.36884974368,
            3250629.6916784476
          ],
          [
            106581.10330948928,
            3250714.015806688
          ],
          [
            106590.03656512647,
            3250809.6715099933
          ],
          [
            106641.53716172063,
            3250888.771625604
          ],
          [
            106688.62191202254,
            3250970.17752467
          ],
          [
            106760.4683581446,
            3251039.300110343
          ],
          [
            106827.85802720164,
            3251113.051094604
          ],
          [
            106864.60369761493,
            3251204.3817346506
          ],
          [
            106878.26409493333,
            3251303.293618097
          ],
          [
            106889.72629929199,
            3251402.2551773586
          ],
          [
            106958.19635591062,
            3251472.6671287757
          ],
          [
            107006.38621795314,
            3251558.9185736636
          ],
          [
            107067.55839143193,
            3251635.404187813
          ],
          [
            107138.00317629839,
            3251694.6260299752
          ],
          [
            107218.75028162645,
            3251747.110468251
          ],
          [
            107303.63429893991,
            3251790.6742016636
          ],
          [
            107370.2528380554,
            3251865.1695186323
          ],
          [
            107361.83130377368,
            3251960.507922934
          ],
          [
            107309.61002959807,
            3252043.1300811297
          ],
          [
            107240.83766220878,
            3252115.5507924994
          ],
          [
            107185.81905268894,
            3252191.3380846
          ],
          [
            107123.06696473809,
            3252268.278276048
          ],
          [
            107058.8289090915,
            3252344.627490376
          ],
          [
            107022.62933776208,
            3252436.2521913094
          ],
          [
            106992.17501338133,
            3252509.822002629
          ],
          [
            107011.455000117,
            3252595.698780256
          ],
          [
            107047.22249886242,
            3252685.123574423
          ],
          [
            107124.0470141011,
            3252667.3856947506
          ],
          [
            107153.37241879235,
            3252761.265317287
          ],
          [
            107190.40134316009,
            3252851.162587445
          ],
          [
            107255.74047957105,
            3252925.3866115143
          ],
          [
            107296.72699998005,
            3253015.932754446
          ],
          [
            107354.48248986367,
            3253096.4559491584
          ],
          [
            107406.64339293094,
            3253179.8831260283
          ],
          [
            107456.77617628982,
            3253265.9227033034
          ],
          [
            107517.19272875144,
            3253341.8525833655
          ],
          [
            107570.48881904161,
            3253423.35070187
          ],
          [
            107594.1773392399,
            3253519.274452383
          ],
          [
            107653.43216402756,
            3253598.6727392348
          ],
          [
            107739.55031149945,
            3253646.0132045927
          ],
          [
            107825.09872162438,
            3253695.464754658
          ],
          [
            107900.4073524019,
            3253760.7810095414
          ],
          [
            107981.06287734315,
            3253817.2823139643
          ],
          [
            107967.62999937276,
            3253905.7816732316
          ],
          [
            107901.48607196199,
            3253980.356158784
          ],
          [
            107852.23865816758,
            3254063.724652443
          ],
          [
            107877.6026194083,
            3254158.044329515
          ],
          [
            107939.88395396281,
            3254228.3937744442
          ],
          [
            108026.37047665144,
            3254258.1643132875
          ],
          [
            108117.6387404399,
            3254283.9942304287
          ],
          [
            108211.92916858074,
            3254304.893205568
          ],
          [
            108297.72534689205,
            3254355.7100703595
          ],
          [
            108373.76216673567,
            3254417.8518758435
          ],
          [
            108398.89668379405,
            3254513.4395781425
          ],
          [
            108415.30898117565,
            3254611.73540793
          ],
          [
            108416.13543953195,
            3254711.726220496
          ],
          [
            108411.77918339794,
            3254811.6045615664
          ],
          [
            108400.5973992925,
            3254910.958140921
          ],
          [
            108395.18525623917,
            3255010.645717835
          ],
          [
            108405.84556512919,
            3255110.031742279
          ],
          [
            108420.29538066724,
            3255208.9819687405
          ],
          [
            108429.79755055183,
            3255308.323407043
          ],
          [
            108407.47447660324,
            3255405.4569750754
          ],
          [
            108400.83476617328,
            3255503.623605335
          ],
          [
            108318.80827281247,
            3255545.913304936
          ],
          [
            108218.94718666868,
            3255550.134696322
          ],
          [
            108131.02590877865,
            3255518.1363449614
          ],
          [
            108087.15803213805,
            3255489.0143707218
          ],
          [
            108113.10531730807,
            3255579.4009456425
          ],
          [
            108194.5732057545,
            3255612.7521528066
          ],
          [
            108287.91201152705,
            3255602.155542077
          ],
          [
            108366.97390451438,
            3255659.525812509
          ],
          [
            108446.67846893446,
            3255714.8564095474
          ],
          [
            108492.49119037093,
            3255802.0558044156
          ],
          [
            108498.22486560799,
            3255901.4485463914
          ],
          [
            108497.3717693286,
            3256001.4392282735
          ],
          [
            108497.20237094563,
            3256101.4352268633
          ],
          [
            108501.72763661061,
            3256201.3106519855
          ],
          [
            108515.82936158213,
            3256300.270939018
          ],
          [
            108535.55622278847,
            3256398.302302491
          ],
          [
            108558.34791021848,
            3256495.648941029
          ],
          [
            108562.25602499273,
            3256591.2953169243
          ],
          [
            108534.47366984165,
            3256653.4708228773
          ],
          [
            108603.92499473153,
            3256722.8137414437
          ],
          [
            108666.9533714637,
            3256800.231553816
          ],
          [
            108703.02368207031,
            3256892.183384158
          ],
          [
            108715.30190723967,
            3256990.9900517915
          ],
          [
            108717.89251787066,
            3257090.700986765
          ],
          [
            108683.87913117923,
            3257182.303804429
          ],
          [
            108600.10937103185,
            3257231.6445708266
          ],
          [
            108644.3077022323,
            3257249.176329815
          ],
          [
            108743.59296987117,
            3257257.377071094
          ],
          [
            108815.17844024062,
            3257315.3475250737
          ],
          [
            108814.38682605799,
            3257414.9554527425
          ],
          [
            108808.48700551603,
            3257514.7804433694
          ],
          [
            108802.00715364017,
            3257614.5664467835
          ],
          [
            108794.07458593603,
            3257714.2505784957
          ],
          [
            108783.94839775948,
            3257813.7334782304
          ],
          [
            108770.94945256691,
            3257912.8633846873
          ],
          [
            108750.05092436941,
            3258010.5963507746
          ],
          [
            108715.3418779947,
            3258104.238871139
          ],
          [
            108671.28368724206,
            3258193.980282316
          ],
          [
            108633.54785570447,
            3258286.513073104
          ],
          [
            108618.94229898584,
            3258385.0852376698
          ],
          [
            108626.85586967072,
            3258484.6972411214
          ],
          [
            108649.91113401466,
            3258581.7783210184
          ],
          [
            108695.98713287657,
            3258670.0056628347
          ],
          [
            108768.66829003488,
            3258737.9001203435
          ],
          [
            108847.97317080539,
            3258795.841986514
          ],
          [
            108854.42901362806,
            3258873.069867352
          ],
          [
            108908.64522987796,
            3258952.2604625328
          ],
          [
            108978.07259727112,
            3259021.9827917903
          ],
          [
            109014.11862927747,
            3259111.575950157
          ],
          [
            109058.60352175037,
            3259193.441300861
          ],
          [
            109129.6348816913,
            3259263.592347809
          ],
          [
            109180.19665073782,
            3259345.227902374
          ],
          [
            109244.47869363963,
            3259331.578096267
          ],
          [
            109324.31443664522,
            3259378.3920817776
          ],
          [
            109408.96922969958,
            3259429.0133671793
          ],
          [
            109493.90318672384,
            3259480.870044797
          ],
          [
            109570.96557980317,
            3259542.170471426
          ],
          [
            109617.48548440632,
            3259630.4639676283
          ],
          [
            109652.2718731133,
            3259724.1027868544
          ],
          [
            109678.91422395596,
            3259820.412121454
          ],
          [
            109699.70249927627,
            3259918.205822984
          ],
          [
            109715.98008772398,
            3260016.8681742446
          ],
          [
            109732.99581413991,
            3260115.407685374
          ],
          [
            109745.93889945357,
            3260214.5617404035
          ],
          [
            109755.13949779446,
            3260314.1079915166
          ],
          [
            109757.46853270975,
            3260414.0589278513
          ],
          [
            109751.78486444331,
            3260513.8544356553
          ],
          [
            109737.0357770735,
            3260612.7272440987
          ],
          [
            109716.61588935302,
            3260710.604467868
          ],
          [
            109699.42432770159,
            3260809.10503357
          ],
          [
            109681.38734424503,
            3260907.456561238
          ],
          [
            109660.7489577713,
            3261005.2600117405
          ],
          [
            109637.41035657923,
            3261102.483761427
          ],
          [
            109620.99233257928,
            3261200.897532607
          ],
          [
            109612.9492774528,
            3261300.5109331897
          ],
          [
            109618.51431870596,
            3261399.972727922
          ],
          [
            109641.19587835543,
            3261497.2447809875
          ],
          [
            109623.74026639349,
            3261592.4666030323
          ],
          [
            109633.84176625853,
            3261689.649430542
          ],
          [
            109699.2577663338,
            3261764.2314924155
          ],
          [
            109746.21862025862,
            3261849.087538559
          ],
          [
            109764.24436072035,
            3261946.4321345077
          ],
          [
            109739.29746732711,
            3262041.522246622
          ],
          [
            109730.19156983074,
            3262139.6568425456
          ],
          [
            109768.87661938071,
            3262231.0875286562
          ],
          [
            109832.32806172126,
            3262308.1931055053
          ],
          [
            109878.80770211703,
            3262395.8914944264
          ],
          [
            109892.5022891102,
            3262494.664142236
          ],
          [
            109872.76767277264,
            3262592.3356595114
          ],
          [
            109836.73410229005,
            3262685.3711349606
          ],
          [
            109782.87536643217,
            3262769.3840133417
          ],
          [
            109722.63325653071,
            3262849.168358785
          ],
          [
            109668.21912854534,
            3262932.9699559044
          ],
          [
            109623.63778083456,
            3263022.470948698
          ],
          [
            109584.06480521211,
            3263113.8387473198
          ],
          [
            109554.07674649436,
            3263209.2289074743
          ],
          [
            109546.72405246593,
            3263308.1565788426
          ],
          [
            109529.51880227393,
            3263404.365748988
          ],
          [
            109532.23365218432,
            3263504.3102073334
          ],
          [
            109531.14499156713,
            3263603.6248405776
          ],
          [
            109524.49871119148,
            3263701.9861518443
          ],
          [
            109508.35645388757,
            3263796.846025362
          ],
          [
            109472.55226567811,
            3263887.7275796477
          ],
          [
            109455.66036022855,
            3263984.7459021336
          ],
          [
            109407.59655106359,
            3264070.908096455
          ],
          [
            109341.14377818805,
            3264145.1288358015
          ],
          [
            109298.25658881813,
            3264226.3112632227
          ],
          [
            109345.3423350564,
            3264311.7942221537
          ],
          [
            109426.94239273384,
            3264357.6022485453
          ],
          [
            109492.58577031424,
            3264427.123625316
          ],
          [
            109512.92560926956,
            3264521.1560374345
          ],
          [
            109534.3942212747,
            3264617.6150461
          ],
          [
            109583.89669227535,
            3264697.7503066966
          ],
          [
            109608.23112057167,
            3264786.44769449
          ],
          [
            109635.35074281844,
            3264878.4294481785
          ],
          [
            109671.17981908467,
            3264968.1966908984
          ],
          [
            109736.87704736968,
            3265042.499280796
          ],
          [
            109793.32893446708,
            3265124.8785882373
          ],
          [
            109849.60245574478,
            3265206.287819883
          ],
          [
            109909.24261666658,
            3265285.263272504
          ],
          [
            109971.03029855543,
            3265361.310700859
          ],
          [
            110035.04956407697,
            3265428.6485787304
          ],
          [
            110111.90539146455,
            3265487.56619145
          ],
          [
            110188.38674153412,
            3265545.1205779584
          ],
          [
            110196.24226417298,
            3265625.7284970134
          ],
          [
            110156.80508321023,
            3265709.1071645683
          ],
          [
            110098.01132494464,
            3265788.6295246077
          ],
          [
            110076.01822132431,
            3265823.621526563
          ],
          [
            110099.24503089991,
            3265917.4416250526
          ],
          [
            110100.48935608924,
            3266017.4196254127
          ],
          [
            110093.31844321627,
            3266116.74472691
          ],
          [
            110070.33149897913,
            3266211.7405033414
          ],
          [
            110083.08206910778,
            3266307.32241832
          ],
          [
            110101.94906513857,
            3266400.8113768976
          ],
          [
            110103.15500260517,
            3266500.801116033
          ],
          [
            110101.26016539463,
            3266600.2205051277
          ],
          [
            110074.50088094966,
            3266695.0061198757
          ],
          [
            110130.71312072487,
            3266770.754623371
          ],
          [
            110141.98677284882,
            3266868.8235860094
          ],
          [
            110186.99738088551,
            3266955.9010234904
          ],
          [
            110237.56870109963,
            3267036.098014972
          ],
          [
            110293.66978585004,
            3267117.4515944105
          ],
          [
            110342.67724297756,
            3267201.005340012
          ],
          [
            110406.30746998922,
            3267259.7688544244
          ],
          [
            110495.28864033049,
            3267292.0820931266
          ],
          [
            110526.25065284672,
            3267380.609653287
          ],
          [
            110560.1143930642,
            3267467.408799713
          ],
          [
            110599.63076687959,
            3267556.4661043915
          ],
          [
            110644.5247833151,
            3267642.6404844425
          ],
          [
            110696.83566169,
            3267724.6642082348
          ],
          [
            110644.80993264775,
            3267793.301884067
          ],
          [
            110697.73605120448,
            3267858.4748829706
          ]
        ]
      }
    },
    {
      "type": "Feature",
      "properties": {
        "side": "west",
        "role": "shoreline",
        "part": 0
      },
      "geometry": {
        "type": "LineString",
        "coordinates": [
          [
            50456.41679061887,
            3129012.6
          ],
          [
            50463.37873455887,
            3129112.1374325044
          ],
          [
            50483.64611321149,
            3129210.010334186
          ],
          [
            50551.39119385335,
            3129275.0968718603
          ],
          [
            50533.869819493295,
            3129349.5661733584
          ],
          [
            50543.33612918108,
            3129430.834160676
          ],
          [
            50575.1403578699,
            3129525.3862746563
          ],
          [
            50573.69640354298,
            3129624.913056027
          ],
          [
            50539.08494543525,
            3129717.935056799
          ],
          [
            50466.212805950476,
            3129784.547276545
          ],
          [
            50372.59319369745,
            3129818.625724221
          ],
          [
            50275.364986846915,
            3129841.9825222753
          ],
          [
            50180.84502198046,
            3129874.115926498
          ],
          [
            50100.90013530466,
            3129932.6378322165
          ],
          [
            50055.5949419,
            3130020.458892788
          ],
          [
            50044.215322376134,
            3130119.4755906044
          ],
          [
            50053.53650472346,
            3130218.992411136
          ],
          [
            50064.81674941757,
            3130318.3351233792
          ],
          [
            50062.56364811936,
            3130418.079798538
          ],
          [
            50036.358602935674,
            3130514.3640795667
          ],
          [
            49992.257482955014,
            3130603.9370502257
          ],
          [
            49928.9809593038,
            3130681.179492239
          ],
          [
            49856.09287621105,
            3130749.6063569523
          ],
          [
            49784.15206377847,
            3130818.9974908596
          ],
          [
            49722.47781731578,
            3130897.3578174505
          ],
          [
            49727.236011245295,
            3130991.642058382
          ],
          [
            49658.48913452309,
            3131058.918411655
          ],
          [
            49624.31709332291,
            3131151.9056414957
          ],
          [
            49601.81342195019,
            3131248.974224268
          ],
          [
            49606.466971247675,
            3131348.5098421145
          ],
          [
            49677.2861299265,
            3131413.370256586
          ],
          [
            49680.37595754008,
            3131510.669790724
          ],
          [
            49709.98994477246,
            3131598.413090815
          ],
          [
            49769.8183823162,
            3131678.507072669
          ],
          [
            49830.12684176572,
            3131758.259552042
          ],
          [
            49886.27797909418,
            3131840.96749032
          ],
          [
            49934.480017584014,
            3131928.4911700403
          ],
          [
            49970.22169899123,
            3132021.8423103266
          ],
          [
            49996.85795220037,
            3132118.1980844773
          ],
          [
            50016.45665296662,
            3132216.2470516306
          ],
          [
            50032.05410185924,
            3132315.0177129456
          ],
          [
            50046.817412958815,
            3132413.9217778943
          ],
          [
            50063.7246609099,
            3132512.4756330806
          ],
          [
            50085.82632979576,
            3132609.9801092045
          ],
          [
            50117.482792952454,
            3132704.762666906
          ],
          [
            50159.18989327706,
            3132795.602185599
          ],
          [
            50206.57372666975,
            3132883.6594960913
          ],
          [
            50248.64320164974,
            3132974.2984762196
          ],
          [
            50272.28517428276,
            3133071.2498210673
          ],
          [
            50277.7686531723,
            3133170.981606499
          ],
          [
            50272.34207062332,
            3133270.8119408023
          ],
          [
            50261.23657136286,
            3133370.183359061
          ],
          [
            50244.285892542124,
            3133468.6947486247
          ],
          [
            50217.90103763497,
            3133565.108007224
          ],
          [
            50185.881587935495,
            3133659.8394701327
          ],
          [
            50154.7366853324,
            3133754.845241523
          ],
          [
            50125.20853946,
            3133850.384451061
          ],
          [
            50091.18380368846,
            3133944.3976256475
          ],
          [
            50048.27090140068,
            3134034.64213298
          ],
          [
            49997.44405570801,
            3134120.7531218636
          ],
          [
            49940.26419766307,
            3134202.7423466467
          ],
          [
            49887.09019337616,
            3134286.9020793554
          ],
          [
            49851.8668072291,
            3134380.388220889
          ],
          [
            49818.080617869215,
            3134473.8612784278
          ],
          [
            49808.97594199557,
            3134573.4196396926
          ],
          [
            49806.16627914652,
            3134673.3657258335
          ],
          [
            49807.489766219434,
            3134773.341996365
          ],
          [
            49818.210452597086,
            3134872.707597933
          ],
          [
            49836.03901596346,
            3134971.1016436666
          ],
          [
            49853.5266458294,
            3135069.548892899
          ],
          [
            49863.97540958582,
            3135168.9430238
          ],
          [
            49864.87176724446,
            3135268.9110771324
          ],
          [
            49859.02382461152,
            3135368.7113151704
          ],
          [
            49844.943445552046,
            3135467.6925984924
          ],
          [
            49825.12849437156,
            3135565.6992455437
          ],
          [
            49797.96107653676,
            3135661.8668410103
          ],
          [
            49761.94119877879,
            3135755.1181815136
          ],
          [
            49718.34593577147,
            3135845.0959865227
          ],
          [
            49678.13776788331,
            3135936.562403236
          ],
          [
            49655.57614660108,
            3136033.690073459
          ],
          [
            49660.322757518225,
            3136133.303039738
          ],
          [
            49683.11039597541,
            3136230.637024974
          ],
          [
            49708.22953337652,
            3136327.4281869964
          ],
          [
            49723.756649998395,
            3136426.104690521
          ],
          [
            49718.43042546753,
            3136525.6678012256
          ],
          [
            49693.74657783898,
            3136622.4674275527
          ],
          [
            49661.39074545827,
            3136717.073278774
          ],
          [
            49632.132063573765,
            3136812.650356825
          ],
          [
            49615.04291309919,
            3136911.105518638
          ],
          [
            49606.60994385379,
            3137010.7183764917
          ],
          [
            49604.04198017742,
            3137110.6703041126
          ],
          [
            49605.33076873213,
            3137210.657540079
          ],
          [
            49607.3766772289,
            3137310.6364292726
          ],
          [
            49610.14135049767,
            3137410.59642836
          ],
          [
            49617.11453142465,
            3137510.3499706965
          ],
          [
            49625.00426031732,
            3137610.0382138523
          ],
          [
            49631.68116976239,
            3137709.81215922
          ],
          [
            49634.36378477312,
            3137809.772722264
          ],
          [
            49635.167025887444,
            3137909.7679897468
          ],
          [
            49635.123888446185,
            3138009.765071347
          ],
          [
            49633.86534227615,
            3138109.7541664746
          ],
          [
            49632.03642657625,
            3138209.7348388224
          ],
          [
            49630.23712862884,
            3138309.716515577
          ],
          [
            49626.89699484337,
            3138409.659827256
          ],
          [
            49621.78950681735,
            3138509.5283281496
          ],
          [
            49617.032981116005,
            3138609.4137794552
          ],
          [
            49613.701228605234,
            3138709.357604672
          ],
          [
            49608.9739498793,
            3138809.2443361357
          ],
          [
            49605.58695020595,
            3138909.1830975395
          ],
          [
            49603.19395739202,
            3139009.1530997283
          ],
          [
            49606.98403180666,
            3139108.992584625
          ],
          [
            49625.31070019425,
            3139205.8116886215
          ],
          [
            49623.167153419505,
            3139305.721480558
          ],
          [
            49617.007889177294,
            3139404.600766539
          ],
          [
            49630.702112738356,
            3139503.3826825405
          ],
          [
            49670.085677449184,
            3139595.0915277493
          ],
          [
            49721.34699742703,
            3139680.9157865015
          ],
          [
            49779.55695674785,
            3139762.1957204607
          ],
          [
            49843.83924591965,
            3139838.763548486
          ],
          [
            49913.94981986462,
            3139910.029806051
          ],
          [
            49987.96924583736,
            3139977.2619624753
          ],
          [
            50057.439473142134,
            3140049.0851059
          ],
          [
            50118.60954543093,
            3140128.1668829354
          ],
          [
            50176.38982765617,
            3140209.777129617
          ],
          [
            50234.3655508855,
            3140291.2484291876
          ],
          [
            50291.08708619019,
            3140373.597543578
          ],
          [
            50345.45374377167,
            3140457.5210441626
          ],
          [
            50396.2035755023,
            3140543.6691623274
          ],
          [
            50441.48995668739,
            3140632.8023232003
          ],
          [
            50479.85853963291,
            3140725.1185977026
          ],
          [
            50511.42218401996,
            3140819.984580435
          ],
          [
            50537.36047835552,
            3140916.5474256594
          ],
          [
            50557.92401256258,
            3141014.399279525
          ],
          [
            50573.73658812963,
            3141113.132859332
          ],
          [
            50586.10189728169,
            3141212.352720445
          ],
          [
            50593.62522251935,
            3141312.058886852
          ],
          [
            50598.485968676505,
            3141411.93726643
          ],
          [
            50602.16570822866,
            3141511.8674789947
          ],
          [
            50608.721937822476,
            3141611.6458366066
          ],
          [
            50618.82162167296,
            3141711.1316654473
          ],
          [
            50630.731404105514,
            3141810.418143937
          ],
          [
            50643.463193871255,
            3141909.603685707
          ],
          [
            50655.68114937225,
            3142008.851645367
          ],
          [
            50663.73296190091,
            3142108.4841902293
          ],
          [
            50665.941543410125,
            3142208.458468403
          ],
          [
            50671.915109011454,
            3142308.2534547905
          ],
          [
            50690.640922765706,
            3142406.3047270724
          ],
          [
            50730.198052449414,
            3142497.7893277826
          ],
          [
            50788.43709341684,
            3142578.907596179
          ],
          [
            50856.96729341199,
            3142651.698363514
          ],
          [
            50928.60307365271,
            3142721.468282903
          ],
          [
            50997.63495081554,
            3142793.791562921
          ],
          [
            51059.48113622731,
            3142872.2979615494
          ],
          [
            51115.1829453626,
            3142955.337059856
          ],
          [
            51170.43499200607,
            3143038.678950624
          ],
          [
            51229.227232472265,
            3143119.546983252
          ],
          [
            51293.33558333497,
            3143196.267139971
          ],
          [
            51361.537472568976,
            3143269.3922207537
          ],
          [
            51430.296600000394,
            3143341.9970490895
          ],
          [
            51496.41795177159,
            3143416.9992446024
          ],
          [
            51558.21512549911,
            3143495.601440222
          ],
          [
            51615.35202719857,
            3143577.645017742
          ],
          [
            51667.537474638,
            3143662.8994957367
          ],
          [
            51711.39202161267,
            3143752.6723515606
          ],
          [
            51749.12974348273,
            3143845.2485776613
          ],
          [
            51795.43942670563,
            3143933.517968062
          ],
          [
            51869.95299116108,
            3143999.2607703633
          ],
          [
            51952.063376080085,
            3144056.183306648
          ],
          [
            52023.380409660866,
            3144126.0425635707
          ],
          [
            52081.77296164255,
            3144207.062707291
          ],
          [
            52130.77215766964,
            3144294.1927079316
          ],
          [
            52178.889216993564,
            3144381.8262349614
          ],
          [
            52232.09897531261,
            3144466.4617923624
          ],
          [
            52291.38008458609,
            3144546.95785351
          ],
          [
            52355.37904050056,
            3144623.780243069
          ],
          [
            52422.252595177364,
            3144698.105344302
          ],
          [
            52489.78810206044,
            3144771.8502068417
          ],
          [
            52555.05691058164,
            3144847.608249431
          ],
          [
            52620.179292557696,
            3144923.4873198615
          ],
          [
            52686.68758423842,
            3144998.160990148
          ],
          [
            52755.09691375039,
            3145071.0775417048
          ],
          [
            52828.386257647035,
            3145139.0911467564
          ],
          [
            52903.50615003981,
            3145205.097337084
          ],
          [
            52978.4808942104,
            3145271.2619473008
          ],
          [
            53048.26889460565,
            3145342.7685674126
          ],
          [
            53106.592137669366,
            3145423.8551293844
          ],
          [
            53152.75035228242,
            3145512.4406526866
          ],
          [
            53186.822946821274,
            3145606.3848545454
          ],
          [
            53211.02761643421,
            3145703.369096339
          ],
          [
            53227.145015436734,
            3145802.0394189833
          ],
          [
            53236.80754362925,
            3145901.5496747796
          ],
          [
            53243.544753554066,
            3146001.3166809827
          ],
          [
            53251.57359487744,
            3146100.989283142
          ],
          [
            53262.024020476616,
            3146200.435938402
          ],
          [
            53275.399675341294,
            3146299.534754684
          ],
          [
            53290.367992032385,
            3146398.4036756568
          ],
          [
            53309.40159560341,
            3146496.5583570893
          ],
          [
            53334.86734309561,
            3146593.2337953486
          ],
          [
            53369.64218483732,
            3146686.9017555574
          ],
          [
            53418.935625173224,
            3146773.7997177765
          ],
          [
            53477.5478359125,
            3146854.8083471097
          ],
          [
            53535.966827428056,
            3146935.94377355
          ],
          [
            53585.725378236755,
            3147022.5786901796
          ],
          [
            53623.01018773812,
            3147115.2716202983
          ],
          [
            53649.845326893585,
            3147211.584531633
          ],
          [
            53672.3318566254,
            3147309.018244893
          ],
          [
            53692.470508089325,
            3147406.9606738756
          ],
          [
            53716.3845363998,
            3147504.0470026634
          ],
          [
            53743.8441902902,
            3147600.116078694
          ],
          [
            53768.01506137673,
            3147696.41271351
          ],
          [
            53778.34522328644,
            3147795.8648713133
          ],
          [
            53783.455993076095,
            3147895.731530083
          ],
          [
            53792.68095650575,
            3147995.286541031
          ],
          [
            53794.99464608943,
            3148095.2012630478
          ],
          [
            53797.68966774552,
            3148195.150704192
          ],
          [
            53796.41062306375,
            3148295.1396154016
          ],
          [
            53794.07642057316,
            3148395.1122691366
          ],
          [
            53789.432999035664,
            3148494.9946402838
          ],
          [
            53780.17515827653,
            3148594.5544636846
          ],
          [
            53767.06934262106,
            3148693.687434493
          ],
          [
            53759.68920467858,
            3148793.3704997925
          ],
          [
            53755.932780289375,
            3148893.2945990423
          ],
          [
            53758.35156038482,
            3148993.18558496
          ],
          [
            53774.62803582104,
            3149091.697149649
          ],
          [
            53806.666498152845,
            3149186.2578363842
          ],
          [
            53856.44517890013,
            3149272.7039838675
          ],
          [
            53920.72039508034,
            3149349.1594331795
          ],
          [
            53991.03073450397,
            3149420.25017559
          ],
          [
            54056.1058857459,
            3149496.0989606907
          ],
          [
            54108.90485411925,
            3149580.85055957
          ],
          [
            54147.43502577182,
            3149673.056684691
          ],
          [
            54178.39155821093,
            3149768.122688797
          ],
          [
            54204.96049210406,
            3149864.520135704
          ],
          [
            54227.44137666804,
            3149961.9491507364
          ],
          [
            54243.3989949533,
            3150060.6481135255
          ],
          [
            54250.79726396704,
            3150160.3363410677
          ],
          [
            54253.39046740255,
            3150260.3016635827
          ],
          [
            54258.803725471094,
            3150360.1390808867
          ],
          [
            54271.9482793122,
            3150459.2381712995
          ],
          [
            54296.25650670998,
            3150556.179344837
          ],
          [
            54330.09836513858,
            3150650.242948757
          ],
          [
            54374.5305708479,
            3150739.7107309992
          ],
          [
            54431.78935238545,
            3150821.5360910166
          ],
          [
            54499.30532052435,
            3150895.2329353197
          ],
          [
            54571.173944923146,
            3150964.7642365796
          ],
          [
            54636.962449332364,
            3151039.904920048
          ],
          [
            54685.121589741626,
            3151127.2756936355
          ],
          [
            54717.109830334586,
            3151221.9211096163
          ],
          [
            54739.90237022431,
            3151319.2746128193
          ],
          [
            54759.735125038285,
            3151417.284433184
          ],
          [
            54779.10871903191,
            3151515.388656922
          ],
          [
            54799.476999474246,
            3151613.286876219
          ],
          [
            54821.75405519995,
            3151710.770473488
          ],
          [
            54848.64958879132,
            3151807.0478967233
          ],
          [
            54885.98694753406,
            3151899.7291297545
          ],
          [
            54935.37411854802,
            3151986.63771186
          ],
          [
            54989.07193852551,
            3152070.957572667
          ],
          [
            55027.9214591378,
            3152162.492209544
          ],
          [
            55023.75630445299,
            3152261.3745610127
          ],
          [
            54988.258168014036,
            3152354.7900926825
          ],
          [
            54950.84623599893,
            3152447.5216793986
          ],
          [
            54917.46122098435,
            3152541.7352981865
          ],
          [
            54892.78730484517,
            3152638.626121941
          ],
          [
            54869.094638237475,
            3152735.770398365
          ],
          [
            54849.78178017875,
            3152833.862781213
          ],
          [
            54835.88582726277,
            3152932.8847529483
          ],
          [
            54827.81848941723,
            3153032.53264098
          ],
          [
            54827.171636583866,
            3153132.5098470203
          ],
          [
            54831.730628663725,
            3153232.3953751023
          ],
          [
            54841.73182416759,
            3153331.8759771483
          ],
          [
            54858.47885165285,
            3153430.435520797
          ],
          [
            54886.10856153984,
            3153526.4357754863
          ],
          [
            54933.31741330715,
            3153614.337469342
          ],
          [
            55002.50177485499,
            3153685.7302272315
          ],
          [
            55093.04709408891,
            3153726.7891773893
          ],
          [
            55192.3949510666,
            3153735.2093581166
          ],
          [
            55292.27403143122,
            3153734.656384158
          ],
          [
            55385.34302937443,
            3153768.6526103565
          ],
          [
            55466.215745682865,
            3153827.344727444
          ],
          [
            55539.75688578544,
            3153894.9861576655
          ],
          [
            55609.28163172265,
            3153966.835449726
          ],
          [
            55682.863914981404,
            3154034.476809787
          ],
          [
            55761.5710236994,
            3154096.1401313636
          ],
          [
            55839.01520935575,
            3154159.379787207
          ],
          [
            55913.445008199975,
            3154226.1531107477
          ],
          [
            55984.82074139645,
            3154296.1623276863
          ],
          [
            56051.28179732775,
            3154370.8459262834
          ],
          [
            56113.40342604074,
            3154449.1963551873
          ],
          [
            56173.72447838842,
            3154528.952411505
          ],
          [
            56234.10452549007,
            3154608.657309918
          ],
          [
            56292.66224407643,
            3154689.70550797
          ],
          [
            56348.087806251555,
            3154772.919320263
          ],
          [
            56398.578294971245,
            3154859.2072383384
          ],
          [
            56445.25026536937,
            3154947.6375228814
          ],
          [
            56487.831113823144,
            3155038.1102173594
          ],
          [
            56526.77192844716,
            3155130.2020584224
          ],
          [
            56561.20942452142,
            3155224.0701002902
          ],
          [
            56589.1111111109,
            3155320.0712604346
          ],
          [
            56608.04773436651,
            3155418.207206893
          ],
          [
            56615.2410696525,
            3155517.872730225
          ],
          [
            56603.88724464194,
            3155616.8789787428
          ],
          [
            56564.94379985986,
            3155708.7088335
          ],
          [
            56520.315467646935,
            3155798.1805660487
          ],
          [
            56486.69088971722,
            3155892.1252668784
          ],
          [
            56480.61519204506,
            3155991.518027514
          ],
          [
            56501.33657878638,
            3156089.153043005
          ],
          [
            56540.51126541882,
            3156180.9556864277
          ],
          [
            56597.26200947259,
            3156263.085820161
          ],
          [
            56666.00436071891,
            3156335.6434289836
          ],
          [
            56738.197650233924,
            3156404.8332494083
          ],
          [
            56807.19783734363,
            3156477.198805961
          ],
          [
            56873.847911778445,
            3156551.737126906
          ],
          [
            56936.70171166278,
            3156629.4893513946
          ],
          [
            56995.18028427214,
            3156710.584966553
          ],
          [
            57050.20142487172,
            3156794.0750206453
          ],
          [
            57100.86958012781,
            3156880.2517366684
          ],
          [
            57143.69860651452,
            3156970.565574133
          ],
          [
            57182.51416118055,
            3157062.721742447
          ],
          [
            57223.24901904463,
            3157154.0333324177
          ],
          [
            57271.19161022211,
            3157241.737699022
          ],
          [
            57327.95478006383,
            3157323.991442044
          ],
          [
            57389.761519744505,
            3157402.575756648
          ],
          [
            57453.28023420768,
            3157479.7991894674
          ],
          [
            57517.97295480814,
            3157556.0396059826
          ],
          [
            57583.99173949949,
            3157631.144367159
          ],
          [
            57653.98977825573,
            3157702.5298987934
          ],
          [
            57729.0560630751,
            3157768.5573545173
          ],
          [
            57806.67053019585,
            3157831.598535908
          ],
          [
            57879.73904126658,
            3157899.8033701032
          ],
          [
            57943.99555937343,
            3157976.3315092917
          ],
          [
            58001.432039186155,
            3158058.1759007936
          ],
          [
            58058.89367065588,
            3158140.0076148966
          ],
          [
            58121.25683507659,
            3158218.137438161
          ],
          [
            58190.708045052415,
            3158290.0305813355
          ],
          [
            58265.84341262778,
            3158355.9739536257
          ],
          [
            58345.18560471429,
            3158416.8125494434
          ],
          [
            58427.5425380786,
            3158473.4869971867
          ],
          [
            58515.79267397131,
            3158520.3223545374
          ],
          [
            58609.90749935878,
            3158553.8229209795
          ],
          [
            58707.36207339164,
            3158575.9828193984
          ],
          [
            58806.743392647404,
            3158586.1834937125
          ],
          [
            58906.23618561661,
            3158579.2104920116
          ],
          [
            59002.56170128346,
            3158552.7785219084
          ],
          [
            59089.221944916084,
            3158504.128266005
          ],
          [
            59144.363637523114,
            3158421.263668581
          ],
          [
            59182.628507188376,
            3158328.915332829
          ],
          [
            59215.12611599416,
            3158234.3494060794
          ],
          [
            59252.90122990378,
            3158141.917914971
          ],
          [
            59239.24489119396,
            3158063.8071402907
          ],
          [
            59267.954966628036,
            3157977.991804616
          ],
          [
            59322.55096375425,
            3157902.4600689597
          ],
          [
            59227.78486135152,
            3157907.088571357
          ],
          [
            59138.871620322076,
            3157951.520479669
          ],
          [
            59082.36495551719,
            3157968.621820348
          ],
          [
            59146.09196121816,
            3157893.1827086057
          ],
          [
            59230.413792836094,
            3157840.3324925913
          ],
          [
            59312.64490589059,
            3157794.8953508358
          ],
          [
            59403.524348813226,
            3157758.8944685888
          ],
          [
            59500.58509695197,
            3157734.8758178707
          ],
          [
            59563.623045558146,
            3157667.242251988
          ],
          [
            59620.66455306881,
            3157585.5172936423
          ],
          [
            59700.76622473278,
            3157526.908932596
          ],
          [
            59797.33560987285,
            3157517.5569673358
          ],
          [
            59866.69749395649,
            3157585.264764726
          ],
          [
            59924.064527779185,
            3157629.431191036
          ],
          [
            59990.48493185252,
            3157642.7514230055
          ],
          [
            60040.46625542194,
            3157728.5140266432
          ],
          [
            60090.65153259045,
            3157812.0378907747
          ],
          [
            60141.41990724327,
            3157895.1933672475
          ],
          [
            60183.20742284874,
            3157983.4458982414
          ],
          [
            60217.97612033226,
            3158074.5141273434
          ],
          [
            60293.725667134044,
            3158139.4779479313
          ],
          [
            60375.201203310564,
            3158196.8932659733
          ],
          [
            60444.859285283674,
            3158267.0299052284
          ],
          [
            60481.328824809,
            3158359.814221434
          ],
          [
            60504.61866854501,
            3158457.0267830617
          ],
          [
            60539.46571322698,
            3158550.209941475
          ],
          [
            60587.827719234985,
            3158636.61364946
          ],
          [
            60598.40972389786,
            3158735.9265346616
          ],
          [
            60639.08110013202,
            3158817.6603737716
          ],
          [
            60674.28865106505,
            3158908.4671152104
          ],
          [
            60716.72823355335,
            3158994.6160538476
          ],
          [
            60757.339609996074,
            3159083.4846614604
          ],
          [
            60827.102862834196,
            3159154.2988193505
          ],
          [
            60844.68508924535,
            3159252.1783904335
          ],
          [
            60850.55725187151,
            3159351.9942225437
          ],
          [
            60857.68031714765,
            3159451.727002443
          ],
          [
            60895.14531474884,
            3159542.636047413
          ],
          [
            60903.98591658017,
            3159642.1444672714
          ],
          [
            60946.70095257131,
            3159729.8218374164
          ],
          [
            60966.522595889335,
            3159827.051315365
          ],
          [
            60994.75630496137,
            3159921.5373726576
          ],
          [
            61026.9046132284,
            3160013.0150204366
          ],
          [
            61041.76458701036,
            3160111.587067244
          ],
          [
            61066.95081330336,
            3160207.432186493
          ],
          [
            61052.36268096394,
            3160304.8421545527
          ],
          [
            61055.428384159946,
            3160404.748733301
          ],
          [
            61058.16015223483,
            3160504.566629246
          ],
          [
            61092.393737403276,
            3160597.1339000203
          ],
          [
            61164.01487168412,
            3160662.4094905737
          ],
          [
            61259.36839373016,
            3160680.454138503
          ],
          [
            61346.953060430074,
            3160704.9905161588
          ],
          [
            61365.74663974725,
            3160802.9295496037
          ],
          [
            61369.03043664567,
            3160902.7098840587
          ],
          [
            61370.85195858432,
            3161002.6043431433
          ],
          [
            61378.05776078252,
            3161101.887877509
          ],
          [
            61387.139789099194,
            3161201.4258579253
          ],
          [
            61370.07423141086,
            3161296.9484321703
          ],
          [
            61318.75953662302,
            3161379.941811316
          ],
          [
            61298.67099371787,
            3161476.4951669252
          ],
          [
            61273.542245371274,
            3161571.8918337547
          ],
          [
            61229.73265466499,
            3161660.4899437823
          ],
          [
            61200.97368908972,
            3161754.817822075
          ],
          [
            61164.68019829247,
            3161846.2755363747
          ],
          [
            61151.093888266114,
            3161944.102635416
          ],
          [
            61093.12435336146,
            3162025.2386532407
          ],
          [
            61031.48581441854,
            3162103.7553672413
          ],
          [
            60985.45990477104,
            3162189.413070588
          ],
          [
            60911.3303253091,
            3162254.2928428166
          ],
          [
            60851.91110821898,
            3162333.8914119173
          ],
          [
            60804.4895462742,
            3162421.03052009
          ],
          [
            60780.480267729916,
            3162517.740810573
          ],
          [
            60769.44213578656,
            3162617.089530042
          ],
          [
            60769.73649958202,
            3162717.0680203894
          ],
          [
            60776.947569881246,
            3162816.788712707
          ],
          [
            60787.406964489484,
            3162916.236750905
          ],
          [
            60797.26664866274,
            3163015.7484834725
          ],
          [
            60805.71036300401,
            3163115.3842412047
          ],
          [
            60813.22564094168,
            3163215.09994807
          ],
          [
            60818.39607592964,
            3163314.8901711567
          ],
          [
            60826.99362280742,
            3163414.505847241
          ],
          [
            60839.469890104105,
            3163513.693856163
          ],
          [
            60847.22613249396,
            3163613.2961000646
          ],
          [
            60856.98657472433,
            3163711.9360149703
          ],
          [
            60892.432302902576,
            3163803.3352526035
          ],
          [
            60902.571934660074,
            3163902.812159748
          ],
          [
            60909.08455623684,
            3164002.588786278
          ],
          [
            60946.78766778351,
            3164093.25612409
          ],
          [
            60958.28338844857,
            3164192.5628866567
          ],
          [
            60970.14962304134,
            3164291.8308370714
          ],
          [
            60989.157071877606,
            3164389.966081405
          ],
          [
            61043.8864266158,
            3164471.1929969313
          ],
          [
            61116.066425661746,
            3164540.384195414
          ],
          [
            61178.945959484176,
            3164617.8644957207
          ],
          [
            61222.4601580419,
            3164707.6134326747
          ],
          [
            61247.417710321766,
            3164804.310936047
          ],
          [
            61258.93684687298,
            3164903.606684851
          ],
          [
            61264.121241261746,
            3165003.4637419013
          ],
          [
            61266.828719914345,
            3165103.422665348
          ],
          [
            61270.83478233942,
            3165203.339911936
          ],
          [
            61278.561543011594,
            3165303.0334076486
          ],
          [
            61289.461283821525,
            3165402.4356067423
          ],
          [
            61301.270664981836,
            3165501.735767481
          ],
          [
            61313.66563190151,
            3165600.9642730155
          ],
          [
            61326.49933360356,
            3165700.1337945
          ],
          [
            61340.71553309489,
            3165799.1138114785
          ],
          [
            61358.238279355,
            3165897.555990042
          ],
          [
            61380.42412161025,
            3165995.037419906
          ],
          [
            61407.63329804827,
            3166091.245719126
          ],
          [
            61441.90479387372,
            3166185.139805101
          ],
          [
            61485.58864134716,
            3166274.9893021337
          ],
          [
            61539.78686193866,
            3166358.9694140656
          ],
          [
            61598.5326995025,
            3166439.8869456425
          ],
          [
            61652.9096577252,
            3166523.746922413
          ],
          [
            61694.012182485785,
            3166614.7427148717
          ],
          [
            61722.455905022645,
            3166710.572199769
          ],
          [
            61749.851325361175,
            3166806.737244051
          ],
          [
            61786.33567303257,
            3166899.715723842
          ],
          [
            61838.72742015234,
            3166984.686770983
          ],
          [
            61904.94032798528,
            3167059.492558552
          ],
          [
            61983.931836822645,
            3167120.2711940072
          ],
          [
            62077.04325278026,
            3167155.4676776594
          ],
          [
            62175.84315747003,
            3167170.4908693824
          ],
          [
            62274.26324253496,
            3167187.4118103655
          ],
          [
            62364.45902375563,
            3167229.3118556174
          ],
          [
            62439.34114096521,
            3167295.2356267776
          ],
          [
            62500.39905763244,
            3167374.3490861594
          ],
          [
            62557.19295781875,
            3167456.6512862425
          ],
          [
            62618.35153851509,
            3167535.721438459
          ],
          [
            62686.80286592417,
            3167608.5640824707
          ],
          [
            62759.829256668,
            3167676.872224073
          ],
          [
            62829.502708240056,
            3167748.538812018
          ],
          [
            62884.24859315213,
            3167831.825448859
          ],
          [
            62917.83121841969,
            3167925.8310418813
          ],
          [
            62946.086399416585,
            3168021.7340355995
          ],
          [
            62986.9930958795,
            3168112.745961926
          ],
          [
            63044.801015530495,
            3168194.1416908866
          ],
          [
            63113.827634063404,
            3168266.4304131707
          ],
          [
            63188.72174293247,
            3168332.642137296
          ],
          [
            63268.0776809211,
            3168393.435687571
          ],
          [
            63350.53563014318,
            3168449.9931339887
          ],
          [
            63428.232504309955,
            3168512.7999455817
          ],
          [
            63497.358417448995,
            3168584.9789739894
          ],
          [
            63560.78826595086,
            3168662.2675043545
          ],
          [
            63618.70292458257,
            3168743.7694190727
          ],
          [
            63674.34966270135,
            3168826.8541296325
          ],
          [
            63733.758658833896,
            3168907.259871373
          ],
          [
            63800.26416742667,
            3168981.879139744
          ],
          [
            63873.50177199295,
            3169049.9051781096
          ],
          [
            63948.82343731265,
            3169115.6604698147
          ],
          [
            64020.26082562317,
            3169185.606284033
          ],
          [
            64086.47595296558,
            3169260.5205354653
          ],
          [
            64150.486790987845,
            3169337.347502302
          ],
          [
            64217.79508445203,
            3169411.231774796
          ],
          [
            64297.119150023325,
            3169471.7622126983
          ],
          [
            64387.006053990764,
            3169515.317756783
          ],
          [
            64478.84119624635,
            3169554.8583233817
          ],
          [
            64564.697676147654,
            3169605.7985561783
          ],
          [
            64639.129127598426,
            3169672.4135051733
          ],
          [
            64704.35995752657,
            3169748.109251577
          ],
          [
            64752.79620213075,
            3169835.110579187
          ],
          [
            64760.28906434623,
            3169933.6467822352
          ],
          [
            64727.4874952741,
            3170027.7549441624
          ],
          [
            64682.31158101091,
            3170116.9664563043
          ],
          [
            64637.96791138075,
            3170206.5905595515
          ],
          [
            64601.739272817984,
            3170299.734649735
          ],
          [
            64567.830421941944,
            3170393.788577488
          ],
          [
            64532.033689917094,
            3170487.148147099
          ],
          [
            64495.48842401088,
            3170580.190808595
          ],
          [
            64466.46518014137,
            3170675.6743988693
          ],
          [
            64457.810783511835,
            3170775.159107827
          ],
          [
            64462.34151391247,
            3170875.015634129
          ],
          [
            64475.6133779368,
            3170974.1022479963
          ],
          [
            64495.86377534226,
            3171072.006096118
          ],
          [
            64525.043870389374,
            3171167.6048561046
          ],
          [
            64565.74803570107,
            3171258.849478526
          ],
          [
            64616.02590338929,
            3171345.237242798
          ],
          [
            64671.59527299789,
            3171428.3557829205
          ],
          [
            64729.43648712211,
            3171509.9217165373
          ],
          [
            64784.020145045346,
            3171593.6470499877
          ],
          [
            64829.5476156483,
            3171682.5940721678
          ],
          [
            64862.94911929316,
            3171776.7554753483
          ],
          [
            64886.86738807877,
            3171873.819269715
          ],
          [
            64907.56403686898,
            3171971.6518996414
          ],
          [
            64924.724046502415,
            3172070.154530011
          ],
          [
            64939.701809613696,
            3172169.024876779
          ],
          [
            64958.160637487716,
            3172267.274839033
          ],
          [
            64987.71749827043,
            3172362.713810957
          ],
          [
            65034.01209409216,
            3172451.0814131657
          ],
          [
            65101.358130300534,
            3172524.5666167084
          ],
          [
            65187.364075359605,
            3172574.338094511
          ],
          [
            65285.29876353873,
            3172591.535613597
          ],
          [
            65382.446163291104,
            3172571.898880076
          ],
          [
            65465.44930567149,
            3172516.6023322525
          ],
          [
            65554.38543739333,
            3172478.3919950346
          ],
          [
            65618.94405072661,
            3172545.7932566754
          ],
          [
            65617.4701543691,
            3172644.8332128907
          ],
          [
            65608.63587427959,
            3172744.2171528814
          ],
          [
            65624.24093480752,
            3172842.718878971
          ],
          [
            65648.28638778589,
            3172939.78394845
          ],
          [
            65674.85636332667,
            3173036.1588858915
          ],
          [
            65710.6238260571,
            3173129.4466665485
          ],
          [
            65769.76009494184,
            3173209.2195814596
          ],
          [
            65860.95534091494,
            3173246.7641691808
          ],
          [
            65958.18199035851,
            3173268.9992868127
          ],
          [
            66044.01080092628,
            3173319.8616868965
          ],
          [
            66127.49516518545,
            3173374.8106246456
          ],
          [
            66216.4929189347,
            3173420.2818495748
          ],
          [
            66308.87280532319,
            3173458.5422520633
          ],
          [
            66402.71649838681,
            3173493.062036032
          ],
          [
            66497.10390910736,
            3173526.0761646037
          ],
          [
            66591.48480863402,
            3173559.119213127
          ],
          [
            66683.98153901845,
            3173597.036012292
          ],
          [
            66773.89172031322,
            3173640.7812687927
          ],
          [
            66861.25503319138,
            3173689.3847761536
          ],
          [
            66947.26262130313,
            3173740.343563318
          ],
          [
            67036.32708808706,
            3173785.7594299815
          ],
          [
            67119.74475418993,
            3173840.540584436
          ],
          [
            67189.94416690283,
            3173911.5777225457
          ],
          [
            67252.88733260888,
            3173989.276150382
          ],
          [
            67317.67666372418,
            3174065.444588373
          ],
          [
            67390.0736352928,
            3174134.141504093
          ],
          [
            67481.57285069618,
            3174173.048704936
          ],
          [
            67574.47830896564,
            3174209.1790379602
          ],
          [
            67643.18422512079,
            3174280.624692674
          ],
          [
            67683.80819112323,
            3174371.636358669
          ],
          [
            67707.73831256363,
            3174468.4832406337
          ],
          [
            67703.69554944393,
            3174567.9683748693
          ],
          [
            67674.42183334786,
            3174663.271595049
          ],
          [
            67632.72339215435,
            3174754.1042532492
          ],
          [
            67597.50119601862,
            3174847.4567819745
          ],
          [
            67580.54436957114,
            3174945.917948092
          ],
          [
            67567.43380026061,
            3175045.0512421746
          ],
          [
            67552.29535715406,
            3175143.8932754546
          ],
          [
            67540.22785487356,
            3175242.9926570132
          ],
          [
            67569.8477227922,
            3175336.6688381555
          ],
          [
            67648.48632808581,
            3175397.433085391
          ],
          [
            67740.99176429547,
            3175434.9482136774
          ],
          [
            67836.21481785827,
            3175453.2567925383
          ],
          [
            67893.58287366139,
            3175374.9134305944
          ],
          [
            67946.29829239483,
            3175290.3364438084
          ],
          [
            68025.02216809132,
            3175231.020896825
          ],
          [
            68123.19107663752,
            3175222.1130335066
          ],
          [
            68209.88354889376,
            3175268.2134445985
          ],
          [
            68262.5456562537,
            3175352.520266685
          ],
          [
            68285.36016712226,
            3175449.6212214404
          ],
          [
            68288.35450496437,
            3175549.4142567664
          ],
          [
            68275.28065491052,
            3175648.5264221285
          ],
          [
            68257.04641447027,
            3175746.8248412595
          ],
          [
            68232.29827622994,
            3175843.66447429
          ],
          [
            68195.17130562542,
            3175936.408632971
          ],
          [
            68144.57990475798,
            3176022.2640308957
          ],
          [
            68082.0009775246,
            3176100.201650476
          ],
          [
            68013.69340498165,
            3176173.2111692284
          ],
          [
            67943.12907218555,
            3176244.055763093
          ],
          [
            67875.95484815812,
            3176318.061298352
          ],
          [
            67813.83935110268,
            3176396.283910047
          ],
          [
            67757.12107062462,
            3176478.3183984626
          ],
          [
            67731.35039952317,
            3176573.550221511
          ],
          [
            67745.57663790435,
            3176672.299350969
          ],
          [
            67768.57809856336,
            3176769.6123068817
          ],
          [
            67788.53799448244,
            3176867.5827686978
          ],
          [
            67801.84547483336,
            3176966.675798433
          ],
          [
            67808.95371965146,
            3177066.40419413
          ],
          [
            67811.75145589068,
            3177166.357767016
          ],
          [
            67813.47914408098,
            3177266.3395878715
          ],
          [
            67819.27288629064,
            3177366.1318172785
          ],
          [
            67840.58179818197,
            3177463.6790709053
          ],
          [
            67876.637343616,
            3177556.8508079844
          ],
          [
            67920.69227943168,
            3177646.5853722245
          ],
          [
            67971.64240577767,
            3177732.5945463046
          ],
          [
            68031.18907858372,
            3177812.885785645
          ],
          [
            68097.377699447,
            3177887.780121729
          ],
          [
            68168.44255969713,
            3177958.1087065567
          ],
          [
            68241.89284877849,
            3178025.9613703
          ],
          [
            68312.2140360694,
            3178097.006131992
          ],
          [
            68379.81249642363,
            3178170.6814710284
          ],
          [
            68452.75002472827,
            3178238.7576959683
          ],
          [
            68533.45693939857,
            3178297.7167477314
          ],
          [
            68605.07809594566,
            3178367.1315558143
          ],
          [
            68649.5743242769,
            3178456.174075721
          ],
          [
            68666.63921960954,
            3178554.508379214
          ],
          [
            68679.10093403142,
            3178653.6735305134
          ],
          [
            68703.89181571215,
            3178750.5176467844
          ],
          [
            68726.31646172031,
            3178847.895682591
          ],
          [
            68742.68251705273,
            3178946.5326958727
          ],
          [
            68757.45547788688,
            3179045.4300350994
          ],
          [
            68772.84009783303,
            3179144.2221637047
          ],
          [
            68767.3984179864,
            3179243.9089566795
          ],
          [
            68758.23797768756,
            3179343.438988627
          ],
          [
            68766.02040142436,
            3179442.927241563
          ],
          [
            68796.63003276891,
            3179537.9302029735
          ],
          [
            68843.10460193278,
            3179626.4128066464
          ],
          [
            68901.33661014558,
            3179707.404892205
          ],
          [
            68983.44590041305,
            3179762.523355733
          ],
          [
            69082.42568176912,
            3179770.8339645322
          ],
          [
            69181.74199281257,
            3179759.489094283
          ],
          [
            69281.07695531342,
            3179767.2464586794
          ],
          [
            69377.96588368759,
            3179756.7452251944
          ],
          [
            69430.78420376441,
            3179674.666900035
          ],
          [
            69457.4764026338,
            3179578.298697217
          ],
          [
            69493.8698221642,
            3179485.282638231
          ],
          [
            69569.31897094662,
            3179458.976978124
          ],
          [
            69620.66954981623,
            3179542.7845468456
          ],
          [
            69635.58806085218,
            3179640.9579478824
          ],
          [
            69615.24000487226,
            3179738.5897590644
          ],
          [
            69582.94009013807,
            3179833.1083333
          ],
          [
            69577.21339325412,
            3179931.877049456
          ],
          [
            69601.56976613692,
            3180028.7980178553
          ],
          [
            69632.68159597597,
            3180123.826575496
          ],
          [
            69667.77523549089,
            3180217.4584457553
          ],
          [
            69705.75571967514,
            3180309.962789428
          ],
          [
            69745.77977644166,
            3180401.5938631203
          ],
          [
            69786.37316072526,
            3180492.970210646
          ],
          [
            69834.52079305371,
            3180580.4284964157
          ],
          [
            69897.26130641425,
            3180657.9949859306
          ],
          [
            69970.92377773722,
            3180725.566385164
          ],
          [
            70042.14380478273,
            3180795.612753772
          ],
          [
            70096.0370307692,
            3180879.454765267
          ],
          [
            70132.16959689307,
            3180972.6172106112
          ],
          [
            70164.64466358762,
            3181067.184661151
          ],
          [
            70206.15738805795,
            3181158.043539422
          ],
          [
            70263.33087633007,
            3181239.702378058
          ],
          [
            70330.31080899191,
            3181313.8524971367
          ],
          [
            70378.2888672863,
            3181400.970797814
          ],
          [
            70404.91501753328,
            3181497.3172623315
          ],
          [
            70435.54140757948,
            3181592.3634491856
          ],
          [
            70486.38707963313,
            3181678.0626566363
          ],
          [
            70558.56217719708,
            3181746.975380871
          ],
          [
            70638.76943358255,
            3181806.670986381
          ],
          [
            70725.35751701979,
            3181856.1679909904
          ],
          [
            70820.45145565741,
            3181885.5753930453
          ],
          [
            70874.18828234152,
            3181966.593693307
          ],
          [
            70896.12927613726,
            3182064.1325495136
          ],
          [
            70908.66572932218,
            3182163.2284906763
          ],
          [
            70914.29828853607,
            3182263.069199935
          ],
          [
            70923.3544598756,
            3182362.620434954
          ],
          [
            70944.10306006027,
            3182460.334545651
          ],
          [
            70980.85028990923,
            3182553.1917301295
          ],
          [
            71031.5641441359,
            3182639.262133142
          ],
          [
            71090.43141877346,
            3182720.0465270337
          ],
          [
            71153.60995247793,
            3182797.5389029374
          ],
          [
            71222.66329823482,
            3182869.7869193763
          ],
          [
            71288.39030810265,
            3182944.9921430587
          ],
          [
            71328.67072457047,
            3183035.505452981
          ],
          [
            71337.1153197096,
            3183134.970925766
          ],
          [
            71345.54787441247,
            3183234.3641115795
          ],
          [
            71381.27109264661,
            3183327.3899249556
          ],
          [
            71430.63408084145,
            3183414.277199005
          ],
          [
            71488.27360022326,
            3183495.9359867484
          ],
          [
            71552.07638220096,
            3183572.92552196
          ],
          [
            71616.32405303534,
            3183649.5399416024
          ],
          [
            71680.08796386726,
            3183726.555413295
          ],
          [
            71735.30242812894,
            3183809.78409336
          ],
          [
            71778.1343471939,
            3183900.076629864
          ],
          [
            71816.80561342704,
            3183992.2871382134
          ],
          [
            71862.75956145188,
            3184081.0038911276
          ],
          [
            71921.17604183436,
            3184162.0136044165
          ],
          [
            71988.17963114585,
            3184236.210765368
          ],
          [
            72057.06278563305,
            3184308.690977008
          ],
          [
            72129.00572483453,
            3184378.10133348
          ],
          [
            72201.35963402365,
            3184447.042438786
          ],
          [
            72261.76824624345,
            3184526.424326811
          ],
          [
            72302.08207980415,
            3184617.603236855
          ],
          [
            72323.11877612409,
            3184715.2270052084
          ],
          [
            72336.85724605454,
            3184814.277275878
          ],
          [
            72354.92203354102,
            3184912.585943088
          ],
          [
            72385.03596177777,
            3185007.8811391382
          ],
          [
            72422.2608702326,
            3185100.6592302406
          ],
          [
            72462.80658787403,
            3185192.0318312827
          ],
          [
            72504.63402729177,
            3185282.8294697693
          ],
          [
            72545.24703355957,
            3185374.204115087
          ],
          [
            72584.33705797045,
            3185466.2398440265
          ],
          [
            72621.99792419096,
            3185558.8629301614
          ],
          [
            72655.00074593478,
            3185653.235954199
          ],
          [
            72682.10303565177,
            3185749.4455999937
          ],
          [
            72701.74140276192,
            3185847.481630064
          ],
          [
            72714.88440700182,
            3185946.579917559
          ],
          [
            72720.65784670823,
            3186045.316923903
          ],
          [
            72718.89510398926,
            3186144.9467388787
          ],
          [
            72720.4553646732,
            3186244.7762099635
          ],
          [
            72706.88900745501,
            3186343.8094184548
          ],
          [
            72687.01813299085,
            3186441.810988745
          ],
          [
            72660.11530036303,
            3186537.9672775446
          ],
          [
            72633.41265391628,
            3186634.2592288936
          ],
          [
            72601.3526099515,
            3186728.9746378544
          ],
          [
            72564.7987856517,
            3186821.9942471324
          ],
          [
            72526.41225971769,
            3186914.2923974996
          ],
          [
            72486.18840791579,
            3187005.662928312
          ],
          [
            72450.07927853515,
            3187098.880756912
          ],
          [
            72423.54907174925,
            3187195.2196319276
          ],
          [
            72406.3384181581,
            3187293.718542184
          ],
          [
            72389.8223867397,
            3187392.342331903
          ],
          [
            72375.51995669576,
            3187491.301456419
          ],
          [
            72366.04899631222,
            3187590.8126794733
          ],
          [
            72367.33941871815,
            3187690.739530409
          ],
          [
            72377.05284956725,
            3187790.2541610403
          ],
          [
            72389.93204928628,
            3187889.4207698572
          ],
          [
            72403.22379755157,
            3187988.5333325546
          ],
          [
            72420.86118793355,
            3188086.9305738774
          ],
          [
            72453.5113066363,
            3188181.2047467623
          ],
          [
            72510.2079336056,
            3188263.2751224726
          ],
          [
            72574.76049726282,
            3188339.476671583
          ],
          [
            72624.94009507034,
            3188425.6646615635
          ],
          [
            72655.04320774988,
            3188520.8566947323
          ],
          [
            72670.86290511285,
            3188619.5364781274
          ],
          [
            72678.54945810813,
            3188719.2332543037
          ],
          [
            72689.48751118273,
            3188818.606274126
          ],
          [
            72707.15921257313,
            3188917.0224989755
          ],
          [
            72735.53474921825,
            3189012.6412288393
          ],
          [
            72808.74138241245,
            3189076.914967506
          ],
          [
            72904.50815373241,
            3189105.4982480197
          ],
          [
            72996.49482606031,
            3189144.041508246
          ],
          [
            73073.79291610201,
            3189206.585915181
          ],
          [
            73127.17355111107,
            3189290.737688878
          ],
          [
            73158.47733996877,
            3189385.584553379
          ],
          [
            73175.74648625261,
            3189484.0459675584
          ],
          [
            73187.84968574722,
            3189583.3057820657
          ],
          [
            73202.58727984659,
            3189682.1879549543
          ],
          [
            73220.77595516556,
            3189780.514372937
          ],
          [
            73237.07697553608,
            3189879.1739768484
          ],
          [
            73248.57379311792,
            3189978.4791273894
          ],
          [
            73252.80131494219,
            3190078.331791751
          ],
          [
            73245.61913104416,
            3190178.0105638136
          ],
          [
            73224.38813935519,
            3190275.6366398563
          ],
          [
            73194.8213413571,
            3190371.13364252
          ],
          [
            73161.85223843479,
            3190465.518300099
          ],
          [
            73130.5254207416,
            3190560.4834972695
          ],
          [
            73089.56862959563,
            3190651.5452498132
          ],
          [
            73039.21553234401,
            3190737.904889741
          ],
          [
            72988.16051471935,
            3190823.8185980567
          ],
          [
            72950.13128865194,
            3190916.146018819
          ],
          [
            72926.25669286825,
            3191013.1347237146
          ],
          [
            72916.39296549546,
            3191112.5847069626
          ],
          [
            72915.21871462352,
            3191212.563262702
          ],
          [
            72917.4506287188,
            3191312.5381348254
          ],
          [
            72921.0647436237,
            3191412.4668689906
          ],
          [
            72927.72058569781,
            3191512.24276733
          ],
          [
            72936.45037629973,
            3191611.8598647937
          ],
          [
            72944.80529355077,
            3191711.503408804
          ],
          [
            72949.60320816896,
            3191811.384830516
          ],
          [
            72951.52774390466,
            3191911.3622174924
          ],
          [
            72951.97059453998,
            3192011.3611448277
          ],
          [
            72953.24876024373,
            3192111.3511547744
          ],
          [
            72958.23601570501,
            3192211.210540581
          ],
          [
            72968.86200369053,
            3192310.615168029
          ],
          [
            72984.09710512191,
            3192409.445751595
          ],
          [
            73000.36816104059,
            3192508.112714232
          ],
          [
            73012.84796081914,
            3192607.2945915353
          ],
          [
            73017.80403924936,
            3192707.1388060753
          ],
          [
            73016.52298953144,
            3192807.124114822
          ],
          [
            73012.75202499016,
            3192907.052285255
          ],
          [
            73009.03155114484,
            3193006.9825590355
          ],
          [
            73008.16821097529,
            3193106.9639073857
          ],
          [
            73008.69639286549,
            3193206.962067922
          ],
          [
            73009.13261113649,
            3193306.9607603517
          ],
          [
            73008.66226993993,
            3193406.9582144287
          ],
          [
            73011.27313897533,
            3193506.913831205
          ],
          [
            73019.78653043693,
            3193606.5316362954
          ],
          [
            73033.44175545707,
            3193705.5913573015
          ],
          [
            73047.0363645174,
            3193804.6614357647
          ],
          [
            73057.11801610896,
            3193904.140156061
          ],
          [
            73061.12613370563,
            3194004.0479439623
          ],
          [
            73059.33580781035,
            3194104.017716992
          ],
          [
            73053.71180839556,
            3194203.853226852
          ],
          [
            73046.67428437118,
            3194303.6013800767
          ],
          [
            73044.33027808147,
            3194403.553510836
          ],
          [
            73047.21643230639,
            3194503.5041025477
          ],
          [
            73053.64314190498,
            3194603.29188353
          ],
          [
            73059.84180501851,
            3194703.0983344866
          ],
          [
            73060.68931260174,
            3194803.0337743894
          ],
          [
            73047.67536725076,
            3194902.083074191
          ],
          [
            73021.90556902133,
            3194998.660247577
          ],
          [
            72991.9217359144,
            3195094.055879179
          ],
          [
            72966.92027310393,
            3195190.840385355
          ],
          [
            72952.92581337674,
            3195289.8130698963
          ],
          [
            72945.09018776478,
            3195389.5013718395
          ],
          [
            72939.92327646822,
            3195489.3602964757
          ],
          [
            72938.72888317045,
            3195589.3488057265
          ],
          [
            72940.90313385654,
            3195689.3130421
          ],
          [
            72950.60808664277,
            3195788.8052745597
          ],
          [
            72965.62290410254,
            3195887.6688854843
          ],
          [
            72978.95676878725,
            3195986.769750382
          ],
          [
            72983.60786644607,
            3196086.5714140045
          ],
          [
            72974.92675470265,
            3196186.111557254
          ],
          [
            72951.18432384085,
            3196283.228555364
          ],
          [
            72921.91487167936,
            3196378.8401878723
          ],
          [
            72891.80233193294,
            3196474.1637567375
          ],
          [
            72866.67777100956,
            3196570.953777052
          ],
          [
            72837.08138720637,
            3196666.362852847
          ],
          [
            72803.51345987154,
            3196760.553413344
          ],
          [
            72773.34410007806,
            3196855.8776715286
          ],
          [
            72755.16028822052,
            3196954.0960293906
          ],
          [
            72750.52376368454,
            3197053.9206204014
          ],
          [
            72754.57039193365,
            3197153.821827981
          ],
          [
            72762.42374294091,
            3197253.5115147885
          ],
          [
            72768.99498973916,
            3197353.28483909
          ],
          [
            72768.59738965394,
            3197453.263638214
          ],
          [
            72764.13263580955,
            3197553.163181834
          ],
          [
            72763.66437929067,
            3197653.1167684663
          ],
          [
            72772.73335166683,
            3197752.6544947973
          ],
          [
            72788.9888234943,
            3197851.316957091
          ],
          [
            72801.37461189633,
            3197950.536786567
          ],
          [
            72820.46658215128,
            3198048.5696628103
          ],
          [
            72862.20092355688,
            3198139.0736368285
          ],
          [
            72924.08899200342,
            3198217.4555765446
          ],
          [
            72993.84544387626,
            3198289.009112469
          ],
          [
            73071.32331604011,
            3198351.9125598967
          ],
          [
            73154.76246764681,
            3198406.9970805226
          ],
          [
            73232.57003009162,
            3198469.4608615143
          ],
          [
            73302.7859986224,
            3198540.523705386
          ],
          [
            73371.54009082471,
            3198613.0969820307
          ],
          [
            73445.16514362807,
            3198680.7017502724
          ],
          [
            73527.89697011815,
            3198736.515846955
          ],
          [
            73619.27552167438,
            3198776.8916721107
          ],
          [
            73713.65758249942,
            3198809.9239076013
          ],
          [
            73805.36796889393,
            3198849.5497188508
          ],
          [
            73889.49506178213,
            3198903.3822167926
          ],
          [
            73965.91225215993,
            3198967.791302656
          ],
          [
            74034.94108474448,
            3199040.0747267236
          ],
          [
            74095.99301633856,
            3199119.217375947
          ],
          [
            74150.68233663651,
            3199202.909799329
          ],
          [
            74202.6830860631,
            3199288.318591612
          ],
          [
            74256.90160305904,
            3199372.3281902946
          ],
          [
            74318.10923911163,
            3199451.3020261796
          ],
          [
            74396.52649421964,
            3199510.927008546
          ],
          [
            74494.54702354428,
            3199505.946516534
          ],
          [
            74587.72401481889,
            3199469.7934047543
          ],
          [
            74683.92982093222,
            3199443.866394409
          ],
          [
            74783.76241118592,
            3199438.7503952133
          ],
          [
            74881.66940984028,
            3199418.986165283
          ],
          [
            74980.72140633025,
            3199406.728165012
          ],
          [
            75078.43245542441,
            3199424.660300856
          ],
          [
            75153.9730282613,
            3199488.376489896
          ],
          [
            75194.3885329396,
            3199579.2966383784
          ],
          [
            75210.65205508801,
            3199677.8626415413
          ],
          [
            75220.13701347668,
            3199777.4076073277
          ],
          [
            75234.13327093414,
            3199876.4039483774
          ],
          [
            75249.92241066816,
            3199975.1429944676
          ],
          [
            75263.00727845838,
            3200074.269442565
          ],
          [
            75274.95216839066,
            3200173.547949504
          ],
          [
            75288.93758020656,
            3200272.5495394203
          ],
          [
            75310.96983150853,
            3200369.9726603264
          ],
          [
            75352.80979861168,
            3200460.1086814255
          ],
          [
            75422.39282321675,
            3200530.9913960244
          ],
          [
            75507.9758032642,
            3200582.6254455773
          ],
          [
            75588.92410576236,
            3200640.6361844437
          ],
          [
            75630.49050906488,
            3200729.3371313727
          ],
          [
            75607.4627604568,
            3200824.4747787938
          ],
          [
            75541.66271199161,
            3200898.928716755
          ],
          [
            75463.19709857237,
            3200960.8478336125
          ],
          [
            75391.77085863925,
            3201030.4502135506
          ],
          [
            75349.35967331743,
            3201120.0140886763
          ],
          [
            75331.56028077041,
            3201218.2938170084
          ],
          [
            75326.68602963095,
            3201318.148040815
          ],
          [
            75327.17756051992,
            3201418.140790162
          ],
          [
            75329.13070257047,
            3201518.119271492
          ],
          [
            75332.60902283514,
            3201618.0477578593
          ],
          [
            75339.62984001114,
            3201717.7924223477
          ],
          [
            75348.17925545435,
            3201817.4254251528
          ],
          [
            75355.7243619905,
            3201917.1394072007
          ],
          [
            75360.72070652251,
            3202017.0097556347
          ],
          [
            75363.55786541669,
            3202116.9673112873
          ],
          [
            75365.61102961322,
            3202216.9459981374
          ],
          [
            75368.13472041991,
            3202316.912007332
          ],
          [
            75372.4629332212,
            3202416.803104041
          ],
          [
            75380.05567797206,
            3202516.508976834
          ],
          [
            75391.92741647002,
            3202615.784663472
          ],
          [
            75412.46048999016,
            3202713.6062006424
          ],
          [
            75446.33371779068,
            3202807.551482621
          ],
          [
            75499.62494968742,
            3202891.795061869
          ],
          [
            75570.52348552695,
            3202962.1208260753
          ],
          [
            75644.80066483653,
            3203028.979943989
          ],
          [
            75707.69629987236,
            3203106.406194543
          ],
          [
            75755.38939029106,
            3203194.0618582056
          ],
          [
            75786.36579182632,
            3203288.968518382
          ],
          [
            75800.87340445873,
            3203387.778368688
          ],
          [
            75801.91504055959,
            3203487.745743581
          ],
          [
            75798.87189805284,
            3203587.6990403836
          ],
          [
            75800.56085845112,
            3203687.6569978814
          ],
          [
            75808.98908483938,
            3203787.293571727
          ],
          [
            75819.60089824501,
            3203886.7288193633
          ],
          [
            75828.2573833027,
            3203986.346229009
          ],
          [
            75833.26239050088,
            3204086.2053927914
          ],
          [
            75832.79883389402,
            3204186.1926349136
          ],
          [
            75826.01605936981,
            3204285.9428239926
          ],
          [
            75814.15615527573,
            3204385.2344119935
          ],
          [
            75801.64524309781,
            3204484.448617805
          ],
          [
            75789.1778577988,
            3204583.665508522
          ],
          [
            75777.38937728493,
            3204682.965404298
          ],
          [
            75762.48262122553,
            3204781.81787127
          ],
          [
            75735.77700887533,
            3204878.1518240813
          ],
          [
            75695.97015415833,
            3204969.819574866
          ],
          [
            75657.01219433815,
            3205061.8312795428
          ],
          [
            75634.97424532406,
            3205159.2707390026
          ],
          [
            75622.87861546263,
            3205258.526632314
          ],
          [
            75612.43410006043,
            3205357.977338256
          ],
          [
            75598.1219627013,
            3205456.9387324243
          ],
          [
            75579.67670750506,
            3205555.216426814
          ],
          [
            75560.63373811526,
            3205653.371954661
          ],
          [
            75541.40755687447,
            3205751.493400767
          ],
          [
            75523.07511746653,
            3205849.7931741267
          ],
          [
            75505.68616421714,
            3205948.26880085
          ],
          [
            75488.72985232252,
            3206046.8166152937
          ],
          [
            75476.35868855008,
            3206146.029323279
          ],
          [
            75469.06661688897,
            3206245.748332427
          ],
          [
            75466.49359722498,
            3206345.687522933
          ],
          [
            75469.98139345733,
            3206445.6133117266
          ],
          [
            75477.11806543646,
            3206545.356621628
          ],
          [
            75484.02995536006,
            3206645.115744965
          ],
          [
            75488.7194708246,
            3206745.002054407
          ],
          [
            75492.4162669627,
            3206844.930549654
          ],
          [
            75498.2105283738,
            3206944.760489449
          ],
          [
            75508.76809363047,
            3207044.1710066367
          ],
          [
            75528.1632023824,
            3207142.188771333
          ],
          [
            75554.14148553918,
            3207238.711726133
          ],
          [
            75570.03669184509,
            3207337.3124705255
          ],
          [
            75576.41078372442,
            3207437.103741231
          ],
          [
            75581.285398588,
            3207536.9843103923
          ],
          [
            75589.74468115244,
            3207636.604692943
          ],
          [
            75600.79526554889,
            3207735.8228173694
          ],
          [
            75611.63012983181,
            3207835.1528587975
          ],
          [
            75615.69081571652,
            3207934.545042238
          ],
          [
            75616.84401985155,
            3208034.3515550005
          ],
          [
            75580.4654397603,
            3208122.756867856
          ],
          [
            75560.02510757167,
            3208220.3935664822
          ],
          [
            75559.0138393924,
            3208319.782389347
          ],
          [
            75496.98160437982,
            3208395.4312031637
          ],
          [
            75455.43155086953,
            3208484.3620264614
          ],
          [
            75409.28209406835,
            3208569.3129071905
          ],
          [
            75341.67686222623,
            3208624.4019703255
          ],
          [
            75272.06369285543,
            3208694.200105671
          ],
          [
            75237.88802880567,
            3208787.368585553
          ],
          [
            75229.39025842265,
            3208886.89531518
          ],
          [
            75212.86476258728,
            3208985.4829610675
          ],
          [
            75202.06129093835,
            3209084.854589036
          ],
          [
            75183.04570209497,
            3209182.9759901394
          ],
          [
            75151.6719706324,
            3209277.7848548866
          ],
          [
            75106.28624162564,
            3209366.7868712447
          ],
          [
            75055.6939095347,
            3209453.0156048727
          ],
          [
            75013.73549114674,
            3209543.7306355597
          ],
          [
            74985.10401604843,
            3209639.3371938067
          ],
          [
            74974.76616815498,
            3209738.653234305
          ],
          [
            74976.60672273058,
            3209838.610404384
          ],
          [
            74990.44454632829,
            3209937.5971776247
          ],
          [
            75010.26276519943,
            3210035.5997745106
          ],
          [
            75032.85488294196,
            3210133.0118576633
          ],
          [
            75059.04799007007,
            3210229.5071700546
          ],
          [
            75091.4328234283,
            3210324.1072596936
          ],
          [
            75126.8226596034,
            3210417.6327841366
          ],
          [
            75160.97428482659,
            3210511.610982284
          ],
          [
            75189.62733616594,
            3210607.382791764
          ],
          [
            75212.35871622628,
            3210704.7550839363
          ],
          [
            75235.73136993674,
            3210801.975480894
          ],
          [
            75269.36371307078,
            3210896.0001967046
          ],
          [
            75321.91479837778,
            3210980.7513145576
          ],
          [
            75387.37847294429,
            3211056.3147953455
          ],
          [
            75442.77565343874,
            3211139.2161548706
          ],
          [
            75479.77595135393,
            3211232.0055634193
          ],
          [
            75513.51228147351,
            3211326.1145376614
          ],
          [
            75560.72196296016,
            3211413.986785993
          ],
          [
            75631.00664256548,
            3211484.329348758
          ],
          [
            75723.96867508716,
            3211517.280293755
          ],
          [
            75823.20854887798,
            3211508.905355463
          ],
          [
            75921.71271025072,
            3211492.1981112314
          ],
          [
            76019.89979672735,
            3211505.0533876573
          ],
          [
            76103.34169037172,
            3211558.829361316
          ],
          [
            76169.32324742335,
            3211633.786616511
          ],
          [
            76223.32949736138,
            3211717.8676062175
          ],
          [
            76268.12122088704,
            3211807.2299722484
          ],
          [
            76305.07338104163,
            3211900.115683139
          ],
          [
            76337.96754010468,
            3211994.5441272575
          ],
          [
            76373.23260589245,
            3212088.0958279106
          ],
          [
            76417.98307963305,
            3212177.3735692836
          ],
          [
            76480.73550264069,
            3212254.755011867
          ],
          [
            76565.81789033426,
            3212305.47038247
          ],
          [
            76664.77640039398,
            3212314.7459587026
          ],
          [
            76764.44423521476,
            3212306.8800493134
          ],
          [
            76862.52747705397,
            3212321.9917161292
          ],
          [
            76943.83588346947,
            3212378.7498822515
          ],
          [
            77007.06960915843,
            3212456.0978061548
          ],
          [
            77065.40784169943,
            3212537.3085485725
          ],
          [
            77127.42080039349,
            3212615.7328457655
          ],
          [
            77206.63080476879,
            3212675.8199138856
          ],
          [
            77300.78919136115,
            3212704.9214926627
          ],
          [
            77396.27292183395,
            3212693.14543899
          ],
          [
            77461.78538370715,
            3212622.7564964984
          ],
          [
            77525.95740456216,
            3212565.4143250077
          ],
          [
            77536.34352944721,
            3212642.7462846325
          ],
          [
            77599.9520352395,
            3212699.8787809387
          ],
          [
            77687.46146135153,
            3212740.0121043385
          ],
          [
            77706.0386945875,
            3212835.714695567
          ],
          [
            77786.23862386071,
            3212889.097937107
          ],
          [
            77881.7484774435,
            3212899.9691984397
          ],
          [
            77972.5771105208,
            3212859.72434975
          ],
          [
            78062.60655527494,
            3212816.2434909143
          ],
          [
            78157.97086174249,
            3212787.1361218826
          ],
          [
            78257.45030870006,
            3212778.2713770065
          ],
          [
            78357.1515839938,
            3212770.8684049
          ],
          [
            78456.95707216489,
            3212767.6370136556
          ],
          [
            78553.49051439797,
            3212791.288247178
          ],
          [
            78631.06569326615,
            3212853.278541081
          ],
          [
            78688.36674556175,
            3212934.91273523
          ],
          [
            78732.78555797752,
            3213024.443434984
          ],
          [
            78793.34393506385,
            3213093.8495929195
          ],
          [
            78883.76592138004,
            3213128.789089401
          ],
          [
            78973.59347849069,
            3213157.9623108017
          ],
          [
            79072.99577191494,
            3213162.535630398
          ],
          [
            79131.15721786987,
            3213227.7903384543
          ],
          [
            79167.13092220068,
            3213316.263855443
          ],
          [
            79234.78130402576,
            3213389.0699079214
          ],
          [
            79305.54903200269,
            3213459.6676333603
          ],
          [
            79375.11238683006,
            3213531.4902864224
          ],
          [
            79445.08128415335,
            3213602.921428976
          ],
          [
            79476.18399733308,
            3213691.9245797475
          ],
          [
            79527.72218383159,
            3213773.3981692963
          ],
          [
            79575.79564590236,
            3213856.6799145904
          ],
          [
            79579.17681038802,
            3213956.605692609
          ],
          [
            79605.8526197557,
            3214048.3855553498
          ],
          [
            79627.52143180509,
            3214129.6502641174
          ],
          [
            79555.9191697531,
            3214197.632361401
          ],
          [
            79547.78883176192,
            3214287.5712994896
          ],
          [
            79598.0679645414,
            3214369.541227511
          ],
          [
            79606.35891705923,
            3214469.153858638
          ],
          [
            79605.56470502821,
            3214569.1048496244
          ],
          [
            79559.72013708223,
            3214656.2310727485
          ],
          [
            79552.56067606907,
            3214755.678535402
          ],
          [
            79579.05268406526,
            3214848.272615067
          ],
          [
            79612.5116181452,
            3214934.8244325253
          ],
          [
            79623.5246934939,
            3215033.8772775205
          ],
          [
            79621.9188317999,
            3215117.901715045
          ],
          [
            79566.76033362353,
            3215199.5249753976
          ],
          [
            79567.66442508914,
            3215298.6239499147
          ],
          [
            79578.32085247713,
            3215397.780279664
          ],
          [
            79604.84628942615,
            3215490.591521276
          ],
          [
            79639.52401215087,
            3215576.8481995813
          ],
          [
            79649.96919998682,
            3215675.8523053494
          ],
          [
            79695.5108795023,
            3215756.961811571
          ],
          [
            79628.27444425558,
            3215830.0528298877
          ],
          [
            79587.94800369618,
            3215916.8038763874
          ],
          [
            79613.81754176914,
            3216010.1005727374
          ],
          [
            79620.90652837318,
            3216106.786029648
          ],
          [
            79611.24330529873,
            3216203.5728643853
          ],
          [
            79614.35695299355,
            3216303.1335653276
          ],
          [
            79617.38262243976,
            3216402.7849105103
          ],
          [
            79598.12199927145,
            3216499.1904199547
          ],
          [
            79588.76859782547,
            3216596.6511736214
          ],
          [
            79595.37426447764,
            3216696.381354789
          ],
          [
            79609.33908720923,
            3216795.287401586
          ],
          [
            79584.11782621453,
            3216891.022898458
          ],
          [
            79543.616928286,
            3216977.8280148534
          ],
          [
            79542.93880784536,
            3217073.5971737886
          ],
          [
            79605.50147770222,
            3217151.4252403104
          ],
          [
            79577.92730090121,
            3217236.647953538
          ],
          [
            79481.38004797115,
            3217253.895562051
          ],
          [
            79438.34656185622,
            3217341.3294199803
          ],
          [
            79396.2733386606,
            3217424.819744276
          ],
          [
            79397.11752074072,
            3217524.8156207423
          ],
          [
            79388.74010432222,
            3217623.353078521
          ],
          [
            79303.26861867023,
            3217663.664302767
          ],
          [
            79223.32635917907,
            3217719.375833317
          ],
          [
            79126.11105477267,
            3217735.1763310535
          ],
          [
            79043.02559952717,
            3217769.8015947817
          ],
          [
            78992.18405700958,
            3217853.345936762
          ],
          [
            78924.3085291366,
            3217926.1410227297
          ],
          [
            78873.42400835526,
            3218010.572428533
          ],
          [
            78819.57608900298,
            3218092.745405326
          ],
          [
            78753.41279470743,
            3218167.009278296
          ],
          [
            78684.51854096461,
            3218231.1723522902
          ],
          [
            78651.0185501575,
            3218322.122104689
          ],
          [
            78632.81563258993,
            3218418.9980123937
          ],
          [
            78639.4703512184,
            3218518.718645599
          ],
          [
            78643.87541233646,
            3218618.1301020486
          ],
          [
            78632.94240210357,
            3218716.491933962
          ],
          [
            78661.16059289359,
            3218812.167190619
          ],
          [
            78670.19842238526,
            3218911.7209074246
          ],
          [
            78674.71796925682,
            3219011.539478585
          ],
          [
            78641.2642793762,
            3219101.553513796
          ],
          [
            78586.90842529992,
            3219175.7531754463
          ],
          [
            78537.06914924568,
            3219259.2198194023
          ],
          [
            78484.77995084174,
            3219344.1438090573
          ],
          [
            78511.23918381965,
            3219432.434958112
          ],
          [
            78497.95141849878,
            3219526.4497898174
          ],
          [
            78452.89560439547,
            3219614.2297257707
          ],
          [
            78369.30738112448,
            3219638.518107868
          ],
          [
            78325.05778852271,
            3219727.5110673457
          ],
          [
            78278.65404904178,
            3219815.416295046
          ],
          [
            78209.68798188306,
            3219886.831196485
          ],
          [
            78213.45824671103,
            3219982.5349520473
          ],
          [
            78171.36167262556,
            3220062.8148196987
          ],
          [
            78083.39474066245,
            3220108.511986769
          ],
          [
            77985.69165939518,
            3220125.564898807
          ],
          [
            77894.92329352372,
            3220155.5247314917
          ],
          [
            77851.02380881183,
            3220245.339674553
          ],
          [
            77825.05112969055,
            3220341.610346416
          ],
          [
            77795.81044828326,
            3220435.369401867
          ],
          [
            77768.64183353937,
            3220528.991142007
          ],
          [
            77733.55650678201,
            3220621.5392172975
          ],
          [
            77743.8157671592,
            3220719.6223598225
          ],
          [
            77800.55605971444,
            3220801.1549555906
          ],
          [
            77875.7774459021,
            3220866.84566001
          ],
          [
            77956.31560113058,
            3220926.1127733523
          ],
          [
            78036.34486310776,
            3220986.044412537
          ],
          [
            78112.97301011335,
            3221050.2806476345
          ],
          [
            78186.98996061433,
            3221117.5163737885
          ],
          [
            78258.67067613314,
            3221187.2259563245
          ],
          [
            78325.92725822638,
            3221261.194373415
          ],
          [
            78387.24591278254,
            3221340.1535804067
          ],
          [
            78445.09510651573,
            3221421.7177959136
          ],
          [
            78504.08146911989,
            3221502.4476280734
          ],
          [
            78572.50593708867,
            3221575.0642805416
          ],
          [
            78657.2497675162,
            3221627.1477736225
          ],
          [
            78749.75263250634,
            3221665.0437914548
          ],
          [
            78830.3932196083,
            3221722.8900736044
          ],
          [
            78885.0942118041,
            3221806.232364629
          ],
          [
            78914.81578821011,
            3221901.6489345254
          ],
          [
            78929.83586354255,
            3222000.474023951
          ],
          [
            78938.29198526885,
            3222100.1036937423
          ],
          [
            78942.4035441156,
            3222200.0124415774
          ],
          [
            78943.28579782964,
            3222300.0056589753
          ],
          [
            78942.04206488252,
            3222399.994814591
          ],
          [
            78937.85371590852,
            3222499.896605204
          ],
          [
            78926.53663904067,
            3222599.212843238
          ],
          [
            78897.97856601437,
            3222694.4147095666
          ],
          [
            78823.86487172739,
            3222752.726984378
          ],
          [
            78724.23570427489,
            3222757.710706246
          ],
          [
            78641.46742031765,
            3222809.018841719
          ],
          [
            78613.5537529886,
            3222904.117178158
          ],
          [
            78596.48440378114,
            3223002.338607518
          ],
          [
            78584.11805477549,
            3223100.514865989
          ],
          [
            78586.44681877126,
            3223200.4818417043
          ],
          [
            78588.95121616208,
            3223300.4233712615
          ],
          [
            78598.37770054865,
            3223399.949925779
          ],
          [
            78612.52909877553,
            3223498.9385012807
          ],
          [
            78627.91302506039,
            3223597.7393896147
          ],
          [
            78637.06988485689,
            3223697.2769389674
          ],
          [
            78637.76579909079,
            3223797.2666638237
          ],
          [
            78639.88894909483,
            3223897.223651347
          ],
          [
            78649.26703332391,
            3223996.741979525
          ],
          [
            78671.0888365345,
            3224094.267874084
          ],
          [
            78704.93997632386,
            3224188.3188984944
          ],
          [
            78752.74700501337,
            3224276.1052229474
          ],
          [
            78806.00405082383,
            3224360.673472876
          ],
          [
            78857.08550858675,
            3224446.625830248
          ],
          [
            78905.59136659928,
            3224534.0712443693
          ],
          [
            78955.54441946927,
            3224620.6930532777
          ],
          [
            79007.03098389362,
            3224706.4152236776
          ],
          [
            79059.83374067664,
            3224791.3292677742
          ],
          [
            79117.55709614199,
            3224872.728511781
          ],
          [
            79201.38387190849,
            3224882.371211763
          ],
          [
            79267.08841126191,
            3224807.3972764006
          ],
          [
            79355.53702480413,
            3224767.298596882
          ],
          [
            79437.75179776858,
            3224815.7261917703
          ],
          [
            79471.53376193077,
            3224908.4606367685
          ],
          [
            79463.15819069637,
            3225007.4753127773
          ],
          [
            79424.41810165484,
            3225099.2775690285
          ],
          [
            79371.0333951838,
            3225183.618200911
          ],
          [
            79318.86089457582,
            3225268.8197931955
          ],
          [
            79279.766555808,
            3225360.7731988654
          ],
          [
            79245.721571839,
            3225454.737630457
          ],
          [
            79220.54470532709,
            3225551.4791371245
          ],
          [
            79200.2494394545,
            3225649.380044949
          ],
          [
            79211.67996998662,
            3225746.001623206
          ],
          [
            79270.75740035126,
            3225826.1830525845
          ],
          [
            79310.31380817834,
            3225916.2925703935
          ],
          [
            79316.45342164642,
            3226016.016245908
          ],
          [
            79369.36468856044,
            3226096.0122303064
          ],
          [
            79335.23305366583,
            3226182.4120538337
          ],
          [
            79343.8550621126,
            3226281.7379623046
          ],
          [
            79398.29265030244,
            3226362.169490428
          ],
          [
            79432.71669888259,
            3226450.928311633
          ],
          [
            79431.58559681084,
            3226550.8627405367
          ],
          [
            79382.74658817422,
            3226634.7658760166
          ],
          [
            79338.40984609105,
            3226720.4642566754
          ],
          [
            79273.1261917742,
            3226794.6749317083
          ],
          [
            79245.55869382487,
            3226884.3787509836
          ],
          [
            79227.99540631386,
            3226981.7348183105
          ],
          [
            79200.52655445479,
            3227076.416906565
          ],
          [
            79204.67344364343,
            3227174.9991910625
          ],
          [
            79131.72211521657,
            3227219.624463369
          ],
          [
            79082.46508264412,
            3227293.334477193
          ],
          [
            79160.25647157535,
            3227351.541241099
          ],
          [
            79241.38956031273,
            3227406.9471545294
          ],
          [
            79340.57211204353,
            3227414.389464695
          ],
          [
            79440.38363602059,
            3227410.828268268
          ],
          [
            79531.84075792751,
            3227445.4734919886
          ],
          [
            79570.47815280159,
            3227535.1874015164
          ],
          [
            79561.11020116958,
            3227634.4551627
          ],
          [
            79541.35300658026,
            3227732.4716269793
          ],
          [
            79533.9527483411,
            3227831.9228180996
          ],
          [
            79553.89439235158,
            3227929.784404191
          ],
          [
            79583.30875656822,
            3228025.3408140284
          ],
          [
            79613.4268008762,
            3228120.6597522525
          ],
          [
            79641.33980818324,
            3228216.674776647
          ],
          [
            79666.37436200884,
            3228313.4861832373
          ],
          [
            79692.05235121313,
            3228410.109731672
          ],
          [
            79721.02427323328,
            3228505.8098306977
          ],
          [
            79751.90060771041,
            3228600.922487793
          ],
          [
            79782.31954443404,
            3228696.182444213
          ],
          [
            79810.88208556424,
            3228792.0141569995
          ],
          [
            79841.6383537054,
            3228887.157408901
          ],
          [
            79878.19101237597,
            3228980.1998210205
          ],
          [
            79922.08873260104,
            3229070.0126114693
          ],
          [
            79971.54812518442,
            3229156.9201411805
          ],
          [
            80019.92644265392,
            3229244.4304400436
          ],
          [
            80062.48391669866,
            3229334.9023724175
          ],
          [
            80106.37587539626,
            3229424.608814
          ],
          [
            80138.18656122102,
            3229518.7950473716
          ],
          [
            80173.43720754253,
            3229611.964334592
          ],
          [
            80201.91562726512,
            3229707.1542649325
          ],
          [
            80230.94056523136,
            3229802.842520003
          ],
          [
            80258.32899989813,
            3229899.0154518494
          ],
          [
            80286.45581923131,
            3229994.9752104683
          ],
          [
            80313.46401371584,
            3230091.2550064754
          ],
          [
            80339.36028249914,
            3230187.8320067455
          ],
          [
            80365.18886614354,
            3230284.431272722
          ],
          [
            80393.67948852645,
            3230380.2795109763
          ],
          [
            80428.15049270816,
            3230474.123817931
          ],
          [
            80471.80150470296,
            3230564.0227727233
          ],
          [
            80524.80916927045,
            3230648.74960559
          ],
          [
            80583.60111305352,
            3230729.6103721755
          ],
          [
            80642.74560661588,
            3230810.241261564
          ],
          [
            80699.89929653252,
            3230892.265046675
          ],
          [
            80740.1604160222,
            3230983.353971033
          ],
          [
            80751.75420603936,
            3231082.4823194346
          ],
          [
            80751.22193318652,
            3231182.4747768934
          ],
          [
            80749.87750176221,
            3231282.4639865933
          ],
          [
            80741.83341750727,
            3231382.0950683192
          ],
          [
            80728.4270950453,
            3231481.1915653995
          ],
          [
            80720.16566230595,
            3231580.825148054
          ],
          [
            80721.28555328833,
            3231680.7570096375
          ],
          [
            80732.59027007986,
            3231780.077565527
          ],
          [
            80750.93034858421,
            3231878.36679992
          ],
          [
            80773.03295745436,
            3231975.8855919433
          ],
          [
            80805.57273989677,
            3232070.2100184485
          ],
          [
            80827.97024281546,
            3232167.3241898133
          ],
          [
            80858.6166160893,
            3232262.1269778595
          ],
          [
            80906.43395916808,
            3232349.842559912
          ],
          [
            80963.77040535805,
            3232431.7312265914
          ],
          [
            81019.20727371461,
            3232514.871075234
          ],
          [
            81044.42576904406,
            3232610.6419413923
          ],
          [
            81021.36711967323,
            3232707.518961499
          ],
          [
            80985.82327653126,
            3232800.9397570994
          ],
          [
            80972.06351422035,
            3232899.1630509226
          ],
          [
            81008.31570725572,
            3232990.891788869
          ],
          [
            81074.17334015331,
            3233065.8067841013
          ],
          [
            81146.48632838765,
            3233134.8395670643
          ],
          [
            81218.75812534144,
            3233203.9422725164
          ],
          [
            81281.84976260424,
            3233281.2894760226
          ],
          [
            81324.56900960585,
            3233371.3003648357
          ],
          [
            81343.87903417414,
            3233469.176336226
          ],
          [
            81348.50742247721,
            3233569.0313040228
          ],
          [
            81349.79022583853,
            3233669.020860379
          ],
          [
            81359.10214012695,
            3233768.4796060366
          ],
          [
            81385.27186004823,
            3233864.811408774
          ],
          [
            81433.44034786717,
            3233952.014080838
          ],
          [
            81509.29866571577,
            3234016.307379243
          ],
          [
            81599.19126178409,
            3234059.931214259
          ],
          [
            81694.95429068322,
            3234087.6452602455
          ],
          [
            81794.5500546731,
            3234095.9476818396
          ],
          [
            81893.92009131477,
            3234106.103196026
          ],
          [
            81987.37181634706,
            3234140.5147587163
          ],
          [
            82073.55819436522,
            3234191.1934504057
          ],
          [
            82160.00770881744,
            3234241.439094841
          ],
          [
            82248.63808276,
            3234287.7245934824
          ],
          [
            82338.75135954242,
            3234331.0139035154
          ],
          [
            82432.61528255254,
            3234365.4272467853
          ],
          [
            82529.15897078859,
            3234391.182903803
          ],
          [
            82628.05278239305,
            3234405.8406877303
          ],
          [
            82727.12223679708,
            3234419.4329481516
          ],
          [
            82825.27334776164,
            3234438.2793370276
          ],
          [
            82919.68130657975,
            3234470.819961925
          ],
          [
            83008.24802164256,
            3234517.088200905
          ],
          [
            83092.4028566273,
            3234570.9965536157
          ],
          [
            83180.08254585185,
            3234618.1696329387
          ],
          [
            83272.6925569046,
            3234650.848749194
          ],
          [
            83368.12581683038,
            3234676.2483310797
          ],
          [
            83454.78456308226,
            3234710.174513106
          ],
          [
            83547.89368487021,
            3234673.831789858
          ],
          [
            83646.59979298693,
            3234665.6956371707
          ],
          [
            83734.57994516377,
            3234709.821729957
          ],
          [
            83800.53668735088,
            3234784.6334367595
          ],
          [
            83857.7127144863,
            3234866.633947776
          ],
          [
            83918.00593560337,
            3234946.3877923856
          ],
          [
            83982.94243705075,
            3235022.417506068
          ],
          [
            84050.2226879191,
            3235096.35472507
          ],
          [
            84117.40245375705,
            3235170.399858743
          ],
          [
            84177.32011585767,
            3235250.321400995
          ],
          [
            84226.0930830003,
            3235337.5429626573
          ],
          [
            84259.88630319163,
            3235431.4409484672
          ],
          [
            84261.41900586468,
            3235530.5216313624
          ],
          [
            84220.94164709965,
            3235621.107160598
          ],
          [
            84151.01531385441,
            3235690.7685032566
          ],
          [
            84055.46968080524,
            3235714.129654078
          ],
          [
            83968.49196258959,
            3235670.2355453265
          ],
          [
            83917.19665215099,
            3235585.046424938
          ],
          [
            83882.58526089019,
            3235491.296586724
          ],
          [
            83851.3951764799,
            3235396.7044252125
          ],
          [
            83772.5511213821,
            3235395.9916829397
          ],
          [
            83748.92280636357,
            3235492.572636688
          ],
          [
            83754.24058250469,
            3235592.0720525766
          ],
          [
            83789.3773279981,
            3235684.9722522334
          ],
          [
            83857.04672550844,
            3235757.681343408
          ],
          [
            83941.61634747827,
            3235810.8356189253
          ],
          [
            84019.93921244355,
            3235872.756928181
          ],
          [
            84086.37931137164,
            3235947.4014957906
          ],
          [
            84148.71168123755,
            3236025.572813071
          ],
          [
            84212.59637563027,
            3236102.4899916817
          ],
          [
            84290.81719228758,
            3236162.38035748
          ],
          [
            84378.36447261837,
            3236127.9463926954
          ],
          [
            84446.106935125,
            3236054.620651653
          ],
          [
            84536.55617233632,
            3236051.356390038
          ],
          [
            84603.94166556938,
            3236123.93891193
          ],
          [
            84655.97706504412,
            3236209.049348799
          ],
          [
            84692.58730030965,
            3236301.5389359454
          ],
          [
            84701.69730835596,
            3236400.7811938655
          ],
          [
            84691.66377705945,
            3236500.2452466907
          ],
          [
            84688.3494889105,
            3236600.047386704
          ],
          [
            84704.478511492,
            3236698.613569411
          ],
          [
            84726.24529071548,
            3236796.201095766
          ],
          [
            84751.61864136712,
            3236892.9158887635
          ],
          [
            84784.0133679103,
            3236987.491247687
          ],
          [
            84826.28677400653,
            3237077.8593429266
          ],
          [
            84881.1450639172,
            3237161.1576360753
          ],
          [
            84952.28284006055,
            3237231.2250539623
          ],
          [
            85033.0044135584,
            3237290.1646348247
          ],
          [
            85112.42918926475,
            3237350.8312354884
          ],
          [
            85182.39071128498,
            3237422.0637924406
          ],
          [
            85238.25799160068,
            3237504.734002125
          ],
          [
            85280.73403152481,
            3237595.18296643
          ],
          [
            85317.03891546055,
            3237688.357065666
          ],
          [
            85353.55662337459,
            3237781.448076582
          ],
          [
            85394.11758727468,
            3237872.8318101177
          ],
          [
            85439.25338798549,
            3237962.040102849
          ],
          [
            85490.2326004663,
            3238048.0399885993
          ],
          [
            85545.33203260321,
            3238131.4820740903
          ],
          [
            85600.2749246102,
            3238215.0252160286
          ],
          [
            85646.75288335347,
            3238303.4090595082
          ],
          [
            85658.63579485676,
            3238401.4328655656
          ],
          [
            85625.5824652251,
            3238495.454878835
          ],
          [
            85589.70091126808,
            3238588.5484893606
          ],
          [
            85583.24804457564,
            3238687.593069556
          ],
          [
            85625.01088070909,
            3238777.5939370845
          ],
          [
            85694.82082835631,
            3238848.8269764925
          ],
          [
            85775.64768702335,
            3238907.7017995613
          ],
          [
            85852.87822218414,
            3238971.0294367597
          ],
          [
            85915.83973756079,
            3239048.380556
          ],
          [
            85960.53810366054,
            3239137.6507161264
          ],
          [
            85994.38136769716,
            3239231.731424603
          ],
          [
            86025.82274276375,
            3239326.659029451
          ],
          [
            86055.77634496063,
            3239422.064507563
          ],
          [
            86082.6940966704,
            3239518.3623542567
          ],
          [
            86104.63255242894,
            3239615.9005975644
          ],
          [
            86122.4692723162,
            3239714.2935291673
          ],
          [
            86137.78472458322,
            3239813.1101573845
          ],
          [
            86150.70643473389,
            3239912.2692626547
          ],
          [
            86160.82809818578,
            3240011.745125229
          ],
          [
            86164.2285980552,
            3240111.6401359444
          ],
          [
            86158.76743259531,
            3240211.4418805907
          ],
          [
            86143.60880145541,
            3240310.234719875
          ],
          [
            86124.86786152536,
            3240408.461836663
          ],
          [
            86105.12036833119,
            3240506.4836508445
          ],
          [
            86074.86449421743,
            3240601.6416145
          ],
          [
            86016.00440740422,
            3240680.7594389594
          ],
          [
            85931.78794514136,
            3240734.120471656
          ],
          [
            85891.81251961675,
            3240825.200600929
          ],
          [
            85812.28349194651,
            3240870.7301513087
          ],
          [
            85829.88408514358,
            3240966.0680450792
          ],
          [
            85805.65685966257,
            3241057.112376925
          ],
          [
            85802.09402364722,
            3241155.575848479
          ],
          [
            85782.59934467748,
            3241251.844720957
          ],
          [
            85775.11865531924,
            3241351.326442555
          ],
          [
            85752.3207854718,
            3241448.6302092015
          ],
          [
            85719.43006942817,
            3241543.02375523
          ],
          [
            85680.68618414343,
            3241635.189845489
          ],
          [
            85632.8377353884,
            3241722.9556230316
          ],
          [
            85571.64192267216,
            3241801.7911867863
          ],
          [
            85509.06191269748,
            3241878.137183254
          ],
          [
            85489.19341945392,
            3241966.863394192
          ],
          [
            85491.76073765208,
            3242058.1039989786
          ],
          [
            85496.54009498633,
            3242157.7710656263
          ],
          [
            85476.1760205495,
            3242251.7287578266
          ],
          [
            85478.32468945226,
            3242351.3166552945
          ],
          [
            85479.47415392727,
            3242451.2181926384
          ],
          [
            85464.79649286017,
            3242548.774264881
          ],
          [
            85459.28578117842,
            3242648.0829985216
          ],
          [
            85426.94481917305,
            3242740.8011121904
          ],
          [
            85420.58207686697,
            3242839.2955936855
          ],
          [
            85436.60552845596,
            3242937.909325424
          ],
          [
            85447.83241275756,
            3243037.162008146
          ],
          [
            85438.96185198474,
            3243136.5722082043
          ],
          [
            85417.04329764718,
            3243234.1326312986
          ],
          [
            85402.77731652917,
            3243333.0076247854
          ],
          [
            85410.13248192398,
            3243432.378850467
          ],
          [
            85450.07754768658,
            3243523.517821256
          ],
          [
            85502.82295116577,
            3243608.4691155297
          ],
          [
            85546.2956908265,
            3243698.397768499
          ],
          [
            85578.37104932239,
            3243793.0914583774
          ],
          [
            85608.94552850486,
            3243888.281690639
          ],
          [
            85653.0771914567,
            3243977.7748671803
          ],
          [
            85719.76333600827,
            3244051.7512825713
          ],
          [
            85800.72952950266,
            3244110.3516306616
          ],
          [
            85876.6541028487,
            3244175.057659258
          ],
          [
            85930.5591130973,
            3244258.8412110363
          ],
          [
            85965.33223308706,
            3244352.5327503895
          ],
          [
            85994.47226228731,
            3244448.1909105345
          ],
          [
            86022.92622763192,
            3244544.055649565
          ],
          [
            86050.15480532295,
            3244640.2739117676
          ],
          [
            86075.35582045942,
            3244737.007443806
          ],
          [
            86102.88045918201,
            3244832.999880367
          ],
          [
            86136.20698624161,
            3244926.2345155557
          ],
          [
            86163.64165973102,
            3245009.0134425675
          ],
          [
            86191.97374345001,
            3245102.8298812048
          ],
          [
            86222.04925568661,
            3245186.149594784
          ],
          [
            86263.64490886035,
            3245267.2363874884
          ],
          [
            86216.1727771168,
            3245353.7824090617
          ],
          [
            86220.63323492056,
            3245453.459499183
          ],
          [
            86244.39004373385,
            3245549.086776412
          ],
          [
            86253.39537055876,
            3245648.4051589905
          ],
          [
            86289.84696200906,
            3245740.1751218606
          ],
          [
            86290.77518163918,
            3245840.0522007067
          ],
          [
            86320.80632777416,
            3245930.1738396804
          ],
          [
            86343.84651135525,
            3246022.2092732224
          ],
          [
            86270.10372607957,
            3246081.9634900903
          ],
          [
            86242.386121853,
            3246169.0742949233
          ],
          [
            86286.74490806564,
            3246252.815350097
          ],
          [
            86310.77649704393,
            3246347.4693302233
          ],
          [
            86295.46088232879,
            3246445.706265554
          ],
          [
            86303.77589405705,
            3246541.3287062244
          ],
          [
            86336.40993822594,
            3246635.7901004157
          ],
          [
            86379.12814688194,
            3246726.1666132403
          ],
          [
            86428.57902725079,
            3246813.0391178676
          ],
          [
            86489.7171664049,
            3246891.9484678954
          ],
          [
            86563.5193352237,
            3246959.300891001
          ],
          [
            86642.45871242818,
            3247020.6740050334
          ],
          [
            86720.08718140775,
            3247083.6770400503
          ],
          [
            86786.74927607465,
            3247157.8418260315
          ],
          [
            86828.20067772902,
            3247248.3148681065
          ],
          [
            86841.32610854274,
            3247347.19676736
          ],
          [
            86833.5189344979,
            3247446.7370225005
          ],
          [
            86808.71986501112,
            3247543.526949693
          ],
          [
            86771.7852679595,
            3247636.396550844
          ],
          [
            86718.91660717946,
            3247720.8184757303
          ],
          [
            86642.07866775399,
            3247784.2509451145
          ],
          [
            86560.14532610898,
            3247838.4851073106
          ],
          [
            86591.52672959022,
            3247928.045675857
          ],
          [
            86621.50529439129,
            3248022.151238905
          ],
          [
            86604.54026713978,
            3248119.5113856443
          ],
          [
            86577.87231332125,
            3248213.901919259
          ],
          [
            86589.87561858412,
            3248310.2864518664
          ],
          [
            86631.72205813145,
            3248392.685795026
          ],
          [
            86597.17803257726,
            3248485.3290690472
          ],
          [
            86547.37559305865,
            3248570.6179252253
          ],
          [
            86504.35324186123,
            3248654.2172088223
          ],
          [
            86456.7976702673,
            3248740.6621363773
          ],
          [
            86412.95343756913,
            3248828.9497897383
          ],
          [
            86444.20576890571,
            3248922.93121239
          ],
          [
            86482.83774759636,
            3249013.6719173854
          ],
          [
            86481.58216735216,
            3249113.3957957174
          ],
          [
            86487.58612826337,
            3249213.2085660947
          ],
          [
            86490.28588330734,
            3249313.1607876224
          ],
          [
            86480.50278279434,
            3249412.4538064087
          ],
          [
            86452.5689399432,
            3249508.4496546537
          ],
          [
            86430.68729675391,
            3249605.90646442
          ],
          [
            86431.00194744735,
            3249705.476667262
          ],
          [
            86460.42726027005,
            3249800.5251479223
          ],
          [
            86512.52517754523,
            3249885.6214775364
          ],
          [
            86581.7858520009,
            3249957.5794350826
          ],
          [
            86661.34825272515,
            3250018.0157038895
          ],
          [
            86746.20586675702,
            3250070.8936509606
          ],
          [
            86828.87455735813,
            3250127.131099626
          ],
          [
            86905.96867741678,
            3250190.8073551543
          ],
          [
            86984.47703338796,
            3250252.638632208
          ],
          [
            87072.09652998234,
            3250300.5302463477
          ],
          [
            87165.99000934637,
            3250334.8175411387
          ],
          [
            87259.0650298264,
            3250371.2067206977
          ],
          [
            87342.74181287746,
            3250425.517973881
          ],
          [
            87415.16496436733,
            3250494.3950922373
          ],
          [
            87480.0935478813,
            3250570.352734918
          ],
          [
            87534.35930677319,
            3250654.187546941
          ],
          [
            87577.53281741204,
            3250744.357008535
          ],
          [
            87624.24336443885,
            3250832.693120183
          ],
          [
            87681.15212548364,
            3250914.7821889673
          ],
          [
            87739.83353418321,
            3250995.668296194
          ],
          [
            87793.9226520729,
            3251079.7505465634
          ],
          [
            87842.1422336311,
            3251167.3419306995
          ],
          [
            87888.88272315792,
            3251255.7390583213
          ],
          [
            87935.35173828277,
            3251344.285177471
          ],
          [
            87982.04625760244,
            3251432.711147128
          ],
          [
            88028.78385438545,
            3251521.1129243295
          ],
          [
            88079.17986633701,
            3251607.456312458
          ],
          [
            88135.78438437563,
            3251689.85801258
          ],
          [
            88196.24704947112,
            3251769.4945405857
          ],
          [
            88254.55442702038,
            3251850.7003943548
          ],
          [
            88308.87802059122,
            3251934.6487093847
          ],
          [
            88363.6486733466,
            3252018.3104041205
          ],
          [
            88424.54187604252,
            3252097.5724805268
          ],
          [
            88494.64045370457,
            3252168.8264479027
          ],
          [
            88568.13856399355,
            3252236.579047972
          ],
          [
            88629.57211835685,
            3252314.8416264574
          ],
          [
            88647.08267355339,
            3252412.252053021
          ],
          [
            88638.775286455,
            3252511.83224405
          ],
          [
            88643.63099907286,
            3252611.268786705
          ],
          [
            88683.36017309462,
            3252702.222728152
          ],
          [
            88752.58549230438,
            3252773.3128215536
          ],
          [
            88846.068591345,
            3252767.8632986285
          ],
          [
            88907.99908777067,
            3252689.8486896246
          ],
          [
            88966.48100938665,
            3252608.806874676
          ],
          [
            89045.08168852197,
            3252548.4969621473
          ],
          [
            89142.77572536714,
            3252531.6690394045
          ],
          [
            89242.67421022145,
            3252536.034174376
          ],
          [
            89342.28957059045,
            3252544.5348068695
          ],
          [
            89441.23783022231,
            3252558.839961495
          ],
          [
            89538.82122420226,
            3252580.601377562
          ],
          [
            89634.7649800835,
            3252608.7342018536
          ],
          [
            89727.3188767469,
            3252646.313295787
          ],
          [
            89812.94209501165,
            3252697.4791210964
          ],
          [
            89882.49234440466,
            3252768.8138078777
          ],
          [
            89930.111641964,
            3252856.550258863
          ],
          [
            89966.84654047404,
            3252949.549715452
          ],
          [
            90012.76388829706,
            3253038.1995509225
          ],
          [
            90071.17261277729,
            3253119.3382968935
          ],
          [
            90121.18289534634,
            3253205.75931219
          ],
          [
            90158.38721135267,
            3253298.472028362
          ],
          [
            90186.57272522926,
            3253394.401066416
          ],
          [
            90216.79079880526,
            3253489.711394607
          ],
          [
            90249.60507660889,
            3253584.167397673
          ],
          [
            90276.7645053523,
            3253680.3602798255
          ],
          [
            90297.17399303277,
            3253778.220327001
          ],
          [
            90312.28118664687,
            3253877.0652323565
          ],
          [
            90331.94037687045,
            3253975.0344234374
          ],
          [
            90335.05950418013,
            3254074.4769269144
          ],
          [
            90374.08919457831,
            3254165.7759214165
          ],
          [
            90378.14209882621,
            3254261.3885413962
          ],
          [
            90379.85734857203,
            3254361.038078066
          ],
          [
            90392.8148997927,
            3254460.1060299044
          ],
          [
            90442.54476834276,
            3254544.576481312
          ],
          [
            90513.50954824223,
            3254614.988181488
          ],
          [
            90582.31868375638,
            3254687.4253208498
          ],
          [
            90628.71222333048,
            3254775.397013431
          ],
          [
            90636.32631153429,
            3254874.8379159234
          ],
          [
            90632.1859627698,
            3254974.747509481
          ],
          [
            90640.46165052643,
            3255074.200801451
          ],
          [
            90675.67732870225,
            3255167.2338037686
          ],
          [
            90738.4121568622,
            3255244.440582895
          ],
          [
            90818.43862059225,
            3255304.0602413365
          ],
          [
            90903.6152178485,
            3255356.4170807097
          ],
          [
            90983.5990142405,
            3255416.1790696597
          ],
          [
            91051.17287834422,
            3255489.6222192966
          ],
          [
            91101.66150685311,
            3255575.6795802256
          ],
          [
            91139.05583952971,
            3255668.3995561865
          ],
          [
            91175.12950465773,
            3255761.662848763
          ],
          [
            91215.56982328069,
            3255853.100928593
          ],
          [
            91262.69872479692,
            3255941.2794946725
          ],
          [
            91314.58232811048,
            3256026.756249631
          ],
          [
            91370.1930921027,
            3256109.85040891
          ],
          [
            91429.69565327815,
            3256190.215568513
          ],
          [
            91491.74727049457,
            3256268.6236299477
          ],
          [
            91557.81132032754,
            3256343.6435252237
          ],
          [
            91629.67361639839,
            3256413.0838427125
          ],
          [
            91711.36448602646,
            3256470.4330346812
          ],
          [
            91800.23439125306,
            3256516.1966257505
          ],
          [
            91889.98140566713,
            3256560.2819236144
          ],
          [
            91981.91826218466,
            3256599.421746068
          ],
          [
            92077.21095604276,
            3256629.6528239357
          ],
          [
            92173.66023691052,
            3256656.0444512405
          ],
          [
            92269.24668838484,
            3256685.32840818
          ],
          [
            92361.53153465746,
            3256723.5988533692
          ],
          [
            92444.97618008828,
            3256778.393350823
          ],
          [
            92516.45513493178,
            3256848.1112074256
          ],
          [
            92578.43248392933,
            3256926.5529717896
          ],
          [
            92642.49864670825,
            3257003.260394387
          ],
          [
            92718.6735032427,
            3257067.66146095
          ],
          [
            92803.84567135316,
            3257120.04499662
          ],
          [
            92887.79936889061,
            3257174.3293936574
          ],
          [
            92966.17130188411,
            3257236.3501579524
          ],
          [
            93041.01769993182,
            3257302.641403501
          ],
          [
            93118.67934742823,
            3257365.525578683
          ],
          [
            93208.5841300213,
            3257405.7497108863
          ],
          [
            93288.62220515797,
            3257358.7581777475
          ],
          [
            93323.93265762462,
            3257265.4449882573
          ],
          [
            93348.84224326634,
            3257168.6014475375
          ],
          [
            93382.21628418066,
            3257074.5476671983
          ],
          [
            93439.32831716801,
            3256993.1430288004
          ],
          [
            93527.97921314808,
            3256949.8733230727
          ],
          [
            93627.59984050463,
            3256945.2820794526
          ],
          [
            93727.10697925622,
            3256955.013475874
          ],
          [
            93826.64232414485,
            3256964.5823378027
          ],
          [
            93926.50249002139,
            3256969.5726138237
          ],
          [
            94026.45060874602,
            3256967.67308523
          ],
          [
            94126.12704493038,
            3256959.6838505277
          ],
          [
            94225.79963923767,
            3256951.628954781
          ],
          [
            94325.70786796657,
            3256947.7661803258
          ],
          [
            94425.67746917935,
            3256949.8011431205
          ],
          [
            94525.60783002534,
            3256947.407140614
          ],
          [
            94625.50947009363,
            3256943.6362592974
          ],
          [
            94724.83955791975,
            3256953.6228135494
          ],
          [
            94815.52870766334,
            3256994.1430976978
          ],
          [
            94884.15213357369,
            3257066.034052957
          ],
          [
            94930.22265317415,
            3257154.412868299
          ],
          [
            94955.07958614417,
            3257251.066084369
          ],
          [
            94966.04332159081,
            3257350.4340611696
          ],
          [
            94972.44707224438,
            3257450.226637063
          ],
          [
            94981.69253418747,
            3257549.778461808
          ],
          [
            94998.77307830518,
            3257648.2715474158
          ],
          [
            95019.72270051783,
            3257746.0460658222
          ],
          [
            95037.53496463988,
            3257844.427073949
          ],
          [
            95047.1792648452,
            3257943.9038481307
          ],
          [
            95043.21005794179,
            3258043.7164749103
          ],
          [
            95023.39462056145,
            3258141.65879765
          ],
          [
            94993.83675902728,
            3258237.17630459
          ],
          [
            94956.5049644101,
            3258329.8875068976
          ],
          [
            94913.34570425977,
            3258420.0801928383
          ],
          [
            94869.77982597424,
            3258510.0756155276
          ],
          [
            94822.94518184836,
            3258598.3738099374
          ],
          [
            94762.89295405499,
            3258677.9503412247
          ],
          [
            94685.96262941,
            3258741.4129813532
          ],
          [
            94598.73921263497,
            3258790.1680776523
          ],
          [
            94508.44137830092,
            3258833.104857888
          ],
          [
            94418.62293114713,
            3258876.986947387
          ],
          [
            94323.71931044193,
            3258908.0635215756
          ],
          [
            94225.73176918694,
            3258927.888558334
          ],
          [
            94127.64969486481,
            3258947.316776123
          ],
          [
            94030.36595402531,
            3258970.396008959
          ],
          [
            93933.5619928677,
            3258995.460709552
          ],
          [
            93836.60081904981,
            3259019.8781387643
          ],
          [
            93739.06923904807,
            3259041.94806174
          ],
          [
            93642.23496271798,
            3259066.810468192
          ],
          [
            93544.67079679182,
            3259088.5587151027
          ],
          [
            93448.58985810321,
            3259114.9625442578
          ],
          [
            93389.99511443068,
            3259191.538091247
          ],
          [
            93382.21263314986,
            3259290.6333268997
          ],
          [
            93399.66481766425,
            3259389.006392275
          ],
          [
            93424.71511712515,
            3259485.8040925353
          ],
          [
            93458.4837519124,
            3259579.8841017094
          ],
          [
            93505.17372223642,
            3259668.075481293
          ],
          [
            93572.77259283511,
            3259741.0574571015
          ],
          [
            93660.1796987727,
            3259767.4412048724
          ],
          [
            93731.30342476412,
            3259698.327834438
          ],
          [
            93811.44710793695,
            3259641.090476278
          ],
          [
            93906.32469656448,
            3259612.16746564
          ],
          [
            93976.46906202297,
            3259647.4183254736
          ],
          [
            93975.22394341926,
            3259746.3945971546
          ],
          [
            93986.84765185075,
            3259845.166326434
          ],
          [
            94042.89330520664,
            3259925.8726181723
          ],
          [
            94063.69543546528,
            3260023.54070323
          ],
          [
            94077.5138059579,
            3260122.5788434395
          ],
          [
            94090.36993649928,
            3260221.732200477
          ],
          [
            94098.85534230786,
            3260321.36869536
          ],
          [
            94109.3267871646,
            3260420.808580358
          ],
          [
            94128.07457792154,
            3260518.94453305
          ],
          [
            94162.84075299045,
            3260612.4898040975
          ],
          [
            94216.8675822575,
            3260696.3770613796
          ],
          [
            94287.09526406098,
            3260767.3916329844
          ],
          [
            94367.08600164144,
            3260827.299662166
          ],
          [
            94448.78628708207,
            3260884.948289387
          ],
          [
            94523.63758523387,
            3260951.070389405
          ],
          [
            94584.8528153922,
            3261029.9723940752
          ],
          [
            94638.50048862374,
            3261114.354044953
          ],
          [
            94690.41328499443,
            3261199.8195495335
          ],
          [
            94743.2103748107,
            3261284.7403043485
          ],
          [
            94799.05930274242,
            3261367.646751047
          ],
          [
            94858.45197393866,
            3261448.074560223
          ],
          [
            94920.7542517376,
            3261526.238571379
          ],
          [
            94989.58683840613,
            3261598.719859111
          ],
          [
            95063.62569555004,
            3261665.89515167
          ],
          [
            95139.99228075396,
            3261730.4520881483
          ],
          [
            95211.00793774647,
            3261800.736384496
          ],
          [
            95287.30171741765,
            3261860.520093183
          ],
          [
            95330.37293734499,
            3261945.830843412
          ],
          [
            95406.64018097558,
            3262006.0794028807
          ],
          [
            95505.73168355771,
            3262015.6498284265
          ],
          [
            95571.05362535742,
            3262089.1839987678
          ],
          [
            95542.59693446684,
            3262176.034859006
          ],
          [
            95536.07246555125,
            3262275.7989704493
          ],
          [
            95514.89279892074,
            3262371.3999706367
          ],
          [
            95483.40339302034,
            3262464.5223532617
          ],
          [
            95451.20158706461,
            3262557.7494586967
          ],
          [
            95472.06171110905,
            3262653.4627234684
          ],
          [
            95541.34656310677,
            3262724.230584586
          ],
          [
            95638.2258514945,
            3262731.601359156
          ],
          [
            95737.82618638626,
            3262731.2701553437
          ],
          [
            95835.7347790668,
            3262711.262983153
          ],
          [
            95935.4012805974,
            3262711.386892783
          ],
          [
            96033.82460965759,
            3262728.6462688064
          ],
          [
            96125.8169644866,
            3262766.662040169
          ],
          [
            96195.51616795557,
            3262836.920970329
          ],
          [
            96236.38954023406,
            3262927.988065304
          ],
          [
            96266.92639860908,
            3263023.202425479
          ],
          [
            96322.88380771542,
            3263096.248522871
          ],
          [
            96418.89797019269,
            3263114.1089040358
          ],
          [
            96504.67222703279,
            3263151.029607174
          ],
          [
            96562.50444940373,
            3263227.672217255
          ],
          [
            96646.4706787846,
            3263270.5943385176
          ],
          [
            96745.18707250783,
            3263282.5375288073
          ],
          [
            96832.51707898421,
            3263330.397340267
          ],
          [
            96914.09905941927,
            3263388.2252034196
          ],
          [
            96995.91853164251,
            3263445.714735833
          ],
          [
            97079.66835419949,
            3263500.346761437
          ],
          [
            97164.10519228174,
            3263553.9125207285
          ],
          [
            97247.82567266602,
            3263608.5976193887
          ],
          [
            97330.23673549078,
            3263665.1997494013
          ],
          [
            97406.01274140645,
            3263730.2795470776
          ],
          [
            97468.9947666366,
            3263807.6660454967
          ],
          [
            97513.74908143164,
            3263896.8534431597
          ],
          [
            97541.35608621432,
            3263992.9229597645
          ],
          [
            97559.13541209105,
            3264091.314160174
          ],
          [
            97577.07072901209,
            3264189.687098028
          ],
          [
            97601.0792967338,
            3264286.7152299555
          ],
          [
            97629.29674519968,
            3264382.6467820844
          ],
          [
            97656.42799768232,
            3264478.8925914555
          ],
          [
            97683.39877850731,
            3264575.179812529
          ],
          [
            97711.75387051294,
            3264671.0753369443
          ],
          [
            97744.43284734034,
            3264765.5728689334
          ],
          [
            97780.40052388073,
            3264858.8405858283
          ],
          [
            97826.10858466946,
            3264947.713499549
          ],
          [
            97878.45557799407,
            3265032.913654421
          ],
          [
            97925.95098943077,
            3265120.811184826
          ],
          [
            97961.47811352609,
            3265214.1891223183
          ],
          [
            97981.66997110794,
            3265312.0809067413
          ],
          [
            97994.43348897892,
            3265411.2559004696
          ],
          [
            98003.73918790577,
            3265510.82080941
          ],
          [
            98014.17272510621,
            3265610.272973517
          ],
          [
            98025.37567612507,
            3265709.6411982225
          ],
          [
            98036.8860929187,
            3265808.975532486
          ],
          [
            98047.96163494045,
            3265908.356845569
          ],
          [
            98053.35928431034,
            3266008.1443319186
          ],
          [
            98043.3340354412,
            3266107.5393366865
          ],
          [
            98027.60288731543,
            3266206.2846373045
          ],
          [
            98027.03915030495,
            3266305.951469371
          ],
          [
            98057.52103235113,
            3266400.6547348835
          ],
          [
            98105.80509338832,
            3266488.1643225215
          ],
          [
            98157.72536074021,
            3266573.464575922
          ],
          [
            98211.92207518787,
            3266657.495303382
          ],
          [
            98269.15464661282,
            3266739.477851356
          ],
          [
            98328.92986339238,
            3266819.6098740962
          ],
          [
            98391.5694966749,
            3266897.5472227405
          ],
          [
            98453.82538874574,
            3266975.7986518145
          ],
          [
            98512.40110470158,
            3267056.8290997692
          ],
          [
            98567.60852901806,
            3267140.206904506
          ],
          [
            98623.47778822044,
            3267223.135146392
          ],
          [
            98688.43543985928,
            3267298.9969108957
          ],
          [
            98769.3739830876,
            3267357.255846671
          ],
          [
            98860.83662626075,
            3267397.312292194
          ],
          [
            98953.01951491812,
            3267435.7154533565
          ],
          [
            99032.21281120612,
            3267496.3093481725
          ],
          [
            99103.99536862345,
            3267565.871890813
          ],
          [
            99182.21476634358,
            3267627.9429662465
          ],
          [
            99267.86995960196,
            3267679.4242873346
          ],
          [
            99356.38131708234,
            3267725.958905388
          ],
          [
            99444.32001334908,
            3267773.523064834
          ],
          [
            99528.24232845391,
            3267827.8743300433
          ],
          [
            99572.99203650818,
            3267858.4748829706
          ]
        ]
      }
    },
    {
      "type": "Feature",
      "properties": {
        "side": "west",
        "role": "seaward_boundary",
        "part": 0
      },
      "geometry": {
        "type": "LineString",
        "coordinates": [
          [
            51456.41679061887,
            3129012.6
          ],
          [
            51463.37873455887,
            3129112.1374325044
          ],
          [
            51483.64611321149,
            3129210.010334186
          ],
          [
            51551.39119385335,
            3129275.0968718603
          ],
          [
            51533.869819493295,
            3129349.5661733584
          ],
          [
            51543.33612918108,
            3129430.834160676
          ],
          [
            51575.1403578699,
            3129525.3862746563
          ],
          [
            51573.69640354298,
            3129624.913056027
          ],
          [
            51539.08494543525,
            3129717.935056799
          ],
          [
            51466.212805950476,
            3129784.547276545
          ],
          [
            51372.59319369745,
            3129818.625724221
          ],
          [
            51275.364986846915,
            3129841.9825222753
          ],
          [
            51180.84502198046,
            3129874.115926498
          ],
          [
            51100.90013530466,
            3129932.6378322165
          ],
          [
            51055.5949419,
            3130020.458892788
          ],
          [
            51044.215322376134,
            3130119.4755906044
          ],
          [
            51053.53650472346,
            3130218.992411136
          ],
          [
            51064.81674941757,
            3130318.3351233792
          ],
          [
            51062.56364811936,
            3130418.079798538
          ],
          [
            51036.358602935674,
            3130514.3640795667
          ],
          [
            50992.257482955014,
            3130603.9370502257
          ],
          [
            50928.9809593038,
            3130681.179492239
          ],
          [
            50856.09287621105,
            3130749.6063569523
          ],
          [
            50784.15206377847,
            3130818.9974908596
          ],
          [
            50722.47781731578,
            3130897.3578174505
          ],
          [
            50727.236011245295,
            3130991.642058382
          ],
          [
            50658.48913452309,
            3131058.918411655
          ],
          [
            50624.31709332291,
            3131151.9056414957
          ],
          [
            50601.81342195019,
            3131248.974224268
          ],
          [
            50606.466971247675,
            3131348.5098421145
          ],
          [
            50677.2861299265,
            3131413.370256586
          ],
          [
            50680.37595754008,
            3131510.669790724
          ],
          [
            50709.98994477246,
            3131598.413090815
          ],
          [
            50769.8183823162,
            3131678.507072669
          ],
          [
            50830.12684176572,
            3131758.259552042
          ],
          [
            50886.27797909418,
            3131840.96749032
          ],
          [
            50934.480017584014,
            3131928.4911700403
          ],
          [
            50970.22169899123,
            3132021.8423103266
          ],
          [
            50996.85795220037,
            3132118.1980844773
          ],
          [
            51016.45665296662,
            3132216.2470516306
          ],
          [
            51032.05410185924,
            3132315.0177129456
          ],
          [
            51046.817412958815,
            3132413.9217778943
          ],
          [
            51063.7246609099,
            3132512.4756330806
          ],
          [
            51085.82632979576,
            3132609.9801092045
          ],
          [
            51117.482792952454,
            3132704.762666906
          ],
          [
            51159.18989327706,
            3132795.602185599
          ],
          [
            51206.57372666975,
            3132883.6594960913
          ],
          [
            51248.64320164974,
            3132974.2984762196
          ],
          [
            51272.28517428276,
            3133071.2498210673
          ],
          [
            51277.7686531723,
            3133170.981606499
          ],
          [
            51272.34207062332,
            3133270.8119408023
          ],
          [
            51261.23657136286,
            3133370.183359061
          ],
          [
            51244.285892542124,
            3133468.6947486247
          ],
          [
            51217.90103763497,
            3133565.108007224
          ],
          [
            51185.881587935495,
            3133659.8394701327
          ],
          [
            51154.7366853324,
            3133754.845241523
          ],
          [
            51125.20853946,
            3133850.384451061
          ],
          [
            51091.18380368846,
            3133944.3976256475
          ],
          [
            51048.27090140068,
            3134034.64213298
          ],
          [
            50997.44405570801,
            3134120.7531218636
          ],
          [
            50940.26419766307,
            3134202.7423466467
          ],
          [
            50887.09019337616,
            3134286.9020793554
          ],
          [
            50851.8668072291,
            3134380.388220889
          ],
          [
            50818.080617869215,
            3134473.8612784278
          ],
          [
            50808.97594199557,
            3134573.4196396926
          ],
          [
            50806.16627914652,
            3134673.3657258335
          ],
          [
            50807.489766219434,
            3134773.341996365
          ],
          [
            50818.210452597086,
            3134872.707597933
          ],
          [
            50836.03901596346,
            3134971.1016436666
          ],
          [
            50853.5266458294,
            3135069.548892899
          ],
          [
            50863.97540958582,
            3135168.9430238
          ],
          [
            50864.87176724446,
            3135268.9110771324
          ],
          [
            50859.02382461152,
            3135368.7113151704
          ],
          [
            50844.943445552046,
            3135467.6925984924
          ],
          [
            50825.12849437156,
            3135565.6992455437
          ],
          [
            50797.96107653676,
            3135661.8668410103
          ],
          [
            50761.94119877879,
            3135755.1181815136
          ],
          [
            50718.34593577147,
            3135845.0959865227
          ],
          [
            50678.13776788331,
            3135936.562403236
          ],
          [
            50655.57614660108,
            3136033.690073459
          ],
          [
            50660.322757518225,
            3136133.303039738
          ],
          [
            50683.11039597541,
            3136230.637024974
          ],
          [
            50708.22953337652,
            3136327.4281869964
          ],
          [
            50723.756649998395,
            3136426.104690521
          ],
          [
            50718.43042546753,
            3136525.6678012256
          ],
          [
            50693.74657783898,
            3136622.4674275527
          ],
          [
            50661.39074545827,
            3136717.073278774
          ],
          [
            50632.132063573765,
            3136812.650356825
          ],
          [
            50615.04291309919,
            3136911.105518638
          ],
          [
            50606.60994385379,
            3137010.7183764917
          ],
          [
            50604.04198017742,
            3137110.6703041126
          ],
          [
            50605.33076873213,
            3137210.657540079
          ],
          [
            50607.3766772289,
            3137310.6364292726
          ],
          [
            50610.14135049767,
            3137410.59642836
          ],
          [
            50617.11453142465,
            3137510.3499706965
          ],
          [
            50625.00426031732,
            3137610.0382138523
          ],
          [
            50631.68116976239,
            3137709.81215922
          ],
          [
            50634.36378477312,
            3137809.772722264
          ],
          [
            50635.167025887444,
            3137909.7679897468
          ],
          [
            50635.123888446185,
            3138009.765071347
          ],
          [
            50633.86534227615,
            3138109.7541664746
          ],
          [
            50632.03642657625,
            3138209.7348388224
          ],
          [
            50630.23712862884,
            3138309.716515577
          ],
          [
            50626.89699484337,
            3138409.659827256
          ],
          [
            50621.78950681735,
            3138509.5283281496
          ],
          [
            50617.032981116005,
            3138609.4137794552
          ],
          [
            50613.701228605234,
            3138709.357604672
          ],
          [
            50608.9739498793,
            3138809.2443361357
          ],
          [
            50605.58695020595,
            3138909.1830975395
          ],
          [
            50603.19395739202,
            3139009.1530997283
          ],
          [
            50606.98403180666,
            3139108.992584625
          ],
          [
            50625.31070019425,
            3139205.8116886215
          ],
          [
            50623.167153419505,
            3139305.721480558
          ],
          [
            50617.007889177294,
            3139404.600766539
          ],
          [
            50630.702112738356,
            3139503.3826825405
          ],
          [
            50670.085677449184,
            3139595.0915277493
          ],
          [
            50721.34699742703,
            3139680.9157865015
          ],
          [
            50779.55695674785,
            3139762.1957204607
          ],
          [
            50843.83924591965,
            3139838.763548486
          ],
          [
            50913.94981986462,
            3139910.029806051
          ],
          [
            50987.96924583736,
            3139977.2619624753
          ],
          [
            51057.439473142134,
            3140049.0851059
          ],
          [
            51118.60954543093,
            3140128.1668829354
          ],
          [
            51176.38982765617,
            3140209.777129617
          ],
          [
            51234.3655508855,
            3140291.2484291876
          ],
          [
            51291.08708619019,
            3140373.597543578
          ],
          [
            51345.45374377167,
            3140457.5210441626
          ],
          [
            51396.2035755023,
            3140543.6691623274
          ],
          [
            51441.48995668739,
            3140632.8023232003
          ],
          [
            51479.85853963291,
            3140725.1185977026
          ],
          [
            51511.42218401996,
            3140819.984580435
          ],
          [
            51537.36047835552,
            3140916.5474256594
          ],
          [
            51557.92401256258,
            3141014.399279525
          ],
          [
            51573.73658812963,
            3141113.132859332
          ],
          [
            51586.10189728169,
            3141212.352720445
          ],
          [
            51593.62522251935,
            3141312.058886852
          ],
          [
            51598.485968676505,
            3141411.93726643
          ],
          [
            51602.16570822866,
            3141511.8674789947
          ],
          [
            51608.721937822476,
            3141611.6458366066
          ],
          [
            51618.82162167296,
            3141711.1316654473
          ],
          [
            51630.731404105514,
            3141810.418143937
          ],
          [
            51643.463193871255,
            3141909.603685707
          ],
          [
            51655.68114937225,
            3142008.851645367
          ],
          [
            51663.73296190091,
            3142108.4841902293
          ],
          [
            51665.941543410125,
            3142208.458468403
          ],
          [
            51671.915109011454,
            3142308.2534547905
          ],
          [
            51690.640922765706,
            3142406.3047270724
          ],
          [
            51730.198052449414,
            3142497.7893277826
          ],
          [
            51788.43709341684,
            3142578.907596179
          ],
          [
            51856.96729341199,
            3142651.698363514
          ],
          [
            51928.60307365271,
            3142721.468282903
          ],
          [
            51997.63495081554,
            3142793.791562921
          ],
          [
            52059.48113622731,
            3142872.2979615494
          ],
          [
            52115.1829453626,
            3142955.337059856
          ],
          [
            52170.43499200607,
            3143038.678950624
          ],
          [
            52229.227232472265,
            3143119.546983252
          ],
          [
            52293.33558333497,
            3143196.267139971
          ],
          [
            52361.537472568976,
            3143269.3922207537
          ],
          [
            52430.296600000394,
            3143341.9970490895
          ],
          [
            52496.41795177159,
            3143416.9992446024
          ],
          [
            52558.21512549911,
            3143495.601440222
          ],
          [
            52615.35202719857,
            3143577.645017742
          ],
          [
            52667.537474638,
            3143662.8994957367
          ],
          [
            52711.39202161267,
            3143752.6723515606
          ],
          [
            52749.12974348273,
            3143845.2485776613
          ],
          [
            52795.43942670563,
            3143933.517968062
          ],
          [
            52869.95299116108,
            3143999.2607703633
          ],
          [
            52952.063376080085,
            3144056.183306648
          ],
          [
            53023.380409660866,
            3144126.0425635707
          ],
          [
            53081.77296164255,
            3144207.062707291
          ],
          [
            53130.77215766964,
            3144294.1927079316
          ],
          [
            53178.889216993564,
            3144381.8262349614
          ],
          [
            53232.09897531261,
            3144466.4617923624
          ],
          [
            53291.38008458609,
            3144546.95785351
          ],
          [
            53355.37904050056,
            3144623.780243069
          ],
          [
            53422.252595177364,
            3144698.105344302
          ],
          [
            53489.78810206044,
            3144771.8502068417
          ],
          [
            53555.05691058164,
            3144847.608249431
          ],
          [
            53620.179292557696,
            3144923.4873198615
          ],
          [
            53686.68758423842,
            3144998.160990148
          ],
          [
            53755.09691375039,
            3145071.0775417048
          ],
          [
            53828.386257647035,
            3145139.0911467564
          ],
          [
            53903.50615003981,
            3145205.097337084
          ],
          [
            53978.4808942104,
            3145271.2619473008
          ],
          [
            54048.26889460565,
            3145342.7685674126
          ],
          [
            54106.592137669366,
            3145423.8551293844
          ],
          [
            54152.75035228242,
            3145512.4406526866
          ],
          [
            54186.822946821274,
            3145606.3848545454
          ],
          [
            54211.02761643421,
            3145703.369096339
          ],
          [
            54227.145015436734,
            3145802.0394189833
          ],
          [
            54236.80754362925,
            3145901.5496747796
          ],
          [
            54243.544753554066,
            3146001.3166809827
          ],
          [
            54251.57359487744,
            3146100.989283142
          ],
          [
            54262.024020476616,
            3146200.435938402
          ],
          [
            54275.399675341294,
            3146299.534754684
          ],
          [
            54290.367992032385,
            3146398.4036756568
          ],
          [
            54309.40159560341,
            3146496.5583570893
          ],
          [
            54334.86734309561,
            3146593.2337953486
          ],
          [
            54369.64218483732,
            3146686.9017555574
          ],
          [
            54418.935625173224,
            3146773.7997177765
          ],
          [
            54477.5478359125,
            3146854.8083471097
          ],
          [
            54535.966827428056,
            3146935.94377355
          ],
          [
            54585.725378236755,
            3147022.5786901796
          ],
          [
            54623.01018773812,
            3147115.2716202983
          ],
          [
            54649.845326893585,
            3147211.584531633
          ],
          [
            54672.3318566254,
            3147309.018244893
          ],
          [
            54692.470508089325,
            3147406.9606738756
          ],
          [
            54716.3845363998,
            3147504.0470026634
          ],
          [
            54743.8441902902,
            3147600.116078694
          ],
          [
            54768.01506137673,
            3147696.41271351
          ],
          [
            54778.34522328644,
            3147795.8648713133
          ],
          [
            54783.455993076095,
            3147895.731530083
          ],
          [
            54792.68095650575,
            3147995.286541031
          ],
          [
            54794.99464608943,
            3148095.2012630478
          ],
          [
            54797.68966774552,
            3148195.150704192
          ],
          [
            54796.41062306375,
            3148295.1396154016
          ],
          [
            54794.07642057316,
            3148395.1122691366
          ],
          [
            54789.432999035664,
            3148494.9946402838
          ],
          [
            54780.17515827653,
            3148594.5544636846
          ],
          [
            54767.06934262106,
            3148693.687434493
          ],
          [
            54759.68920467858,
            3148793.3704997925
          ],
          [
            54755.932780289375,
            3148893.2945990423
          ],
          [
            54758.35156038482,
            3148993.18558496
          ],
          [
            54774.62803582104,
            3149091.697149649
          ],
          [
            54806.666498152845,
            3149186.2578363842
          ],
          [
            54856.44517890013,
            3149272.7039838675
          ],
          [
            54920.72039508034,
            3149349.1594331795
          ],
          [
            54991.03073450397,
            3149420.25017559
          ],
          [
            55056.1058857459,
            3149496.0989606907
          ],
          [
            55108.90485411925,
            3149580.85055957
          ],
          [
            55147.43502577182,
            3149673.056684691
          ],
          [
            55178.39155821093,
            3149768.122688797
          ],
          [
            55204.96049210406,
            3149864.520135704
          ],
          [
            55227.44137666804,
            3149961.9491507364
          ],
          [
            55243.3989949533,
            3150060.6481135255
          ],
          [
            55250.79726396704,
            3150160.3363410677
          ],
          [
            55253.39046740255,
            3150260.3016635827
          ],
          [
            55258.803725471094,
            3150360.1390808867
          ],
          [
            55271.9482793122,
            3150459.2381712995
          ],
          [
            55296.25650670998,
            3150556.179344837
          ],
          [
            55330.09836513858,
            3150650.242948757
          ],
          [
            55374.5305708479,
            3150739.7107309992
          ],
          [
            55431.78935238545,
            3150821.5360910166
          ],
          [
            55499.30532052435,
            3150895.2329353197
          ],
          [
            55571.173944923146,
            3150964.7642365796
          ],
          [
            55636.962449332364,
            3151039.904920048
          ],
          [
            55685.121589741626,
            3151127.2756936355
          ],
          [
            55717.109830334586,
            3151221.9211096163
          ],
          [
            55739.90237022431,
            3151319.2746128193
          ],
          [
            55759.735125038285,
            3151417.284433184
          ],
          [
            55779.10871903191,
            3151515.388656922
          ],
          [
            55799.476999474246,
            3151613.286876219
          ],
          [
            55821.75405519995,
            3151710.770473488
          ],
          [
            55848.64958879132,
            3151807.0478967233
          ],
          [
            55885.98694753406,
            3151899.7291297545
          ],
          [
            55935.37411854802,
            3151986.63771186
          ],
          [
            55989.07193852551,
            3152070.957572667
          ],
          [
            56027.9214591378,
            3152162.492209544
          ],
          [
            56023.75630445299,
            3152261.3745610127
          ],
          [
            55988.258168014036,
            3152354.7900926825
          ],
          [
            55950.84623599893,
            3152447.5216793986
          ],
          [
            55917.46122098435,
            3152541.7352981865
          ],
          [
            55892.78730484517,
            3152638.626121941
          ],
          [
            55869.094638237475,
            3152735.770398365
          ],
          [
            55849.78178017875,
            3152833.862781213
          ],
          [
            55835.88582726277,
            3152932.8847529483
          ],
          [
            55827.81848941723,
            3153032.53264098
          ],
          [
            55827.171636583866,
            3153132.5098470203
          ],
          [
            55831.730628663725,
            3153232.3953751023
          ],
          [
            55841.73182416759,
            3153331.8759771483
          ],
          [
            55858.47885165285,
            3153430.435520797
          ],
          [
            55886.10856153984,
            3153526.4357754863
          ],
          [
            55933.31741330715,
            3153614.337469342
          ],
          [
            56002.50177485499,
            3153685.7302272315
          ],
          [
            56093.04709408891,
            3153726.7891773893
          ],
          [
            56192.3949510666,
            3153735.2093581166
          ],
          [
            56292.27403143122,
            3153734.656384158
          ],
          [
            56385.34302937443,
            3153768.6526103565
          ],
          [
            56466.215745682865,
            3153827.344727444
          ],
          [
            56539.75688578544,
            3153894.9861576655
          ],
          [
            56609.28163172265,
            3153966.835449726
          ],
          [
            56682.863914981404,
            3154034.476809787
          ],
          [
            56761.5710236994,
            3154096.1401313636
          ],
          [
            56839.01520935575,
            3154159.379787207
          ],
          [
            56913.445008199975,
            3154226.1531107477
          ],
          [
            56984.82074139645,
            3154296.1623276863
          ],
          [
            57051.28179732775,
            3154370.8459262834
          ],
          [
            57113.40342604074,
            3154449.1963551873
          ],
          [
            57173.72447838842,
            3154528.952411505
          ],
          [
            57234.10452549007,
            3154608.657309918
          ],
          [
            57292.66224407643,
            3154689.70550797
          ],
          [
            57348.087806251555,
            3154772.919320263
          ],
          [
            57398.578294971245,
            3154859.2072383384
          ],
          [
            57445.25026536937,
            3154947.6375228814
          ],
          [
            57487.831113823144,
            3155038.1102173594
          ],
          [
            57526.77192844716,
            3155130.2020584224
          ],
          [
            57561.20942452142,
            3155224.0701002902
          ],
          [
            57589.1111111109,
            3155320.0712604346
          ],
          [
            57608.04773436651,
            3155418.207206893
          ],
          [
            57615.2410696525,
            3155517.872730225
          ],
          [
            57603.88724464194,
            3155616.8789787428
          ],
          [
            57564.94379985986,
            3155708.7088335
          ],
          [
            57520.315467646935,
            3155798.1805660487
          ],
          [
            57486.69088971722,
            3155892.1252668784
          ],
          [
            57480.61519204506,
            3155991.518027514
          ],
          [
            57501.33657878638,
            3156089.153043005
          ],
          [
            57540.51126541882,
            3156180.9556864277
          ],
          [
            57597.26200947259,
            3156263.085820161
          ],
          [
            57666.00436071891,
            3156335.6434289836
          ],
          [
            57738.197650233924,
            3156404.8332494083
          ],
          [
            57807.19783734363,
            3156477.198805961
          ],
          [
            57873.847911778445,
            3156551.737126906
          ],
          [
            57936.70171166278,
            3156629.4893513946
          ],
          [
            57995.18028427214,
            3156710.584966553
          ],
          [
            58050.20142487172,
            3156794.0750206453
          ],
          [
            58100.86958012781,
            3156880.2517366684
          ],
          [
            58143.69860651452,
            3156970.565574133
          ],
          [
            58182.51416118055,
            3157062.721742447
          ],
          [
            58223.24901904463,
            3157154.0333324177
          ],
          [
            58271.19161022211,
            3157241.737699022
          ],
          [
            58327.95478006383,
            3157323.991442044
          ],
          [
            58389.761519744505,
            3157402.575756648
          ],
          [
            58453.28023420768,
            3157479.7991894674
          ],
          [
            58517.97295480814,
            3157556.0396059826
          ],
          [
            58583.99173949949,
            3157631.144367159
          ],
          [
            58653.98977825573,
            3157702.5298987934
          ],
          [
            58729.0560630751,
            3157768.5573545173
          ],
          [
            58806.67053019585,
            3157831.598535908
          ],
          [
            58879.73904126658,
            3157899.8033701032
          ],
          [
            58943.99555937343,
            3157976.3315092917
          ],
          [
            59001.432039186155,
            3158058.1759007936
          ],
          [
            59058.89367065588,
            3158140.0076148966
          ],
          [
            59121.25683507659,
            3158218.137438161
          ],
          [
            59190.708045052415,
            3158290.0305813355
          ],
          [
            59265.84341262778,
            3158355.9739536257
          ],
          [
            59345.18560471429,
            3158416.8125494434
          ],
          [
            59427.5425380786,
            3158473.4869971867
          ],
          [
            59515.79267397131,
            3158520.3223545374
          ],
          [
            59609.90749935878,
            3158553.8229209795
          ],
          [
            59707.36207339164,
            3158575.9828193984
          ],
          [
            59806.743392647404,
            3158586.1834937125
          ],
          [
            59906.23618561661,
            3158579.2104920116
          ],
          [
            60002.56170128346,
            3158552.7785219084
          ],
          [
            60089.221944916084,
            3158504.128266005
          ],
          [
            60144.363637523114,
            3158421.263668581
          ],
          [
            60182.628507188376,
            3158328.915332829
          ],
          [
            60215.12611599416,
            3158234.3494060794
          ],
          [
            60252.90122990378,
            3158141.917914971
          ],
          [
            60239.24489119396,
            3158063.8071402907
          ],
          [
            60267.954966628036,
            3157977.991804616
          ],
          [
            60322.55096375425,
            3157902.4600689597
          ],
          [
            60227.78486135152,
            3157907.088571357
          ],
          [
            60138.871620322076,
            3157951.520479669
          ],
          [
            60082.36495551719,
            3157968.621820348
          ],
          [
            60146.09196121816,
            3157893.1827086057
          ],
          [
            60230.413792836094,
            3157840.3324925913
          ],
          [
            60312.64490589059,
            3157794.8953508358
          ],
          [
            60403.524348813226,
            3157758.8944685888
          ],
          [
            60500.58509695197,
            3157734.8758178707
          ],
          [
            60563.623045558146,
            3157667.242251988
          ],
          [
            60620.66455306881,
            3157585.5172936423
          ],
          [
            60700.76622473278,
            3157526.908932596
          ],
          [
            60797.33560987285,
            3157517.5569673358
          ],
          [
            60866.69749395649,
            3157585.264764726
          ],
          [
            60924.064527779185,
            3157629.431191036
          ],
          [
            60990.48493185252,
            3157642.7514230055
          ],
          [
            61040.46625542194,
            3157728.5140266432
          ],
          [
            61090.65153259045,
            3157812.0378907747
          ],
          [
            61141.41990724327,
            3157895.1933672475
          ],
          [
            61183.20742284874,
            3157983.4458982414
          ],
          [
            61217.97612033226,
            3158074.5141273434
          ],
          [
            61293.725667134044,
            3158139.4779479313
          ],
          [
            61375.201203310564,
            3158196.8932659733
          ],
          [
            61444.859285283674,
            3158267.0299052284
          ],
          [
            61481.328824809,
            3158359.814221434
          ],
          [
            61504.61866854501,
            3158457.0267830617
          ],
          [
            61539.46571322698,
            3158550.209941475
          ],
          [
            61587.827719234985,
            3158636.61364946
          ],
          [
            61598.40972389786,
            3158735.9265346616
          ],
          [
            61639.08110013202,
            3158817.6603737716
          ],
          [
            61674.28865106505,
            3158908.4671152104
          ],
          [
            61716.72823355335,
            3158994.6160538476
          ],
          [
            61757.339609996074,
            3159083.4846614604
          ],
          [
            61827.102862834196,
            3159154.2988193505
          ],
          [
            61844.68508924535,
            3159252.1783904335
          ],
          [
            61850.55725187151,
            3159351.9942225437
          ],
          [
            61857.68031714765,
            3159451.727002443
          ],
          [
            61895.14531474884,
            3159542.636047413
          ],
          [
            61903.98591658017,
            3159642.1444672714
          ],
          [
            61946.70095257131,
            3159729.8218374164
          ],
          [
            61966.522595889335,
            3159827.051315365
          ],
          [
            61994.75630496137,
            3159921.5373726576
          ],
          [
            62026.9046132284,
            3160013.0150204366
          ],
          [
            62041.76458701036,
            3160111.587067244
          ],
          [
            62066.95081330336,
            3160207.432186493
          ],
          [
            62052.36268096394,
            3160304.8421545527
          ],
          [
            62055.428384159946,
            3160404.748733301
          ],
          [
            62058.16015223483,
            3160504.566629246
          ],
          [
            62092.393737403276,
            3160597.1339000203
          ],
          [
            62164.01487168412,
            3160662.4094905737
          ],
          [
            62259.36839373016,
            3160680.454138503
          ],
          [
            62346.953060430074,
            3160704.9905161588
          ],
          [
            62365.74663974725,
            3160802.9295496037
          ],
          [
            62369.03043664567,
            3160902.7098840587
          ],
          [
            62370.85195858432,
            3161002.6043431433
          ],
          [
            62378.05776078252,
            3161101.887877509
          ],
          [
            62387.139789099194,
            3161201.4258579253
          ],
          [
            62370.07423141086,
            3161296.9484321703
          ],
          [
            62318.75953662302,
            3161379.941811316
          ],
          [
            62298.67099371787,
            3161476.4951669252
          ],
          [
            62273.542245371274,
            3161571.8918337547
          ],
          [
            62229.73265466499,
            3161660.4899437823
          ],
          [
            62200.97368908972,
            3161754.817822075
          ],
          [
            62164.68019829247,
            3161846.2755363747
          ],
          [
            62151.093888266114,
            3161944.102635416
          ],
          [
            62093.12435336146,
            3162025.2386532407
          ],
          [
            62031.48581441854,
            3162103.7553672413
          ],
          [
            61985.45990477104,
            3162189.413070588
          ],
          [
            61911.3303253091,
            3162254.2928428166
          ],
          [
            61851.91110821898,
            3162333.8914119173
          ],
          [
            61804.4895462742,
            3162421.03052009
          ],
          [
            61780.480267729916,
            3162517.740810573
          ],
          [
            61769.44213578656,
            3162617.089530042
          ],
          [
            61769.73649958202,
            3162717.0680203894
          ],
          [
            61776.947569881246,
            3162816.788712707
          ],
          [
            61787.406964489484,
            3162916.236750905
          ],
          [
            61797.26664866274,
            3163015.7484834725
          ],
          [
            61805.71036300401,
            3163115.3842412047
          ],
          [
            61813.22564094168,
            3163215.09994807
          ],
          [
            61818.39607592964,
            3163314.8901711567
          ],
          [
            61826.99362280742,
            3163414.505847241
          ],
          [
            61839.469890104105,
            3163513.693856163
          ],
          [
            61847.22613249396,
            3163613.2961000646
          ],
          [
            61856.98657472433,
            3163711.9360149703
          ],
          [
            61892.432302902576,
            3163803.3352526035
          ],
          [
            61902.571934660074,
            3163902.812159748
          ],
          [
            61909.08455623684,
            3164002.588786278
          ],
          [
            61946.78766778351,
            3164093.25612409
          ],
          [
            61958.28338844857,
            3164192.5628866567
          ],
          [
            61970.14962304134,
            3164291.8308370714
          ],
          [
            61989.157071877606,
            3164389.966081405
          ],
          [
            62043.8864266158,
            3164471.1929969313
          ],
          [
            62116.066425661746,
            3164540.384195414
          ],
          [
            62178.945959484176,
            3164617.8644957207
          ],
          [
            62222.4601580419,
            3164707.6134326747
          ],
          [
            62247.417710321766,
            3164804.310936047
          ],
          [
            62258.93684687298,
            3164903.606684851
          ],
          [
            62264.121241261746,
            3165003.4637419013
          ],
          [
            62266.828719914345,
            3165103.422665348
          ],
          [
            62270.83478233942,
            3165203.339911936
          ],
          [
            62278.561543011594,
            3165303.0334076486
          ],
          [
            62289.461283821525,
            3165402.4356067423
          ],
          [
            62301.270664981836,
            3165501.735767481
          ],
          [
            62313.66563190151,
            3165600.9642730155
          ],
          [
            62326.49933360356,
            3165700.1337945
          ],
          [
            62340.71553309489,
            3165799.1138114785
          ],
          [
            62358.238279355,
            3165897.555990042
          ],
          [
            62380.42412161025,
            3165995.037419906
          ],
          [
            62407.63329804827,
            3166091.245719126
          ],
          [
            62441.90479387372,
            3166185.139805101
          ],
          [
            62485.58864134716,
            3166274.9893021337
          ],
          [
            62539.78686193866,
            3166358.9694140656
          ],
          [
            62598.5326995025,
            3166439.8869456425
          ],
          [
            62652.9096577252,
            3166523.746922413
          ],
          [
            62694.012182485785,
            3166614.7427148717
          ],
          [
            62722.455905022645,
            3166710.572199769
          ],
          [
            62749.851325361175,
            3166806.737244051
          ],
          [
            62786.33567303257,
            3166899.715723842
          ],
          [
            62838.72742015234,
            3166984.686770983
          ],
          [
            62904.94032798528,
            3167059.492558552
          ],
          [
            62983.931836822645,
            3167120.2711940072
          ],
          [
            63077.04325278026,
            3167155.4676776594
          ],
          [
            63175.84315747003,
            3167170.4908693824
          ],
          [
            63274.26324253496,
            3167187.4118103655
          ],
          [
            63364.45902375563,
            3167229.3118556174
          ],
          [
            63439.34114096521,
            3167295.2356267776
          ],
          [
            63500.39905763244,
            3167374.3490861594
          ],
          [
            63557.19295781875,
            3167456.6512862425
          ],
          [
            63618.35153851509,
            3167535.721438459
          ],
          [
            63686.80286592417,
            3167608.5640824707
          ],
          [
            63759.829256668,
            3167676.872224073
          ],
          [
            63829.502708240056,
            3167748.538812018
          ],
          [
            63884.24859315213,
            3167831.825448859
          ],
          [
            63917.83121841969,
            3167925.8310418813
          ],
          [
            63946.086399416585,
            3168021.7340355995
          ],
          [
            63986.9930958795,
            3168112.745961926
          ],
          [
            64044.801015530495,
            3168194.1416908866
          ],
          [
            64113.827634063404,
            3168266.4304131707
          ],
          [
            64188.72174293247,
            3168332.642137296
          ],
          [
            64268.0776809211,
            3168393.435687571
          ],
          [
            64350.53563014318,
            3168449.9931339887
          ],
          [
            64428.232504309955,
            3168512.7999455817
          ],
          [
            64497.358417448995,
            3168584.9789739894
          ],
          [
            64560.78826595086,
            3168662.2675043545
          ],
          [
            64618.70292458257,
            3168743.7694190727
          ],
          [
            64674.34966270135,
            3168826.8541296325
          ],
          [
            64733.758658833896,
            3168907.259871373
          ],
          [
            64800.26416742667,
            3168981.879139744
          ],
          [
            64873.50177199295,
            3169049.9051781096
          ],
          [
            64948.82343731265,
            3169115.6604698147
          ],
          [
            65020.26082562317,
            3169185.606284033
          ],
          [
            65086.47595296558,
            3169260.5205354653
          ],
          [
            65150.486790987845,
            3169337.347502302
          ],
          [
            65217.79508445203,
            3169411.231774796
          ],
          [
            65297.119150023325,
            3169471.7622126983
          ],
          [
            65387.006053990764,
            3169515.317756783
          ],
          [
            65478.84119624635,
            3169554.8583233817
          ],
          [
            65564.69767614765,
            3169605.7985561783
          ],
          [
            65639.12912759843,
            3169672.4135051733
          ],
          [
            65704.35995752657,
            3169748.109251577
          ],
          [
            65752.79620213075,
            3169835.110579187
          ],
          [
            65760.28906434623,
            3169933.6467822352
          ],
          [
            65727.48749527411,
            3170027.7549441624
          ],
          [
            65682.3115810109,
            3170116.9664563043
          ],
          [
            65637.96791138075,
            3170206.5905595515
          ],
          [
            65601.73927281798,
            3170299.734649735
          ],
          [
            65567.83042194194,
            3170393.788577488
          ],
          [
            65532.033689917094,
            3170487.148147099
          ],
          [
            65495.48842401088,
            3170580.190808595
          ],
          [
            65466.46518014137,
            3170675.6743988693
          ],
          [
            65457.810783511835,
            3170775.159107827
          ],
          [
            65462.34151391247,
            3170875.015634129
          ],
          [
            65475.6133779368,
            3170974.1022479963
          ],
          [
            65495.86377534226,
            3171072.006096118
          ],
          [
            65525.043870389374,
            3171167.6048561046
          ],
          [
            65565.74803570108,
            3171258.849478526
          ],
          [
            65616.0259033893,
            3171345.237242798
          ],
          [
            65671.59527299789,
            3171428.3557829205
          ],
          [
            65729.43648712212,
            3171509.9217165373
          ],
          [
            65784.02014504535,
            3171593.6470499877
          ],
          [
            65829.5476156483,
            3171682.5940721678
          ],
          [
            65862.94911929316,
            3171776.7554753483
          ],
          [
            65886.86738807877,
            3171873.819269715
          ],
          [
            65907.56403686898,
            3171971.6518996414
          ],
          [
            65924.72404650241,
            3172070.154530011
          ],
          [
            65939.7018096137,
            3172169.024876779
          ],
          [
            65958.16063748772,
            3172267.274839033
          ],
          [
            65987.71749827043,
            3172362.713810957
          ],
          [
            66034.01209409216,
            3172451.0814131657
          ],
          [
            66101.35813030053,
            3172524.5666167084
          ],
          [
            66187.3640753596,
            3172574.338094511
          ],
          [
            66285.29876353874,
            3172591.535613597
          ],
          [
            66382.44616329111,
            3172571.898880076
          ],
          [
            66465.4493056715,
            3172516.6023322525
          ],
          [
            66554.38543739333,
            3172478.3919950346
          ],
          [
            66618.94405072661,
            3172545.7932566754
          ],
          [
            66617.4701543691,
            3172644.8332128907
          ],
          [
            66608.63587427959,
            3172744.2171528814
          ],
          [
            66624.24093480752,
            3172842.718878971
          ],
          [
            66648.28638778589,
            3172939.78394845
          ],
          [
            66674.85636332667,
            3173036.1588858915
          ],
          [
            66710.6238260571,
            3173129.4466665485
          ],
          [
            66769.76009494184,
            3173209.2195814596
          ],
          [
            66860.95534091494,
            3173246.7641691808
          ],
          [
            66958.18199035851,
            3173268.9992868127
          ],
          [
            67044.01080092628,
            3173319.8616868965
          ],
          [
            67127.49516518545,
            3173374.8106246456
          ],
          [
            67216.4929189347,
            3173420.2818495748
          ],
          [
            67308.87280532319,
            3173458.5422520633
          ],
          [
            67402.71649838681,
            3173493.062036032
          ],
          [
            67497.10390910736,
            3173526.0761646037
          ],
          [
            67591.48480863402,
            3173559.119213127
          ],
          [
            67683.98153901845,
            3173597.036012292
          ],
          [
            67773.89172031322,
            3173640.7812687927
          ],
          [
            67861.25503319138,
            3173689.3847761536
          ],
          [
            67947.26262130313,
            3173740.343563318
          ],
          [
            68036.32708808706,
            3173785.7594299815
          ],
          [
            68119.74475418993,
            3173840.540584436
          ],
          [
            68189.94416690283,
            3173911.5777225457
          ],
          [
            68252.88733260888,
            3173989.276150382
          ],
          [
            68317.67666372418,
            3174065.444588373
          ],
          [
            68390.0736352928,
            3174134.141504093
          ],
          [
            68481.57285069618,
            3174173.048704936
          ],
          [
            68574.47830896564,
            3174209.1790379602
          ],
          [
            68643.18422512079,
            3174280.624692674
          ],
          [
            68683.80819112323,
            3174371.636358669
          ],
          [
            68707.73831256363,
            3174468.4832406337
          ],
          [
            68703.69554944393,
            3174567.9683748693
          ],
          [
            68674.42183334786,
            3174663.271595049
          ],
          [
            68632.72339215435,
            3174754.1042532492
          ],
          [
            68597.50119601862,
            3174847.4567819745
          ],
          [
            68580.54436957114,
            3174945.917948092
          ],
          [
            68567.43380026061,
            3175045.0512421746
          ],
          [
            68552.29535715406,
            3175143.8932754546
          ],
          [
            68540.22785487356,
            3175242.9926570132
          ],
          [
            68569.8477227922,
            3175336.6688381555
          ],
          [
            68648.48632808581,
            3175397.433085391
          ],
          [
            68740.99176429547,
            3175434.9482136774
          ],
          [
            68836.21481785827,
            3175453.2567925383
          ],
          [
            68893.58287366139,
            3175374.9134305944
          ],
          [
            68946.29829239483,
            3175290.3364438084
          ],
          [
            69025.02216809132,
            3175231.020896825
          ],
          [
            69123.19107663752,
            3175222.1130335066
          ],
          [
            69209.88354889376,
            3175268.2134445985
          ],
          [
            69262.5456562537,
            3175352.520266685
          ],
          [
            69285.36016712226,
            3175449.6212214404
          ],
          [
            69288.35450496437,
            3175549.4142567664
          ],
          [
            69275.28065491052,
            3175648.5264221285
          ],
          [
            69257.04641447027,
            3175746.8248412595
          ],
          [
            69232.29827622994,
            3175843.66447429
          ],
          [
            69195.17130562542,
            3175936.408632971
          ],
          [
            69144.57990475798,
            3176022.2640308957
          ],
          [
            69082.0009775246,
            3176100.201650476
          ],
          [
            69013.69340498165,
            3176173.2111692284
          ],
          [
            68943.12907218555,
            3176244.055763093
          ],
          [
            68875.95484815812,
            3176318.061298352
          ],
          [
            68813.83935110268,
            3176396.283910047
          ],
          [
            68757.12107062462,
            3176478.3183984626
          ],
          [
            68731.35039952317,
            3176573.550221511
          ],
          [
            68745.57663790435,
            3176672.299350969
          ],
          [
            68768.57809856336,
            3176769.6123068817
          ],
          [
            68788.53799448244,
            3176867.5827686978
          ],
          [
            68801.84547483336,
            3176966.675798433
          ],
          [
            68808.95371965146,
            3177066.40419413
          ],
          [
            68811.75145589068,
            3177166.357767016
          ],
          [
            68813.47914408098,
            3177266.3395878715
          ],
          [
            68819.27288629064,
            3177366.1318172785
          ],
          [
            68840.58179818197,
            3177463.6790709053
          ],
          [
            68876.637343616,
            3177556.8508079844
          ],
          [
            68920.69227943168,
            3177646.5853722245
          ],
          [
            68971.64240577767,
            3177732.5945463046
          ],
          [
            69031.18907858372,
            3177812.885785645
          ],
          [
            69097.377699447,
            3177887.780121729
          ],
          [
            69168.44255969713,
            3177958.1087065567
          ],
          [
            69241.89284877849,
            3178025.9613703
          ],
          [
            69312.2140360694,
            3178097.006131992
          ],
          [
            69379.81249642363,
            3178170.6814710284
          ],
          [
            69452.75002472827,
            3178238.7576959683
          ],
          [
            69533.45693939857,
            3178297.7167477314
          ],
          [
            69605.07809594566,
            3178367.1315558143
          ],
          [
            69649.5743242769,
            3178456.174075721
          ],
          [
            69666.63921960954,
            3178554.508379214
          ],
          [
            69679.10093403142,
            3178653.6735305134
          ],
          [
            69703.89181571215,
            3178750.5176467844
          ],
          [
            69726.31646172031,
            3178847.895682591
          ],
          [
            69742.68251705273,
            3178946.5326958727
          ],
          [
            69757.45547788688,
            3179045.4300350994
          ],
          [
            69772.84009783303,
            3179144.2221637047
          ],
          [
            69767.3984179864,
            3179243.9089566795
          ],
          [
            69758.23797768756,
            3179343.438988627
          ],
          [
            69766.02040142436,
            3179442.927241563
          ],
          [
            69796.63003276891,
            3179537.9302029735
          ],
          [
            69843.10460193278,
            3179626.4128066464
          ],
          [
            69901.33661014558,
            3179707.404892205
          ],
          [
            69983.44590041305,
            3179762.523355733
          ],
          [
            70082.42568176912,
            3179770.8339645322
          ],
          [
            70181.74199281257,
            3179759.489094283
          ],
          [
            70281.07695531342,
            3179767.2464586794
          ],
          [
            70377.96588368759,
            3179756.7452251944
          ],
          [
            70430.78420376441,
            3179674.666900035
          ],
          [
            70457.4764026338,
            3179578.298697217
          ],
          [
            70493.8698221642,
            3179485.282638231
          ],
          [
            70569.31897094662,
            3179458.976978124
          ],
          [
            70620.66954981623,
            3179542.7845468456
          ],
          [
            70635.58806085218,
            3179640.9579478824
          ],
          [
            70615.24000487226,
            3179738.5897590644
          ],
          [
            70582.94009013807,
            3179833.1083333
          ],
          [
            70577.21339325412,
            3179931.877049456
          ],
          [
            70601.56976613692,
            3180028.7980178553
          ],
          [
            70632.68159597597,
            3180123.826575496
          ],
          [
            70667.77523549089,
            3180217.4584457553
          ],
          [
            70705.75571967514,
            3180309.962789428
          ],
          [
            70745.77977644166,
            3180401.5938631203
          ],
          [
            70786.37316072526,
            3180492.970210646
          ],
          [
            70834.52079305371,
            3180580.4284964157
          ],
          [
            70897.26130641425,
            3180657.9949859306
          ],
          [
            70970.92377773722,
            3180725.566385164
          ],
          [
            71042.14380478273,
            3180795.612753772
          ],
          [
            71096.0370307692,
            3180879.454765267
          ],
          [
            71132.16959689307,
            3180972.6172106112
          ],
          [
            71164.64466358762,
            3181067.184661151
          ],
          [
            71206.15738805795,
            3181158.043539422
          ],
          [
            71263.33087633007,
            3181239.702378058
          ],
          [
            71330.31080899191,
            3181313.8524971367
          ],
          [
            71378.2888672863,
            3181400.970797814
          ],
          [
            71404.91501753328,
            3181497.3172623315
          ],
          [
            71435.54140757948,
            3181592.3634491856
          ],
          [
            71486.38707963313,
            3181678.0626566363
          ],
          [
            71558.56217719708,
            3181746.975380871
          ],
          [
            71638.76943358255,
            3181806.670986381
          ],
          [
            71725.35751701979,
            3181856.1679909904
          ],
          [
            71820.45145565741,
            3181885.5753930453
          ],
          [
            71874.18828234152,
            3181966.593693307
          ],
          [
            71896.12927613726,
            3182064.1325495136
          ],
          [
            71908.66572932218,
            3182163.2284906763
          ],
          [
            71914.29828853607,
            3182263.069199935
          ],
          [
            71923.3544598756,
            3182362.620434954
          ],
          [
            71944.10306006027,
            3182460.334545651
          ],
          [
            71980.85028990923,
            3182553.1917301295
          ],
          [
            72031.5641441359,
            3182639.262133142
          ],
          [
            72090.43141877346,
            3182720.0465270337
          ],
          [
            72153.60995247793,
            3182797.5389029374
          ],
          [
            72222.66329823482,
            3182869.7869193763
          ],
          [
            72288.39030810265,
            3182944.9921430587
          ],
          [
            72328.67072457047,
            3183035.505452981
          ],
          [
            72337.1153197096,
            3183134.970925766
          ],
          [
            72345.54787441247,
            3183234.3641115795
          ],
          [
            72381.27109264661,
            3183327.3899249556
          ],
          [
            72430.63408084145,
            3183414.277199005
          ],
          [
            72488.27360022326,
            3183495.9359867484
          ],
          [
            72552.07638220096,
            3183572.92552196
          ],
          [
            72616.32405303534,
            3183649.5399416024
          ],
          [
            72680.08796386726,
            3183726.555413295
          ],
          [
            72735.30242812894,
            3183809.78409336
          ],
          [
            72778.1343471939,
            3183900.076629864
          ],
          [
            72816.80561342704,
            3183992.2871382134
          ],
          [
            72862.75956145188,
            3184081.0038911276
          ],
          [
            72921.17604183436,
            3184162.0136044165
          ],
          [
            72988.17963114585,
            3184236.210765368
          ],
          [
            73057.06278563305,
            3184308.690977008
          ],
          [
            73129.00572483453,
            3184378.10133348
          ],
          [
            73201.35963402365,
            3184447.042438786
          ],
          [
            73261.76824624345,
            3184526.424326811
          ],
          [
            73302.08207980415,
            3184617.603236855
          ],
          [
            73323.11877612409,
            3184715.2270052084
          ],
          [
            73336.85724605454,
            3184814.277275878
          ],
          [
            73354.92203354102,
            3184912.585943088
          ],
          [
            73385.03596177777,
            3185007.8811391382
          ],
          [
            73422.2608702326,
            3185100.6592302406
          ],
          [
            73462.80658787403,
            3185192.0318312827
          ],
          [
            73504.63402729177,
            3185282.8294697693
          ],
          [
            73545.24703355957,
            3185374.204115087
          ],
          [
            73584.33705797045,
            3185466.2398440265
          ],
          [
            73621.99792419096,
            3185558.8629301614
          ],
          [
            73655.00074593478,
            3185653.235954199
          ],
          [
            73682.10303565177,
            3185749.4455999937
          ],
          [
            73701.74140276192,
            3185847.481630064
          ],
          [
            73714.88440700182,
            3185946.579917559
          ],
          [
            73720.65784670823,
            3186045.316923903
          ],
          [
            73718.89510398926,
            3186144.9467388787
          ],
          [
            73720.4553646732,
            3186244.7762099635
          ],
          [
            73706.88900745501,
            3186343.8094184548
          ],
          [
            73687.01813299085,
            3186441.810988745
          ],
          [
            73660.11530036303,
            3186537.9672775446
          ],
          [
            73633.41265391628,
            3186634.2592288936
          ],
          [
            73601.3526099515,
            3186728.9746378544
          ],
          [
            73564.7987856517,
            3186821.9942471324
          ],
          [
            73526.41225971769,
            3186914.2923974996
          ],
          [
            73486.18840791579,
            3187005.662928312
          ],
          [
            73450.07927853515,
            3187098.880756912
          ],
          [
            73423.54907174925,
            3187195.2196319276
          ],
          [
            73406.3384181581,
            3187293.718542184
          ],
          [
            73389.8223867397,
            3187392.342331903
          ],
          [
            73375.51995669576,
            3187491.301456419
          ],
          [
            73366.04899631222,
            3187590.8126794733
          ],
          [
            73367.33941871815,
            3187690.739530409
          ],
          [
            73377.05284956725,
            3187790.2541610403
          ],
          [
            73389.93204928628,
            3187889.4207698572
          ],
          [
            73403.22379755157,
            3187988.5333325546
          ],
          [
            73420.86118793355,
            3188086.9305738774
          ],
          [
            73453.5113066363,
            3188181.2047467623
          ],
          [
            73510.2079336056,
            3188263.2751224726
          ],
          [
            73574.76049726282,
            3188339.476671583
          ],
          [
            73624.94009507034,
            3188425.6646615635
          ],
          [
            73655.04320774988,
            3188520.8566947323
          ],
          [
            73670.86290511285,
            3188619.5364781274
          ],
          [
            73678.54945810813,
            3188719.2332543037
          ],
          [
            73689.48751118273,
            3188818.606274126
          ],
          [
            73707.15921257313,
            3188917.0224989755
          ],
          [
            73735.53474921825,
            3189012.6412288393
          ],
          [
            73808.74138241245,
            3189076.914967506
          ],
          [
            73904.50815373241,
            3189105.4982480197
          ],
          [
            73996.49482606031,
            3189144.041508246
          ],
          [
            74073.79291610201,
            3189206.585915181
          ],
          [
            74127.17355111107,
            3189290.737688878
          ],
          [
            74158.47733996877,
            3189385.584553379
          ],
          [
            74175.74648625261,
            3189484.0459675584
          ],
          [
            74187.84968574722,
            3189583.3057820657
          ],
          [
            74202.58727984659,
            3189682.1879549543
          ],
          [
            74220.77595516556,
            3189780.514372937
          ],
          [
            74237.07697553608,
            3189879.1739768484
          ],
          [
            74248.57379311792,
            3189978.4791273894
          ],
          [
            74252.80131494219,
            3190078.331791751
          ],
          [
            74245.61913104416,
            3190178.0105638136
          ],
          [
            74224.38813935519,
            3190275.6366398563
          ],
          [
            74194.8213413571,
            3190371.13364252
          ],
          [
            74161.85223843479,
            3190465.518300099
          ],
          [
            74130.5254207416,
            3190560.4834972695
          ],
          [
            74089.56862959563,
            3190651.5452498132
          ],
          [
            74039.21553234401,
            3190737.904889741
          ],
          [
            73988.16051471935,
            3190823.8185980567
          ],
          [
            73950.13128865194,
            3190916.146018819
          ],
          [
            73926.25669286825,
            3191013.1347237146
          ],
          [
            73916.39296549546,
            3191112.5847069626
          ],
          [
            73915.21871462352,
            3191212.563262702
          ],
          [
            73917.4506287188,
            3191312.5381348254
          ],
          [
            73921.0647436237,
            3191412.4668689906
          ],
          [
            73927.72058569781,
            3191512.24276733
          ],
          [
            73936.45037629973,
            3191611.8598647937
          ],
          [
            73944.80529355077,
            3191711.503408804
          ],
          [
            73949.60320816896,
            3191811.384830516
          ],
          [
            73951.52774390466,
            3191911.3622174924
          ],
          [
            73951.97059453998,
            3192011.3611448277
          ],
          [
            73953.24876024373,
            3192111.3511547744
          ],
          [
            73958.23601570501,
            3192211.210540581
          ],
          [
            73968.86200369053,
            3192310.615168029
          ],
          [
            73984.09710512191,
            3192409.445751595
          ],
          [
            74000.36816104059,
            3192508.112714232
          ],
          [
            74012.84796081914,
            3192607.2945915353
          ],
          [
            74017.80403924936,
            3192707.1388060753
          ],
          [
            74016.52298953144,
            3192807.124114822
          ],
          [
            74012.75202499016,
            3192907.052285255
          ],
          [
            74009.03155114484,
            3193006.9825590355
          ],
          [
            74008.16821097529,
            3193106.9639073857
          ],
          [
            74008.69639286549,
            3193206.962067922
          ],
          [
            74009.13261113649,
            3193306.9607603517
          ],
          [
            74008.66226993993,
            3193406.9582144287
          ],
          [
            74011.27313897533,
            3193506.913831205
          ],
          [
            74019.78653043693,
            3193606.5316362954
          ],
          [
            74033.44175545707,
            3193705.5913573015
          ],
          [
            74047.0363645174,
            3193804.6614357647
          ],
          [
            74057.11801610896,
            3193904.140156061
          ],
          [
            74061.12613370563,
            3194004.0479439623
          ],
          [
            74059.33580781035,
            3194104.017716992
          ],
          [
            74053.71180839556,
            3194203.853226852
          ],
          [
            74046.67428437118,
            3194303.6013800767
          ],
          [
            74044.33027808147,
            3194403.553510836
          ],
          [
            74047.21643230639,
            3194503.5041025477
          ],
          [
            74053.64314190498,
            3194603.29188353
          ],
          [
            74059.84180501851,
            3194703.0983344866
          ],
          [
            74060.68931260174,
            3194803.0337743894
          ],
          [
            74047.67536725076,
            3194902.083074191
          ],
          [
            74021.90556902133,
            3194998.660247577
          ],
          [
            73991.9217359144,
            3195094.055879179
          ],
          [
            73966.92027310393,
            3195190.840385355
          ],
          [
            73952.92581337674,
            3195289.8130698963
          ],
          [
            73945.09018776478,
            3195389.5013718395
          ],
          [
            73939.92327646822,
            3195489.3602964757
          ],
          [
            73938.72888317045,
            3195589.3488057265
          ],
          [
            73940.90313385654,
            3195689.3130421
          ],
          [
            73950.60808664277,
            3195788.8052745597
          ],
          [
            73965.62290410254,
            3195887.6688854843
          ],
          [
            73978.95676878725,
            3195986.769750382
          ],
          [
            73983.60786644607,
            3196086.5714140045
          ],
          [
            73974.92675470265,
            3196186.111557254
          ],
          [
            73951.18432384085,
            3196283.228555364
          ],
          [
            73921.91487167936,
            3196378.8401878723
          ],
          [
            73891.80233193294,
            3196474.1637567375
          ],
          [
            73866.67777100956,
            3196570.953777052
          ],
          [
            73837.08138720637,
            3196666.362852847
          ],
          [
            73803.51345987154,
            3196760.553413344
          ],
          [
            73773.34410007806,
            3196855.8776715286
          ],
          [
            73755.16028822052,
            3196954.0960293906
          ],
          [
            73750.52376368454,
            3197053.9206204014
          ],
          [
            73754.57039193365,
            3197153.821827981
          ],
          [
            73762.42374294091,
            3197253.5115147885
          ],
          [
            73768.99498973916,
            3197353.28483909
          ],
          [
            73768.59738965394,
            3197453.263638214
          ],
          [
            73764.13263580955,
            3197553.163181834
          ],
          [
            73763.66437929067,
            3197653.1167684663
          ],
          [
            73772.73335166683,
            3197752.6544947973
          ],
          [
            73788.9888234943,
            3197851.316957091
          ],
          [
            73801.37461189633,
            3197950.536786567
          ],
          [
            73820.46658215128,
            3198048.5696628103
          ],
          [
            73862.20092355688,
            3198139.0736368285
          ],
          [
            73924.08899200342,
            3198217.4555765446
          ],
          [
            73993.84544387626,
            3198289.009112469
          ],
          [
            74071.32331604011,
            3198351.9125598967
          ],
          [
            74154.76246764681,
            3198406.9970805226
          ],
          [
            74232.57003009162,
            3198469.4608615143
          ],
          [
            74302.7859986224,
            3198540.523705386
          ],
          [
            74371.54009082471,
            3198613.0969820307
          ],
          [
            74445.16514362807,
            3198680.7017502724
          ],
          [
            74527.89697011815,
            3198736.515846955
          ],
          [
            74619.27552167438,
            3198776.8916721107
          ],
          [
            74713.65758249942,
            3198809.9239076013
          ],
          [
            74805.36796889393,
            3198849.5497188508
          ],
          [
            74889.49506178213,
            3198903.3822167926
          ],
          [
            74965.91225215993,
            3198967.791302656
          ],
          [
            75034.94108474448,
            3199040.0747267236
          ],
          [
            75095.99301633856,
            3199119.217375947
          ],
          [
            75150.68233663651,
            3199202.909799329
          ],
          [
            75202.6830860631,
            3199288.318591612
          ],
          [
            75256.90160305904,
            3199372.3281902946
          ],
          [
            75318.10923911163,
            3199451.3020261796
          ],
          [
            75396.52649421964,
            3199510.927008546
          ],
          [
            75494.54702354428,
            3199505.946516534
          ],
          [
            75587.72401481889,
            3199469.7934047543
          ],
          [
            75683.92982093222,
            3199443.866394409
          ],
          [
            75783.76241118592,
            3199438.7503952133
          ],
          [
            75881.66940984028,
            3199418.986165283
          ],
          [
            75980.72140633025,
            3199406.728165012
          ],
          [
            76078.43245542441,
            3199424.660300856
          ],
          [
            76153.9730282613,
            3199488.376489896
          ],
          [
            76194.3885329396,
            3199579.2966383784
          ],
          [
            76210.65205508801,
            3199677.8626415413
          ],
          [
            76220.13701347668,
            3199777.4076073277
          ],
          [
            76234.13327093414,
            3199876.4039483774
          ],
          [
            76249.92241066816,
            3199975.1429944676
          ],
          [
            76263.00727845838,
            3200074.269442565
          ],
          [
            76274.95216839066,
            3200173.547949504
          ],
          [
            76288.93758020656,
            3200272.5495394203
          ],
          [
            76310.96983150853,
            3200369.9726603264
          ],
          [
            76352.80979861168,
            3200460.1086814255
          ],
          [
            76422.39282321675,
            3200530.9913960244
          ],
          [
            76507.9758032642,
            3200582.6254455773
          ],
          [
            76588.92410576236,
            3200640.6361844437
          ],
          [
            76630.49050906488,
            3200729.3371313727
          ],
          [
            76607.4627604568,
            3200824.4747787938
          ],
          [
            76541.66271199161,
            3200898.928716755
          ],
          [
            76463.19709857237,
            3200960.8478336125
          ],
          [
            76391.77085863925,
            3201030.4502135506
          ],
          [
            76349.35967331743,
            3201120.0140886763
          ],
          [
            76331.56028077041,
            3201218.2938170084
          ],
          [
            76326.68602963095,
            3201318.148040815
          ],
          [
            76327.17756051992,
            3201418.140790162
          ],
          [
            76329.13070257047,
            3201518.119271492
          ],
          [
            76332.60902283514,
            3201618.0477578593
          ],
          [
            76339.62984001114,
            3201717.7924223477
          ],
          [
            76348.17925545435,
            3201817.4254251528
          ],
          [
            76355.7243619905,
            3201917.1394072007
          ],
          [
            76360.72070652251,
            3202017.0097556347
          ],
          [
            76363.55786541669,
            3202116.9673112873
          ],
          [
            76365.61102961322,
            3202216.9459981374
          ],
          [
            76368.13472041991,
            3202316.912007332
          ],
          [
            76372.4629332212,
            3202416.803104041
          ],
          [
            76380.05567797206,
            3202516.508976834
          ],
          [
            76391.92741647002,
            3202615.784663472
          ],
          [
            76412.46048999016,
            3202713.6062006424
          ],
          [
            76446.33371779068,
            3202807.551482621
          ],
          [
            76499.62494968742,
            3202891.795061869
          ],
          [
            76570.52348552695,
            3202962.1208260753
          ],
          [
            76644.80066483653,
            3203028.979943989
          ],
          [
            76707.69629987236,
            3203106.406194543
          ],
          [
            76755.38939029106,
            3203194.0618582056
          ],
          [
            76786.36579182632,
            3203288.968518382
          ],
          [
            76800.87340445873,
            3203387.778368688
          ],
          [
            76801.91504055959,
            3203487.745743581
          ],
          [
            76798.87189805284,
            3203587.6990403836
          ],
          [
            76800.56085845112,
            3203687.6569978814
          ],
          [
            76808.98908483938,
            3203787.293571727
          ],
          [
            76819.60089824501,
            3203886.7288193633
          ],
          [
            76828.2573833027,
            3203986.346229009
          ],
          [
            76833.26239050088,
            3204086.2053927914
          ],
          [
            76832.79883389402,
            3204186.1926349136
          ],
          [
            76826.01605936981,
            3204285.9428239926
          ],
          [
            76814.15615527573,
            3204385.2344119935
          ],
          [
            76801.64524309781,
            3204484.448617805
          ],
          [
            76789.1778577988,
            3204583.665508522
          ],
          [
            76777.38937728493,
            3204682.965404298
          ],
          [
            76762.48262122553,
            3204781.81787127
          ],
          [
            76735.77700887533,
            3204878.1518240813
          ],
          [
            76695.97015415833,
            3204969.819574866
          ],
          [
            76657.01219433815,
            3205061.8312795428
          ],
          [
            76634.97424532406,
            3205159.2707390026
          ],
          [
            76622.87861546263,
            3205258.526632314
          ],
          [
            76612.43410006043,
            3205357.977338256
          ],
          [
            76598.1219627013,
            3205456.9387324243
          ],
          [
            76579.67670750506,
            3205555.216426814
          ],
          [
            76560.63373811526,
            3205653.371954661
          ],
          [
            76541.40755687447,
            3205751.493400767
          ],
          [
            76523.07511746653,
            3205849.7931741267
          ],
          [
            76505.68616421714,
            3205948.26880085
          ],
          [
            76488.72985232252,
            3206046.8166152937
          ],
          [
            76476.35868855008,
            3206146.029323279
          ],
          [
            76469.06661688897,
            3206245.748332427
          ],
          [
            76466.49359722498,
            3206345.687522933
          ],
          [
            76469.98139345733,
            3206445.6133117266
          ],
          [
            76477.11806543646,
            3206545.356621628
          ],
          [
            76484.02995536006,
            3206645.115744965
          ],
          [
            76488.7194708246,
            3206745.002054407
          ],
          [
            76492.4162669627,
            3206844.930549654
          ],
          [
            76498.2105283738,
            3206944.760489449
          ],
          [
            76508.76809363047,
            3207044.1710066367
          ],
          [
            76528.1632023824,
            3207142.188771333
          ],
          [
            76554.14148553918,
            3207238.711726133
          ],
          [
            76570.03669184509,
            3207337.3124705255
          ],
          [
            76576.41078372442,
            3207437.103741231
          ],
          [
            76581.285398588,
            3207536.9843103923
          ],
          [
            76589.74468115244,
            3207636.604692943
          ],
          [
            76600.79526554889,
            3207735.8228173694
          ],
          [
            76611.63012983181,
            3207835.1528587975
          ],
          [
            76615.69081571652,
            3207934.545042238
          ],
          [
            76616.84401985155,
            3208034.3515550005
          ],
          [
            76580.4654397603,
            3208122.756867856
          ],
          [
            76560.02510757167,
            3208220.3935664822
          ],
          [
            76559.0138393924,
            3208319.782389347
          ],
          [
            76496.98160437982,
            3208395.4312031637
          ],
          [
            76455.43155086953,
            3208484.3620264614
          ],
          [
            76409.28209406835,
            3208569.3129071905
          ],
          [
            76341.67686222623,
            3208624.4019703255
          ],
          [
            76272.06369285543,
            3208694.200105671
          ],
          [
            76237.88802880567,
            3208787.368585553
          ],
          [
            76229.39025842265,
            3208886.89531518
          ],
          [
            76212.86476258728,
            3208985.4829610675
          ],
          [
            76202.06129093835,
            3209084.854589036
          ],
          [
            76183.04570209497,
            3209182.9759901394
          ],
          [
            76151.6719706324,
            3209277.7848548866
          ],
          [
            76106.28624162564,
            3209366.7868712447
          ],
          [
            76055.6939095347,
            3209453.0156048727
          ],
          [
            76013.73549114674,
            3209543.7306355597
          ],
          [
            75985.10401604843,
            3209639.3371938067
          ],
          [
            75974.76616815498,
            3209738.653234305
          ],
          [
            75976.60672273058,
            3209838.610404384
          ],
          [
            75990.44454632829,
            3209937.5971776247
          ],
          [
            76010.26276519943,
            3210035.5997745106
          ],
          [
            76032.85488294196,
            3210133.0118576633
          ],
          [
            76059.04799007007,
            3210229.5071700546
          ],
          [
            76091.4328234283,
            3210324.1072596936
          ],
          [
            76126.8226596034,
            3210417.6327841366
          ],
          [
            76160.97428482659,
            3210511.610982284
          ],
          [
            76189.62733616594,
            3210607.382791764
          ],
          [
            76212.35871622628,
            3210704.7550839363
          ],
          [
            76235.73136993674,
            3210801.975480894
          ],
          [
            76269.36371307078,
            3210896.0001967046
          ],
          [
            76321.91479837778,
            3210980.7513145576
          ],
          [
            76387.37847294429,
            3211056.3147953455
          ],
          [
            76442.77565343874,
            3211139.2161548706
          ],
          [
            76479.77595135393,
            3211232.0055634193
          ],
          [
            76513.51228147351,
            3211326.1145376614
          ],
          [
            76560.72196296016,
            3211413.986785993
          ],
          [
            76631.00664256548,
            3211484.329348758
          ],
          [
            76723.96867508716,
            3211517.280293755
          ],
          [
            76823.20854887798,
            3211508.905355463
          ],
          [
            76921.71271025072,
            3211492.1981112314
          ],
          [
            77019.89979672735,
            3211505.0533876573
          ],
          [
            77103.34169037172,
            3211558.829361316
          ],
          [
            77169.32324742335,
            3211633.786616511
          ],
          [
            77223.32949736138,
            3211717.8676062175
          ],
          [
            77268.12122088704,
            3211807.2299722484
          ],
          [
            77305.07338104163,
            3211900.115683139
          ],
          [
            77337.96754010468,
            3211994.5441272575
          ],
          [
            77373.23260589245,
            3212088.0958279106
          ],
          [
            77417.98307963305,
            3212177.3735692836
          ],
          [
            77480.73550264069,
            3212254.755011867
          ],
          [
            77565.81789033426,
            3212305.47038247
          ],
          [
            77664.77640039398,
            3212314.7459587026
          ],
          [
            77764.44423521476,
            3212306.8800493134
          ],
          [
            77862.52747705397,
            3212321.9917161292
          ],
          [
            77943.83588346947,
            3212378.7498822515
          ],
          [
            78007.06960915843,
            3212456.0978061548
          ],
          [
            78065.40784169943,
            3212537.3085485725
          ],
          [
            78127.42080039349,
            3212615.7328457655
          ],
          [
            78206.63080476879,
            3212675.8199138856
          ],
          [
            78300.78919136115,
            3212704.9214926627
          ],
          [
            78396.27292183395,
            3212693.14543899
          ],
          [
            78461.78538370715,
            3212622.7564964984
          ],
          [
            78525.95740456216,
            3212565.4143250077
          ],
          [
            78536.34352944721,
            3212642.7462846325
          ],
          [
            78599.9520352395,
            3212699.8787809387
          ],
          [
            78687.46146135153,
            3212740.0121043385
          ],
          [
            78706.0386945875,
            3212835.714695567
          ],
          [
            78786.23862386071,
            3212889.097937107
          ],
          [
            78881.7484774435,
            3212899.9691984397
          ],
          [
            78972.5771105208,
            3212859.72434975
          ],
          [
            79062.60655527494,
            3212816.2434909143
          ],
          [
            79157.97086174249,
            3212787.1361218826
          ],
          [
            79257.45030870006,
            3212778.2713770065
          ],
          [
            79357.1515839938,
            3212770.8684049
          ],
          [
            79456.95707216489,
            3212767.6370136556
          ],
          [
            79553.49051439797,
            3212791.288247178
          ],
          [
            79631.06569326615,
            3212853.278541081
          ],
          [
            79688.36674556175,
            3212934.91273523
          ],
          [
            79732.78555797752,
            3213024.443434984
          ],
          [
            79793.34393506385,
            3213093.8495929195
          ],
          [
            79883.76592138004,
            3213128.789089401
          ],
          [
            79973.59347849069,
            3213157.9623108017
          ],
          [
            80072.99577191494,
            3213162.535630398
          ],
          [
            80131.15721786987,
            3213227.7903384543
          ],
          [
            80167.13092220068,
            3213316.263855443
          ],
          [
            80234.78130402576,
            3213389.0699079214
          ],
          [
            80305.54903200269,
            3213459.6676333603
          ],
          [
            80375.11238683006,
            3213531.4902864224
          ],
          [
            80445.08128415335,
            3213602.921428976
          ],
          [
            80476.18399733308,
            3213691.9245797475
          ],
          [
            80527.72218383159,
            3213773.3981692963
          ],
          [
            80575.79564590236,
            3213856.6799145904
          ],
          [
            80579.17681038802,
            3213956.605692609
          ],
          [
            80605.8526197557,
            3214048.3855553498
          ],
          [
            80627.52143180509,
            3214129.6502641174
          ],
          [
            80555.9191697531,
            3214197.632361401
          ],
          [
            80547.78883176192,
            3214287.5712994896
          ],
          [
            80598.0679645414,
            3214369.541227511
          ],
          [
            80606.35891705923,
            3214469.153858638
          ],
          [
            80605.56470502821,
            3214569.1048496244
          ],
          [
            80559.72013708223,
            3214656.2310727485
          ],
          [
            80552.56067606907,
            3214755.678535402
          ],
          [
            80579.05268406526,
            3214848.272615067
          ],
          [
            80612.5116181452,
            3214934.8244325253
          ],
          [
            80623.5246934939,
            3215033.8772775205
          ],
          [
            80621.9188317999,
            3215117.901715045
          ],
          [
            80566.76033362353,
            3215199.5249753976
          ],
          [
            80567.66442508914,
            3215298.6239499147
          ],
          [
            80578.32085247713,
            3215397.780279664
          ],
          [
            80604.84628942615,
            3215490.591521276
          ],
          [
            80639.52401215087,
            3215576.8481995813
          ],
          [
            80649.96919998682,
            3215675.8523053494
          ],
          [
            80695.5108795023,
            3215756.961811571
          ],
          [
            80628.27444425558,
            3215830.0528298877
          ],
          [
            80587.94800369618,
            3215916.8038763874
          ],
          [
            80613.81754176914,
            3216010.1005727374
          ],
          [
            80620.90652837318,
            3216106.786029648
          ],
          [
            80611.24330529873,
            3216203.5728643853
          ],
          [
            80614.35695299355,
            3216303.1335653276
          ],
          [
            80617.38262243976,
            3216402.7849105103
          ],
          [
            80598.12199927145,
            3216499.1904199547
          ],
          [
            80588.76859782547,
            3216596.6511736214
          ],
          [
            80595.37426447764,
            3216696.381354789
          ],
          [
            80609.33908720923,
            3216795.287401586
          ],
          [
            80584.11782621453,
            3216891.022898458
          ],
          [
            80543.616928286,
            3216977.8280148534
          ],
          [
            80542.93880784536,
            3217073.5971737886
          ],
          [
            80605.50147770222,
            3217151.4252403104
          ],
          [
            80577.92730090121,
            3217236.647953538
          ],
          [
            80481.38004797115,
            3217253.895562051
          ],
          [
            80438.34656185622,
            3217341.3294199803
          ],
          [
            80396.2733386606,
            3217424.819744276
          ],
          [
            80397.11752074072,
            3217524.8156207423
          ],
          [
            80388.74010432222,
            3217623.353078521
          ],
          [
            80303.26861867023,
            3217663.664302767
          ],
          [
            80223.32635917907,
            3217719.375833317
          ],
          [
            80126.11105477267,
            3217735.1763310535
          ],
          [
            80043.02559952717,
            3217769.8015947817
          ],
          [
            79992.18405700958,
            3217853.345936762
          ],
          [
            79924.3085291366,
            3217926.1410227297
          ],
          [
            79873.42400835526,
            3218010.572428533
          ],
          [
            79819.57608900298,
            3218092.745405326
          ],
          [
            79753.41279470743,
            3218167.009278296
          ],
          [
            79684.51854096461,
            3218231.1723522902
          ],
          [
            79651.0185501575,
            3218322.122104689
          ],
          [
            79632.81563258993,
            3218418.9980123937
          ],
          [
            79639.4703512184,
            3218518.718645599
          ],
          [
            79643.87541233646,
            3218618.1301020486
          ],
          [
            79632.94240210357,
            3218716.491933962
          ],
          [
            79661.16059289359,
            3218812.167190619
          ],
          [
            79670.19842238526,
            3218911.7209074246
          ],
          [
            79674.71796925682,
            3219011.539478585
          ],
          [
            79641.2642793762,
            3219101.553513796
          ],
          [
            79586.90842529992,
            3219175.7531754463
          ],
          [
            79537.06914924568,
            3219259.2198194023
          ],
          [
            79484.77995084174,
            3219344.1438090573
          ],
          [
            79511.23918381965,
            3219432.434958112
          ],
          [
            79497.95141849878,
            3219526.4497898174
          ],
          [
            79452.89560439547,
            3219614.2297257707
          ],
          [
            79369.30738112448,
            3219638.518107868
          ],
          [
            79325.05778852271,
            3219727.5110673457
          ],
          [
            79278.65404904178,
            3219815.416295046
          ],
          [
            79209.68798188306,
            3219886.831196485
          ],
          [
            79213.45824671103,
            3219982.5349520473
          ],
          [
            79171.36167262556,
            3220062.8148196987
          ],
          [
            79083.39474066245,
            3220108.511986769
          ],
          [
            78985.69165939518,
            3220125.564898807
          ],
          [
            78894.92329352372,
            3220155.5247314917
          ],
          [
            78851.02380881183,
            3220245.339674553
          ],
          [
            78825.05112969055,
            3220341.610346416
          ],
          [
            78795.81044828326,
            3220435.369401867
          ],
          [
            78768.64183353937,
            3220528.991142007
          ],
          [
            78733.55650678201,
            3220621.5392172975
          ],
          [
            78743.8157671592,
            3220719.6223598225
          ],
          [
            78800.55605971444,
            3220801.1549555906
          ],
          [
            78875.7774459021,
            3220866.84566001
          ],
          [
            78956.31560113058,
            3220926.1127733523
          ],
          [
            79036.34486310776,
            3220986.044412537
          ],
          [
            79112.97301011335,
            3221050.2806476345
          ],
          [
            79186.98996061433,
            3221117.5163737885
          ],
          [
            79258.67067613314,
            3221187.2259563245
          ],
          [
            79325.92725822638,
            3221261.194373415
          ],
          [
            79387.24591278254,
            3221340.1535804067
          ],
          [
            79445.09510651573,
            3221421.7177959136
          ],
          [
            79504.08146911989,
            3221502.4476280734
          ],
          [
            79572.50593708867,
            3221575.0642805416
          ],
          [
            79657.2497675162,
            3221627.1477736225
          ],
          [
            79749.75263250634,
            3221665.0437914548
          ],
          [
            79830.3932196083,
            3221722.8900736044
          ],
          [
            79885.0942118041,
            3221806.232364629
          ],
          [
            79914.81578821011,
            3221901.6489345254
          ],
          [
            79929.83586354255,
            3222000.474023951
          ],
          [
            79938.29198526885,
            3222100.1036937423
          ],
          [
            79942.4035441156,
            3222200.0124415774
          ],
          [
            79943.28579782964,
            3222300.0056589753
          ],
          [
            79942.04206488252,
            3222399.994814591
          ],
          [
            79937.85371590852,
            3222499.896605204
          ],
          [
            79926.53663904067,
            3222599.212843238
          ],
          [
            79897.97856601437,
            3222694.4147095666
          ],
          [
            79823.86487172739,
            3222752.726984378
          ],
          [
            79724.23570427489,
            3222757.710706246
          ],
          [
            79641.46742031765,
            3222809.018841719
          ],
          [
            79613.5537529886,
            3222904.117178158
          ],
          [
            79596.48440378114,
            3223002.338607518
          ],
          [
            79584.11805477549,
            3223100.514865989
          ],
          [
            79586.44681877126,
            3223200.4818417043
          ],
          [
            79588.95121616208,
            3223300.4233712615
          ],
          [
            79598.37770054865,
            3223399.949925779
          ],
          [
            79612.52909877553,
            3223498.9385012807
          ],
          [
            79627.91302506039,
            3223597.7393896147
          ],
          [
            79637.06988485689,
            3223697.2769389674
          ],
          [
            79637.76579909079,
            3223797.2666638237
          ],
          [
            79639.88894909483,
            3223897.223651347
          ],
          [
            79649.26703332391,
            3223996.741979525
          ],
          [
            79671.0888365345,
            3224094.267874084
          ],
          [
            79704.93997632386,
            3224188.3188984944
          ],
          [
            79752.74700501337,
            3224276.1052229474
          ],
          [
            79806.00405082383,
            3224360.673472876
          ],
          [
            79857.08550858675,
            3224446.625830248
          ],
          [
            79905.59136659928,
            3224534.0712443693
          ],
          [
            79955.54441946927,
            3224620.6930532777
          ],
          [
            80007.03098389362,
            3224706.4152236776
          ],
          [
            80059.83374067664,
            3224791.3292677742
          ],
          [
            80117.55709614199,
            3224872.728511781
          ],
          [
            80201.38387190849,
            3224882.371211763
          ],
          [
            80267.08841126191,
            3224807.3972764006
          ],
          [
            80355.53702480413,
            3224767.298596882
          ],
          [
            80437.75179776858,
            3224815.7261917703
          ],
          [
            80471.53376193077,
            3224908.4606367685
          ],
          [
            80463.15819069637,
            3225007.4753127773
          ],
          [
            80424.41810165484,
            3225099.2775690285
          ],
          [
            80371.0333951838,
            3225183.618200911
          ],
          [
            80318.86089457582,
            3225268.8197931955
          ],
          [
            80279.766555808,
            3225360.7731988654
          ],
          [
            80245.721571839,
            3225454.737630457
          ],
          [
            80220.54470532709,
            3225551.4791371245
          ],
          [
            80200.2494394545,
            3225649.380044949
          ],
          [
            80211.67996998662,
            3225746.001623206
          ],
          [
            80270.75740035126,
            3225826.1830525845
          ],
          [
            80310.31380817834,
            3225916.2925703935
          ],
          [
            80316.45342164642,
            3226016.016245908
          ],
          [
            80369.36468856044,
            3226096.0122303064
          ],
          [
            80335.23305366583,
            3226182.4120538337
          ],
          [
            80343.8550621126,
            3226281.7379623046
          ],
          [
            80398.29265030244,
            3226362.169490428
          ],
          [
            80432.71669888259,
            3226450.928311633
          ],
          [
            80431.58559681084,
            3226550.8627405367
          ],
          [
            80382.74658817422,
            3226634.7658760166
          ],
          [
            80338.40984609105,
            3226720.4642566754
          ],
          [
            80273.1261917742,
            3226794.6749317083
          ],
          [
            80245.55869382487,
            3226884.3787509836
          ],
          [
            80227.99540631386,
            3226981.7348183105
          ],
          [
            80200.52655445479,
            3227076.416906565
          ],
          [
            80204.67344364343,
            3227174.9991910625
          ],
          [
            80131.72211521657,
            3227219.624463369
          ],
          [
            80082.46508264412,
            3227293.334477193
          ],
          [
            80160.25647157535,
            3227351.541241099
          ],
          [
            80241.38956031273,
            3227406.9471545294
          ],
          [
            80340.57211204353,
            3227414.389464695
          ],
          [
            80440.38363602059,
            3227410.828268268
          ],
          [
            80531.84075792751,
            3227445.4734919886
          ],
          [
            80570.47815280159,
            3227535.1874015164
          ],
          [
            80561.11020116958,
            3227634.4551627
          ],
          [
            80541.35300658026,
            3227732.4716269793
          ],
          [
            80533.9527483411,
            3227831.9228180996
          ],
          [
            80553.89439235158,
            3227929.784404191
          ],
          [
            80583.30875656822,
            3228025.3408140284
          ],
          [
            80613.4268008762,
            3228120.6597522525
          ],
          [
            80641.33980818324,
            3228216.674776647
          ],
          [
            80666.37436200884,
            3228313.4861832373
          ],
          [
            80692.05235121313,
            3228410.109731672
          ],
          [
            80721.02427323328,
            3228505.8098306977
          ],
          [
            80751.90060771041,
            3228600.922487793
          ],
          [
            80782.31954443404,
            3228696.182444213
          ],
          [
            80810.88208556424,
            3228792.0141569995
          ],
          [
            80841.6383537054,
            3228887.157408901
          ],
          [
            80878.19101237597,
            3228980.1998210205
          ],
          [
            80922.08873260104,
            3229070.0126114693
          ],
          [
            80971.54812518442,
            3229156.9201411805
          ],
          [
            81019.92644265392,
            3229244.4304400436
          ],
          [
            81062.48391669866,
            3229334.9023724175
          ],
          [
            81106.37587539626,
            3229424.608814
          ],
          [
            81138.18656122102,
            3229518.7950473716
          ],
          [
            81173.43720754253,
            3229611.964334592
          ],
          [
            81201.91562726512,
            3229707.1542649325
          ],
          [
            81230.94056523136,
            3229802.842520003
          ],
          [
            81258.32899989813,
            3229899.0154518494
          ],
          [
            81286.45581923131,
            3229994.9752104683
          ],
          [
            81313.46401371584,
            3230091.2550064754
          ],
          [
            81339.36028249914,
            3230187.8320067455
          ],
          [
            81365.18886614354,
            3230284.431272722
          ],
          [
            81393.67948852645,
            3230380.2795109763
          ],
          [
            81428.15049270816,
            3230474.123817931
          ],
          [
            81471.80150470296,
            3230564.0227727233
          ],
          [
            81524.80916927045,
            3230648.74960559
          ],
          [
            81583.60111305352,
            3230729.6103721755
          ],
          [
            81642.74560661588,
            3230810.241261564
          ],
          [
            81699.89929653252,
            3230892.265046675
          ],
          [
            81740.1604160222,
            3230983.353971033
          ],
          [
            81751.75420603936,
            3231082.4823194346
          ],
          [
            81751.22193318652,
            3231182.4747768934
          ],
          [
            81749.87750176221,
            3231282.4639865933
          ],
          [
            81741.83341750727,
            3231382.0950683192
          ],
          [
            81728.4270950453,
            3231481.1915653995
          ],
          [
            81720.16566230595,
            3231580.825148054
          ],
          [
            81721.28555328833,
            3231680.7570096375
          ],
          [
            81732.59027007986,
            3231780.077565527
          ],
          [
            81750.93034858421,
            3231878.36679992
          ],
          [
            81773.03295745436,
            3231975.8855919433
          ],
          [
            81805.57273989677,
            3232070.2100184485
          ],
          [
            81827.97024281546,
            3232167.3241898133
          ],
          [
            81858.6166160893,
            3232262.1269778595
          ],
          [
            81906.43395916808,
            3232349.842559912
          ],
          [
            81963.77040535805,
            3232431.7312265914
          ],
          [
            82019.20727371461,
            3232514.871075234
          ],
          [
            82044.42576904406,
            3232610.6419413923
          ],
          [
            82021.36711967323,
            3232707.518961499
          ],
          [
            81985.82327653126,
            3232800.9397570994
          ],
          [
            81972.06351422035,
            3232899.1630509226
          ],
          [
            82008.31570725572,
            3232990.891788869
          ],
          [
            82074.17334015331,
            3233065.8067841013
          ],
          [
            82146.48632838765,
            3233134.8395670643
          ],
          [
            82218.75812534144,
            3233203.9422725164
          ],
          [
            82281.84976260424,
            3233281.2894760226
          ],
          [
            82324.56900960585,
            3233371.3003648357
          ],
          [
            82343.87903417414,
            3233469.176336226
          ],
          [
            82348.50742247721,
            3233569.0313040228
          ],
          [
            82349.79022583853,
            3233669.020860379
          ],
          [
            82359.10214012695,
            3233768.4796060366
          ],
          [
            82385.27186004823,
            3233864.811408774
          ],
          [
            82433.44034786717,
            3233952.014080838
          ],
          [
            82509.29866571577,
            3234016.307379243
          ],
          [
            82599.19126178409,
            3234059.931214259
          ],
          [
            82694.95429068322,
            3234087.6452602455
          ],
          [
            82794.5500546731,
            3234095.9476818396
          ],
          [
            82893.92009131477,
            3234106.103196026
          ],
          [
            82987.37181634706,
            3234140.5147587163
          ],
          [
            83073.55819436522,
            3234191.1934504057
          ],
          [
            83160.00770881744,
            3234241.439094841
          ],
          [
            83248.63808276,
            3234287.7245934824
          ],
          [
            83338.75135954242,
            3234331.0139035154
          ],
          [
            83432.61528255254,
            3234365.4272467853
          ],
          [
            83529.15897078859,
            3234391.182903803
          ],
          [
            83628.05278239305,
            3234405.8406877303
          ],
          [
            83727.12223679708,
            3234419.4329481516
          ],
          [
            83825.27334776164,
            3234438.2793370276
          ],
          [
            83919.68130657975,
            3234470.819961925
          ],
          [
            84008.24802164256,
            3234517.088200905
          ],
          [
            84092.4028566273,
            3234570.9965536157
          ],
          [
            84180.08254585185,
            3234618.1696329387
          ],
          [
            84272.6925569046,
            3234650.848749194
          ],
          [
            84368.12581683038,
            3234676.2483310797
          ],
          [
            84454.78456308226,
            3234710.174513106
          ],
          [
            84547.89368487021,
            3234673.831789858
          ],
          [
            84646.59979298693,
            3234665.6956371707
          ],
          [
            84734.57994516377,
            3234709.821729957
          ],
          [
            84800.53668735088,
            3234784.6334367595
          ],
          [
            84857.7127144863,
            3234866.633947776
          ],
          [
            84918.00593560337,
            3234946.3877923856
          ],
          [
            84982.94243705075,
            3235022.417506068
          ],
          [
            85050.2226879191,
            3235096.35472507
          ],
          [
            85117.40245375705,
            3235170.399858743
          ],
          [
            85177.32011585767,
            3235250.321400995
          ],
          [
            85226.0930830003,
            3235337.5429626573
          ],
          [
            85259.88630319163,
            3235431.4409484672
          ],
          [
            85261.41900586468,
            3235530.5216313624
          ],
          [
            85220.94164709965,
            3235621.107160598
          ],
          [
            85151.01531385441,
            3235690.7685032566
          ],
          [
            85055.46968080524,
            3235714.129654078
          ],
          [
            84968.49196258959,
            3235670.2355453265
          ],
          [
            84917.19665215099,
            3235585.046424938
          ],
          [
            84882.58526089019,
            3235491.296586724
          ],
          [
            84851.3951764799,
            3235396.7044252125
          ],
          [
            84772.5511213821,
            3235395.9916829397
          ],
          [
            84748.92280636357,
            3235492.572636688
          ],
          [
            84754.24058250469,
            3235592.0720525766
          ],
          [
            84789.3773279981,
            3235684.9722522334
          ],
          [
            84857.04672550844,
            3235757.681343408
          ],
          [
            84941.61634747827,
            3235810.8356189253
          ],
          [
            85019.93921244355,
            3235872.756928181
          ],
          [
            85086.37931137164,
            3235947.4014957906
          ],
          [
            85148.71168123755,
            3236025.572813071
          ],
          [
            85212.59637563027,
            3236102.4899916817
          ],
          [
            85290.81719228758,
            3236162.38035748
          ],
          [
            85378.36447261837,
            3236127.9463926954
          ],
          [
            85446.106935125,
            3236054.620651653
          ],
          [
            85536.55617233632,
            3236051.356390038
          ],
          [
            85603.94166556938,
            3236123.93891193
          ],
          [
            85655.97706504412,
            3236209.049348799
          ],
          [
            85692.58730030965,
            3236301.5389359454
          ],
          [
            85701.69730835596,
            3236400.7811938655
          ],
          [
            85691.66377705945,
            3236500.2452466907
          ],
          [
            85688.3494889105,
            3236600.047386704
          ],
          [
            85704.478511492,
            3236698.613569411
          ],
          [
            85726.24529071548,
            3236796.201095766
          ],
          [
            85751.61864136712,
            3236892.9158887635
          ],
          [
            85784.0133679103,
            3236987.491247687
          ],
          [
            85826.28677400653,
            3237077.8593429266
          ],
          [
            85881.1450639172,
            3237161.1576360753
          ],
          [
            85952.28284006055,
            3237231.2250539623
          ],
          [
            86033.0044135584,
            3237290.1646348247
          ],
          [
            86112.42918926475,
            3237350.8312354884
          ],
          [
            86182.39071128498,
            3237422.0637924406
          ],
          [
            86238.25799160068,
            3237504.734002125
          ],
          [
            86280.73403152481,
            3237595.18296643
          ],
          [
            86317.03891546055,
            3237688.357065666
          ],
          [
            86353.55662337459,
            3237781.448076582
          ],
          [
            86394.11758727468,
            3237872.8318101177
          ],
          [
            86439.25338798549,
            3237962.040102849
          ],
          [
            86490.2326004663,
            3238048.0399885993
          ],
          [
            86545.33203260321,
            3238131.4820740903
          ],
          [
            86600.2749246102,
            3238215.0252160286
          ],
          [
            86646.75288335347,
            3238303.4090595082
          ],
          [
            86658.63579485676,
            3238401.4328655656
          ],
          [
            86625.5824652251,
            3238495.454878835
          ],
          [
            86589.70091126808,
            3238588.5484893606
          ],
          [
            86583.24804457564,
            3238687.593069556
          ],
          [
            86625.01088070909,
            3238777.5939370845
          ],
          [
            86694.82082835631,
            3238848.8269764925
          ],
          [
            86775.64768702335,
            3238907.7017995613
          ],
          [
            86852.87822218414,
            3238971.0294367597
          ],
          [
            86915.83973756079,
            3239048.380556
          ],
          [
            86960.53810366054,
            3239137.6507161264
          ],
          [
            86994.38136769716,
            3239231.731424603
          ],
          [
            87025.82274276375,
            3239326.659029451
          ],
          [
            87055.77634496063,
            3239422.064507563
          ],
          [
            87082.6940966704,
            3239518.3623542567
          ],
          [
            87104.63255242894,
            3239615.9005975644
          ],
          [
            87122.4692723162,
            3239714.2935291673
          ],
          [
            87137.78472458322,
            3239813.1101573845
          ],
          [
            87150.70643473389,
            3239912.2692626547
          ],
          [
            87160.82809818578,
            3240011.745125229
          ],
          [
            87164.2285980552,
            3240111.6401359444
          ],
          [
            87158.76743259531,
            3240211.4418805907
          ],
          [
            87143.60880145541,
            3240310.234719875
          ],
          [
            87124.86786152536,
            3240408.461836663
          ],
          [
            87105.12036833119,
            3240506.4836508445
          ],
          [
            87074.86449421743,
            3240601.6416145
          ],
          [
            87016.00440740422,
            3240680.7594389594
          ],
          [
            86931.78794514136,
            3240734.120471656
          ],
          [
            86891.81251961675,
            3240825.200600929
          ],
          [
            86812.28349194651,
            3240870.7301513087
          ],
          [
            86829.88408514358,
            3240966.0680450792
          ],
          [
            86805.65685966257,
            3241057.112376925
          ],
          [
            86802.09402364722,
            3241155.575848479
          ],
          [
            86782.59934467748,
            3241251.844720957
          ],
          [
            86775.11865531924,
            3241351.326442555
          ],
          [
            86752.3207854718,
            3241448.6302092015
          ],
          [
            86719.43006942817,
            3241543.02375523
          ],
          [
            86680.68618414343,
            3241635.189845489
          ],
          [
            86632.8377353884,
            3241722.9556230316
          ],
          [
            86571.64192267216,
            3241801.7911867863
          ],
          [
            86509.06191269748,
            3241878.137183254
          ],
          [
            86489.19341945392,
            3241966.863394192
          ],
          [
            86491.76073765208,
            3242058.1039989786
          ],
          [
            86496.54009498633,
            3242157.7710656263
          ],
          [
            86476.1760205495,
            3242251.7287578266
          ],
          [
            86478.32468945226,
            3242351.3166552945
          ],
          [
            86479.47415392727,
            3242451.2181926384
          ],
          [
            86464.79649286017,
            3242548.774264881
          ],
          [
            86459.28578117842,
            3242648.0829985216
          ],
          [
            86426.94481917305,
            3242740.8011121904
          ],
          [
            86420.58207686697,
            3242839.2955936855
          ],
          [
            86436.60552845596,
            3242937.909325424
          ],
          [
            86447.83241275756,
            3243037.162008146
          ],
          [
            86438.96185198474,
            3243136.5722082043
          ],
          [
            86417.04329764718,
            3243234.1326312986
          ],
          [
            86402.77731652917,
            3243333.0076247854
          ],
          [
            86410.13248192398,
            3243432.378850467
          ],
          [
            86450.07754768658,
            3243523.517821256
          ],
          [
            86502.82295116577,
            3243608.4691155297
          ],
          [
            86546.2956908265,
            3243698.397768499
          ],
          [
            86578.37104932239,
            3243793.0914583774
          ],
          [
            86608.94552850486,
            3243888.281690639
          ],
          [
            86653.0771914567,
            3243977.7748671803
          ],
          [
            86719.76333600827,
            3244051.7512825713
          ],
          [
            86800.72952950266,
            3244110.3516306616
          ],
          [
            86876.6541028487,
            3244175.057659258
          ],
          [
            86930.5591130973,
            3244258.8412110363
          ],
          [
            86965.33223308706,
            3244352.5327503895
          ],
          [
            86994.47226228731,
            3244448.1909105345
          ],
          [
            87022.92622763192,
            3244544.055649565
          ],
          [
            87050.15480532295,
            3244640.2739117676
          ],
          [
            87075.35582045942,
            3244737.007443806
          ],
          [
            87102.88045918201,
            3244832.999880367
          ],
          [
            87136.20698624161,
            3244926.2345155557
          ],
          [
            87163.64165973102,
            3245009.0134425675
          ],
          [
            87191.97374345001,
            3245102.8298812048
          ],
          [
            87222.04925568661,
            3245186.149594784
          ],
          [
            87263.64490886035,
            3245267.2363874884
          ],
          [
            87216.1727771168,
            3245353.7824090617
          ],
          [
            87220.63323492056,
            3245453.459499183
          ],
          [
            87244.39004373385,
            3245549.086776412
          ],
          [
            87253.39537055876,
            3245648.4051589905
          ],
          [
            87289.84696200906,
            3245740.1751218606
          ],
          [
            87290.77518163918,
            3245840.0522007067
          ],
          [
            87320.80632777416,
            3245930.1738396804
          ],
          [
            87343.84651135525,
            3246022.2092732224
          ],
          [
            87270.10372607957,
            3246081.9634900903
          ],
          [
            87242.386121853,
            3246169.0742949233
          ],
          [
            87286.74490806564,
            3246252.815350097
          ],
          [
            87310.77649704393,
            3246347.4693302233
          ],
          [
            87295.46088232879,
            3246445.706265554
          ],
          [
            87303.77589405705,
            3246541.3287062244
          ],
          [
            87336.40993822594,
            3246635.7901004157
          ],
          [
            87379.12814688194,
            3246726.1666132403
          ],
          [
            87428.57902725079,
            3246813.0391178676
          ],
          [
            87489.7171664049,
            3246891.9484678954
          ],
          [
            87563.5193352237,
            3246959.300891001
          ],
          [
            87642.45871242818,
            3247020.6740050334
          ],
          [
            87720.08718140775,
            3247083.6770400503
          ],
          [
            87786.74927607465,
            3247157.8418260315
          ],
          [
            87828.20067772902,
            3247248.3148681065
          ],
          [
            87841.32610854274,
            3247347.19676736
          ],
          [
            87833.5189344979,
            3247446.7370225005
          ],
          [
            87808.71986501112,
            3247543.526949693
          ],
          [
            87771.7852679595,
            3247636.396550844
          ],
          [
            87718.91660717946,
            3247720.8184757303
          ],
          [
            87642.07866775399,
            3247784.2509451145
          ],
          [
            87560.14532610898,
            3247838.4851073106
          ],
          [
            87591.52672959022,
            3247928.045675857
          ],
          [
            87621.50529439129,
            3248022.151238905
          ],
          [
            87604.54026713978,
            3248119.5113856443
          ],
          [
            87577.87231332125,
            3248213.901919259
          ],
          [
            87589.87561858412,
            3248310.2864518664
          ],
          [
            87631.72205813145,
            3248392.685795026
          ],
          [
            87597.17803257726,
            3248485.3290690472
          ],
          [
            87547.37559305865,
            3248570.6179252253
          ],
          [
            87504.35324186123,
            3248654.2172088223
          ],
          [
            87456.7976702673,
            3248740.6621363773
          ],
          [
            87412.95343756913,
            3248828.9497897383
          ],
          [
            87444.20576890571,
            3248922.93121239
          ],
          [
            87482.83774759636,
            3249013.6719173854
          ],
          [
            87481.58216735216,
            3249113.3957957174
          ],
          [
            87487.58612826337,
            3249213.2085660947
          ],
          [
            87490.28588330734,
            3249313.1607876224
          ],
          [
            87480.50278279434,
            3249412.4538064087
          ],
          [
            87452.5689399432,
            3249508.4496546537
          ],
          [
            87430.68729675391,
            3249605.90646442
          ],
          [
            87431.00194744735,
            3249705.476667262
          ],
          [
            87460.42726027005,
            3249800.5251479223
          ],
          [
            87512.52517754523,
            3249885.6214775364
          ],
          [
            87581.7858520009,
            3249957.5794350826
          ],
          [
            87661.34825272515,
            3250018.0157038895
          ],
          [
            87746.20586675702,
            3250070.8936509606
          ],
          [
            87828.87455735813,
            3250127.131099626
          ],
          [
            87905.96867741678,
            3250190.8073551543
          ],
          [
            87984.47703338796,
            3250252.638632208
          ],
          [
            88072.09652998234,
            3250300.5302463477
          ],
          [
            88165.99000934637,
            3250334.8175411387
          ],
          [
            88259.0650298264,
            3250371.2067206977
          ],
          [
            88342.74181287746,
            3250425.517973881
          ],
          [
            88415.16496436733,
            3250494.3950922373
          ],
          [
            88480.0935478813,
            3250570.352734918
          ],
          [
            88534.35930677319,
            3250654.187546941
          ],
          [
            88577.53281741204,
            3250744.357008535
          ],
          [
            88624.24336443885,
            3250832.693120183
          ],
          [
            88681.15212548364,
            3250914.7821889673
          ],
          [
            88739.83353418321,
            3250995.668296194
          ],
          [
            88793.9226520729,
            3251079.7505465634
          ],
          [
            88842.1422336311,
            3251167.3419306995
          ],
          [
            88888.88272315792,
            3251255.7390583213
          ],
          [
            88935.35173828277,
            3251344.285177471
          ],
          [
            88982.04625760244,
            3251432.711147128
          ],
          [
            89028.78385438545,
            3251521.1129243295
          ],
          [
            89079.17986633701,
            3251607.456312458
          ],
          [
            89135.78438437563,
            3251689.85801258
          ],
          [
            89196.24704947112,
            3251769.4945405857
          ],
          [
            89254.55442702038,
            3251850.7003943548
          ],
          [
            89308.87802059122,
            3251934.6487093847
          ],
          [
            89363.6486733466,
            3252018.3104041205
          ],
          [
            89424.54187604252,
            3252097.5724805268
          ],
          [
            89494.64045370457,
            3252168.8264479027
          ],
          [
            89568.13856399355,
            3252236.579047972
          ],
          [
            89629.57211835685,
            3252314.8416264574
          ],
          [
            89647.08267355339,
            3252412.252053021
          ],
          [
            89638.775286455,
            3252511.83224405
          ],
          [
            89643.63099907286,
            3252611.268786705
          ],
          [
            89683.36017309462,
            3252702.222728152
          ],
          [
            89752.58549230438,
            3252773.3128215536
          ],
          [
            89846.068591345,
            3252767.8632986285
          ],
          [
            89907.99908777067,
            3252689.8486896246
          ],
          [
            89966.48100938665,
            3252608.806874676
          ],
          [
            90045.08168852197,
            3252548.4969621473
          ],
          [
            90142.77572536714,
            3252531.6690394045
          ],
          [
            90242.67421022145,
            3252536.034174376
          ],
          [
            90342.28957059045,
            3252544.5348068695
          ],
          [
            90441.23783022231,
            3252558.839961495
          ],
          [
            90538.82122420226,
            3252580.601377562
          ],
          [
            90634.7649800835,
            3252608.7342018536
          ],
          [
            90727.3188767469,
            3252646.313295787
          ],
          [
            90812.94209501165,
            3252697.4791210964
          ],
          [
            90882.49234440466,
            3252768.8138078777
          ],
          [
            90930.111641964,
            3252856.550258863
          ],
          [
            90966.84654047404,
            3252949.549715452
          ],
          [
            91012.76388829706,
            3253038.1995509225
          ],
          [
            91071.17261277729,
            3253119.3382968935
          ],
          [
            91121.18289534634,
            3253205.75931219
          ],
          [
            91158.38721135267,
            3253298.472028362
          ],
          [
            91186.57272522926,
            3253394.401066416
          ],
          [
            91216.79079880526,
            3253489.711394607
          ],
          [
            91249.60507660889,
            3253584.167397673
          ],
          [
            91276.7645053523,
            3253680.3602798255
          ],
          [
            91297.17399303277,
            3253778.220327001
          ],
          [
            91312.28118664687,
            3253877.0652323565
          ],
          [
            91331.94037687045,
            3253975.0344234374
          ],
          [
            91335.05950418013,
            3254074.4769269144
          ],
          [
            91374.08919457831,
            3254165.7759214165
          ],
          [
            91378.14209882621,
            3254261.3885413962
          ],
          [
            91379.85734857203,
            3254361.038078066
          ],
          [
            91392.8148997927,
            3254460.1060299044
          ],
          [
            91442.54476834276,
            3254544.576481312
          ],
          [
            91513.50954824223,
            3254614.988181488
          ],
          [
            91582.31868375638,
            3254687.4253208498
          ],
          [
            91628.71222333048,
            3254775.397013431
          ],
          [
            91636.32631153429,
            3254874.8379159234
          ],
          [
            91632.1859627698,
            3254974.747509481
          ],
          [
            91640.46165052643,
            3255074.200801451
          ],
          [
            91675.67732870225,
            3255167.2338037686
          ],
          [
            91738.4121568622,
            3255244.440582895
          ],
          [
            91818.43862059225,
            3255304.0602413365
          ],
          [
            91903.6152178485,
            3255356.4170807097
          ],
          [
            91983.5990142405,
            3255416.1790696597
          ],
          [
            92051.17287834422,
            3255489.6222192966
          ],
          [
            92101.66150685311,
            3255575.6795802256
          ],
          [
            92139.05583952971,
            3255668.3995561865
          ],
          [
            92175.12950465773,
            3255761.662848763
          ],
          [
            92215.56982328069,
            3255853.100928593
          ],
          [
            92262.69872479692,
            3255941.2794946725
          ],
          [
            92314.58232811048,
            3256026.756249631
          ],
          [
            92370.1930921027,
            3256109.85040891
          ],
          [
            92429.69565327815,
            3256190.215568513
          ],
          [
            92491.74727049457,
            3256268.6236299477
          ],
          [
            92557.81132032754,
            3256343.6435252237
          ],
          [
            92629.67361639839,
            3256413.0838427125
          ],
          [
            92711.36448602646,
            3256470.4330346812
          ],
          [
            92800.23439125306,
            3256516.1966257505
          ],
          [
            92889.98140566713,
            3256560.2819236144
          ],
          [
            92981.91826218466,
            3256599.421746068
          ],
          [
            93077.21095604276,
            3256629.6528239357
          ],
          [
            93173.66023691052,
            3256656.0444512405
          ],
          [
            93269.24668838484,
            3256685.32840818
          ],
          [
            93361.53153465746,
            3256723.5988533692
          ],
          [
            93444.97618008828,
            3256778.393350823
          ],
          [
            93516.45513493178,
            3256848.1112074256
          ],
          [
            93578.43248392933,
            3256926.5529717896
          ],
          [
            93642.49864670825,
            3257003.260394387
          ],
          [
            93718.6735032427,
            3257067.66146095
          ],
          [
            93803.84567135316,
            3257120.04499662
          ],
          [
            93887.79936889061,
            3257174.3293936574
          ],
          [
            93966.17130188411,
            3257236.3501579524
          ],
          [
            94041.01769993182,
            3257302.641403501
          ],
          [
            94118.67934742823,
            3257365.525578683
          ],
          [
            94208.5841300213,
            3257405.7497108863
          ],
          [
            94288.62220515797,
            3257358.7581777475
          ],
          [
            94323.93265762462,
            3257265.4449882573
          ],
          [
            94348.84224326634,
            3257168.6014475375
          ],
          [
            94382.21628418066,
            3257074.5476671983
          ],
          [
            94439.32831716801,
            3256993.1430288004
          ],
          [
            94527.97921314808,
            3256949.8733230727
          ],
          [
            94627.59984050463,
            3256945.2820794526
          ],
          [
            94727.10697925622,
            3256955.013475874
          ],
          [
            94826.64232414485,
            3256964.5823378027
          ],
          [
            94926.50249002139,
            3256969.5726138237
          ],
          [
            95026.45060874602,
            3256967.67308523
          ],
          [
            95126.12704493038,
            3256959.6838505277
          ],
          [
            95225.79963923767,
            3256951.628954781
          ],
          [
            95325.70786796657,
            3256947.7661803258
          ],
          [
            95425.67746917935,
            3256949.8011431205
          ],
          [
            95525.60783002534,
            3256947.407140614
          ],
          [
            95625.50947009363,
            3256943.6362592974
          ],
          [
            95724.83955791975,
            3256953.6228135494
          ],
          [
            95815.52870766334,
            3256994.1430976978
          ],
          [
            95884.15213357369,
            3257066.034052957
          ],
          [
            95930.22265317415,
            3257154.412868299
          ],
          [
            95955.07958614417,
            3257251.066084369
          ],
          [
            95966.04332159081,
            3257350.4340611696
          ],
          [
            95972.44707224438,
            3257450.226637063
          ],
          [
            95981.69253418747,
            3257549.778461808
          ],
          [
            95998.77307830518,
            3257648.2715474158
          ],
          [
            96019.72270051783,
            3257746.0460658222
          ],
          [
            96037.53496463988,
            3257844.427073949
          ],
          [
            96047.1792648452,
            3257943.9038481307
          ],
          [
            96043.21005794179,
            3258043.7164749103
          ],
          [
            96023.39462056145,
            3258141.65879765
          ],
          [
            95993.83675902728,
            3258237.17630459
          ],
          [
            95956.5049644101,
            3258329.8875068976
          ],
          [
            95913.34570425977,
            3258420.0801928383
          ],
          [
            95869.77982597424,
            3258510.0756155276
          ],
          [
            95822.94518184836,
            3258598.3738099374
          ],
          [
            95762.89295405499,
            3258677.9503412247
          ],
          [
            95685.96262941,
            3258741.4129813532
          ],
          [
            95598.73921263497,
            3258790.1680776523
          ],
          [
            95508.44137830092,
            3258833.104857888
          ],
          [
            95418.62293114713,
            3258876.986947387
          ],
          [
            95323.71931044193,
            3258908.0635215756
          ],
          [
            95225.73176918694,
            3258927.888558334
          ],
          [
            95127.64969486481,
            3258947.316776123
          ],
          [
            95030.36595402531,
            3258970.396008959
          ],
          [
            94933.5619928677,
            3258995.460709552
          ],
          [
            94836.60081904981,
            3259019.8781387643
          ],
          [
            94739.06923904807,
            3259041.94806174
          ],
          [
            94642.23496271798,
            3259066.810468192
          ],
          [
            94544.67079679182,
            3259088.5587151027
          ],
          [
            94448.58985810321,
            3259114.9625442578
          ],
          [
            94389.99511443068,
            3259191.538091247
          ],
          [
            94382.21263314986,
            3259290.6333268997
          ],
          [
            94399.66481766425,
            3259389.006392275
          ],
          [
            94424.71511712515,
            3259485.8040925353
          ],
          [
            94458.4837519124,
            3259579.8841017094
          ],
          [
            94505.17372223642,
            3259668.075481293
          ],
          [
            94572.77259283511,
            3259741.0574571015
          ],
          [
            94660.1796987727,
            3259767.4412048724
          ],
          [
            94731.30342476412,
            3259698.327834438
          ],
          [
            94811.44710793695,
            3259641.090476278
          ],
          [
            94906.32469656448,
            3259612.16746564
          ],
          [
            94976.46906202297,
            3259647.4183254736
          ],
          [
            94975.22394341926,
            3259746.3945971546
          ],
          [
            94986.84765185075,
            3259845.166326434
          ],
          [
            95042.89330520664,
            3259925.8726181723
          ],
          [
            95063.69543546528,
            3260023.54070323
          ],
          [
            95077.5138059579,
            3260122.5788434395
          ],
          [
            95090.36993649928,
            3260221.732200477
          ],
          [
            95098.85534230786,
            3260321.36869536
          ],
          [
            95109.3267871646,
            3260420.808580358
          ],
          [
            95128.07457792154,
            3260518.94453305
          ],
          [
            95162.84075299045,
            3260612.4898040975
          ],
          [
            95216.8675822575,
            3260696.3770613796
          ],
          [
            95287.09526406098,
            3260767.3916329844
          ],
          [
            95367.08600164144,
            3260827.299662166
          ],
          [
            95448.78628708207,
            3260884.948289387
          ],
          [
            95523.63758523387,
            3260951.070389405
          ],
          [
            95584.8528153922,
            3261029.9723940752
          ],
          [
            95638.50048862374,
            3261114.354044953
          ],
          [
            95690.41328499443,
            3261199.8195495335
          ],
          [
            95743.2103748107,
            3261284.7403043485
          ],
          [
            95799.05930274242,
            3261367.646751047
          ],
          [
            95858.45197393866,
            3261448.074560223
          ],
          [
            95920.7542517376,
            3261526.238571379
          ],
          [
            95989.58683840613,
            3261598.719859111
          ],
          [
            96063.62569555004,
            3261665.89515167
          ],
          [
            96139.99228075396,
            3261730.4520881483
          ],
          [
            96211.00793774647,
            3261800.736384496
          ],
          [
            96287.30171741765,
            3261860.520093183
          ],
          [
            96330.37293734499,
            3261945.830843412
          ],
          [
            96406.64018097558,
            3262006.0794028807
          ],
          [
            96505.73168355771,
            3262015.6498284265
          ],
          [
            96571.05362535742,
            3262089.1839987678
          ],
          [
            96542.59693446684,
            3262176.034859006
          ],
          [
            96536.07246555125,
            3262275.7989704493
          ],
          [
            96514.89279892074,
            3262371.3999706367
          ],
          [
            96483.40339302034,
            3262464.5223532617
          ],
          [
            96451.20158706461,
            3262557.7494586967
          ],
          [
            96472.06171110905,
            3262653.4627234684
          ],
          [
            96541.34656310677,
            3262724.230584586
          ],
          [
            96638.2258514945,
            3262731.601359156
          ],
          [
            96737.82618638626,
            3262731.2701553437
          ],
          [
            96835.7347790668,
            3262711.262983153
          ],
          [
            96935.4012805974,
            3262711.386892783
          ],
          [
            97033.82460965759,
            3262728.6462688064
          ],
          [
            97125.8169644866,
            3262766.662040169
          ],
          [
            97195.51616795557,
            3262836.920970329
          ],
          [
            97236.38954023406,
            3262927.988065304
          ],
          [
            97266.92639860908,
            3263023.202425479
          ],
          [
            97322.88380771542,
            3263096.248522871
          ],
          [
            97418.89797019269,
            3263114.1089040358
          ],
          [
            97504.67222703279,
            3263151.029607174
          ],
          [
            97562.50444940373,
            3263227.672217255
          ],
          [
            97646.4706787846,
            3263270.5943385176
          ],
          [
            97745.18707250783,
            3263282.5375288073
          ],
          [
            97832.51707898421,
            3263330.397340267
          ],
          [
            97914.09905941927,
            3263388.2252034196
          ],
          [
            97995.91853164251,
            3263445.714735833
          ],
          [
            98079.66835419949,
            3263500.346761437
          ],
          [
            98164.10519228174,
            3263553.9125207285
          ],
          [
            98247.82567266602,
            3263608.5976193887
          ],
          [
            98330.23673549078,
            3263665.1997494013
          ],
          [
            98406.01274140645,
            3263730.2795470776
          ],
          [
            98468.9947666366,
            3263807.6660454967
          ],
          [
            98513.74908143164,
            3263896.8534431597
          ],
          [
            98541.35608621432,
            3263992.9229597645
          ],
          [
            98559.13541209105,
            3264091.314160174
          ],
          [
            98577.07072901209,
            3264189.687098028
          ],
          [
            98601.0792967338,
            3264286.7152299555
          ],
          [
            98629.29674519968,
            3264382.6467820844
          ],
          [
            98656.42799768232,
            3264478.8925914555
          ],
          [
            98683.39877850731,
            3264575.179812529
          ],
          [
            98711.75387051294,
            3264671.0753369443
          ],
          [
            98744.43284734034,
            3264765.5728689334
          ],
          [
            98780.40052388073,
            3264858.8405858283
          ],
          [
            98826.10858466946,
            3264947.713499549
          ],
          [
            98878.45557799407,
            3265032.913654421
          ],
          [
            98925.95098943077,
            3265120.811184826
          ],
          [
            98961.47811352609,
            3265214.1891223183
          ],
          [
            98981.66997110794,
            3265312.0809067413
          ],
          [
            98994.43348897892,
            3265411.2559004696
          ],
          [
            99003.73918790577,
            3265510.82080941
          ],
          [
            99014.17272510621,
            3265610.272973517
          ],
          [
            99025.37567612507,
            3265709.6411982225
          ],
          [
            99036.8860929187,
            3265808.975532486
          ],
          [
            99047.96163494045,
            3265908.356845569
          ],
          [
            99053.35928431034,
            3266008.1443319186
          ],
          [
            99043.3340354412,
            3266107.5393366865
          ],
          [
            99027.60288731543,
            3266206.2846373045
          ],
          [
            99027.03915030495,
            3266305.951469371
          ],
          [
            99057.52103235113,
            3266400.6547348835
          ],
          [
            99105.80509338832,
            3266488.1643225215
          ],
          [
            99157.72536074021,
            3266573.464575922
          ],
          [
            99211.92207518787,
            3266657.495303382
          ],
          [
            99269.15464661282,
            3266739.477851356
          ],
          [
            99328.92986339238,
            3266819.6098740962
          ],
          [
            99391.5694966749,
            3266897.5472227405
          ],
          [
            99453.82538874574,
            3266975.7986518145
          ],
          [
            99512.40110470158,
            3267056.8290997692
          ],
          [
            99567.60852901806,
            3267140.206904506
          ],
          [
            99623.47778822044,
            3267223.135146392
          ],
          [
            99688.43543985928,
            3267298.9969108957
          ],
          [
            99769.3739830876,
            3267357.255846671
          ],
          [
            99860.83662626075,
            3267397.312292194
          ],
          [
            99953.01951491812,
            3267435.7154533565
          ],
          [
            100032.21281120612,
            3267496.3093481725
          ],
          [
            100103.99536862345,
            3267565.871890813
          ],
          [
            100182.21476634358,
            3267627.9429662465
          ],
          [
            100267.86995960196,
            3267679.4242873346
          ],
          [
            100356.38131708234,
            3267725.958905388
          ],
          [
            100444.32001334908,
            3267773.523064834
          ],
          [
            100528.24232845391,
            3267827.8743300433
          ],
          [
            100572.99203650818,
            3267858.4748829706
          ]
        ]
      }
    },
    {
      "type": "Feature",
      "properties": {
        "side": "west",
        "role": "landward_boundary",
        "part": 0
      },
      "geometry": {
        "type": "LineString",
        "coordinates": [
          [
            49956.41679061887,
            3129012.6
          ],
          [
            49963.37873455887,
            3129112.1374325044
          ],
          [
            49983.64611321149,
            3129210.010334186
          ],
          [
            50051.39119385335,
            3129275.0968718603
          ],
          [
            50033.869819493295,
            3129349.5661733584
          ],
          [
            50043.33612918108,
            3129430.834160676
          ],
          [
            50075.1403578699,
            3129525.3862746563
          ],
          [
            50073.69640354298,
            3129624.913056027
          ],
          [
            50039.08494543525,
            3129717.935056799
          ],
          [
            49966.212805950476,
            3129784.547276545
          ],
          [
            49872.59319369745,
            3129818.625724221
          ],
          [
            49775.364986846915,
            3129841.9825222753
          ],
          [
            49680.84502198046,
            3129874.115926498
          ],
          [
            49600.90013530466,
            3129932.6378322165
          ],
          [
            49555.5949419,
            3130020.458892788
          ],
          [
            49544.215322376134,
            3130119.4755906044
          ],
          [
            49553.53650472346,
            3130218.992411136
          ],
          [
            49564.81674941757,
            3130318.3351233792
          ],
          [
            49562.56364811936,
            3130418.079798538
          ],
          [
            49536.358602935674,
            3130514.3640795667
          ],
          [
            49492.257482955014,
            3130603.9370502257
          ],
          [
            49428.9809593038,
            3130681.179492239
          ],
          [
            49356.09287621105,
            3130749.6063569523
          ],
          [
            49284.15206377847,
            3130818.9974908596
          ],
          [
            49222.47781731578,
            3130897.3578174505
          ],
          [
            49227.236011245295,
            3130991.642058382
          ],
          [
            49158.48913452309,
            3131058.918411655
          ],
          [
            49124.31709332291,
            3131151.9056414957
          ],
          [
            49101.81342195019,
            3131248.974224268
          ],
          [
            49106.466971247675,
            3131348.5098421145
          ],
          [
            49177.2861299265,
            3131413.370256586
          ],
          [
            49180.37595754008,
            3131510.669790724
          ],
          [
            49209.98994477246,
            3131598.413090815
          ],
          [
            49269.8183823162,
            3131678.507072669
          ],
          [
            49330.12684176572,
            3131758.259552042
          ],
          [
            49386.27797909418,
            3131840.96749032
          ],
          [
            49434.480017584014,
            3131928.4911700403
          ],
          [
            49470.22169899123,
            3132021.8423103266
          ],
          [
            49496.85795220037,
            3132118.1980844773
          ],
          [
            49516.45665296662,
            3132216.2470516306
          ],
          [
            49532.05410185924,
            3132315.0177129456
          ],
          [
            49546.817412958815,
            3132413.9217778943
          ],
          [
            49563.7246609099,
            3132512.4756330806
          ],
          [
            49585.82632979576,
            3132609.9801092045
          ],
          [
            49617.482792952454,
            3132704.762666906
          ],
          [
            49659.18989327706,
            3132795.602185599
          ],
          [
            49706.57372666975,
            3132883.6594960913
          ],
          [
            49748.64320164974,
            3132974.2984762196
          ],
          [
            49772.28517428276,
            3133071.2498210673
          ],
          [
            49777.7686531723,
            3133170.981606499
          ],
          [
            49772.34207062332,
            3133270.8119408023
          ],
          [
            49761.23657136286,
            3133370.183359061
          ],
          [
            49744.285892542124,
            3133468.6947486247
          ],
          [
            49717.90103763497,
            3133565.108007224
          ],
          [
            49685.881587935495,
            3133659.8394701327
          ],
          [
            49654.7366853324,
            3133754.845241523
          ],
          [
            49625.20853946,
            3133850.384451061
          ],
          [
            49591.18380368846,
            3133944.3976256475
          ],
          [
            49548.27090140068,
            3134034.64213298
          ],
          [
            49497.44405570801,
            3134120.7531218636
          ],
          [
            49440.26419766307,
            3134202.7423466467
          ],
          [
            49387.09019337616,
            3134286.9020793554
          ],
          [
            49351.8668072291,
            3134380.388220889
          ],
          [
            49318.080617869215,
            3134473.8612784278
          ],
          [
            49308.97594199557,
            3134573.4196396926
          ],
          [
            49306.16627914652,
            3134673.3657258335
          ],
          [
            49307.489766219434,
            3134773.341996365
          ],
          [
            49318.210452597086,
            3134872.707597933
          ],
          [
            49336.03901596346,
            3134971.1016436666
          ],
          [
            49353.5266458294,
            3135069.548892899
          ],
          [
            49363.97540958582,
            3135168.9430238
          ],
          [
            49364.87176724446,
            3135268.9110771324
          ],
          [
            49359.02382461152,
            3135368.7113151704
          ],
          [
            49344.943445552046,
            3135467.6925984924
          ],
          [
            49325.12849437156,
            3135565.6992455437
          ],
          [
            49297.96107653676,
            3135661.8668410103
          ],
          [
            49261.94119877879,
            3135755.1181815136
          ],
          [
            49218.34593577147,
            3135845.0959865227
          ],
          [
            49178.13776788331,
            3135936.562403236
          ],
          [
            49155.57614660108,
            3136033.690073459
          ],
          [
            49160.322757518225,
            3136133.303039738
          ],
          [
            49183.11039597541,
            3136230.637024974
          ],
          [
            49208.22953337652,
            3136327.4281869964
          ],
          [
            49223.756649998395,
            3136426.104690521
          ],
          [
            49218.43042546753,
            3136525.6678012256
          ],
          [
            49193.74657783898,
            3136622.4674275527
          ],
          [
            49161.39074545827,
            3136717.073278774
          ],
          [
            49132.132063573765,
            3136812.650356825
          ],
          [
            49115.04291309919,
            3136911.105518638
          ],
          [
            49106.60994385379,
            3137010.7183764917
          ],
          [
            49104.04198017742,
            3137110.6703041126
          ],
          [
            49105.33076873213,
            3137210.657540079
          ],
          [
            49107.3766772289,
            3137310.6364292726
          ],
          [
            49110.14135049767,
            3137410.59642836
          ],
          [
            49117.11453142465,
            3137510.3499706965
          ],
          [
            49125.00426031732,
            3137610.0382138523
          ],
          [
            49131.68116976239,
            3137709.81215922
          ],
          [
            49134.36378477312,
            3137809.772722264
          ],
          [
            49135.167025887444,
            3137909.7679897468
          ],
          [
            49135.123888446185,
            3138009.765071347
          ],
          [
            49133.86534227615,
            3138109.7541664746
          ],
          [
            49132.03642657625,
            3138209.7348388224
          ],
          [
            49130.23712862884,
            3138309.716515577
          ],
          [
            49126.89699484337,
            3138409.659827256
          ],
          [
            49121.78950681735,
            3138509.5283281496
          ],
          [
            49117.032981116005,
            3138609.4137794552
          ],
          [
            49113.701228605234,
            3138709.357604672
          ],
          [
            49108.9739498793,
            3138809.2443361357
          ],
          [
            49105.58695020595,
            3138909.1830975395
          ],
          [
            49103.19395739202,
            3139009.1530997283
          ],
          [
            49106.98403180666,
            3139108.992584625
          ],
          [
            49125.31070019425,
            3139205.8116886215
          ],
          [
            49123.167153419505,
            3139305.721480558
          ],
          [
            49117.007889177294,
            3139404.600766539
          ],
          [
            49130.702112738356,
            3139503.3826825405
          ],
          [
            49170.085677449184,
            3139595.0915277493
          ],
          [
            49221.34699742703,
            3139680.9157865015
          ],
          [
            49279.55695674785,
            3139762.1957204607
          ],
          [
            49343.83924591965,
            3139838.763548486
          ],
          [
            49413.94981986462,
            3139910.029806051
          ],
          [
            49487.96924583736,
            3139977.2619624753
          ],
          [
            49557.439473142134,
            3140049.0851059
          ],
          [
            49618.60954543093,
            3140128.1668829354
          ],
          [
            49676.38982765617,
            3140209.777129617
          ],
          [
            49734.3655508855,
            3140291.2484291876
          ],
          [
            49791.08708619019,
            3140373.597543578
          ],
          [
            49845.45374377167,
            3140457.5210441626
          ],
          [
            49896.2035755023,
            3140543.6691623274
          ],
          [
            49941.48995668739,
            3140632.8023232003
          ],
          [
            49979.85853963291,
            3140725.1185977026
          ],
          [
            50011.42218401996,
            3140819.984580435
          ],
          [
            50037.36047835552,
            3140916.5474256594
          ],
          [
            50057.92401256258,
            3141014.399279525
          ],
          [
            50073.73658812963,
            3141113.132859332
          ],
          [
            50086.10189728169,
            3141212.352720445
          ],
          [
            50093.62522251935,
            3141312.058886852
          ],
          [
            50098.485968676505,
            3141411.93726643
          ],
          [
            50102.16570822866,
            3141511.8674789947
          ],
          [
            50108.721937822476,
            3141611.6458366066
          ],
          [
            50118.82162167296,
            3141711.1316654473
          ],
          [
            50130.731404105514,
            3141810.418143937
          ],
          [
            50143.463193871255,
            3141909.603685707
          ],
          [
            50155.68114937225,
            3142008.851645367
          ],
          [
            50163.73296190091,
            3142108.4841902293
          ],
          [
            50165.941543410125,
            3142208.458468403
          ],
          [
            50171.915109011454,
            3142308.2534547905
          ],
          [
            50190.640922765706,
            3142406.3047270724
          ],
          [
            50230.198052449414,
            3142497.7893277826
          ],
          [
            50288.43709341684,
            3142578.907596179
          ],
          [
            50356.96729341199,
            3142651.698363514
          ],
          [
            50428.60307365271,
            3142721.468282903
          ],
          [
            50497.63495081554,
            3142793.791562921
          ],
          [
            50559.48113622731,
            3142872.2979615494
          ],
          [
            50615.1829453626,
            3142955.337059856
          ],
          [
            50670.43499200607,
            3143038.678950624
          ],
          [
            50729.227232472265,
            3143119.546983252
          ],
          [
            50793.33558333497,
            3143196.267139971
          ],
          [
            50861.537472568976,
            3143269.3922207537
          ],
          [
            50930.296600000394,
            3143341.9970490895
          ],
          [
            50996.41795177159,
            3143416.9992446024
          ],
          [
            51058.21512549911,
            3143495.601440222
          ],
          [
            51115.35202719857,
            3143577.645017742
          ],
          [
            51167.537474638,
            3143662.8994957367
          ],
          [
            51211.39202161267,
            3143752.6723515606
          ],
          [
            51249.12974348273,
            3143845.2485776613
          ],
          [
            51295.43942670563,
            3143933.517968062
          ],
          [
            51369.95299116108,
            3143999.2607703633
          ],
          [
            51452.063376080085,
            3144056.183306648
          ],
          [
            51523.380409660866,
            3144126.0425635707
          ],
          [
            51581.77296164255,
            3144207.062707291
          ],
          [
            51630.77215766964,
            3144294.1927079316
          ],
          [
            51678.889216993564,
            3144381.8262349614
          ],
          [
            51732.09897531261,
            3144466.4617923624
          ],
          [
            51791.38008458609,
            3144546.95785351
          ],
          [
            51855.37904050056,
            3144623.780243069
          ],
          [
            51922.252595177364,
            3144698.105344302
          ],
          [
            51989.78810206044,
            3144771.8502068417
          ],
          [
            52055.05691058164,
            3144847.608249431
          ],
          [
            52120.179292557696,
            3144923.4873198615
          ],
          [
            52186.68758423842,
            3144998.160990148
          ],
          [
            52255.09691375039,
            3145071.0775417048
          ],
          [
            52328.386257647035,
            3145139.0911467564
          ],
          [
            52403.50615003981,
            3145205.097337084
          ],
          [
            52478.4808942104,
            3145271.2619473008
          ],
          [
            52548.26889460565,
            3145342.7685674126
          ],
          [
            52606.592137669366,
            3145423.8551293844
          ],
          [
            52652.75035228242,
            3145512.4406526866
          ],
          [
            52686.822946821274,
            3145606.3848545454
          ],
          [
            52711.02761643421,
            3145703.369096339
          ],
          [
            52727.145015436734,
            3145802.0394189833
          ],
          [
            52736.80754362925,
            3145901.5496747796
          ],
          [
            52743.544753554066,
            3146001.3166809827
          ],
          [
            52751.57359487744,
            3146100.989283142
          ],
          [
            52762.024020476616,
            3146200.435938402
          ],
          [
            52775.399675341294,
            3146299.534754684
          ],
          [
            52790.367992032385,
            3146398.4036756568
          ],
          [
            52809.40159560341,
            3146496.5583570893
          ],
          [
            52834.86734309561,
            3146593.2337953486
          ],
          [
            52869.64218483732,
            3146686.9017555574
          ],
          [
            52918.935625173224,
            3146773.7997177765
          ],
          [
            52977.5478359125,
            3146854.8083471097
          ],
          [
            53035.966827428056,
            3146935.94377355
          ],
          [
            53085.725378236755,
            3147022.5786901796
          ],
          [
            53123.01018773812,
            3147115.2716202983
          ],
          [
            53149.845326893585,
            3147211.584531633
          ],
          [
            53172.3318566254,
            3147309.018244893
          ],
          [
            53192.470508089325,
            3147406.9606738756
          ],
          [
            53216.3845363998,
            3147504.0470026634
          ],
          [
            53243.8441902902,
            3147600.116078694
          ],
          [
            53268.01506137673,
            3147696.41271351
          ],
          [
            53278.34522328644,
            3147795.8648713133
          ],
          [
            53283.455993076095,
            3147895.731530083
          ],
          [
            53292.68095650575,
            3147995.286541031
          ],
          [
            53294.99464608943,
            3148095.2012630478
          ],
          [
            53297.68966774552,
            3148195.150704192
          ],
          [
            53296.41062306375,
            3148295.1396154016
          ],
          [
            53294.07642057316,
            3148395.1122691366
          ],
          [
            53289.432999035664,
            3148494.9946402838
          ],
          [
            53280.17515827653,
            3148594.5544636846
          ],
          [
            53267.06934262106,
            3148693.687434493
          ],
          [
            53259.68920467858,
            3148793.3704997925
          ],
          [
            53255.932780289375,
            3148893.2945990423
          ],
          [
            53258.35156038482,
            3148993.18558496
          ],
          [
            53274.62803582104,
            3149091.697149649
          ],
          [
            53306.666498152845,
            3149186.2578363842
          ],
          [
            53356.44517890013,
            3149272.7039838675
          ],
          [
            53420.72039508034,
            3149349.1594331795
          ],
          [
            53491.03073450397,
            3149420.25017559
          ],
          [
            53556.1058857459,
            3149496.0989606907
          ],
          [
            53608.90485411925,
            3149580.85055957
          ],
          [
            53647.43502577182,
            3149673.056684691
          ],
          [
            53678.39155821093,
            3149768.122688797
          ],
          [
            53704.96049210406,
            3149864.520135704
          ],
          [
            53727.44137666804,
            3149961.9491507364
          ],
          [
            53743.3989949533,
            3150060.6481135255
          ],
          [
            53750.79726396704,
            3150160.3363410677
          ],
          [
            53753.39046740255,
            3150260.3016635827
          ],
          [
            53758.803725471094,
            3150360.1390808867
          ],
          [
            53771.9482793122,
            3150459.2381712995
          ],
          [
            53796.25650670998,
            3150556.179344837
          ],
          [
            53830.09836513858,
            3150650.242948757
          ],
          [
            53874.5305708479,
            3150739.7107309992
          ],
          [
            53931.78935238545,
            3150821.5360910166
          ],
          [
            53999.30532052435,
            3150895.2329353197
          ],
          [
            54071.173944923146,
            3150964.7642365796
          ],
          [
            54136.962449332364,
            3151039.904920048
          ],
          [
            54185.121589741626,
            3151127.2756936355
          ],
          [
            54217.109830334586,
            3151221.9211096163
          ],
          [
            54239.90237022431,
            3151319.2746128193
          ],
          [
            54259.735125038285,
            3151417.284433184
          ],
          [
            54279.10871903191,
            3151515.388656922
          ],
          [
            54299.476999474246,
            3151613.286876219
          ],
          [
            54321.75405519995,
            3151710.770473488
          ],
          [
            54348.64958879132,
            3151807.0478967233
          ],
          [
            54385.98694753406,
            3151899.7291297545
          ],
          [
            54435.37411854802,
            3151986.63771186
          ],
          [
            54489.07193852551,
            3152070.957572667
          ],
          [
            54527.9214591378,
            3152162.492209544
          ],
          [
            54523.75630445299,
            3152261.3745610127
          ],
          [
            54488.258168014036,
            3152354.7900926825
          ],
          [
            54450.84623599893,
            3152447.5216793986
          ],
          [
            54417.46122098435,
            3152541.7352981865
          ],
          [
            54392.78730484517,
            3152638.626121941
          ],
          [
            54369.094638237475,
            3152735.770398365
          ],
          [
            54349.78178017875,
            3152833.862781213
          ],
          [
            54335.88582726277,
            3152932.8847529483
          ],
          [
            54327.81848941723,
            3153032.53264098
          ],
          [
            54327.171636583866,
            3153132.5098470203
          ],
          [
            54331.730628663725,
            3153232.3953751023
          ],
          [
            54341.73182416759,
            3153331.8759771483
          ],
          [
            54358.47885165285,
            3153430.435520797
          ],
          [
            54386.10856153984,
            3153526.4357754863
          ],
          [
            54433.31741330715,
            3153614.337469342
          ],
          [
            54502.50177485499,
            3153685.7302272315
          ],
          [
            54593.04709408891,
            3153726.7891773893
          ],
          [
            54692.3949510666,
            3153735.2093581166
          ],
          [
            54792.27403143122,
            3153734.656384158
          ],
          [
            54885.34302937443,
            3153768.6526103565
          ],
          [
            54966.215745682865,
            3153827.344727444
          ],
          [
            55039.75688578544,
            3153894.9861576655
          ],
          [
            55109.28163172265,
            3153966.835449726
          ],
          [
            55182.863914981404,
            3154034.476809787
          ],
          [
            55261.5710236994,
            3154096.1401313636
          ],
          [
            55339.01520935575,
            3154159.379787207
          ],
          [
            55413.445008199975,
            3154226.1531107477
          ],
          [
            55484.82074139645,
            3154296.1623276863
          ],
          [
            55551.28179732775,
            3154370.8459262834
          ],
          [
            55613.40342604074,
            3154449.1963551873
          ],
          [
            55673.72447838842,
            3154528.952411505
          ],
          [
            55734.10452549007,
            3154608.657309918
          ],
          [
            55792.66224407643,
            3154689.70550797
          ],
          [
            55848.087806251555,
            3154772.919320263
          ],
          [
            55898.578294971245,
            3154859.2072383384
          ],
          [
            55945.25026536937,
            3154947.6375228814
          ],
          [
            55987.831113823144,
            3155038.1102173594
          ],
          [
            56026.77192844716,
            3155130.2020584224
          ],
          [
            56061.20942452142,
            3155224.0701002902
          ],
          [
            56089.1111111109,
            3155320.0712604346
          ],
          [
            56108.04773436651,
            3155418.207206893
          ],
          [
            56115.2410696525,
            3155517.872730225
          ],
          [
            56103.88724464194,
            3155616.8789787428
          ],
          [
            56064.94379985986,
            3155708.7088335
          ],
          [
            56020.315467646935,
            3155798.1805660487
          ],
          [
            55986.69088971722,
            3155892.1252668784
          ],
          [
            55980.61519204506,
            3155991.518027514
          ],
          [
            56001.33657878638,
            3156089.153043005
          ],
          [
            56040.51126541882,
            3156180.9556864277
          ],
          [
            56097.26200947259,
            3156263.085820161
          ],
          [
            56166.00436071891,
            3156335.6434289836
          ],
          [
            56238.197650233924,
            3156404.8332494083
          ],
          [
            56307.19783734363,
            3156477.198805961
          ],
          [
            56373.847911778445,
            3156551.737126906
          ],
          [
            56436.70171166278,
            3156629.4893513946
          ],
          [
            56495.18028427214,
            3156710.584966553
          ],
          [
            56550.20142487172,
            3156794.0750206453
          ],
          [
            56600.86958012781,
            3156880.2517366684
          ],
          [
            56643.69860651452,
            3156970.565574133
          ],
          [
            56682.51416118055,
            3157062.721742447
          ],
          [
            56723.24901904463,
            3157154.0333324177
          ],
          [
            56771.19161022211,
            3157241.737699022
          ],
          [
            56827.95478006383,
            3157323.991442044
          ],
          [
            56889.761519744505,
            3157402.575756648
          ],
          [
            56953.28023420768,
            3157479.7991894674
          ],
          [
            57017.97295480814,
            3157556.0396059826
          ],
          [
            57083.99173949949,
            3157631.144367159
          ],
          [
            57153.98977825573,
            3157702.5298987934
          ],
          [
            57229.0560630751,
            3157768.5573545173
          ],
          [
            57306.67053019585,
            3157831.598535908
          ],
          [
            57379.73904126658,
            3157899.8033701032
          ],
          [
            57443.99555937343,
            3157976.3315092917
          ],
          [
            57501.432039186155,
            3158058.1759007936
          ],
          [
            57558.89367065588,
            3158140.0076148966
          ],
          [
            57621.25683507659,
            3158218.137438161
          ],
          [
            57690.708045052415,
            3158290.0305813355
          ],
          [
            57765.84341262778,
            3158355.9739536257
          ],
          [
            57845.18560471429,
            3158416.8125494434
          ],
          [
            57927.5425380786,
            3158473.4869971867
          ],
          [
            58015.79267397131,
            3158520.3223545374
          ],
          [
            58109.90749935878,
            3158553.8229209795
          ],
          [
            58207.36207339164,
            3158575.9828193984
          ],
          [
            58306.743392647404,
            3158586.1834937125
          ],
          [
            58406.23618561661,
            3158579.2104920116
          ],
          [
            58502.56170128346,
            3158552.7785219084
          ],
          [
            58589.221944916084,
            3158504.128266005
          ],
          [
            58644.363637523114,
            3158421.263668581
          ],
          [
            58682.628507188376,
            3158328.915332829
          ],
          [
            58715.12611599416,
            3158234.3494060794
          ],
          [
            58752.90122990378,
            3158141.917914971
          ],
          [
            58739.24489119396,
            3158063.8071402907
          ],
          [
            58767.954966628036,
            3157977.991804616
          ],
          [
            58822.55096375425,
            3157902.4600689597
          ],
          [
            58727.78486135152,
            3157907.088571357
          ],
          [
            58638.871620322076,
            3157951.520479669
          ],
          [
            58582.36495551719,
            3157968.621820348
          ],
          [
            58646.09196121816,
            3157893.1827086057
          ],
          [
            58730.413792836094,
            3157840.3324925913
          ],
          [
            58812.64490589059,
            3157794.8953508358
          ],
          [
            58903.524348813226,
            3157758.8944685888
          ],
          [
            59000.58509695197,
            3157734.8758178707
          ],
          [
            59063.623045558146,
            3157667.242251988
          ],
          [
            59120.66455306881,
            3157585.5172936423
          ],
          [
            59200.76622473278,
            3157526.908932596
          ],
          [
            59297.33560987285,
            3157517.5569673358
          ],
          [
            59366.69749395649,
            3157585.264764726
          ],
          [
            59424.064527779185,
            3157629.431191036
          ],
          [
            59490.48493185252,
            3157642.7514230055
          ],
          [
            59540.46625542194,
            3157728.5140266432
          ],
          [
            59590.65153259045,
            3157812.0378907747
          ],
          [
            59641.41990724327,
            3157895.1933672475
          ],
          [
            59683.20742284874,
            3157983.4458982414
          ],
          [
            59717.97612033226,
            3158074.5141273434
          ],
          [
            59793.725667134044,
            3158139.4779479313
          ],
          [
            59875.201203310564,
            3158196.8932659733
          ],
          [
            59944.859285283674,
            3158267.0299052284
          ],
          [
            59981.328824809,
            3158359.814221434
          ],
          [
            60004.61866854501,
            3158457.0267830617
          ],
          [
            60039.46571322698,
            3158550.209941475
          ],
          [
            60087.827719234985,
            3158636.61364946
          ],
          [
            60098.40972389786,
            3158735.9265346616
          ],
          [
            60139.08110013202,
            3158817.6603737716
          ],
          [
            60174.28865106505,
            3158908.4671152104
          ],
          [
            60216.72823355335,
            3158994.6160538476
          ],
          [
            60257.339609996074,
            3159083.4846614604
          ],
          [
            60327.102862834196,
            3159154.2988193505
          ],
          [
            60344.68508924535,
            3159252.1783904335
          ],
          [
            60350.55725187151,
            3159351.9942225437
          ],
          [
            60357.68031714765,
            3159451.727002443
          ],
          [
            60395.14531474884,
            3159542.636047413
          ],
          [
            60403.98591658017,
            3159642.1444672714
          ],
          [
            60446.70095257131,
            3159729.8218374164
          ],
          [
            60466.522595889335,
            3159827.051315365
          ],
          [
            60494.75630496137,
            3159921.5373726576
          ],
          [
            60526.9046132284,
            3160013.0150204366
          ],
          [
            60541.76458701036,
            3160111.587067244
          ],
          [
            60566.95081330336,
            3160207.432186493
          ],
          [
            60552.36268096394,
            3160304.8421545527
          ],
          [
            60555.428384159946,
            3160404.748733301
          ],
          [
            60558.16015223483,
            3160504.566629246
          ],
          [
            60592.393737403276,
            3160597.1339000203
          ],
          [
            60664.01487168412,
            3160662.4094905737
          ],
          [
            60759.36839373016,
            3160680.454138503
          ],
          [
            60846.953060430074,
            3160704.9905161588
          ],
          [
            60865.74663974725,
            3160802.9295496037
          ],
          [
            60869.03043664567,
            3160902.7098840587
          ],
          [
            60870.85195858432,
            3161002.6043431433
          ],
          [
            60878.05776078252,
            3161101.887877509
          ],
          [
            60887.139789099194,
            3161201.4258579253
          ],
          [
            60870.07423141086,
            3161296.9484321703
          ],
          [
            60818.75953662302,
            3161379.941811316
          ],
          [
            60798.67099371787,
            3161476.4951669252
          ],
          [
            60773.542245371274,
            3161571.8918337547
          ],
          [
            60729.73265466499,
            3161660.4899437823
          ],
          [
            60700.97368908972,
            3161754.817822075
          ],
          [
            60664.68019829247,
            3161846.2755363747
          ],
          [
            60651.093888266114,
            3161944.102635416
          ],
          [
            60593.12435336146,
            3162025.2386532407
          ],
          [
            60531.48581441854,
            3162103.7553672413
          ],
          [
            60485.45990477104,
            3162189.413070588
          ],
          [
            60411.3303253091,
            3162254.2928428166
          ],
          [
            60351.91110821898,
            3162333.8914119173
          ],
          [
            60304.4895462742,
            3162421.03052009
          ],
          [
            60280.480267729916,
            3162517.740810573
          ],
          [
            60269.44213578656,
            3162617.089530042
          ],
          [
            60269.73649958202,
            3162717.0680203894
          ],
          [
            60276.947569881246,
            3162816.788712707
          ],
          [
            60287.406964489484,
            3162916.236750905
          ],
          [
            60297.26664866274,
            3163015.7484834725
          ],
          [
            60305.71036300401,
            3163115.3842412047
          ],
          [
            60313.22564094168,
            3163215.09994807
          ],
          [
            60318.39607592964,
            3163314.8901711567
          ],
          [
            60326.99362280742,
            3163414.505847241
          ],
          [
            60339.469890104105,
            3163513.693856163
          ],
          [
            60347.22613249396,
            3163613.2961000646
          ],
          [
            60356.98657472433,
            3163711.9360149703
          ],
          [
            60392.432302902576,
            3163803.3352526035
          ],
          [
            60402.571934660074,
            3163902.812159748
          ],
          [
            60409.08455623684,
            3164002.588786278
          ],
          [
            60446.78766778351,
            3164093.25612409
          ],
          [
            60458.28338844857,
            3164192.5628866567
          ],
          [
            60470.14962304134,
            3164291.8308370714
          ],
          [
            60489.157071877606,
            3164389.966081405
          ],
          [
            60543.8864266158,
            3164471.1929969313
          ],
          [
            60616.066425661746,
            3164540.384195414
          ],
          [
            60678.945959484176,
            3164617.8644957207
          ],
          [
            60722.4601580419,
            3164707.6134326747
          ],
          [
            60747.417710321766,
            3164804.310936047
          ],
          [
            60758.93684687298,
            3164903.606684851
          ],
          [
            60764.121241261746,
            3165003.4637419013
          ],
          [
            60766.828719914345,
            3165103.422665348
          ],
          [
            60770.83478233942,
            3165203.339911936
          ],
          [
            60778.561543011594,
            3165303.0334076486
          ],
          [
            60789.461283821525,
            3165402.4356067423
          ],
          [
            60801.270664981836,
            3165501.735767481
          ],
          [
            60813.66563190151,
            3165600.9642730155
          ],
          [
            60826.49933360356,
            3165700.1337945
          ],
          [
            60840.71553309489,
            3165799.1138114785
          ],
          [
            60858.238279355,
            3165897.555990042
          ],
          [
            60880.42412161025,
            3165995.037419906
          ],
          [
            60907.63329804827,
            3166091.245719126
          ],
          [
            60941.90479387372,
            3166185.139805101
          ],
          [
            60985.58864134716,
            3166274.9893021337
          ],
          [
            61039.78686193866,
            3166358.9694140656
          ],
          [
            61098.5326995025,
            3166439.8869456425
          ],
          [
            61152.9096577252,
            3166523.746922413
          ],
          [
            61194.012182485785,
            3166614.7427148717
          ],
          [
            61222.455905022645,
            3166710.572199769
          ],
          [
            61249.851325361175,
            3166806.737244051
          ],
          [
            61286.33567303257,
            3166899.715723842
          ],
          [
            61338.72742015234,
            3166984.686770983
          ],
          [
            61404.94032798528,
            3167059.492558552
          ],
          [
            61483.931836822645,
            3167120.2711940072
          ],
          [
            61577.04325278026,
            3167155.4676776594
          ],
          [
            61675.84315747003,
            3167170.4908693824
          ],
          [
            61774.26324253496,
            3167187.4118103655
          ],
          [
            61864.45902375563,
            3167229.3118556174
          ],
          [
            61939.34114096521,
            3167295.2356267776
          ],
          [
            62000.39905763244,
            3167374.3490861594
          ],
          [
            62057.19295781875,
            3167456.6512862425
          ],
          [
            62118.35153851509,
            3167535.721438459
          ],
          [
            62186.80286592417,
            3167608.5640824707
          ],
          [
            62259.829256668,
            3167676.872224073
          ],
          [
            62329.502708240056,
            3167748.538812018
          ],
          [
            62384.24859315213,
            3167831.825448859
          ],
          [
            62417.83121841969,
            3167925.8310418813
          ],
          [
            62446.086399416585,
            3168021.7340355995
          ],
          [
            62486.9930958795,
            3168112.745961926
          ],
          [
            62544.801015530495,
            3168194.1416908866
          ],
          [
            62613.827634063404,
            3168266.4304131707
          ],
          [
            62688.72174293247,
            3168332.642137296
          ],
          [
            62768.0776809211,
            3168393.435687571
          ],
          [
            62850.53563014318,
            3168449.9931339887
          ],
          [
            62928.232504309955,
            3168512.7999455817
          ],
          [
            62997.358417448995,
            3168584.9789739894
          ],
          [
            63060.78826595086,
            3168662.2675043545
          ],
          [
            63118.70292458257,
            3168743.7694190727
          ],
          [
            63174.34966270135,
            3168826.8541296325
          ],
          [
            63233.758658833896,
            3168907.259871373
          ],
          [
            63300.26416742667,
            3168981.879139744
          ],
          [
            63373.50177199295,
            3169049.9051781096
          ],
          [
            63448.82343731265,
            3169115.6604698147
          ],
          [
            63520.26082562317,
            3169185.606284033
          ],
          [
            63586.47595296558,
            3169260.5205354653
          ],
          [
            63650.486790987845,
            3169337.347502302
          ],
          [
            63717.79508445203,
            3169411.231774796
          ],
          [
            63797.119150023325,
            3169471.7622126983
          ],
          [
            63887.006053990764,
            3169515.317756783
          ],
          [
            63978.84119624635,
            3169554.8583233817
          ],
          [
            64064.697676147654,
            3169605.7985561783
          ],
          [
            64139.129127598426,
            3169672.4135051733
          ],
          [
            64204.35995752657,
            3169748.109251577
          ],
          [
            64252.79620213075,
            3169835.110579187
          ],
          [
            64260.28906434623,
            3169933.6467822352
          ],
          [
            64227.4874952741,
            3170027.7549441624
          ],
          [
            64182.31158101091,
            3170116.9664563043
          ],
          [
            64137.96791138075,
            3170206.5905595515
          ],
          [
            64101.739272817984,
            3170299.734649735
          ],
          [
            64067.830421941944,
            3170393.788577488
          ],
          [
            64032.033689917094,
            3170487.148147099
          ],
          [
            63995.48842401088,
            3170580.190808595
          ],
          [
            63966.46518014137,
            3170675.6743988693
          ],
          [
            63957.810783511835,
            3170775.159107827
          ],
          [
            63962.34151391247,
            3170875.015634129
          ],
          [
            63975.6133779368,
            3170974.1022479963
          ],
          [
            63995.86377534226,
            3171072.006096118
          ],
          [
            64025.043870389374,
            3171167.6048561046
          ],
          [
            64065.74803570107,
            3171258.849478526
          ],
          [
            64116.02590338929,
            3171345.237242798
          ],
          [
            64171.59527299789,
            3171428.3557829205
          ],
          [
            64229.43648712211,
            3171509.9217165373
          ],
          [
            64284.020145045346,
            3171593.6470499877
          ],
          [
            64329.5476156483,
            3171682.5940721678
          ],
          [
            64362.94911929316,
            3171776.7554753483
          ],
          [
            64386.86738807877,
            3171873.819269715
          ],
          [
            64407.56403686898,
            3171971.6518996414
          ],
          [
            64424.724046502415,
            3172070.154530011
          ],
          [
            64439.701809613696,
            3172169.024876779
          ],
          [
            64458.160637487716,
            3172267.274839033
          ],
          [
            64487.71749827043,
            3172362.713810957
          ],
          [
            64534.01209409216,
            3172451.0814131657
          ],
          [
            64601.358130300534,
            3172524.5666167084
          ],
          [
            64687.364075359605,
            3172574.338094511
          ],
          [
            64785.29876353873,
            3172591.535613597
          ],
          [
            64882.446163291104,
            3172571.898880076
          ],
          [
            64965.44930567149,
            3172516.6023322525
          ],
          [
            65054.38543739333,
            3172478.3919950346
          ],
          [
            65118.94405072661,
            3172545.7932566754
          ],
          [
            65117.470154369104,
            3172644.8332128907
          ],
          [
            65108.635874279586,
            3172744.2171528814
          ],
          [
            65124.240934807516,
            3172842.718878971
          ],
          [
            65148.28638778589,
            3172939.78394845
          ],
          [
            65174.856363326675,
            3173036.1588858915
          ],
          [
            65210.6238260571,
            3173129.4466665485
          ],
          [
            65269.76009494184,
            3173209.2195814596
          ],
          [
            65360.95534091494,
            3173246.7641691808
          ],
          [
            65458.18199035851,
            3173268.9992868127
          ],
          [
            65544.01080092628,
            3173319.8616868965
          ],
          [
            65627.49516518545,
            3173374.8106246456
          ],
          [
            65716.4929189347,
            3173420.2818495748
          ],
          [
            65808.87280532319,
            3173458.5422520633
          ],
          [
            65902.71649838681,
            3173493.062036032
          ],
          [
            65997.10390910736,
            3173526.0761646037
          ],
          [
            66091.48480863402,
            3173559.119213127
          ],
          [
            66183.98153901845,
            3173597.036012292
          ],
          [
            66273.89172031322,
            3173640.7812687927
          ],
          [
            66361.25503319138,
            3173689.3847761536
          ],
          [
            66447.26262130313,
            3173740.343563318
          ],
          [
            66536.32708808706,
            3173785.7594299815
          ],
          [
            66619.74475418993,
            3173840.540584436
          ],
          [
            66689.94416690283,
            3173911.5777225457
          ],
          [
            66752.88733260888,
            3173989.276150382
          ],
          [
            66817.67666372418,
            3174065.444588373
          ],
          [
            66890.0736352928,
            3174134.141504093
          ],
          [
            66981.57285069618,
            3174173.048704936
          ],
          [
            67074.47830896564,
            3174209.1790379602
          ],
          [
            67143.18422512079,
            3174280.624692674
          ],
          [
            67183.80819112323,
            3174371.636358669
          ],
          [
            67207.73831256363,
            3174468.4832406337
          ],
          [
            67203.69554944393,
            3174567.9683748693
          ],
          [
            67174.42183334786,
            3174663.271595049
          ],
          [
            67132.72339215435,
            3174754.1042532492
          ],
          [
            67097.50119601862,
            3174847.4567819745
          ],
          [
            67080.54436957114,
            3174945.917948092
          ],
          [
            67067.43380026061,
            3175045.0512421746
          ],
          [
            67052.29535715406,
            3175143.8932754546
          ],
          [
            67040.22785487356,
            3175242.9926570132
          ],
          [
            67069.8477227922,
            3175336.6688381555
          ],
          [
            67148.48632808581,
            3175397.433085391
          ],
          [
            67240.99176429547,
            3175434.9482136774
          ],
          [
            67336.21481785827,
            3175453.2567925383
          ],
          [
            67393.58287366139,
            3175374.9134305944
          ],
          [
            67446.29829239483,
            3175290.3364438084
          ],
          [
            67525.02216809132,
            3175231.020896825
          ],
          [
            67623.19107663752,
            3175222.1130335066
          ],
          [
            67709.88354889376,
            3175268.2134445985
          ],
          [
            67762.5456562537,
            3175352.520266685
          ],
          [
            67785.36016712226,
            3175449.6212214404
          ],
          [
            67788.35450496437,
            3175549.4142567664
          ],
          [
            67775.28065491052,
            3175648.5264221285
          ],
          [
            67757.04641447027,
            3175746.8248412595
          ],
          [
            67732.29827622994,
            3175843.66447429
          ],
          [
            67695.17130562542,
            3175936.408632971
          ],
          [
            67644.57990475798,
            3176022.2640308957
          ],
          [
            67582.0009775246,
            3176100.201650476
          ],
          [
            67513.69340498165,
            3176173.2111692284
          ],
          [
            67443.12907218555,
            3176244.055763093
          ],
          [
            67375.95484815812,
            3176318.061298352
          ],
          [
            67313.83935110268,
            3176396.283910047
          ],
          [
            67257.12107062462,
            3176478.3183984626
          ],
          [
            67231.35039952317,
            3176573.550221511
          ],
          [
            67245.57663790435,
            3176672.299350969
          ],
          [
            67268.57809856336,
            3176769.6123068817
          ],
          [
            67288.53799448244,
            3176867.5827686978
          ],
          [
            67301.84547483336,
            3176966.675798433
          ],
          [
            67308.95371965146,
            3177066.40419413
          ],
          [
            67311.75145589068,
            3177166.357767016
          ],
          [
            67313.47914408098,
            3177266.3395878715
          ],
          [
            67319.27288629064,
            3177366.1318172785
          ],
          [
            67340.58179818197,
            3177463.6790709053
          ],
          [
            67376.637343616,
            3177556.8508079844
          ],
          [
            67420.69227943168,
            3177646.5853722245
          ],
          [
            67471.64240577767,
            3177732.5945463046
          ],
          [
            67531.18907858372,
            3177812.885785645
          ],
          [
            67597.377699447,
            3177887.780121729
          ],
          [
            67668.44255969713,
            3177958.1087065567
          ],
          [
            67741.89284877849,
            3178025.9613703
          ],
          [
            67812.2140360694,
            3178097.006131992
          ],
          [
            67879.81249642363,
            3178170.6814710284
          ],
          [
            67952.75002472827,
            3178238.7576959683
          ],
          [
            68033.45693939857,
            3178297.7167477314
          ],
          [
            68105.07809594566,
            3178367.1315558143
          ],
          [
            68149.5743242769,
            3178456.174075721
          ],
          [
            68166.63921960954,
            3178554.508379214
          ],
          [
            68179.10093403142,
            3178653.6735305134
          ],
          [
            68203.89181571215,
            3178750.5176467844
          ],
          [
            68226.31646172031,
            3178847.895682591
          ],
          [
            68242.68251705273,
            3178946.5326958727
          ],
          [
            68257.45547788688,
            3179045.4300350994
          ],
          [
            68272.84009783303,
            3179144.2221637047
          ],
          [
            68267.3984179864,
            3179243.9089566795
          ],
          [
            68258.23797768756,
            3179343.438988627
          ],
          [
            68266.02040142436,
            3179442.927241563
          ],
          [
            68296.63003276891,
            3179537.9302029735
          ],
          [
            68343.10460193278,
            3179626.4128066464
          ],
          [
            68401.33661014558,
            3179707.404892205
          ],
          [
            68483.44590041305,
            3179762.523355733
          ],
          [
            68582.42568176912,
            3179770.8339645322
          ],
          [
            68681.74199281257,
            3179759.489094283
          ],
          [
            68781.07695531342,
            3179767.2464586794
          ],
          [
            68877.96588368759,
            3179756.7452251944
          ],
          [
            68930.78420376441,
            3179674.666900035
          ],
          [
            68957.4764026338,
            3179578.298697217
          ],
          [
            68993.8698221642,
            3179485.282638231
          ],
          [
            69069.31897094662,
            3179458.976978124
          ],
          [
            69120.66954981623,
            3179542.7845468456
          ],
          [
            69135.58806085218,
            3179640.9579478824
          ],
          [
            69115.24000487226,
            3179738.5897590644
          ],
          [
            69082.94009013807,
            3179833.1083333
          ],
          [
            69077.21339325412,
            3179931.877049456
          ],
          [
            69101.56976613692,
            3180028.7980178553
          ],
          [
            69132.68159597597,
            3180123.826575496
          ],
          [
            69167.77523549089,
            3180217.4584457553
          ],
          [
            69205.75571967514,
            3180309.962789428
          ],
          [
            69245.77977644166,
            3180401.5938631203
          ],
          [
            69286.37316072526,
            3180492.970210646
          ],
          [
            69334.52079305371,
            3180580.4284964157
          ],
          [
            69397.26130641425,
            3180657.9949859306
          ],
          [
            69470.92377773722,
            3180725.566385164
          ],
          [
            69542.14380478273,
            3180795.612753772
          ],
          [
            69596.0370307692,
            3180879.454765267
          ],
          [
            69632.16959689307,
            3180972.6172106112
          ],
          [
            69664.64466358762,
            3181067.184661151
          ],
          [
            69706.15738805795,
            3181158.043539422
          ],
          [
            69763.33087633007,
            3181239.702378058
          ],
          [
            69830.31080899191,
            3181313.8524971367
          ],
          [
            69878.2888672863,
            3181400.970797814
          ],
          [
            69904.91501753328,
            3181497.3172623315
          ],
          [
            69935.54140757948,
            3181592.3634491856
          ],
          [
            69986.38707963313,
            3181678.0626566363
          ],
          [
            70058.56217719708,
            3181746.975380871
          ],
          [
            70138.76943358255,
            3181806.670986381
          ],
          [
            70225.35751701979,
            3181856.1679909904
          ],
          [
            70320.45145565741,
            3181885.5753930453
          ],
          [
            70374.18828234152,
            3181966.593693307
          ],
          [
            70396.12927613726,
            3182064.1325495136
          ],
          [
            70408.66572932218,
            3182163.2284906763
          ],
          [
            70414.29828853607,
            3182263.069199935
          ],
          [
            70423.3544598756,
            3182362.620434954
          ],
          [
            70444.10306006027,
            3182460.334545651
          ],
          [
            70480.85028990923,
            3182553.1917301295
          ],
          [
            70531.5641441359,
            3182639.262133142
          ],
          [
            70590.43141877346,
            3182720.0465270337
          ],
          [
            70653.60995247793,
            3182797.5389029374
          ],
          [
            70722.66329823482,
            3182869.7869193763
          ],
          [
            70788.39030810265,
            3182944.9921430587
          ],
          [
            70828.67072457047,
            3183035.505452981
          ],
          [
            70837.1153197096,
            3183134.970925766
          ],
          [
            70845.54787441247,
            3183234.3641115795
          ],
          [
            70881.27109264661,
            3183327.3899249556
          ],
          [
            70930.63408084145,
            3183414.277199005
          ],
          [
            70988.27360022326,
            3183495.9359867484
          ],
          [
            71052.07638220096,
            3183572.92552196
          ],
          [
            71116.32405303534,
            3183649.5399416024
          ],
          [
            71180.08796386726,
            3183726.555413295
          ],
          [
            71235.30242812894,
            3183809.78409336
          ],
          [
            71278.1343471939,
            3183900.076629864
          ],
          [
            71316.80561342704,
            3183992.2871382134
          ],
          [
            71362.75956145188,
            3184081.0038911276
          ],
          [
            71421.17604183436,
            3184162.0136044165
          ],
          [
            71488.17963114585,
            3184236.210765368
          ],
          [
            71557.06278563305,
            3184308.690977008
          ],
          [
            71629.00572483453,
            3184378.10133348
          ],
          [
            71701.35963402365,
            3184447.042438786
          ],
          [
            71761.76824624345,
            3184526.424326811
          ],
          [
            71802.08207980415,
            3184617.603236855
          ],
          [
            71823.11877612409,
            3184715.2270052084
          ],
          [
            71836.85724605454,
            3184814.277275878
          ],
          [
            71854.92203354102,
            3184912.585943088
          ],
          [
            71885.03596177777,
            3185007.8811391382
          ],
          [
            71922.2608702326,
            3185100.6592302406
          ],
          [
            71962.80658787403,
            3185192.0318312827
          ],
          [
            72004.63402729177,
            3185282.8294697693
          ],
          [
            72045.24703355957,
            3185374.204115087
          ],
          [
            72084.33705797045,
            3185466.2398440265
          ],
          [
            72121.99792419096,
            3185558.8629301614
          ],
          [
            72155.00074593478,
            3185653.235954199
          ],
          [
            72182.10303565177,
            3185749.4455999937
          ],
          [
            72201.74140276192,
            3185847.481630064
          ],
          [
            72214.88440700182,
            3185946.579917559
          ],
          [
            72220.65784670823,
            3186045.316923903
          ],
          [
            72218.89510398926,
            3186144.9467388787
          ],
          [
            72220.4553646732,
            3186244.7762099635
          ],
          [
            72206.88900745501,
            3186343.8094184548
          ],
          [
            72187.01813299085,
            3186441.810988745
          ],
          [
            72160.11530036303,
            3186537.9672775446
          ],
          [
            72133.41265391628,
            3186634.2592288936
          ],
          [
            72101.3526099515,
            3186728.9746378544
          ],
          [
            72064.7987856517,
            3186821.9942471324
          ],
          [
            72026.41225971769,
            3186914.2923974996
          ],
          [
            71986.18840791579,
            3187005.662928312
          ],
          [
            71950.07927853515,
            3187098.880756912
          ],
          [
            71923.54907174925,
            3187195.2196319276
          ],
          [
            71906.3384181581,
            3187293.718542184
          ],
          [
            71889.8223867397,
            3187392.342331903
          ],
          [
            71875.51995669576,
            3187491.301456419
          ],
          [
            71866.04899631222,
            3187590.8126794733
          ],
          [
            71867.33941871815,
            3187690.739530409
          ],
          [
            71877.05284956725,
            3187790.2541610403
          ],
          [
            71889.93204928628,
            3187889.4207698572
          ],
          [
            71903.22379755157,
            3187988.5333325546
          ],
          [
            71920.86118793355,
            3188086.9305738774
          ],
          [
            71953.5113066363,
            3188181.2047467623
          ],
          [
            72010.2079336056,
            3188263.2751224726
          ],
          [
            72074.76049726282,
            3188339.476671583
          ],
          [
            72124.94009507034,
            3188425.6646615635
          ],
          [
            72155.04320774988,
            3188520.8566947323
          ],
          [
            72170.86290511285,
            3188619.5364781274
          ],
          [
            72178.54945810813,
            3188719.2332543037
          ],
          [
            72189.48751118273,
            3188818.606274126
          ],
          [
            72207.15921257313,
            3188917.0224989755
          ],
          [
            72235.53474921825,
            3189012.6412288393
          ],
          [
            72308.74138241245,
            3189076.914967506
          ],
          [
            72404.50815373241,
            3189105.4982480197
          ],
          [
            72496.49482606031,
            3189144.041508246
          ],
          [
            72573.79291610201,
            3189206.585915181
          ],
          [
            72627.17355111107,
            3189290.737688878
          ],
          [
            72658.47733996877,
            3189385.584553379
          ],
          [
            72675.74648625261,
            3189484.0459675584
          ],
          [
            72687.84968574722,
            3189583.3057820657
          ],
          [
            72702.58727984659,
            3189682.1879549543
          ],
          [
            72720.77595516556,
            3189780.514372937
          ],
          [
            72737.07697553608,
            3189879.1739768484
          ],
          [
            72748.57379311792,
            3189978.4791273894
          ],
          [
            72752.80131494219,
            3190078.331791751
          ],
          [
            72745.61913104416,
            3190178.0105638136
          ],
          [
            72724.38813935519,
            3190275.6366398563
          ],
          [
            72694.8213413571,
            3190371.13364252
          ],
          [
            72661.85223843479,
            3190465.518300099
          ],
          [
            72630.5254207416,
            3190560.4834972695
          ],
          [
            72589.56862959563,
            3190651.5452498132
          ],
          [
            72539.21553234401,
            3190737.904889741
          ],
          [
            72488.16051471935,
            3190823.8185980567
          ],
          [
            72450.13128865194,
            3190916.146018819
          ],
          [
            72426.25669286825,
            3191013.1347237146
          ],
          [
            72416.39296549546,
            3191112.5847069626
          ],
          [
            72415.21871462352,
            3191212.563262702
          ],
          [
            72417.4506287188,
            3191312.5381348254
          ],
          [
            72421.0647436237,
            3191412.4668689906
          ],
          [
            72427.72058569781,
            3191512.24276733
          ],
          [
            72436.45037629973,
            3191611.8598647937
          ],
          [
            72444.80529355077,
            3191711.503408804
          ],
          [
            72449.60320816896,
            3191811.384830516
          ],
          [
            72451.52774390466,
            3191911.3622174924
          ],
          [
            72451.97059453998,
            3192011.3611448277
          ],
          [
            72453.24876024373,
            3192111.3511547744
          ],
          [
            72458.23601570501,
            3192211.210540581
          ],
          [
            72468.86200369053,
            3192310.615168029
          ],
          [
            72484.09710512191,
            3192409.445751595
          ],
          [
            72500.36816104059,
            3192508.112714232
          ],
          [
            72512.84796081914,
            3192607.2945915353
          ],
          [
            72517.80403924936,
            3192707.1388060753
          ],
          [
            72516.52298953144,
            3192807.124114822
          ],
          [
            72512.75202499016,
            3192907.052285255
          ],
          [
            72509.03155114484,
            3193006.9825590355
          ],
          [
            72508.16821097529,
            3193106.9639073857
          ],
          [
            72508.69639286549,
            3193206.962067922
          ],
          [
            72509.13261113649,
            3193306.9607603517
          ],
          [
            72508.66226993993,
            3193406.9582144287
          ],
          [
            72511.27313897533,
            3193506.913831205
          ],
          [
            72519.78653043693,
            3193606.5316362954
          ],
          [
            72533.44175545707,
            3193705.5913573015
          ],
          [
            72547.0363645174,
            3193804.6614357647
          ],
          [
            72557.11801610896,
            3193904.140156061
          ],
          [
            72561.12613370563,
            3194004.0479439623
          ],
          [
            72559.33580781035,
            3194104.017716992
          ],
          [
            72553.71180839556,
            3194203.853226852
          ],
          [
            72546.67428437118,
            3194303.6013800767
          ],
          [
            72544.33027808147,
            3194403.553510836
          ],
          [
            72547.21643230639,
            3194503.5041025477
          ],
          [
            72553.64314190498,
            3194603.29188353
          ],
          [
            72559.84180501851,
            3194703.0983344866
          ],
          [
            72560.68931260174,
            3194803.0337743894
          ],
          [
            72547.67536725076,
            3194902.083074191
          ],
          [
            72521.90556902133,
            3194998.660247577
          ],
          [
            72491.9217359144,
            3195094.055879179
          ],
          [
            72466.92027310393,
            3195190.840385355
          ],
          [
            72452.92581337674,
            3195289.8130698963
          ],
          [
            72445.09018776478,
            3195389.5013718395
          ],
          [
            72439.92327646822,
            3195489.3602964757
          ],
          [
            72438.72888317045,
            3195589.3488057265
          ],
          [
            72440.90313385654,
            3195689.3130421
          ],
          [
            72450.60808664277,
            3195788.8052745597
          ],
          [
            72465.62290410254,
            3195887.6688854843
          ],
          [
            72478.95676878725,
            3195986.769750382
          ],
          [
            72483.60786644607,
            3196086.5714140045
          ],
          [
            72474.92675470265,
            3196186.111557254
          ],
          [
            72451.18432384085,
            3196283.228555364
          ],
          [
            72421.91487167936,
            3196378.8401878723
          ],
          [
            72391.80233193294,
            3196474.1637567375
          ],
          [
            72366.67777100956,
            3196570.953777052
          ],
          [
            72337.08138720637,
            3196666.362852847
          ],
          [
            72303.51345987154,
            3196760.553413344
          ],
          [
            72273.34410007806,
            3196855.8776715286
          ],
          [
            72255.16028822052,
            3196954.0960293906
          ],
          [
            72250.52376368454,
            3197053.9206204014
          ],
          [
            72254.57039193365,
            3197153.821827981
          ],
          [
            72262.42374294091,
            3197253.5115147885
          ],
          [
            72268.99498973916,
            3197353.28483909
          ],
          [
            72268.59738965394,
            3197453.263638214
          ],
          [
            72264.13263580955,
            3197553.163181834
          ],
          [
            72263.66437929067,
            3197653.1167684663
          ],
          [
            72272.73335166683,
            3197752.6544947973
          ],
          [
            72288.9888234943,
            3197851.316957091
          ],
          [
            72301.37461189633,
            3197950.536786567
          ],
          [
            72320.46658215128,
            3198048.5696628103
          ],
          [
            72362.20092355688,
            3198139.0736368285
          ],
          [
            72424.08899200342,
            3198217.4555765446
          ],
          [
            72493.84544387626,
            3198289.009112469
          ],
          [
            72571.32331604011,
            3198351.9125598967
          ],
          [
            72654.76246764681,
            3198406.9970805226
          ],
          [
            72732.57003009162,
            3198469.4608615143
          ],
          [
            72802.7859986224,
            3198540.523705386
          ],
          [
            72871.54009082471,
            3198613.0969820307
          ],
          [
            72945.16514362807,
            3198680.7017502724
          ],
          [
            73027.89697011815,
            3198736.515846955
          ],
          [
            73119.27552167438,
            3198776.8916721107
          ],
          [
            73213.65758249942,
            3198809.9239076013
          ],
          [
            73305.36796889393,
            3198849.5497188508
          ],
          [
            73389.49506178213,
            3198903.3822167926
          ],
          [
            73465.91225215993,
            3198967.791302656
          ],
          [
            73534.94108474448,
            3199040.0747267236
          ],
          [
            73595.99301633856,
            3199119.217375947
          ],
          [
            73650.68233663651,
            3199202.909799329
          ],
          [
            73702.6830860631,
            3199288.318591612
          ],
          [
            73756.90160305904,
            3199372.3281902946
          ],
          [
            73818.10923911163,
            3199451.3020261796
          ],
          [
            73896.52649421964,
            3199510.927008546
          ],
          [
            73994.54702354428,
            3199505.946516534
          ],
          [
            74087.72401481889,
            3199469.7934047543
          ],
          [
            74183.92982093222,
            3199443.866394409
          ],
          [
            74283.76241118592,
            3199438.7503952133
          ],
          [
            74381.66940984028,
            3199418.986165283
          ],
          [
            74480.72140633025,
            3199406.728165012
          ],
          [
            74578.43245542441,
            3199424.660300856
          ],
          [
            74653.9730282613,
            3199488.376489896
          ],
          [
            74694.3885329396,
            3199579.2966383784
          ],
          [
            74710.65205508801,
            3199677.8626415413
          ],
          [
            74720.13701347668,
            3199777.4076073277
          ],
          [
            74734.13327093414,
            3199876.4039483774
          ],
          [
            74749.92241066816,
            3199975.1429944676
          ],
          [
            74763.00727845838,
            3200074.269442565
          ],
          [
            74774.95216839066,
            3200173.547949504
          ],
          [
            74788.93758020656,
            3200272.5495394203
          ],
          [
            74810.96983150853,
            3200369.9726603264
          ],
          [
            74852.80979861168,
            3200460.1086814255
          ],
          [
            74922.39282321675,
            3200530.9913960244
          ],
          [
            75007.9758032642,
            3200582.6254455773
          ],
          [
            75088.92410576236,
            3200640.6361844437
          ],
          [
            75130.49050906488,
            3200729.3371313727
          ],
          [
            75107.4627604568,
            3200824.4747787938
          ],
          [
            75041.66271199161,
            3200898.928716755
          ],
          [
            74963.19709857237,
            3200960.8478336125
          ],
          [
            74891.77085863925,
            3201030.4502135506
          ],
          [
            74849.35967331743,
            3201120.0140886763
          ],
          [
            74831.56028077041,
            3201218.2938170084
          ],
          [
            74826.68602963095,
            3201318.148040815
          ],
          [
            74827.17756051992,
            3201418.140790162
          ],
          [
            74829.13070257047,
            3201518.119271492
          ],
          [
            74832.60902283514,
            3201618.0477578593
          ],
          [
            74839.62984001114,
            3201717.7924223477
          ],
          [
            74848.17925545435,
            3201817.4254251528
          ],
          [
            74855.7243619905,
            3201917.1394072007
          ],
          [
            74860.72070652251,
            3202017.0097556347
          ],
          [
            74863.55786541669,
            3202116.9673112873
          ],
          [
            74865.61102961322,
            3202216.9459981374
          ],
          [
            74868.13472041991,
            3202316.912007332
          ],
          [
            74872.4629332212,
            3202416.803104041
          ],
          [
            74880.05567797206,
            3202516.508976834
          ],
          [
            74891.92741647002,
            3202615.784663472
          ],
          [
            74912.46048999016,
            3202713.6062006424
          ],
          [
            74946.33371779068,
            3202807.551482621
          ],
          [
            74999.62494968742,
            3202891.795061869
          ],
          [
            75070.52348552695,
            3202962.1208260753
          ],
          [
            75144.80066483653,
            3203028.979943989
          ],
          [
            75207.69629987236,
            3203106.406194543
          ],
          [
            75255.38939029106,
            3203194.0618582056
          ],
          [
            75286.36579182632,
            3203288.968518382
          ],
          [
            75300.87340445873,
            3203387.778368688
          ],
          [
            75301.91504055959,
            3203487.745743581
          ],
          [
            75298.87189805284,
            3203587.6990403836
          ],
          [
            75300.56085845112,
            3203687.6569978814
          ],
          [
            75308.98908483938,
            3203787.293571727
          ],
          [
            75319.60089824501,
            3203886.7288193633
          ],
          [
            75328.2573833027,
            3203986.346229009
          ],
          [
            75333.26239050088,
            3204086.2053927914
          ],
          [
            75332.79883389402,
            3204186.1926349136
          ],
          [
            75326.01605936981,
            3204285.9428239926
          ],
          [
            75314.15615527573,
            3204385.2344119935
          ],
          [
            75301.64524309781,
            3204484.448617805
          ],
          [
            75289.1778577988,
            3204583.665508522
          ],
          [
            75277.38937728493,
            3204682.965404298
          ],
          [
            75262.48262122553,
            3204781.81787127
          ],
          [
            75235.77700887533,
            3204878.1518240813
          ],
          [
            75195.97015415833,
            3204969.819574866
          ],
          [
            75157.01219433815,
            3205061.8312795428
          ],
          [
            75134.97424532406,
            3205159.2707390026
          ],
          [
            75122.87861546263,
            3205258.526632314
          ],
          [
            75112.43410006043,
            3205357.977338256
          ],
          [
            75098.1219627013,
            3205456.9387324243
          ],
          [
            75079.67670750506,
            3205555.216426814
          ],
          [
            75060.63373811526,
            3205653.371954661
          ],
          [
            75041.40755687447,
            3205751.493400767
          ],
          [
            75023.07511746653,
            3205849.7931741267
          ],
          [
            75005.68616421714,
            3205948.26880085
          ],
          [
            74988.72985232252,
            3206046.8166152937
          ],
          [
            74976.35868855008,
            3206146.029323279
          ],
          [
            74969.06661688897,
            3206245.748332427
          ],
          [
            74966.49359722498,
            3206345.687522933
          ],
          [
            74969.98139345733,
            3206445.6133117266
          ],
          [
            74977.11806543646,
            3206545.356621628
          ],
          [
            74984.02995536006,
            3206645.115744965
          ],
          [
            74988.7194708246,
            3206745.002054407
          ],
          [
            74992.4162669627,
            3206844.930549654
          ],
          [
            74998.2105283738,
            3206944.760489449
          ],
          [
            75008.76809363047,
            3207044.1710066367
          ],
          [
            75028.1632023824,
            3207142.188771333
          ],
          [
            75054.14148553918,
            3207238.711726133
          ],
          [
            75070.03669184509,
            3207337.3124705255
          ],
          [
            75076.41078372442,
            3207437.103741231
          ],
          [
            75081.285398588,
            3207536.9843103923
          ],
          [
            75089.74468115244,
            3207636.604692943
          ],
          [
            75100.79526554889,
            3207735.8228173694
          ],
          [
            75111.63012983181,
            3207835.1528587975
          ],
          [
            75115.69081571652,
            3207934.545042238
          ],
          [
            75116.84401985155,
            3208034.3515550005
          ],
          [
            75080.4654397603,
            3208122.756867856
          ],
          [
            75060.02510757167,
            3208220.3935664822
          ],
          [
            75059.0138393924,
            3208319.782389347
          ],
          [
            74996.98160437982,
            3208395.4312031637
          ],
          [
            74955.43155086953,
            3208484.3620264614
          ],
          [
            74909.28209406835,
            3208569.3129071905
          ],
          [
            74841.67686222623,
            3208624.4019703255
          ],
          [
            74772.06369285543,
            3208694.200105671
          ],
          [
            74737.88802880567,
            3208787.368585553
          ],
          [
            74729.39025842265,
            3208886.89531518
          ],
          [
            74712.86476258728,
            3208985.4829610675
          ],
          [
            74702.06129093835,
            3209084.854589036
          ],
          [
            74683.04570209497,
            3209182.9759901394
          ],
          [
            74651.6719706324,
            3209277.7848548866
          ],
          [
            74606.28624162564,
            3209366.7868712447
          ],
          [
            74555.6939095347,
            3209453.0156048727
          ],
          [
            74513.73549114674,
            3209543.7306355597
          ],
          [
            74485.10401604843,
            3209639.3371938067
          ],
          [
            74474.76616815498,
            3209738.653234305
          ],
          [
            74476.60672273058,
            3209838.610404384
          ],
          [
            74490.44454632829,
            3209937.5971776247
          ],
          [
            74510.26276519943,
            3210035.5997745106
          ],
          [
            74532.85488294196,
            3210133.0118576633
          ],
          [
            74559.04799007007,
            3210229.5071700546
          ],
          [
            74591.4328234283,
            3210324.1072596936
          ],
          [
            74626.8226596034,
            3210417.6327841366
          ],
          [
            74660.97428482659,
            3210511.610982284
          ],
          [
            74689.62733616594,
            3210607.382791764
          ],
          [
            74712.35871622628,
            3210704.7550839363
          ],
          [
            74735.73136993674,
            3210801.975480894
          ],
          [
            74769.36371307078,
            3210896.0001967046
          ],
          [
            74821.91479837778,
            3210980.7513145576
          ],
          [
            74887.37847294429,
            3211056.3147953455
          ],
          [
            74942.77565343874,
            3211139.2161548706
          ],
          [
            74979.77595135393,
            3211232.0055634193
          ],
          [
            75013.51228147351,
            3211326.1145376614
          ],
          [
            75060.72196296016,
            3211413.986785993
          ],
          [
            75131.00664256548,
            3211484.329348758
          ],
          [
            75223.96867508716,
            3211517.280293755
          ],
          [
            75323.20854887798,
            3211508.905355463
          ],
          [
            75421.71271025072,
            3211492.1981112314
          ],
          [
            75519.89979672735,
            3211505.0533876573
          ],
          [
            75603.34169037172,
            3211558.829361316
          ],
          [
            75669.32324742335,
            3211633.786616511
          ],
          [
            75723.32949736138,
            3211717.8676062175
          ],
          [
            75768.12122088704,
            3211807.2299722484
          ],
          [
            75805.07338104163,
            3211900.115683139
          ],
          [
            75837.96754010468,
            3211994.5441272575
          ],
          [
            75873.23260589245,
            3212088.0958279106
          ],
          [
            75917.98307963305,
            3212177.3735692836
          ],
          [
            75980.73550264069,
            3212254.755011867
          ],
          [
            76065.81789033426,
            3212305.47038247
          ],
          [
            76164.77640039398,
            3212314.7459587026
          ],
          [
            76264.44423521476,
            3212306.8800493134
          ],
          [
            76362.52747705397,
            3212321.9917161292
          ],
          [
            76443.83588346947,
            3212378.7498822515
          ],
          [
            76507.06960915843,
            3212456.0978061548
          ],
          [
            76565.40784169943,
            3212537.3085485725
          ],
          [
            76627.42080039349,
            3212615.7328457655
          ],
          [
            76706.63080476879,
            3212675.8199138856
          ],
          [
            76800.78919136115,
            3212704.9214926627
          ],
          [
            76896.27292183395,
            3212693.14543899
          ],
          [
            76961.78538370715,
            3212622.7564964984
          ],
          [
            77025.95740456216,
            3212565.4143250077
          ],
          [
            77036.34352944721,
            3212642.7462846325
          ],
          [
            77099.9520352395,
            3212699.8787809387
          ],
          [
            77187.46146135153,
            3212740.0121043385
          ],
          [
            77206.0386945875,
            3212835.714695567
          ],
          [
            77286.23862386071,
            3212889.097937107
          ],
          [
            77381.7484774435,
            3212899.9691984397
          ],
          [
            77472.5771105208,
            3212859.72434975
          ],
          [
            77562.60655527494,
            3212816.2434909143
          ],
          [
            77657.97086174249,
            3212787.1361218826
          ],
          [
            77757.45030870006,
            3212778.2713770065
          ],
          [
            77857.1515839938,
            3212770.8684049
          ],
          [
            77956.95707216489,
            3212767.6370136556
          ],
          [
            78053.49051439797,
            3212791.288247178
          ],
          [
            78131.06569326615,
            3212853.278541081
          ],
          [
            78188.36674556175,
            3212934.91273523
          ],
          [
            78232.78555797752,
            3213024.443434984
          ],
          [
            78293.34393506385,
            3213093.8495929195
          ],
          [
            78383.76592138004,
            3213128.789089401
          ],
          [
            78473.59347849069,
            3213157.9623108017
          ],
          [
            78572.99577191494,
            3213162.535630398
          ],
          [
            78631.15721786987,
            3213227.7903384543
          ],
          [
            78667.13092220068,
            3213316.263855443
          ],
          [
            78734.78130402576,
            3213389.0699079214
          ],
          [
            78805.54903200269,
            3213459.6676333603
          ],
          [
            78875.11238683006,
            3213531.4902864224
          ],
          [
            78945.08128415335,
            3213602.921428976
          ],
          [
            78976.18399733308,
            3213691.9245797475
          ],
          [
            79027.72218383159,
            3213773.3981692963
          ],
          [
            79075.79564590236,
            3213856.6799145904
          ],
          [
            79079.17681038802,
            3213956.605692609
          ],
          [
            79105.8526197557,
            3214048.3855553498
          ],
          [
            79127.52143180509,
            3214129.6502641174
          ],
          [
            79055.9191697531,
            3214197.632361401
          ],
          [
            79047.78883176192,
            3214287.5712994896
          ],
          [
            79098.0679645414,
            3214369.541227511
          ],
          [
            79106.35891705923,
            3214469.153858638
          ],
          [
            79105.56470502821,
            3214569.1048496244
          ],
          [
            79059.72013708223,
            3214656.2310727485
          ],
          [
            79052.56067606907,
            3214755.678535402
          ],
          [
            79079.05268406526,
            3214848.272615067
          ],
          [
            79112.5116181452,
            3214934.8244325253
          ],
          [
            79123.5246934939,
            3215033.8772775205
          ],
          [
            79121.9188317999,
            3215117.901715045
          ],
          [
            79066.76033362353,
            3215199.5249753976
          ],
          [
            79067.66442508914,
            3215298.6239499147
          ],
          [
            79078.32085247713,
            3215397.780279664
          ],
          [
            79104.84628942615,
            3215490.591521276
          ],
          [
            79139.52401215087,
            3215576.8481995813
          ],
          [
            79149.96919998682,
            3215675.8523053494
          ],
          [
            79195.5108795023,
            3215756.961811571
          ],
          [
            79128.27444425558,
            3215830.0528298877
          ],
          [
            79087.94800369618,
            3215916.8038763874
          ],
          [
            79113.81754176914,
            3216010.1005727374
          ],
          [
            79120.90652837318,
            3216106.786029648
          ],
          [
            79111.24330529873,
            3216203.5728643853
          ],
          [
            79114.35695299355,
            3216303.1335653276
          ],
          [
            79117.38262243976,
            3216402.7849105103
          ],
          [
            79098.12199927145,
            3216499.1904199547
          ],
          [
            79088.76859782547,
            3216596.6511736214
          ],
          [
            79095.37426447764,
            3216696.381354789
          ],
          [
            79109.33908720923,
            3216795.287401586
          ],
          [
            79084.11782621453,
            3216891.022898458
          ],
          [
            79043.616928286,
            3216977.8280148534
          ],
          [
            79042.93880784536,
            3217073.5971737886
          ],
          [
            79105.50147770222,
            3217151.4252403104
          ],
          [
            79077.92730090121,
            3217236.647953538
          ],
          [
            78981.38004797115,
            3217253.895562051
          ],
          [
            78938.34656185622,
            3217341.3294199803
          ],
          [
            78896.2733386606,
            3217424.819744276
          ],
          [
            78897.11752074072,
            3217524.8156207423
          ],
          [
            78888.74010432222,
            3217623.353078521
          ],
          [
            78803.26861867023,
            3217663.664302767
          ],
          [
            78723.32635917907,
            3217719.375833317
          ],
          [
            78626.11105477267,
            3217735.1763310535
          ],
          [
            78543.02559952717,
            3217769.8015947817
          ],
          [
            78492.18405700958,
            3217853.345936762
          ],
          [
            78424.3085291366,
            3217926.1410227297
          ],
          [
            78373.42400835526,
            3218010.572428533
          ],
          [
            78319.57608900298,
            3218092.745405326
          ],
          [
            78253.41279470743,
            3218167.009278296
          ],
          [
            78184.51854096461,
            3218231.1723522902
          ],
          [
            78151.0185501575,
            3218322.122104689
          ],
          [
            78132.81563258993,
            3218418.9980123937
          ],
          [
            78139.4703512184,
            3218518.718645599
          ],
          [
            78143.87541233646,
            3218618.1301020486
          ],
          [
            78132.94240210357,
            3218716.491933962
          ],
          [
            78161.16059289359,
            3218812.167190619
          ],
          [
            78170.19842238526,
            3218911.7209074246
          ],
          [
            78174.71796925682,
            3219011.539478585
          ],
          [
            78141.2642793762,
            3219101.553513796
          ],
          [
            78086.90842529992,
            3219175.7531754463
          ],
          [
            78037.06914924568,
            3219259.2198194023
          ],
          [
            77984.77995084174,
            3219344.1438090573
          ],
          [
            78011.23918381965,
            3219432.434958112
          ],
          [
            77997.95141849878,
            3219526.4497898174
          ],
          [
            77952.89560439547,
            3219614.2297257707
          ],
          [
            77869.30738112448,
            3219638.518107868
          ],
          [
            77825.05778852271,
            3219727.5110673457
          ],
          [
            77778.65404904178,
            3219815.416295046
          ],
          [
            77709.68798188306,
            3219886.831196485
          ],
          [
            77713.45824671103,
            3219982.5349520473
          ],
          [
            77671.36167262556,
            3220062.8148196987
          ],
          [
            77583.39474066245,
            3220108.511986769
          ],
          [
            77485.69165939518,
            3220125.564898807
          ],
          [
            77394.92329352372,
            3220155.5247314917
          ],
          [
            77351.02380881183,
            3220245.339674553
          ],
          [
            77325.05112969055,
            3220341.610346416
          ],
          [
            77295.81044828326,
            3220435.369401867
          ],
          [
            77268.64183353937,
            3220528.991142007
          ],
          [
            77233.55650678201,
            3220621.5392172975
          ],
          [
            77243.8157671592,
            3220719.6223598225
          ],
          [
            77300.55605971444,
            3220801.1549555906
          ],
          [
            77375.7774459021,
            3220866.84566001
          ],
          [
            77456.31560113058,
            3220926.1127733523
          ],
          [
            77536.34486310776,
            3220986.044412537
          ],
          [
            77612.97301011335,
            3221050.2806476345
          ],
          [
            77686.98996061433,
            3221117.5163737885
          ],
          [
            77758.67067613314,
            3221187.2259563245
          ],
          [
            77825.92725822638,
            3221261.194373415
          ],
          [
            77887.24591278254,
            3221340.1535804067
          ],
          [
            77945.09510651573,
            3221421.7177959136
          ],
          [
            78004.08146911989,
            3221502.4476280734
          ],
          [
            78072.50593708867,
            3221575.0642805416
          ],
          [
            78157.2497675162,
            3221627.1477736225
          ],
          [
            78249.75263250634,
            3221665.0437914548
          ],
          [
            78330.3932196083,
            3221722.8900736044
          ],
          [
            78385.0942118041,
            3221806.232364629
          ],
          [
            78414.81578821011,
            3221901.6489345254
          ],
          [
            78429.83586354255,
            3222000.474023951
          ],
          [
            78438.29198526885,
            3222100.1036937423
          ],
          [
            78442.4035441156,
            3222200.0124415774
          ],
          [
            78443.28579782964,
            3222300.0056589753
          ],
          [
            78442.04206488252,
            3222399.994814591
          ],
          [
            78437.85371590852,
            3222499.896605204
          ],
          [
            78426.53663904067,
            3222599.212843238
          ],
          [
            78397.97856601437,
            3222694.4147095666
          ],
          [
            78323.86487172739,
            3222752.726984378
          ],
          [
            78224.23570427489,
            3222757.710706246
          ],
          [
            78141.46742031765,
            3222809.018841719
          ],
          [
            78113.5537529886,
            3222904.117178158
          ],
          [
            78096.48440378114,
            3223002.338607518
          ],
          [
            78084.11805477549,
            3223100.514865989
          ],
          [
            78086.44681877126,
            3223200.4818417043
          ],
          [
            78088.95121616208,
            3223300.4233712615
          ],
          [
            78098.37770054865,
            3223399.949925779
          ],
          [
            78112.52909877553,
            3223498.9385012807
          ],
          [
            78127.91302506039,
            3223597.7393896147
          ],
          [
            78137.06988485689,
            3223697.2769389674
          ],
          [
            78137.76579909079,
            3223797.2666638237
          ],
          [
            78139.88894909483,
            3223897.223651347
          ],
          [
            78149.26703332391,
            3223996.741979525
          ],
          [
            78171.0888365345,
            3224094.267874084
          ],
          [
            78204.93997632386,
            3224188.3188984944
          ],
          [
            78252.74700501337,
            3224276.1052229474
          ],
          [
            78306.00405082383,
            3224360.673472876
          ],
          [
            78357.08550858675,
            3224446.625830248
          ],
          [
            78405.59136659928,
            3224534.0712443693
          ],
          [
            78455.54441946927,
            3224620.6930532777
          ],
          [
            78507.03098389362,
            3224706.4152236776
          ],
          [
            78559.83374067664,
            3224791.3292677742
          ],
          [
            78617.55709614199,
            3224872.728511781
          ],
          [
            78701.38387190849,
            3224882.371211763
          ],
          [
            78767.08841126191,
            3224807.3972764006
          ],
          [
            78855.53702480413,
            3224767.298596882
          ],
          [
            78937.75179776858,
            3224815.7261917703
          ],
          [
            78971.53376193077,
            3224908.4606367685
          ],
          [
            78963.15819069637,
            3225007.4753127773
          ],
          [
            78924.41810165484,
            3225099.2775690285
          ],
          [
            78871.0333951838,
            3225183.618200911
          ],
          [
            78818.86089457582,
            3225268.8197931955
          ],
          [
            78779.766555808,
            3225360.7731988654
          ],
          [
            78745.721571839,
            3225454.737630457
          ],
          [
            78720.54470532709,
            3225551.4791371245
          ],
          [
            78700.2494394545,
            3225649.380044949
          ],
          [
            78711.67996998662,
            3225746.001623206
          ],
          [
            78770.75740035126,
            3225826.1830525845
          ],
          [
            78810.31380817834,
            3225916.2925703935
          ],
          [
            78816.45342164642,
            3226016.016245908
          ],
          [
            78869.36468856044,
            3226096.0122303064
          ],
          [
            78835.23305366583,
            3226182.4120538337
          ],
          [
            78843.8550621126,
            3226281.7379623046
          ],
          [
            78898.29265030244,
            3226362.169490428
          ],
          [
            78932.71669888259,
            3226450.928311633
          ],
          [
            78931.58559681084,
            3226550.8627405367
          ],
          [
            78882.74658817422,
            3226634.7658760166
          ],
          [
            78838.40984609105,
            3226720.4642566754
          ],
          [
            78773.1261917742,
            3226794.6749317083
          ],
          [
            78745.55869382487,
            3226884.3787509836
          ],
          [
            78727.99540631386,
            3226981.7348183105
          ],
          [
            78700.52655445479,
            3227076.416906565
          ],
          [
            78704.67344364343,
            3227174.9991910625
          ],
          [
            78631.72211521657,
            3227219.624463369
          ],
          [
            78582.46508264412,
            3227293.334477193
          ],
          [
            78660.25647157535,
            3227351.541241099
          ],
          [
            78741.38956031273,
            3227406.9471545294
          ],
          [
            78840.57211204353,
            3227414.389464695
          ],
          [
            78940.38363602059,
            3227410.828268268
          ],
          [
            79031.84075792751,
            3227445.4734919886
          ],
          [
            79070.47815280159,
            3227535.1874015164
          ],
          [
            79061.11020116958,
            3227634.4551627
          ],
          [
            79041.35300658026,
            3227732.4716269793
          ],
          [
            79033.9527483411,
            3227831.9228180996
          ],
          [
            79053.89439235158,
            3227929.784404191
          ],
          [
            79083.30875656822,
            3228025.3408140284
          ],
          [
            79113.4268008762,
            3228120.6597522525
          ],
          [
            79141.33980818324,
            3228216.674776647
          ],
          [
            79166.37436200884,
            3228313.4861832373
          ],
          [
            79192.05235121313,
            3228410.109731672
          ],
          [
            79221.02427323328,
            3228505.8098306977
          ],
          [
            79251.90060771041,
            3228600.922487793
          ],
          [
            79282.31954443404,
            3228696.182444213
          ],
          [
            79310.88208556424,
            3228792.0141569995
          ],
          [
            79341.6383537054,
            3228887.157408901
          ],
          [
            79378.19101237597,
            3228980.1998210205
          ],
          [
            79422.08873260104,
            3229070.0126114693
          ],
          [
            79471.54812518442,
            3229156.9201411805
          ],
          [
            79519.92644265392,
            3229244.4304400436
          ],
          [
            79562.48391669866,
            3229334.9023724175
          ],
          [
            79606.37587539626,
            3229424.608814
          ],
          [
            79638.18656122102,
            3229518.7950473716
          ],
          [
            79673.43720754253,
            3229611.964334592
          ],
          [
            79701.91562726512,
            3229707.1542649325
          ],
          [
            79730.94056523136,
            3229802.842520003
          ],
          [
            79758.32899989813,
            3229899.0154518494
          ],
          [
            79786.45581923131,
            3229994.9752104683
          ],
          [
            79813.46401371584,
            3230091.2550064754
          ],
          [
            79839.36028249914,
            3230187.8320067455
          ],
          [
            79865.18886614354,
            3230284.431272722
          ],
          [
            79893.67948852645,
            3230380.2795109763
          ],
          [
            79928.15049270816,
            3230474.123817931
          ],
          [
            79971.80150470296,
            3230564.0227727233
          ],
          [
            80024.80916927045,
            3230648.74960559
          ],
          [
            80083.60111305352,
            3230729.6103721755
          ],
          [
            80142.74560661588,
            3230810.241261564
          ],
          [
            80199.89929653252,
            3230892.265046675
          ],
          [
            80240.1604160222,
            3230983.353971033
          ],
          [
            80251.75420603936,
            3231082.4823194346
          ],
          [
            80251.22193318652,
            3231182.4747768934
          ],
          [
            80249.87750176221,
            3231282.4639865933
          ],
          [
            80241.83341750727,
            3231382.0950683192
          ],
          [
            80228.4270950453,
            3231481.1915653995
          ],
          [
            80220.16566230595,
            3231580.825148054
          ],
          [
            80221.28555328833,
            3231680.7570096375
          ],
          [
            80232.59027007986,
            3231780.077565527
          ],
          [
            80250.93034858421,
            3231878.36679992
          ],
          [
            80273.03295745436,
            3231975.8855919433
          ],
          [
            80305.57273989677,
            3232070.2100184485
          ],
          [
            80327.97024281546,
            3232167.3241898133
          ],
          [
            80358.6166160893,
            3232262.1269778595
          ],
          [
            80406.43395916808,
            3232349.842559912
          ],
          [
            80463.77040535805,
            3232431.7312265914
          ],
          [
            80519.20727371461,
            3232514.871075234
          ],
          [
            80544.42576904406,
            3232610.6419413923
          ],
          [
            80521.36711967323,
            3232707.518961499
          ],
          [
            80485.82327653126,
            3232800.9397570994
          ],
          [
            80472.06351422035,
            3232899.1630509226
          ],
          [
            80508.31570725572,
            3232990.891788869
          ],
          [
            80574.17334015331,
            3233065.8067841013
          ],
          [
            80646.48632838765,
            3233134.8395670643
          ],
          [
            80718.75812534144,
            3233203.9422725164
          ],
          [
            80781.84976260424,
            3233281.2894760226
          ],
          [
            80824.56900960585,
            3233371.3003648357
          ],
          [
            80843.87903417414,
            3233469.176336226
          ],
          [
            80848.50742247721,
            3233569.0313040228
          ],
          [
            80849.79022583853,
            3233669.020860379
          ],
          [
            80859.10214012695,
            3233768.4796060366
          ],
          [
            80885.27186004823,
            3233864.811408774
          ],
          [
            80933.44034786717,
            3233952.014080838
          ],
          [
            81009.29866571577,
            3234016.307379243
          ],
          [
            81099.19126178409,
            3234059.931214259
          ],
          [
            81194.95429068322,
            3234087.6452602455
          ],
          [
            81294.5500546731,
            3234095.9476818396
          ],
          [
            81393.92009131477,
            3234106.103196026
          ],
          [
            81487.37181634706,
            3234140.5147587163
          ],
          [
            81573.55819436522,
            3234191.1934504057
          ],
          [
            81660.00770881744,
            3234241.439094841
          ],
          [
            81748.63808276,
            3234287.7245934824
          ],
          [
            81838.75135954242,
            3234331.0139035154
          ],
          [
            81932.61528255254,
            3234365.4272467853
          ],
          [
            82029.15897078859,
            3234391.182903803
          ],
          [
            82128.05278239305,
            3234405.8406877303
          ],
          [
            82227.12223679708,
            3234419.4329481516
          ],
          [
            82325.27334776164,
            3234438.2793370276
          ],
          [
            82419.68130657975,
            3234470.819961925
          ],
          [
            82508.24802164256,
            3234517.088200905
          ],
          [
            82592.4028566273,
            3234570.9965536157
          ],
          [
            82680.08254585185,
            3234618.1696329387
          ],
          [
            82772.6925569046,
            3234650.848749194
          ],
          [
            82868.12581683038,
            3234676.2483310797
          ],
          [
            82954.78456308226,
            3234710.174513106
          ],
          [
            83047.89368487021,
            3234673.831789858
          ],
          [
            83146.59979298693,
            3234665.6956371707
          ],
          [
            83234.57994516377,
            3234709.821729957
          ],
          [
            83300.53668735088,
            3234784.6334367595
          ],
          [
            83357.7127144863,
            3234866.633947776
          ],
          [
            83418.00593560337,
            3234946.3877923856
          ],
          [
            83482.94243705075,
            3235022.417506068
          ],
          [
            83550.2226879191,
            3235096.35472507
          ],
          [
            83617.40245375705,
            3235170.399858743
          ],
          [
            83677.32011585767,
            3235250.321400995
          ],
          [
            83726.0930830003,
            3235337.5429626573
          ],
          [
            83759.88630319163,
            3235431.4409484672
          ],
          [
            83761.41900586468,
            3235530.5216313624
          ],
          [
            83720.94164709965,
            3235621.107160598
          ],
          [
            83651.01531385441,
            3235690.7685032566
          ],
          [
            83555.46968080524,
            3235714.129654078
          ],
          [
            83468.49196258959,
            3235670.2355453265
          ],
          [
            83417.19665215099,
            3235585.046424938
          ],
          [
            83382.58526089019,
            3235491.296586724
          ],
          [
            83351.3951764799,
            3235396.7044252125
          ],
          [
            83272.5511213821,
            3235395.9916829397
          ],
          [
            83248.92280636357,
            3235492.572636688
          ],
          [
            83254.24058250469,
            3235592.0720525766
          ],
          [
            83289.3773279981,
            3235684.9722522334
          ],
          [
            83357.04672550844,
            3235757.681343408
          ],
          [
            83441.61634747827,
            3235810.8356189253
          ],
          [
            83519.93921244355,
            3235872.756928181
          ],
          [
            83586.37931137164,
            3235947.4014957906
          ],
          [
            83648.71168123755,
            3236025.572813071
          ],
          [
            83712.59637563027,
            3236102.4899916817
          ],
          [
            83790.81719228758,
            3236162.38035748
          ],
          [
            83878.36447261837,
            3236127.9463926954
          ],
          [
            83946.106935125,
            3236054.620651653
          ],
          [
            84036.55617233632,
            3236051.356390038
          ],
          [
            84103.94166556938,
            3236123.93891193
          ],
          [
            84155.97706504412,
            3236209.049348799
          ],
          [
            84192.58730030965,
            3236301.5389359454
          ],
          [
            84201.69730835596,
            3236400.7811938655
          ],
          [
            84191.66377705945,
            3236500.2452466907
          ],
          [
            84188.3494889105,
            3236600.047386704
          ],
          [
            84204.478511492,
            3236698.613569411
          ],
          [
            84226.24529071548,
            3236796.201095766
          ],
          [
            84251.61864136712,
            3236892.9158887635
          ],
          [
            84284.0133679103,
            3236987.491247687
          ],
          [
            84326.28677400653,
            3237077.8593429266
          ],
          [
            84381.1450639172,
            3237161.1576360753
          ],
          [
            84452.28284006055,
            3237231.2250539623
          ],
          [
            84533.0044135584,
            3237290.1646348247
          ],
          [
            84612.42918926475,
            3237350.8312354884
          ],
          [
            84682.39071128498,
            3237422.0637924406
          ],
          [
            84738.25799160068,
            3237504.734002125
          ],
          [
            84780.73403152481,
            3237595.18296643
          ],
          [
            84817.03891546055,
            3237688.357065666
          ],
          [
            84853.55662337459,
            3237781.448076582
          ],
          [
            84894.11758727468,
            3237872.8318101177
          ],
          [
            84939.25338798549,
            3237962.040102849
          ],
          [
            84990.2326004663,
            3238048.0399885993
          ],
          [
            85045.33203260321,
            3238131.4820740903
          ],
          [
            85100.2749246102,
            3238215.0252160286
          ],
          [
            85146.75288335347,
            3238303.4090595082
          ],
          [
            85158.63579485676,
            3238401.4328655656
          ],
          [
            85125.5824652251,
            3238495.454878835
          ],
          [
            85089.70091126808,
            3238588.5484893606
          ],
          [
            85083.24804457564,
            3238687.593069556
          ],
          [
            85125.01088070909,
            3238777.5939370845
          ],
          [
            85194.82082835631,
            3238848.8269764925
          ],
          [
            85275.64768702335,
            3238907.7017995613
          ],
          [
            85352.87822218414,
            3238971.0294367597
          ],
          [
            85415.83973756079,
            3239048.380556
          ],
          [
            85460.53810366054,
            3239137.6507161264
          ],
          [
            85494.38136769716,
            3239231.731424603
          ],
          [
            85525.82274276375,
            3239326.659029451
          ],
          [
            85555.77634496063,
            3239422.064507563
          ],
          [
            85582.6940966704,
            3239518.3623542567
          ],
          [
            85604.63255242894,
            3239615.9005975644
          ],
          [
            85622.4692723162,
            3239714.2935291673
          ],
          [
            85637.78472458322,
            3239813.1101573845
          ],
          [
            85650.70643473389,
            3239912.2692626547
          ],
          [
            85660.82809818578,
            3240011.745125229
          ],
          [
            85664.2285980552,
            3240111.6401359444
          ],
          [
            85658.76743259531,
            3240211.4418805907
          ],
          [
            85643.60880145541,
            3240310.234719875
          ],
          [
            85624.86786152536,
            3240408.461836663
          ],
          [
            85605.12036833119,
            3240506.4836508445
          ],
          [
            85574.86449421743,
            3240601.6416145
          ],
          [
            85516.00440740422,
            3240680.7594389594
          ],
          [
            85431.78794514136,
            3240734.120471656
          ],
          [
            85391.81251961675,
            3240825.200600929
          ],
          [
            85312.28349194651,
            3240870.7301513087
          ],
          [
            85329.88408514358,
            3240966.0680450792
          ],
          [
            85305.65685966257,
            3241057.112376925
          ],
          [
            85302.09402364722,
            3241155.575848479
          ],
          [
            85282.59934467748,
            3241251.844720957
          ],
          [
            85275.11865531924,
            3241351.326442555
          ],
          [
            85252.3207854718,
            3241448.6302092015
          ],
          [
            85219.43006942817,
            3241543.02375523
          ],
          [
            85180.68618414343,
            3241635.189845489
          ],
          [
            85132.8377353884,
            3241722.9556230316
          ],
          [
            85071.64192267216,
            3241801.7911867863
          ],
          [
            85009.06191269748,
            3241878.137183254
          ],
          [
            84989.19341945392,
            3241966.863394192
          ],
          [
            84991.76073765208,
            3242058.1039989786
          ],
          [
            84996.54009498633,
            3242157.7710656263
          ],
          [
            84976.1760205495,
            3242251.7287578266
          ],
          [
            84978.32468945226,
            3242351.3166552945
          ],
          [
            84979.47415392727,
            3242451.2181926384
          ],
          [
            84964.79649286017,
            3242548.774264881
          ],
          [
            84959.28578117842,
            3242648.0829985216
          ],
          [
            84926.94481917305,
            3242740.8011121904
          ],
          [
            84920.58207686697,
            3242839.2955936855
          ],
          [
            84936.60552845596,
            3242937.909325424
          ],
          [
            84947.83241275756,
            3243037.162008146
          ],
          [
            84938.96185198474,
            3243136.5722082043
          ],
          [
            84917.04329764718,
            3243234.1326312986
          ],
          [
            84902.77731652917,
            3243333.0076247854
          ],
          [
            84910.13248192398,
            3243432.378850467
          ],
          [
            84950.07754768658,
            3243523.517821256
          ],
          [
            85002.82295116577,
            3243608.4691155297
          ],
          [
            85046.2956908265,
            3243698.397768499
          ],
          [
            85078.37104932239,
            3243793.0914583774
          ],
          [
            85108.94552850486,
            3243888.281690639
          ],
          [
            85153.0771914567,
            3243977.7748671803
          ],
          [
            85219.76333600827,
            3244051.7512825713
          ],
          [
            85300.72952950266,
            3244110.3516306616
          ],
          [
            85376.6541028487,
            3244175.057659258
          ],
          [
            85430.5591130973,
            3244258.8412110363
          ],
          [
            85465.33223308706,
            3244352.5327503895
          ],
          [
            85494.47226228731,
            3244448.1909105345
          ],
          [
            85522.92622763192,
            3244544.055649565
          ],
          [
            85550.15480532295,
            3244640.2739117676
          ],
          [
            85575.35582045942,
            3244737.007443806
          ],
          [
            85602.88045918201,
            3244832.999880367
          ],
          [
            85636.20698624161,
            3244926.2345155557
          ],
          [
            85663.64165973102,
            3245009.0134425675
          ],
          [
            85691.97374345001,
            3245102.8298812048
          ],
          [
            85722.04925568661,
            3245186.149594784
          ],
          [
            85763.64490886035,
            3245267.2363874884
          ],
          [
            85716.1727771168,
            3245353.7824090617
          ],
          [
            85720.63323492056,
            3245453.459499183
          ],
          [
            85744.39004373385,
            3245549.086776412
          ],
          [
            85753.39537055876,
            3245648.4051589905
          ],
          [
            85789.84696200906,
            3245740.1751218606
          ],
          [
            85790.77518163918,
            3245840.0522007067
          ],
          [
            85820.80632777416,
            3245930.1738396804
          ],
          [
            85843.84651135525,
            3246022.2092732224
          ],
          [
            85770.10372607957,
            3246081.9634900903
          ],
          [
            85742.386121853,
            3246169.0742949233
          ],
          [
            85786.74490806564,
            3246252.815350097
          ],
          [
            85810.77649704393,
            3246347.4693302233
          ],
          [
            85795.46088232879,
            3246445.706265554
          ],
          [
            85803.77589405705,
            3246541.3287062244
          ],
          [
            85836.40993822594,
            3246635.7901004157
          ],
          [
            85879.12814688194,
            3246726.1666132403
          ],
          [
            85928.57902725079,
            3246813.0391178676
          ],
          [
            85989.7171664049,
            3246891.9484678954
          ],
          [
            86063.5193352237,
            3246959.300891001
          ],
          [
            86142.45871242818,
            3247020.6740050334
          ],
          [
            86220.08718140775,
            3247083.6770400503
          ],
          [
            86286.74927607465,
            3247157.8418260315
          ],
          [
            86328.20067772902,
            3247248.3148681065
          ],
          [
            86341.32610854274,
            3247347.19676736
          ],
          [
            86333.5189344979,
            3247446.7370225005
          ],
          [
            86308.71986501112,
            3247543.526949693
          ],
          [
            86271.7852679595,
            3247636.396550844
          ],
          [
            86218.91660717946,
            3247720.8184757303
          ],
          [
            86142.07866775399,
            3247784.2509451145
          ],
          [
            86060.14532610898,
            3247838.4851073106
          ],
          [
            86091.52672959022,
            3247928.045675857
          ],
          [
            86121.50529439129,
            3248022.151238905
          ],
          [
            86104.54026713978,
            3248119.5113856443
          ],
          [
            86077.87231332125,
            3248213.901919259
          ],
          [
            86089.87561858412,
            3248310.2864518664
          ],
          [
            86131.72205813145,
            3248392.685795026
          ],
          [
            86097.17803257726,
            3248485.3290690472
          ],
          [
            86047.37559305865,
            3248570.6179252253
          ],
          [
            86004.35324186123,
            3248654.2172088223
          ],
          [
            85956.7976702673,
            3248740.6621363773
          ],
          [
            85912.95343756913,
            3248828.9497897383
          ],
          [
            85944.20576890571,
            3248922.93121239
          ],
          [
            85982.83774759636,
            3249013.6719173854
          ],
          [
            85981.58216735216,
            3249113.3957957174
          ],
          [
            85987.58612826337,
            3249213.2085660947
          ],
          [
            85990.28588330734,
            3249313.1607876224
          ],
          [
            85980.50278279434,
            3249412.4538064087
          ],
          [
            85952.5689399432,
            3249508.4496546537
          ],
          [
            85930.68729675391,
            3249605.90646442
          ],
          [
            85931.00194744735,
            3249705.476667262
          ],
          [
            85960.42726027005,
            3249800.5251479223
          ],
          [
            86012.52517754523,
            3249885.6214775364
          ],
          [
            86081.7858520009,
            3249957.5794350826
          ],
          [
            86161.34825272515,
            3250018.0157038895
          ],
          [
            86246.20586675702,
            3250070.8936509606
          ],
          [
            86328.87455735813,
            3250127.131099626
          ],
          [
            86405.96867741678,
            3250190.8073551543
          ],
          [
            86484.47703338796,
            3250252.638632208
          ],
          [
            86572.09652998234,
            3250300.5302463477
          ],
          [
            86665.99000934637,
            3250334.8175411387
          ],
          [
            86759.0650298264,
            3250371.2067206977
          ],
          [
            86842.74181287746,
            3250425.517973881
          ],
          [
            86915.16496436733,
            3250494.3950922373
          ],
          [
            86980.0935478813,
            3250570.352734918
          ],
          [
            87034.35930677319,
            3250654.187546941
          ],
          [
            87077.53281741204,
            3250744.357008535
          ],
          [
            87124.24336443885,
            3250832.693120183
          ],
          [
            87181.15212548364,
            3250914.7821889673
          ],
          [
            87239.83353418321,
            3250995.668296194
          ],
          [
            87293.9226520729,
            3251079.7505465634
          ],
          [
            87342.1422336311,
            3251167.3419306995
          ],
          [
            87388.88272315792,
            3251255.7390583213
          ],
          [
            87435.35173828277,
            3251344.285177471
          ],
          [
            87482.04625760244,
            3251432.711147128
          ],
          [
            87528.78385438545,
            3251521.1129243295
          ],
          [
            87579.17986633701,
            3251607.456312458
          ],
          [
            87635.78438437563,
            3251689.85801258
          ],
          [
            87696.24704947112,
            3251769.4945405857
          ],
          [
            87754.55442702038,
            3251850.7003943548
          ],
          [
            87808.87802059122,
            3251934.6487093847
          ],
          [
            87863.6486733466,
            3252018.3104041205
          ],
          [
            87924.54187604252,
            3252097.5724805268
          ],
          [
            87994.64045370457,
            3252168.8264479027
          ],
          [
            88068.13856399355,
            3252236.579047972
          ],
          [
            88129.57211835685,
            3252314.8416264574
          ],
          [
            88147.08267355339,
            3252412.252053021
          ],
          [
            88138.775286455,
            3252511.83224405
          ],
          [
            88143.63099907286,
            3252611.268786705
          ],
          [
            88183.36017309462,
            3252702.222728152
          ],
          [
            88252.58549230438,
            3252773.3128215536
          ],
          [
            88346.068591345,
            3252767.8632986285
          ],
          [
            88407.99908777067,
            3252689.8486896246
          ],
          [
            88466.48100938665,
            3252608.806874676
          ],
          [
            88545.08168852197,
            3252548.4969621473
          ],
          [
            88642.77572536714,
            3252531.6690394045
          ],
          [
            88742.67421022145,
            3252536.034174376
          ],
          [
            88842.28957059045,
            3252544.5348068695
          ],
          [
            88941.23783022231,
            3252558.839961495
          ],
          [
            89038.82122420226,
            3252580.601377562
          ],
          [
            89134.7649800835,
            3252608.7342018536
          ],
          [
            89227.3188767469,
            3252646.313295787
          ],
          [
            89312.94209501165,
            3252697.4791210964
          ],
          [
            89382.49234440466,
            3252768.8138078777
          ],
          [
            89430.111641964,
            3252856.550258863
          ],
          [
            89466.84654047404,
            3252949.549715452
          ],
          [
            89512.76388829706,
            3253038.1995509225
          ],
          [
            89571.17261277729,
            3253119.3382968935
          ],
          [
            89621.18289534634,
            3253205.75931219
          ],
          [
            89658.38721135267,
            3253298.472028362
          ],
          [
            89686.57272522926,
            3253394.401066416
          ],
          [
            89716.79079880526,
            3253489.711394607
          ],
          [
            89749.60507660889,
            3253584.167397673
          ],
          [
            89776.7645053523,
            3253680.3602798255
          ],
          [
            89797.17399303277,
            3253778.220327001
          ],
          [
            89812.28118664687,
            3253877.0652323565
          ],
          [
            89831.94037687045,
            3253975.0344234374
          ],
          [
            89835.05950418013,
            3254074.4769269144
          ],
          [
            89874.08919457831,
            3254165.7759214165
          ],
          [
            89878.14209882621,
            3254261.3885413962
          ],
          [
            89879.85734857203,
            3254361.038078066
          ],
          [
            89892.8148997927,
            3254460.1060299044
          ],
          [
            89942.54476834276,
            3254544.576481312
          ],
          [
            90013.50954824223,
            3254614.988181488
          ],
          [
            90082.31868375638,
            3254687.4253208498
          ],
          [
            90128.71222333048,
            3254775.397013431
          ],
          [
            90136.32631153429,
            3254874.8379159234
          ],
          [
            90132.1859627698,
            3254974.747509481
          ],
          [
            90140.46165052643,
            3255074.200801451
          ],
          [
            90175.67732870225,
            3255167.2338037686
          ],
          [
            90238.4121568622,
            3255244.440582895
          ],
          [
            90318.43862059225,
            3255304.0602413365
          ],
          [
            90403.6152178485,
            3255356.4170807097
          ],
          [
            90483.5990142405,
            3255416.1790696597
          ],
          [
            90551.17287834422,
            3255489.6222192966
          ],
          [
            90601.66150685311,
            3255575.6795802256
          ],
          [
            90639.05583952971,
            3255668.3995561865
          ],
          [
            90675.12950465773,
            3255761.662848763
          ],
          [
            90715.56982328069,
            3255853.100928593
          ],
          [
            90762.69872479692,
            3255941.2794946725
          ],
          [
            90814.58232811048,
            3256026.756249631
          ],
          [
            90870.1930921027,
            3256109.85040891
          ],
          [
            90929.69565327815,
            3256190.215568513
          ],
          [
            90991.74727049457,
            3256268.6236299477
          ],
          [
            91057.81132032754,
            3256343.6435252237
          ],
          [
            91129.67361639839,
            3256413.0838427125
          ],
          [
            91211.36448602646,
            3256470.4330346812
          ],
          [
            91300.23439125306,
            3256516.1966257505
          ],
          [
            91389.98140566713,
            3256560.2819236144
          ],
          [
            91481.91826218466,
            3256599.421746068
          ],
          [
            91577.21095604276,
            3256629.6528239357
          ],
          [
            91673.66023691052,
            3256656.0444512405
          ],
          [
            91769.24668838484,
            3256685.32840818
          ],
          [
            91861.53153465746,
            3256723.5988533692
          ],
          [
            91944.97618008828,
            3256778.393350823
          ],
          [
            92016.45513493178,
            3256848.1112074256
          ],
          [
            92078.43248392933,
            3256926.5529717896
          ],
          [
            92142.49864670825,
            3257003.260394387
          ],
          [
            92218.6735032427,
            3257067.66146095
          ],
          [
            92303.84567135316,
            3257120.04499662
          ],
          [
            92387.79936889061,
            3257174.3293936574
          ],
          [
            92466.17130188411,
            3257236.3501579524
          ],
          [
            92541.01769993182,
            3257302.641403501
          ],
          [
            92618.67934742823,
            3257365.525578683
          ],
          [
            92708.5841300213,
            3257405.7497108863
          ],
          [
            92788.62220515797,
            3257358.7581777475
          ],
          [
            92823.93265762462,
            3257265.4449882573
          ],
          [
            92848.84224326634,
            3257168.6014475375
          ],
          [
            92882.21628418066,
            3257074.5476671983
          ],
          [
            92939.32831716801,
            3256993.1430288004
          ],
          [
            93027.97921314808,
            3256949.8733230727
          ],
          [
            93127.59984050463,
            3256945.2820794526
          ],
          [
            93227.10697925622,
            3256955.013475874
          ],
          [
            93326.64232414485,
            3256964.5823378027
          ],
          [
            93426.50249002139,
            3256969.5726138237
          ],
          [
            93526.45060874602,
            3256967.67308523
          ],
          [
            93626.12704493038,
            3256959.6838505277
          ],
          [
            93725.79963923767,
            3256951.628954781
          ],
          [
            93825.70786796657,
            3256947.7661803258
          ],
          [
            93925.67746917935,
            3256949.8011431205
          ],
          [
            94025.60783002534,
            3256947.407140614
          ],
          [
            94125.50947009363,
            3256943.6362592974
          ],
          [
            94224.83955791975,
            3256953.6228135494
          ],
          [
            94315.52870766334,
            3256994.1430976978
          ],
          [
            94384.15213357369,
            3257066.034052957
          ],
          [
            94430.22265317415,
            3257154.412868299
          ],
          [
            94455.07958614417,
            3257251.066084369
          ],
          [
            94466.04332159081,
            3257350.4340611696
          ],
          [
            94472.44707224438,
            3257450.226637063
          ],
          [
            94481.69253418747,
            3257549.778461808
          ],
          [
            94498.77307830518,
            3257648.2715474158
          ],
          [
            94519.72270051783,
            3257746.0460658222
          ],
          [
            94537.53496463988,
            3257844.427073949
          ],
          [
            94547.1792648452,
            3257943.9038481307
          ],
          [
            94543.21005794179,
            3258043.7164749103
          ],
          [
            94523.39462056145,
            3258141.65879765
          ],
          [
            94493.83675902728,
            3258237.17630459
          ],
          [
            94456.5049644101,
            3258329.8875068976
          ],
          [
            94413.34570425977,
            3258420.0801928383
          ],
          [
            94369.77982597424,
            3258510.0756155276
          ],
          [
            94322.94518184836,
            3258598.3738099374
          ],
          [
            94262.89295405499,
            3258677.9503412247
          ],
          [
            94185.96262941,
            3258741.4129813532
          ],
          [
            94098.73921263497,
            3258790.1680776523
          ],
          [
            94008.44137830092,
            3258833.104857888
          ],
          [
            93918.62293114713,
            3258876.986947387
          ],
          [
            93823.71931044193,
            3258908.0635215756
          ],
          [
            93725.73176918694,
            3258927.888558334
          ],
          [
            93627.64969486481,
            3258947.316776123
          ],
          [
            93530.36595402531,
            3258970.396008959
          ],
          [
            93433.5619928677,
            3258995.460709552
          ],
          [
            93336.60081904981,
            3259019.8781387643
          ],
          [
            93239.06923904807,
            3259041.94806174
          ],
          [
            93142.23496271798,
            3259066.810468192
          ],
          [
            93044.67079679182,
            3259088.5587151027
          ],
          [
            92948.58985810321,
            3259114.9625442578
          ],
          [
            92889.99511443068,
            3259191.538091247
          ],
          [
            92882.21263314986,
            3259290.6333268997
          ],
          [
            92899.66481766425,
            3259389.006392275
          ],
          [
            92924.71511712515,
            3259485.8040925353
          ],
          [
            92958.4837519124,
            3259579.8841017094
          ],
          [
            93005.17372223642,
            3259668.075481293
          ],
          [
            93072.77259283511,
            3259741.0574571015
          ],
          [
            93160.1796987727,
            3259767.4412048724
          ],
          [
            93231.30342476412,
            3259698.327834438
          ],
          [
            93311.44710793695,
            3259641.090476278
          ],
          [
            93406.32469656448,
            3259612.16746564
          ],
          [
            93476.46906202297,
            3259647.4183254736
          ],
          [
            93475.22394341926,
            3259746.3945971546
          ],
          [
            93486.84765185075,
            3259845.166326434
          ],
          [
            93542.89330520664,
            3259925.8726181723
          ],
          [
            93563.69543546528,
            3260023.54070323
          ],
          [
            93577.5138059579,
            3260122.5788434395
          ],
          [
            93590.36993649928,
            3260221.732200477
          ],
          [
            93598.85534230786,
            3260321.36869536
          ],
          [
            93609.3267871646,
            3260420.808580358
          ],
          [
            93628.07457792154,
            3260518.94453305
          ],
          [
            93662.84075299045,
            3260612.4898040975
          ],
          [
            93716.8675822575,
            3260696.3770613796
          ],
          [
            93787.09526406098,
            3260767.3916329844
          ],
          [
            93867.08600164144,
            3260827.299662166
          ],
          [
            93948.78628708207,
            3260884.948289387
          ],
          [
            94023.63758523387,
            3260951.070389405
          ],
          [
            94084.8528153922,
            3261029.9723940752
          ],
          [
            94138.50048862374,
            3261114.354044953
          ],
          [
            94190.41328499443,
            3261199.8195495335
          ],
          [
            94243.2103748107,
            3261284.7403043485
          ],
          [
            94299.05930274242,
            3261367.646751047
          ],
          [
            94358.45197393866,
            3261448.074560223
          ],
          [
            94420.7542517376,
            3261526.238571379
          ],
          [
            94489.58683840613,
            3261598.719859111
          ],
          [
            94563.62569555004,
            3261665.89515167
          ],
          [
            94639.99228075396,
            3261730.4520881483
          ],
          [
            94711.00793774647,
            3261800.736384496
          ],
          [
            94787.30171741765,
            3261860.520093183
          ],
          [
            94830.37293734499,
            3261945.830843412
          ],
          [
            94906.64018097558,
            3262006.0794028807
          ],
          [
            95005.73168355771,
            3262015.6498284265
          ],
          [
            95071.05362535742,
            3262089.1839987678
          ],
          [
            95042.59693446684,
            3262176.034859006
          ],
          [
            95036.07246555125,
            3262275.7989704493
          ],
          [
            95014.89279892074,
            3262371.3999706367
          ],
          [
            94983.40339302034,
            3262464.5223532617
          ],
          [
            94951.20158706461,
            3262557.7494586967
          ],
          [
            94972.06171110905,
            3262653.4627234684
          ],
          [
            95041.34656310677,
            3262724.230584586
          ],
          [
            95138.2258514945,
            3262731.601359156
          ],
          [
            95237.82618638626,
            3262731.2701553437
          ],
          [
            95335.7347790668,
            3262711.262983153
          ],
          [
            95435.4012805974,
            3262711.386892783
          ],
          [
            95533.82460965759,
            3262728.6462688064
          ],
          [
            95625.8169644866,
            3262766.662040169
          ],
          [
            95695.51616795557,
            3262836.920970329
          ],
          [
            95736.38954023406,
            3262927.988065304
          ],
          [
            95766.92639860908,
            3263023.202425479
          ],
          [
            95822.88380771542,
            3263096.248522871
          ],
          [
            95918.89797019269,
            3263114.1089040358
          ],
          [
            96004.67222703279,
            3263151.029607174
          ],
          [
            96062.50444940373,
            3263227.672217255
          ],
          [
            96146.4706787846,
            3263270.5943385176
          ],
          [
            96245.18707250783,
            3263282.5375288073
          ],
          [
            96332.51707898421,
            3263330.397340267
          ],
          [
            96414.09905941927,
            3263388.2252034196
          ],
          [
            96495.91853164251,
            3263445.714735833
          ],
          [
            96579.66835419949,
            3263500.346761437
          ],
          [
            96664.10519228174,
            3263553.9125207285
          ],
          [
            96747.82567266602,
            3263608.5976193887
          ],
          [
            96830.23673549078,
            3263665.1997494013
          ],
          [
            96906.01274140645,
            3263730.2795470776
          ],
          [
            96968.9947666366,
            3263807.6660454967
          ],
          [
            97013.74908143164,
            3263896.8534431597
          ],
          [
            97041.35608621432,
            3263992.9229597645
          ],
          [
            97059.13541209105,
            3264091.314160174
          ],
          [
            97077.07072901209,
            3264189.687098028
          ],
          [
            97101.0792967338,
            3264286.7152299555
          ],
          [
            97129.29674519968,
            3264382.6467820844
          ],
          [
            97156.42799768232,
            3264478.8925914555
          ],
          [
            97183.39877850731,
            3264575.179812529
          ],
          [
            97211.75387051294,
            3264671.0753369443
          ],
          [
            97244.43284734034,
            3264765.5728689334
          ],
          [
            97280.40052388073,
            3264858.8405858283
          ],
          [
            97326.10858466946,
            3264947.713499549
          ],
          [
            97378.45557799407,
            3265032.913654421
          ],
          [
            97425.95098943077,
            3265120.811184826
          ],
          [
            97461.47811352609,
            3265214.1891223183
          ],
          [
            97481.66997110794,
            3265312.0809067413
          ],
          [
            97494.43348897892,
            3265411.2559004696
          ],
          [
            97503.73918790577,
            3265510.82080941
          ],
          [
            97514.17272510621,
            3265610.272973517
          ],
          [
            97525.37567612507,
            3265709.6411982225
          ],
          [
            97536.8860929187,
            3265808.975532486
          ],
          [
            97547.96163494045,
            3265908.356845569
          ],
          [
            97553.35928431034,
            3266008.1443319186
          ],
          [
            97543.3340354412,
            3266107.5393366865
          ],
          [
            97527.60288731543,
            3266206.2846373045
          ],
          [
            97527.03915030495,
            3266305.951469371
          ],
          [
            97557.52103235113,
            3266400.6547348835
          ],
          [
            97605.80509338832,
            3266488.1643225215
          ],
          [
            97657.72536074021,
            3266573.464575922
          ],
          [
            97711.92207518787,
            3266657.495303382
          ],
          [
            97769.15464661282,
            3266739.477851356
          ],
          [
            97828.92986339238,
            3266819.6098740962
          ],
          [
            97891.5694966749,
            3266897.5472227405
          ],
          [
            97953.82538874574,
            3266975.7986518145
          ],
          [
            98012.40110470158,
            3267056.8290997692
          ],
          [
            98067.60852901806,
            3267140.206904506
          ],
          [
            98123.47778822044,
            3267223.135146392
          ],
          [
            98188.43543985928,
            3267298.9969108957
          ],
          [
            98269.3739830876,
            3267357.255846671
          ],
          [
            98360.83662626075,
            3267397.312292194
          ],
          [
            98453.01951491812,
            3267435.7154533565
          ],
          [
            98532.21281120612,
            3267496.3093481725
          ],
          [
            98603.99536862345,
            3267565.871890813
          ],
          [
            98682.21476634358,
            3267627.9429662465
          ],
          [
            98767.86995960196,
            3267679.4242873346
          ],
          [
            98856.38131708234,
            3267725.958905388
          ],
          [
            98944.32001334908,
            3267773.523064834
          ],
          [
            99028.24232845391,
            3267827.8743300433
          ],
          [
            99072.99203650818,
            3267858.4748829706
          ]
        ]
      }
    },
    {
      "type": "Feature",
      "properties": {
        "role": "acceptance_point",
        "case_id": "aqaba_lsa_c10_angm25"
      },
      "geometry": {
        "type": "Point",
        "coordinates": [
          85414.0,
          3155833.0
        ]
      }
    },
    {
      "type": "Feature",
      "properties": {
        "role": "acceptance_point",
        "case_id": "aqaba_lsd_nc8_angm40"
      },
      "geometry": {
        "type": "Point",
        "coordinates": [
          80312.0,
          3143258.0
        ]
      }
    }
  ]
}